1,com
2,net
3,org
4,io
5,cn
6,de
7,googleapis.com
8,arpa
9,xyz
10,uk
11,microsoft
12,ms
13,co.uk
14,goog
15,ru
16,it
17,us
18,br
19,co
20,cloudfront.net
21,nl
22,akadns.net
23,dev
24,info
25,eu
26,me
27,ph
28,jp
29,akamai.net
30,akamaiedge.net
31,akamaized.net
32,cloud
33,com.br
34,blob.core.windows.net
35,com.cn
36,fr
37,fastly-edge.com
38,azureedge.net
39,au
40,pl
41,ai
42,google
43,app
44,in
45,map.fastly.net
46,ca
47,azurefd.net
48,tv
49,us-east-1.amazonaws.com
50,com.au
51,s3.amazonaws.com
52,online
53,trafficmanager.net
54,in-addr.arpa
55,cc
56,withgoogle.com
57,top
58,shop
59,gov.br
60,tech
61,ch
62,edu
63,cloudflare.net
64,cdn.cloudflare.net
65,site
66,gov
67,la
68,df.gov.br
69,int.la
70,be
71,fi
72,aquila.it
73,es
74,apple
75,edgesuite.net
76,akamaihd.net
77,to
78,se
79,biz
80,at
81,cz
82,co.za
83,ne.jp
84,jp.net
85,store
86,edgekey.net
87,mx
88,mobi
89,live
90,us-east-1.elb.amazonaws.com
91,id
92,workers.dev
93,pro
94,link
95,direct.quickconnect.to
96,network
97,ro
98,co.jp
99,asia
100,is
101,tr
102,azurewebsites.net
103,kr
104,news
105,sbs
106,dk
107,us-west-2.elb.amazonaws.com
108,ac
109,vip
110,com.tr
111,hu
112,bond
113,appspot.com
114,my
115,ar
116,ws
117,media
118,gg
119,no
120,amazon
121,a.run.app
122,pages.dev
123,com.ar
124,co.in
125,awsglobalaccelerator.com
126,gt
127,s3.us-west-2.amazonaws.com
128,com.ph
129,execute-api.us-east-1.amazonaws.com
130,co.kr
131,rsc.cdn77.org
132,cl
133,click
134,mil.ph
135,com.mx
136,servicebus.windows.net
137,myfritz.net
138,gr
139,il
140,aws
141,githubusercontent.com
142,club
143,im
144,nz
145,s3.us-east-1.amazonaws.com
146,us-east-2.elb.amazonaws.com
147,one
148,space
149,edu.cn
150,vn
151,sk
152,co.il
153,delivery
154,services
155,ua
156,tw
157,pt
158,scf.usercontent.goog
159,ir
160,s3.us-east-2.amazonaws.com
161,lol
162,xn--p1ai
163,co.nz
164,page
165,icu
166,life
167,world
168,digital
169,fun
170,cfd
171,github.io
172,finance
173,sg
174,net.ph
175,org.ph
176,xn--node
177,eu-west-1.elb.amazonaws.com
178,fm
179,ngo.ph
180,ly
181,co.id
182,org.uk
183,tools
184,ip6.arpa
185,chat
186,cyou
187,ie
188,cloudfunctions.net
189,run
190,duckdns.org
191,canva-apps.cn
192,work
193,s3-us-west-2.amazonaws.com
194,bank.in
195,sh
196,elasticbeanstalk.com
197,myshopify.com
198,pe
199,hlx.page
200,website
201,ae
202,solutions
203,blog
204,pub
205,s3.dualstack.us-east-1.amazonaws.com
206,ee
207,bi
208,com.ua
209,ink
210,remotewd.com
211,hk
212,org.cn
213,com.pl
214,com.my
215,lt
216,art
217,us-central1.run.app
218,azure-api.net
219,zone
220,s3.eu-west-1.amazonaws.com
221,com.tw
222,ec2-52-23-111-175.compute-1.amazonaws.com
223,net.cn
224,host
225,so
226,school
227,us-east-1.elasticbeanstalk.com
228,mil
229,synology.me
230,execute-api.us-west-2.amazonaws.com
231,si
232,eu-central-1.elb.amazonaws.com
233,video
234,net.au
235,s3.dualstack.us-west-2.amazonaws.com
236,cdn.digitaloceanspaces.com
237,ac.uk
238,dyndns.org
239,chrome
240,am
241,studio
242,rs
243,or.jp
244,hn
245,hr
246,market
247,net.br
248,th
249,sap
250,games
251,global.ssl.fastly.net
252,com.co
253,re
254,today
255,bet
256,bid
257,supabase.co
258,ng
259,help
260,bg
261,su
262,pk
263,my.id
264,email
265,herokuapp.com
266,kz
267,st
268,design
269,translate.goog
270,systems
271,nu
272,skin
273,com.vn
274,s3.eu-central-1.amazonaws.com
275,firebaseapp.com
276,canva-apps.com
277,global
278,technology
279,health
280,software
281,md
282,com.sg
283,by
284,ke
285,sa
286,buzz
287,lv
288,build
289,rocks
290,kasserver.com
291,com.hk
292,lu
293,gl
294,autos
295,gov.in
296,co.th
297,us-west-1.elb.amazonaws.com
298,execute-api.us-east-2.amazonaws.com
299,s3-us-west-1.amazonaws.com
300,co.ke
301,pw
302,cat
303,s3.dualstack.eu-west-1.amazonaws.com
304,ap-northeast-1.elb.amazonaws.com
305,qpon
306,pics
307,casa
308,ma
309,support
310,events
311,adobeaemcloud.com
312,s3-external-1.amazonaws.com
313,plus
314,win
315,netlify.app
316,li
317,agency
318,blogspot.com
319,ac.jp
320,edu.ws
321,org.ws
322,net.ws
323,ap-southeast-1.elb.amazonaws.com
324,eg
325,rest
326,group
327,ad.jp
328,com.ws
329,com.ng
330,gle
331,ki
332,do
333,s3.us-west-1.amazonaws.com
334,s3-eu-west-1.amazonaws.com
335,lat
336,s3-website.us-west-2.amazonaws.com
337,name
338,bz
339,uz
340,ge
341,s3.ap-southeast-1.amazonaws.com
342,edu.au
343,lambda-url.sa-east-1.on.aws
344,ovh
345,org.au
346,ec
347,org.br
348,ltd
349,web.app
350,yachts
351,it.com
352,service.one
353,execute-api.eu-west-1.amazonaws.com
354,ddns.net
355,team
356,desi
357,com.pe
358,uy
359,go.id
360,fox
361,s3-ap-southeast-1.amazonaws.com
362,com.eg
363,altervista.org
364,wiki
365,gov.au
366,jobs
367,gov.uk
368,com.np
369,sdmntprcentralus.oaiusercontent.com
370,sakura.ne.jp
371,com.pk
372,vercel.app
373,pr
374,usgovtrafficmanager.net
375,edu.tw
376,eu.org
377,ac.id
378,social
379,restaurant
380,works
381,ninja
382,cr
383,s3.ap-south-1.amazonaws.com
384,com.sa
385,bio
386,xxx
387,education
388,lk
389,tokyo
390,cdn.prod.atlassian-dev.net
391,cx
392,s3.sa-east-1.amazonaws.com
393,com.pr
394,bet.br
395,gd
396,cam
397,bot
398,beer
399,bd
400,mu
401,ui.nabu.casa
402,game
403,direct
404,stream
405,makeup
406,net.pl
407,net.in
408,wtf
409,gov.il
410,gitlab.io
411,uk.com
412,plesk.page
413,web.id
414,easypanel.host
415,fit
416,ba
417,casino
418,cm
419,sch.id
420,tk
421,international
422,care
423,homes
424,security
425,us-east-2.elasticbeanstalk.com
426,awsapps.com
427,ap-northeast-2.elb.amazonaws.com
428,guru
429,al
430,cy
431,biz.id
432,org.il
433,wpenginepowered.com
434,boats
435,ap-southeast-2.elb.amazonaws.com
436,vc
437,fly.dev
438,vg
439,sdmntprwestus3.oaiusercontent.com
440,bradesco
441,ad
442,africa
443,best
444,forum
445,love
446,com.uy
447,academy
448,us.com
449,amplifyapp.com
450,lambda-url.us-east-1.on.aws
451,s3.eu-west-2.amazonaws.com
452,partners
453,qa
454,com.es
455,tn
456,hair
457,web.core.windows.net
458,company
459,gc.ca
460,gob.mx
461,ap-south-1.elb.amazonaws.com
462,zw
463,yandexcloud.net
464,red
465,az
466,sa-east-1.elb.amazonaws.com
467,watch
468,center
469,trade
470,globo
471,com.cy
472,sdmntprnorthcentralus.oaiusercontent.com
473,net.id
474,uc.r.appspot.com
475,co.zw
476,ag
477,s3-sa-east-1.amazonaws.com
478,mk
479,gov.cn
480,gov.mu
481,codes
482,py
483,inc
484,s3.ap-southeast-2.amazonaws.com
485,execute-api.eu-west-3.amazonaws.com
486,com.ec
487,ac.in
488,tz
489,keenetic.pro
490,ve
491,house
492,or.kr
493,com.bd
494,us-central1.hosted.app
495,com.do
496,edu.pl
497,storage.yandexcloud.net
498,onrender.com
499,audio
500,r2.dev
501,execute-api.eu-central-1.amazonaws.com
502,com.py
503,ondigitalocean.app
504,s3.dualstack.ap-southeast-1.amazonaws.com
505,travel
506,sdmntprwestus2.oaiusercontent.com
507,ac.cn
508,mom
509,beauty
510,baby
511,engineering
512,fyi
513,lambda-url.eu-central-1.on.aws
514,eu-west-2.elb.amazonaws.com
515,myqnapcloud.com
516,as
517,org.in
518,quest
519,monster
520,fo
521,moe
522,me.uk
523,cool
524,business
525,sb
526,up.railway.app
527,blue
528,ru.com
529,ventures
530,pizza
531,nyc
532,eu.com
533,com.gt
534,read
535,fbxos.fr
536,co.tz
537,cash
538,bar
539,camera
540,pstmn.io
541,cv
542,freetls.fastly.net
543,wpmucdn.com
544,fastlylb.net
545,xin
546,map.fastlylb.net
547,dz
548,nyc3.digitaloceanspaces.com
549,qc.ca
550,in.net
551,porn
552,now
553,uno
554,earth
555,press
556,onl
557,s3.ap-northeast-1.amazonaws.com
558,kim
559,cafe
560,jus.br
561,ug
562,sp.gov.br
563,nf
564,iq
565,nic.in
566,cpanel.site
567,coop
568,berlin
569,sn.mynetname.net
570,aero
571,sc
572,photos
573,kg
574,go.th
575,xn--fiqs8s
576,app.br
577,org.za
578,dpdns.org
579,eu-central-1.compute.amazonaws.com
580,energy
581,int
582,sdmntprsoutheastus3.oaiusercontent.com
583,adv.br
584,mn
585,ew.r.appspot.com
586,city
587,execute-api.us-west-1.amazonaws.com
588,net.uk
589,edu.tr
590,ac.at
591,llc
592,sdmntprwestcentralus.oaiusercontent.com
593,london
594,bank
595,go.jp
596,ip.linodeusercontent.com
597,kiev.ua
598,marketing
599,party
600,co.cr
601,auth.us-east-1.amazoncognito.com
602,com.ru
603,webcam
604,edu.vn
605,gs
606,bo
607,money
608,service.gov.uk
609,ps
610,church
611,band
612,nhs.uk
613,ca-central-1.elb.amazonaws.com
614,edu.br
615,photo
616,moscow
617,s3.eu-west-3.amazonaws.com
618,pa
619,us-east-2.compute.amazonaws.com
620,s3.ca-central-1.amazonaws.com
621,files.oaiusercontent.com
622,gov.tr
623,eu-west-3.elb.amazonaws.com
624,sa.com
625,tel
626,expert
627,eu-west-1.compute.amazonaws.com
628,paris
629,ci
630,org.nz
631,tips
632,in.ua
633,us-east-1.awsapprunner.com
634,com.qa
635,edu.co
636,httpbin.org
637,law
638,land
639,id.vn
640,co.at
641,capital
642,ac.th
643,sdmntprnortheu.oaiusercontent.com
644,vi
645,ac.za
646,ac.kr
647,org.tr
648,go.cr
649,mt
650,town
651,in.th
652,gov.my
653,or.id
654,org.ua
655,ao
656,tm
657,loan
658,statefarm
659,foundation
660,show
661,om
662,bh
663,gov.co
664,domains
665,gov.vn
666,consulting
667,ar.us
668,durban
669,eu-west-1.elasticbeanstalk.com
670,blackbaudcdn.net
671,co.vi
672,cards
673,tube
674,fan
675,coffee
676,gov.tw
677,menu
678,management
679,bike
680,tt
681,garden
682,express
683,exchange
684,mz
685,ooo
686,com.de
687,vision
688,gov.sa
689,k12.ar.us
690,io.vn
691,gmbh
692,cloudapp.net
693,sv
694,eu-west-2.compute.amazonaws.com
695,net.ua
696,ac.il
697,ing
698,com.mm
699,eus
700,wang
701,sdmntprbrazilsouth.oaiusercontent.com
702,tec.br
703,myds.me
704,execute-api.eu-west-2.amazonaws.com
705,jo
706,file.core.windows.net
707,gh
708,farm
709,family
710,dog
711,org.mx
712,community
713,edu.mx
714,s3-website-us-west-2.amazonaws.com
715,kh
716,co.ug
717,com.ve
718,a2hosted.com
719,s3-ap-southeast-2.amazonaws.com
720,net.ae
721,gov.ua
722,tl
723,pm
724,pet
725,pp.ua
726,ap-southeast-1.compute.amazonaws.com
727,org.tw
728,ml
729,cprapid.com
730,guide
731,pantheonsite.io
732,gov.pl
733,bw
734,go.kr
735,us-west-2.compute.amazonaws.com
736,teleport.sh
737,gob.ar
738,org.pl
739,ht
740,photography
741,freeboxos.fr
742,rw
743,com.bo
744,edu.in
745,execute-api.ap-southeast-2.amazonaws.com
746,tx.us
747,gy
748,gov.it
749,de.com
750,replit.app
751,s3-ap-northeast-1.amazonaws.com
752,com.pa
753,co.mz
754,net.nz
755,tc
756,yoga
757,et
758,science
759,on.ca
760,swiss
761,co.ve
762,edu.ar
763,com.bh
764,sn
765,us-west-2.elasticbeanstalk.com
766,fra1.digitaloceanspaces.com
767,golf
768,sdmntpraustraliaeast.oaiusercontent.com
769,gallery
770,mg
771,s3.eu-north-1.amazonaws.com
772,ind.br
773,gov.ph
774,uk.net
775,coach
776,sx
777,sgp1.digitaloceanspaces.com
778,net.il
779,wine
780,sdmntprsouthcentralus.oaiusercontent.com
781,mn.us
782,joburg
783,training
784,cf
785,execute-api.eu-south-2.amazonaws.com
786,gold
787,edu.hk
788,bs
789,co.bw
790,com.kh
791,s3-us-gov-west-1.amazonaws.com
792,cd
793,legal
794,europe-west1.run.app
795,vodka
796,ac.nz
797,asia-east1.run.app
798,execute-api.ap-northeast-1.amazonaws.com
799,com.sv
800,net.tr
801,report
802,execute-api.ca-central-1.amazonaws.com
803,dynns.com
804,com.gh
805,cn.com
806,hosting
807,gay
808,govt.nz
809,vic.gov.au
810,gov.eg
811,bayern
812,org.ar
813,za.com
814,scot
815,com.pt
816,ap-northeast-2.compute.amazonaws.com
817,vu
818,us-gov-west-1.elb.amazonaws.com
819,edu.pe
820,dynu.net
821,co.com
822,waw.pl
823,sdmntprseasia.oaiusercontent.com
824,na
825,sdmntprpolandcentral.oaiusercontent.com
826,co.ma
827,smushcdn.com
828,film
829,gm
830,apps.fbsbx.com
831,download
832,lambda-url.us-west-2.on.aws
833,fi.cr
834,hamburg
835,ni
836,fans
837,co.ao
838,cu
839,azurestaticapps.net
840,com.jm
841,co.rs
842,files09.oaiusercontent.com
843,gouv.fr
844,ls
845,europe-west3.run.app
846,sale
847,net.pk
848,rip
849,kw
850,day
851,com.vc
852,lovable.app
853,lb
854,sdmntpritalynorth.oaiusercontent.com
855,com.mt
856,eu-central-1.elasticbeanstalk.com
857,us-west-1.compute.amazonaws.com
858,sky
859,industries
860,bc.ca
861,mov
862,clinic
863,site.transip.me
864,tf
865,irish
866,com.gr
867,eu-west-1.awsapprunner.com
868,sdmntprukwest.oaiusercontent.com
869,je
870,institute
871,fund
872,gov.za
873,dm
874,realtor
875,cooking
876,immo
877,spb.ru
878,study
879,com.hr
880,desa.id
881,h5games.usercontent.goog
882,ed.jp
883,mv
884,ga
885,gov.ae
886,sh.cn
887,keenetic.link
888,webspaceconfig.de
889,ba.gov.br
890,edu.my
891,tj
892,net.co
893,mg.gov.br
894,gob.pe
895,style
896,xn--o3cw4h
897,vet
898,cymru
899,edu.sg
900,date
901,gl.at.ply.gg
902,wixsite.com
903,surf
904,nrw
905,gov.hk
906,food
907,place
908,parts
909,amsterdam
910,gob.es
911,ec2-54-165-151-168.compute-1.amazonaws.com
912,ddnsfree.com
913,directory
914,zm
915,gob.ec
916,ax
917,blob.core.usgovcloudapi.net
918,fj
919,members.linode.com
920,zip
921,my.canva.site
922,com.ni
923,wales
924,site.tb-hosting.com
925,pr.gov.br
926,sex
927,mi.us
928,rs.gov.br
929,dyndns.info
930,vin
931,pictures
932,webspace-host.com
933,net.do
934,execute-api.sa-east-1.amazonaws.com
935,sdmntpreastus2.oaiusercontent.com
936,courses
937,promo
938,com.na
939,or.us
940,gal
941,sdmntprnznorth.oaiusercontent.com
942,us-west-2.awsapprunner.com
943,hl.cn
944,qld.gov.au
945,ac.be
946,ca.us
947,com.kw
948,edu.pk
949,ladesk.com
950,edu.it
951,tg
952,com.fj
953,men
954,id.au
955,uc.gateway.dev
956,s3.dualstack.ap-northeast-1.amazonaws.com
957,gov.sg
958,edu.ph
959,tours
960,boutique
961,supply
962,af
963,net.tw
964,gov.ru
965,ey.r.appspot.com
966,edu.bd
967,you
968,s3.dualstack.us-east-2.amazonaws.com
969,sdmntprcentralindia.oaiusercontent.com
970,koeln
971,name.ng
972,army
973,wf
974,info.pl
975,square.site
976,gob.cl
977,inf.br
978,auto
979,com.lb
980,net.ba
981,lambda-url.ap-south-1.on.aws
982,execute-api.ap-south-1.amazonaws.com
983,beep.pl
984,yt
985,deals
986,tax
987,wien
988,uol
989,wa.gov.au
990,us.org
991,eu-north-1.elb.amazonaws.com
992,schwarz
993,qzz.io
994,abbott
995,co.ls
996,ap-northeast-1.compute.amazonaws.com
997,co.zm
998,b.br
999,fitness
1000,kids
1001,eu-south-2.elb.amazonaws.com
1002,com.ly
1003,reviews
1004,ccwu.cc
1005,gov.ar
1006,hatenablog.com
1007,bzh
1008,lg.jp
1009,ap-southeast-7.elb.amazonaws.com
1010,sfo2.digitaloceanspaces.com
1011,eco
1012,rent
1013,gov.pt
1014,computer
1015,mw
1016,com.et
1017,ams3.digitaloceanspaces.com
1018,ts.net
1019,ap-northeast-3.elb.amazonaws.com
1020,museum
1021,bn
1022,xn--p1acf
1023,s3.dualstack.eu-central-1.amazonaws.com
1024,com.in
1025,mus.br
1026,mx-central-1.elb.amazonaws.com
1027,nm.us
1028,insure
1029,lambda-url.eu-west-1.on.aws
1030,meme
1031,bj
1032,id.forgerock.io
1033,ny.us
1034,notion.site
1035,fl.us
1036,org.hk
1037,sdmntprjapaneast.oaiusercontent.com
1038,sdmntprkoreacentral.oaiusercontent.com
1039,dev.br
1040,dhl
1041,eng.br
1042,com.bz
1043,execute-api.ap-southeast-1.amazonaws.com
1044,green
1045,rj.gov.br
1046,xn--ses554g
1047,dental
1048,s3.ap-northeast-2.amazonaws.com
1049,or.th
1050,sr
1051,net.tt
1052,xn--3e0b707e
1053,spdns.de
1054,dj
1055,lambda-url.us-east-2.on.aws
1056,new
1057,careers
1058,s3.us-gov-west-1.amazonaws.com
1059,readthedocs.io
1060,site.rb-hosting.io
1061,how
1062,azurewebsites.us
1063,mp
1064,ab.ca
1065,srl
1066,com.mk
1067,com.om
1068,cdn.bubble.io
1069,edu.np
1070,s3.ap-east-1.amazonaws.com
1071,dad
1072,gv.at
1073,movie
1074,akamaiedge-staging.net
1075,audi
1076,googlecode.com
1077,base44.app
1078,com.bn
1079,rentals
1080,org.ng
1081,ddnss.de
1082,solar
1083,com.cu
1084,vic.edu.au
1085,university
1086,radio
1087,webflow.io
1088,estate
1089,auth.us-west-2.amazoncognito.com
1090,markets
1091,cg
1092,christmas
1093,jetzt
1094,auction
1095,keenetic.name
1096,med.br
1097,gi
1098,frl
1099,ceo
1100,fashion
1101,web-sandbox.oaiusercontent.com
1102,js.org
1103,bf
1104,nr
1105,carrd.co
1106,leg.br
1107,dattolocal.net
1108,edu.ng
1109,sl
1110,zp.ua
1111,ren
1112,xn--czr694b
1113,properties
1114,gov.ng
1115,toys
1116,dp.ua
1117,gov.bd
1118,realestate
1119,oci.customer-oci.com
1120,amex
1121,healthcare
1122,edu.ec
1123,recipes
1124,nc
1125,com.pg
1126,com.tn
1127,cab
1128,figma.site
1129,kiwi
1130,td
1131,ia.br
1132,xn--j6w193g
1133,clothing
1134,mo
1135,giize.com
1136,co.uz
1137,pink
1138,vegas
1139,gr.jp
1140,sm
1141,us-west-1.elasticbeanstalk.com
1142,ist
1143,kinghost.net
1144,gen.tr
1145,locker
1146,web.tr
1147,shopping
1148,us-east-2.awsapprunner.com
1149,xn--kput3i
1150,ky
1151,net.mx
1152,oh.us
1153,bt
1154,dating
1155,college
1156,ac.ir
1157,wedding
1158,bm
1159,jpn.com
1160,static.usercontent.goog
1161,wi.us
1162,brussels
1163,srv.br
1164,k12.or.us
1165,auth.eu-west-1.amazoncognito.com
1166,productions
1167,edu.sa
1168,net.vn
1169,nj.us
1170,lgbt
1171,k12.ca.us
1172,gob.pa
1173,gob.do
1174,br.com
1175,gent
1176,net.sa
1177,dance
1178,asn.au
1179,haus
1180,edu.eg
1181,net.ar
1182,living
1183,gdn
1184,tirol
1185,diy
1186,gp
1187,miami
1188,pn
1189,com.ro
1190,boo
1191,foo
1192,tattoo
1193,poznan.pl
1194,xn--czru2d
1195,kitchen
1196,cw
1197,dreamhosters.com
1198,financial
1199,bbva
1200,av.tr
1201,es.gov.br
1202,coop.br
1203,nexus
1204,ap-southeast-2.compute.amazonaws.com
1205,de5.net
1206,framer.app
1207,ne
1208,ma.us
1209,contact
1210,sfo3.digitaloceanspaces.com
1211,org.sa
1212,nhk
1213,logoip.de
1214,joinmc.link
1215,music
1216,diskstation.me
1217,net.za
1218,lc
1219,org.np
1220,ac.ke
1221,lilly
1222,playables.usercontent.goog
1223,horse
1224,coupons
1225,box
1226,s3-website-us-east-1.amazonaws.com
1227,review
1228,com.cm
1229,go.ke
1230,re.kr
1231,camp
1232,org.es
1233,capetown
1234,yokohama
1235,od.ua
1236,sc.gov.br
1237,org.pe
1238,edu.ua
1239,ce.gov.br
1240,com.ag
1241,org.sg
1242,com.ai
1243,eu.cc
1244,pa.us
1245,mittwaldserver.info
1246,mc
1247,sytes.net
1248,pe.gov.br
1249,taxi
1250,nfshost.com
1251,xn--12co0c3b4eva.xn--o3cw4h
1252,no-ip.org
1253,il-central-1.compute.amazonaws.com
1254,tempurl.host
1255,lifestyle
1256,bel.tr
1257,construction
1258,co.us
1259,in.us
1260,us-east1.run.app
1261,nohost.me
1262,org.my
1263,football
1264,repair
1265,art.br
1266,sbi
1267,canon
1268,ga.us
1269,fish
1270,com.af
1271,dvag
1272,idv.tw
1273,com.gi
1274,motorcycles
1275,mywire.org
1276,gb.net
1277,engineer
1278,kozow.com
1279,homeip.net
1280,schule
1281,i234.me
1282,enterprises
1283,gov.pk
1284,org.pk
1285,doctor
1286,black
1287,mt.gov.br
1288,gq
1289,dyndns.tv
1290,quebec
1291,websitebuilder.online
1292,no-ip.biz
1293,sport
1294,us-southeast-1.linodeobjects.com
1295,hopto.org
1296,bnpparibas
1297,res.in
1298,auth.us-east-2.amazoncognito.com
1299,blog.br
1300,xn--90ais
1301,gratis
1302,strapiapp.com
1303,freeddns.org
1304,go.gov.br
1305,zap.cloud
1306,bingo
1307,il.us
1308,claims
1309,ap-south-1.compute.amazonaws.com
1310,sa.cr
1311,com.sb
1312,holdings
1313,builders
1314,istanbul
1315,sa-east-1.compute.amazonaws.com
1316,or.at
1317,org.rs
1318,gob.gt
1319,gov.om
1320,gitbook.io
1321,ns.ca
1322,gleeze.com
1323,gov.gr
1324,com.sl
1325,no-ip.info
1326,s3-eu-central-1.amazonaws.com
1327,gda.pl
1328,net.ru
1329,nc.us
1330,s3-website.us-east-1.amazonaws.com
1331,sy
1332,co.ck
1333,mba
1334,loans
1335,rodeo
1336,lpages.co
1337,ind.in
1338,ngo
1339,discordsays.com
1340,va
1341,mb.ca
1342,limited
1343,s3-us-east-2.amazonaws.com
1344,immobilien
1345,biz.vn
1346,ac.ug
1347,org.ru
1348,observer
1349,ac.cr
1350,vote
1351,kyiv.ua
1352,gotdns.com
1353,dyndns.biz
1354,adobeioruntime.net
1355,za.net
1356,nw.r.appspot.com
1357,school.nz
1358,a.ssl.fastly.net
1359,lawyer
1360,gov.np
1361,pe.kr
1362,lviv.ua
1363,ruhr-uni-bochum.de
1364,lighting
1365,bargains
1366,gift
1367,co.rw
1368,main.jp
1369,kaufen
1370,org.co
1371,fail
1372,szczecin.pl
1373,gd.cn
1374,glass
1375,cc.cd
1376,com.tj
1377,of.by
1378,edu.uy
1379,biz.ua
1380,k12.mi.us
1381,cheap
1382,graphics
1383,ltd.uk
1384,edu.rs
1385,dedibox.fr
1386,cpa
1387,investments
1388,media.strapiapp.com
1389,biz.pl
1390,sklep.pl
1391,ac.rs
1392,trading
1393,theworkpc.com
1394,zapto.org
1395,nsw.edu.au
1396,ski
1397,gifts
1398,asso.fr
1399,net.pe
1400,wroc.pl
1401,ms.us
1402,s3.af-south-1.amazonaws.com
1403,k12.mn.us
1404,edu.kz
1405,sa.gov.au
1406,k12.wi.us
1407,bitbucket.io
1408,k12.in.us
1409,tur.br
1410,net.my
1411,credit
1412,equipment
1413,gov.qa
1414,convex.cloud
1415,myjino.ru
1416,execute-api.eu-north-1.amazonaws.com
1417,poker
1418,xn--55qx5d
1419,melbourne
1420,gov.kz
1421,pro.br
1422,com.nf
1423,mine.nu
1424,appspaceusercontent.com
1425,free
1426,ia.us
1427,luxe
1428,bz.it
1429,wroclaw.pl
1430,co.hu
1431,wa.edu.au
1432,xn--3ds443g
1433,southamerica-east1.run.app
1434,ynh.fr
1435,tv.br
1436,lodz.pl
1437,boston
1438,myasustor.com
1439,saarland
1440,racing
1441,auth.eu-central-1.amazoncognito.com
1442,hk.cn
1443,or.ke
1444,ap-northeast-1.awsapprunner.com
1445,org.vn
1446,xn--80adxhks
1447,af-south-1.elb.amazonaws.com
1448,mil.br
1449,uber.space
1450,sandcats.io
1451,edu.kg
1452,lovableproject.com
1453,asia-southeast1.run.app
1454,vn.ua
1455,ddnsgeek.com
1456,sydney
1457,eco.br
1458,cn-north-1.compute.amazonaws.com.cn
1459,co.ua
1460,pa.gov.br
1461,broker
1462,co.it
1463,shoes
1464,bmw
1465,wasmer.app
1466,krakow.pl
1467,1.azurestaticapps.net
1468,va.us
1469,com.ge
1470,freemyip.com
1471,mycloudnas.com
1472,sucks
1473,jewelry
1474,adult
1475,org.eg
1476,co.cz
1477,dynv6.net
1478,ruhr
1479,sd
1480,sexy
1481,files07.oaiusercontent.com
1482,opole.pl
1483,files08.oaiusercontent.com
1484,cyon.site
1485,4.azurestaticapps.net
1486,gov.kh
1487,com.hn
1488,barcelona
1489,noho.st
1490,europe-west4.hosted.app
1491,fedorainfracloud.org
1492,edu.iq
1493,faith
1494,hypernode.io
1495,bj.cn
1496,webhosting.be
1497,s3.eu-south-1.amazonaws.com
1498,canvacode.com
1499,dedyn.io
1500,net.eg
1501,msk.ru
1502,ms.gov.br
1503,co.nl
1504,reisen
1505,eu-west-3.compute.amazonaws.com
1506,ooguy.com
1507,salon
1508,dscloud.me
1509,casacam.net
1510,k12.tr
1511,ac.cy
1512,europe-west4.run.app
1513,toolforge.org
1514,s3-website.eu-central-1.amazonaws.com
1515,moda
1516,okinawa
1517,sx.cn
1518,k12.fl.us
1519,if.ua
1520,nimsite.uk
1521,gob.ve
1522,ngrok.io
1523,gov.mo
1524,property
1525,replit.dev
1526,luxury
1527,indevs.in
1528,cn-north-1.elb.amazonaws.com.cn
1529,debian.net
1530,cq.cn
1531,wa.us
1532,pythonanywhere.com
1533,servicebus.usgovcloudapi.net
1534,playstation-cloud.com
1535,go.tz
1536,ibxos.it
1537,or.tz
1538,mp.br
1539,tokyo.jp
1540,uni5.net
1541,pi.gov.br
1542,puglia.it
1543,edu.do
1544,hasura.app
1545,gov.cz
1546,arq.br
1547,madrid
1548,pb.gov.br
1549,user.webaccel.jp
1550,shoparena.pl
1551,md.us
1552,go.ug
1553,familyds.com
1554,eu-south-1.elb.amazonaws.com
1555,edu.gh
1556,5.azurestaticapps.net
1557,safeframe.usercontent.goog
1558,barclays
1559,org.ec
1560,us.ci
1561,dvrdns.org
1562,hot
1563,in.rs
1564,edu.gr
1565,s3.ap-southeast-3.amazonaws.com
1566,ap-northeast-1.elasticbeanstalk.com
1567,futbol
1568,aem.live
1569,gov.ie
1570,ma.gov.br
1571,k12.nm.us
1572,ne.us
1573,gz.cn
1574,vlaanderen
1575,ddns.me
1576,ue.r.appspot.com
1577,vicp.fun
1578,us-iad-1.linodeobjects.com
1579,us-east4.run.app
1580,spdns.org
1581,zeabur.app
1582,archi
1583,forsale
1584,charity
1585,2.azurestaticapps.net
1586,europe-west2.run.app
1587,qld.edu.au
1588,com.se
1589,al.us
1590,com.iq
1591,xn--6qq986b3xl
1592,com.kz
1593,eu-north-1.compute.amazonaws.com
1594,am.gov.br
1595,warszawa.pl
1596,alwaysdata.net
1597,azure-api.us
1598,qualifioapp.com
1599,on-forge.com
1600,gub.uy
1601,net.ve
1602,police.uk
1603,lublin.pl
1604,mortgage
1605,ggff.net
1606,xn--fiqz9s
1607,us-east4.hosted.app
1608,gr.com
1609,cn-northwest-1.elb.amazonaws.com.cn
1610,js.cn
1611,kh.ua
1612,apartments
1613,gx.cn
1614,k12.ne.us
1615,catholic.edu.au
1616,name.tr
1617,gov.ge
1618,s3.eu-south-2.amazonaws.com
1619,muni.il
1620,org.ve
1621,s3-website-eu-west-1.amazonaws.com
1622,ro.gov.br
1623,holiday
1624,dnsalias.com
1625,gadget.app
1626,zj.cn
1627,ac.bd
1628,ap-southeast-2.awsapprunner.com
1629,cn-northwest-1.compute.amazonaws.com.cn
1630,com.jo
1631,cars
1632,tur.ar
1633,auth.eu-west-2.amazoncognito.com
1634,notaires.fr
1635,mr
1636,cruises
1637,rzeszow.pl
1638,vivo
1639,bible
1640,meet
1641,sd.cn
1642,nagoya
1643,af-south-1.compute.amazonaws.com
1644,pf
1645,taipei
1646,eu-south-2.compute.amazonaws.com
1647,an.r.appspot.com
1648,kommune.no
1649,ap-east-1.compute.amazonaws.com
1650,soccer
1651,sk.ca
1652,na4u.ru
1653,ngrok-free.dev
1654,xn--h3cuzk1di.xn--o3cw4h
1655,cnt.br
1656,sdmntprnortheurope.oaiusercontent.com
1657,africa.com
1658,cologne
1659,olsztyn.pl
1660,gov.lk
1661,k12.ga.us
1662,ngrok.app
1663,k12.nj.us
1664,agr.br
1665,navy
1666,eu-south-1.compute.amazonaws.com
1667,loseyourip.com
1668,now.sh
1669,edu.jo
1670,hbo
1671,actor
1672,gov.py
1673,xn--4dbrk0ce
1674,sc.cn
1675,zgora.pl
1676,trycloudflare.com
1677,fi.it
1678,gob.bo
1679,hockey
1680,akamai-staging.net
1681,nv.us
1682,bplaced.net
1683,rj.r.appspot.com
1684,k12.pa.us
1685,xn--io0a7i
1686,com.az
1687,katowice.pl
1688,ac.tz
1689,xn--1ck2e1b
1690,gives
1691,associates
1692,krd
1693,c.cdn77.org
1694,exposed
1695,streamlit.app
1696,k12.il.us
1697,psi.br
1698,laravel.cloud
1699,repl.co
1700,spdns.eu
1701,attorney
1702,gov.rs
1703,bydgoszcz.pl
1704,australia-southeast1.run.app
1705,s3-ap-south-1.amazonaws.com
1706,tn.it
1707,ap-southeast-3.compute.amazonaws.com
1708,ap-south-1.elasticbeanstalk.com
1709,discount
1710,ah.cn
1711,al.gov.br
1712,asia-east1.hosted.app
1713,bb
1714,gov.kw
1715,fastvps-server.com
1716,mydns.jp
1717,execute-api.ap-northeast-2.amazonaws.com
1718,imb.br
1719,limo
1720,villas
1721,country
1722,ap-east-1.elb.amazonaws.com
1723,mx-central-1.compute.amazonaws.com
1724,goip.de
1725,com.im
1726,channel
1727,edu.ni
1728,com.mo
1729,edu.et
1730,ap-southeast-7.compute.amazonaws.com
1731,basketball
1732,eti.br
1733,lambda-url.us-west-1.on.aws
1734,northamerica-south1.run.app
1735,ln.cn
1736,ap-southeast-1.elasticbeanstalk.com
1737,corsica
1738,ip-ddns.com
1739,csb.app
1740,ha.cn
1741,cloud.goog
1742,contractors
1743,k12.oh.us
1744,gov.by
1745,s3.cn-north-1.amazonaws.com.cn
1746,voyage
1747,sn.cn
1748,net.sg
1749,gov.ma
1750,tas.gov.au
1751,channelsdvr.net
1752,ye
1753,org.uy
1754,tj.cn
1755,3.azurestaticapps.net
1756,gov.gh
1757,hf.space
1758,storage
1759,us-ashburn-1.oci.customer-oci.com
1760,ok.us
1761,fin.ec
1762,catering
1763,roma.it
1764,k12.ny.us
1765,edu.gt
1766,ts.r.appspot.com
1767,jl.cn
1768,mobile
1769,asia-northeast1.run.app
1770,jx.cn
1771,tickets
1772,outsystemscloud.com
1773,us-east-1.linodeobjects.com
1774,abudhabi
1775,organic
1776,czest.pl
1777,us.kg
1778,k12.nc.us
1779,f5.si
1780,to.gov.br
1781,supplies
1782,diamonds
1783,s3-website.eu-north-1.amazonaws.com
1784,website.yandexcloud.net
1785,uwu.ai
1786,eu-central-1.awsapprunner.com
1787,bet.ar
1788,rn.gov.br
1789,arvanedge.ir
1790,eu-west-2.elasticbeanstalk.com
1791,adm.br
1792,km.ua
1793,selfip.com
1794,kharkov.ua
1795,ec2-54-172-60-78.compute-1.amazonaws.com
1796,cfolks.pl
1797,ca-central-1.compute.amazonaws.com
1798,ec2-54-172-60-117.compute-1.amazonaws.com
1799,forex
1800,wmflabs.org
1801,lambda-url.ap-northeast-1.on.aws
1802,eu-central-1.linodeobjects.com
1803,ec2-54-172-60-155.compute-1.amazonaws.com
1804,azure
1805,komatsu
1806,toscana.it
1807,mo.us
1808,sz
1809,global.prod.fastly.net
1810,gov.et
1811,ipfs.dweb.link
1812,vacations
1813,files-eu.oaiusercontent.com
1814,ec2-54-221-247-193.compute-1.amazonaws.com
1815,cleaning
1816,pharmacy
1817,s3-eu-west-2.amazonaws.com
1818,next
1819,car
1820,url.tw
1821,dsmynas.com
1822,box.ca
1823,org.bd
1824,auth.ap-southeast-2.amazoncognito.com
1825,hn.cn
1826,ac.ae
1827,web.core.usgovcloudapi.net
1828,freedesktop.org
1829,dnshome.de
1830,fishing
1831,me.us
1832,leclerc
1833,tienda
1834,ac.lk
1835,xn--j1amh
1836,ngrok.dev
1837,nom.es
1838,execute-api.cn-northwest-1.amazonaws.com.cn
1839,se.gov.br
1840,sc.us
1841,rio
1842,lidl
1843,bialystok.pl
1844,odessa.ua
1845,xn--12c1fe0br.xn--o3cw4h
1846,edu.bo
1847,auth.ap-northeast-1.amazoncognito.com
1848,xn--55qx5d.xn--j6w193g
1849,veneto.it
1850,seidat.net
1851,s3.cn-northwest-1.amazonaws.com.cn
1852,webredirect.org
1853,fj.cn
1854,cci.fr
1855,gov.mm
1856,jpn.org
1857,net.th
1858,ec2-54-172-60-31.compute-1.amazonaws.com
1859,ec2-54-172-60-181.compute-1.amazonaws.com
1860,ath.cx
1861,log.br
1862,rsvp
1863,tui
1864,u.channelsdvr.net
1865,sa.edu.au
1866,ec2-54-172-60-77.compute-1.amazonaws.com
1867,k12.ms.us
1868,dn.ua
1869,mi.th
1870,dscloud.biz
1871,cn.ua
1872,xn--6frz82g
1873,janeway.replit.dev
1874,atmeta.com
1875,us-2.platformsh.site
1876,rugby
1877,co.ir
1878,abb
1879,xn--80asehdb
1880,s3.dualstack.us-west-1.amazonaws.com
1881,auth-fips.us-east-1.amazoncognito.com
1882,servehttp.com
1883,moi
1884,furniture
1885,gov.az
1886,idf.il
1887,asia-south2.run.app
1888,med
1889,singles
1890,sharp
1891,info.vn
1892,ong
1893,us-west1.run.app
1894,myvnc.com
1895,k12.va.us
1896,lima-city.de
1897,gob.sv
1898,id.lv
1899,seg.br
1900,flights
1901,slask.pl
1902,talk
1903,sub.jp
1904,c66.me
1905,abrdns.com
1906,ec2-3-215-116-251.compute-1.amazonaws.com
1907,ap-south-1.linodeobjects.com
1908,alsace
1909,dy.fi
1910,mo.cn
1911,ac.zw
1912,lombardia.it
1913,soy
1914,gov.jm
1915,pro.vn
1916,nl.ca
1917,yn.cn
1918,ec2-96-0-49-187.compute-1.amazonaws.com
1919,com.al
1920,dentist
1921,gov.mn
1922,ec2-54-172-60-113.compute-1.amazonaws.com
1923,gov.lv
1924,ap-southeast-2.elasticbeanstalk.com
1925,gov.jo
1926,riker.replit.dev
1927,ec2-54-172-60-201.compute-1.amazonaws.com
1928,radom.pl
1929,ec2-54-172-60-146.compute-1.amazonaws.com
1930,co.im
1931,ec2-54-172-60-162.compute-1.amazonaws.com
1932,ec2-54-172-60-67.compute-1.amazonaws.com
1933,xn--90ae
1934,net.bd
1935,ec2-54-172-60-61.compute-1.amazonaws.com
1936,mypi.co
1937,co.tt
1938,plumbing
1939,b.ssl.fastly.net
1940,milano.it
1941,hateblo.jp
1942,net.ng
1943,to.it
1944,cri.nz
1945,hi.cn
1946,aivencloud.com
1947,biz.tr
1948,spock.replit.dev
1949,bo.it
1950,lambda-url.eu-north-1.on.aws
1951,worf.replit.dev
1952,k12.mo.us
1953,edu.ve
1954,ai.kr
1955,12hp.de
1956,pp.ru
1957,edu.lk
1958,xn--tckwe
1959,reserve-online.net
1960,uk.r.appspot.com
1961,rub.de
1962,beta-fdns.compute.amazonaws.com
1963,gov.cy
1964,xn--h2brj9c
1965,6.azurestaticapps.net
1966,ntt
1967,edu.ge
1968,web.za
1969,florist
1970,com.lk
1971,edu.lb
1972,gdynia.pl
1973,cdn.cloudflarecn.net
1974,tennis
1975,picard.replit.dev
1976,co.sz
1977,kr.ua
1978,kirk.replit.dev
1979,te.ua
1980,giving
1981,rehab
1982,he.cn
1983,noip.me
1984,gs.cn
1985,k12.ia.us
1986,play
1987,ac.ru
1988,com.lv
1989,dnsalias.net
1990,com.dz
1991,mex.com
1992,sd.us
1993,gw
1994,edu.ly
1995,rv.ua
1996,youtube
1997,camdvr.org
1998,net.ec
1999,org.zw
2000,republican
2001,execute-api.af-south-1.amazonaws.com
2002,myrdbx.io
2003,s3.fr-par.scw.cloud
2004,diet
2005,ibaraki.jp
2006,mi.it
2007,co.pl
2008,philips
2009,post
2010,pila.pl
2011,def.br
2012,dynalias.org
2013,com.mv
2014,ddnss.org
2015,com.am
2016,anz
2017,redirectme.net
2018,hb.cn
2019,ck.ua
2020,org.mk
2021,fast
2022,gov.bh
2023,pl.ua
2024,us-west2.run.app
2025,edu.sv
2026,torun.pl
2027,org.cy
2028,inf.ua
2029,hiphop
2030,verona.it
2031,edu.om
2032,hm
2033,net.lb
2034,ap-southeast-3.elb.amazonaws.com
2035,hospital
2036,zone.id
2037,info.tr
2038,dyndns-ip.com
2039,edgekey-staging.net
2040,blr1.digitaloceanspaces.com
2041,kiwi.nz
2042,myftp.org
2043,ks.ua
2044,rio.br
2045,yolasite.com
2046,ddns-ip.net
2047,org.gr
2048,bauhaus
2049,s3.dualstack.ap-south-1.amazonaws.com
2050,tuxfamily.org
2051,sarl
2052,k12.ok.us
2053,mrap.accesspoint.s3-global.amazonaws.com
2054,framer.website
2055,xz.cn
2056,xj.cn
2057,taifun-dns.de
2058,xn--mk1bu44c
2059,tw.cn
2060,ent.platform.sh
2061,net.gr
2062,nx.cn
2063,ca-central-1.elasticbeanstalk.com
2064,geek.nz
2065,edu.py
2066,sumy.ua
2067,gob.hn
2068,co.me
2069,fvg.it
2070,pike.replit.dev
2071,ct.us
2072,k12.sc.us
2073,edu.az
2074,myfritz.link
2075,accesscam.org
2076,org.pt
2077,mk.ua
2078,net.uy
2079,drayddns.com
2080,org.py
2081,myspreadshop.com
2082,condos
2083,gov.lb
2084,gov.rw
2085,edu.za
2086,sisko.replit.dev
2087,lease
2088,ec2-98-92-139-130.compute-1.amazonaws.com
2089,ec2-54-227-111-55.compute-1.amazonaws.com
2090,ec2-32-192-194-135.compute-1.amazonaws.com
2091,edu.mo
2092,nm.cn
2093,ec2-18-204-17-96.compute-1.amazonaws.com
2094,cisco
2095,ec2-96-0-16-254.compute-1.amazonaws.com
2096,ec2-32-193-247-64.compute-1.amazonaws.com
2097,citic
2098,ec2-54-146-134-235.compute-1.amazonaws.com
2099,saxo
2100,hatenablog.jp
2101,ngrok-free.app
2102,ec2-54-221-77-5.compute-1.amazonaws.com
2103,ec2-18-206-171-148.compute-1.amazonaws.com
2104,ec2-44-193-24-35.compute-1.amazonaws.com
2105,edu.qa
2106,ec2-54-89-50-237.compute-1.amazonaws.com
2107,ec2-32-192-249-196.compute-1.amazonaws.com
2108,ec2-54-221-136-214.compute-1.amazonaws.com
2109,ec2-44-206-236-237.compute-1.amazonaws.com
2110,ec2-52-87-176-119.compute-1.amazonaws.com
2111,ec2-54-161-141-0.compute-1.amazonaws.com
2112,ec2-34-227-197-223.compute-1.amazonaws.com
2113,ec2-3-238-68-210.compute-1.amazonaws.com
2114,ec2-98-84-98-61.compute-1.amazonaws.com
2115,ec2-44-204-83-211.compute-1.amazonaws.com
2116,ec2-3-91-53-196.compute-1.amazonaws.com
2117,ec2-3-231-159-164.compute-1.amazonaws.com
2118,ec2-3-91-31-163.compute-1.amazonaws.com
2119,ec2-3-239-31-113.compute-1.amazonaws.com
2120,ec2-34-228-157-121.compute-1.amazonaws.com
2121,ec2-34-238-122-105.compute-1.amazonaws.com
2122,ec2-52-91-140-196.compute-1.amazonaws.com
2123,ec2-34-229-176-222.compute-1.amazonaws.com
2124,ec2-100-31-160-170.compute-1.amazonaws.com
2125,yandex
2126,ec2-34-205-225-72.compute-1.amazonaws.com
2127,gov.do
2128,ec2-3-235-247-221.compute-1.amazonaws.com
2129,ec2-184-72-194-82.compute-1.amazonaws.com
2130,ec2-13-220-175-198.compute-1.amazonaws.com
2131,ec2-44-203-2-220.compute-1.amazonaws.com
2132,ec2-34-238-153-109.compute-1.amazonaws.com
2133,ec2-3-237-223-165.compute-1.amazonaws.com
2134,ec2-3-238-223-253.compute-1.amazonaws.com
2135,osaka.jp
2136,ec2-3-94-21-233.compute-1.amazonaws.com
2137,ec2-44-203-3-164.compute-1.amazonaws.com
2138,ec2-98-91-23-191.compute-1.amazonaws.com
2139,ec2-44-211-58-140.compute-1.amazonaws.com
2140,de.cool
2141,ec2-44-196-48-48.compute-1.amazonaws.com
2142,ec2-3-210-200-193.compute-1.amazonaws.com
2143,ec2-44-211-164-170.compute-1.amazonaws.com
2144,ec2-52-70-60-11.compute-1.amazonaws.com
2145,ec2-3-237-235-235.compute-1.amazonaws.com
2146,ec2-100-31-134-207.compute-1.amazonaws.com
2147,ec2-54-90-124-229.compute-1.amazonaws.com
2148,ec2-3-94-163-182.compute-1.amazonaws.com
2149,phd
2150,ec2-13-223-1-139.compute-1.amazonaws.com
2151,ai.in
2152,realty
2153,ec2-44-200-233-42.compute-1.amazonaws.com
2154,spa
2155,ec2-44-204-15-205.compute-1.amazonaws.com
2156,kalisz.pl
2157,ec2-54-163-73-17.compute-1.amazonaws.com
2158,ec2-13-218-102-127.compute-1.amazonaws.com
2159,ec2-100-55-130-126.compute-1.amazonaws.com
2160,ec2-54-167-34-141.compute-1.amazonaws.com
2161,ec2-3-86-38-46.compute-1.amazonaws.com
2162,ec2-3-94-187-103.compute-1.amazonaws.com
2163,co.de
2164,ec2-100-54-231-105.compute-1.amazonaws.com
2165,ec2-100-26-107-103.compute-1.amazonaws.com
2166,name.vn
2167,cv.ua
2168,ec2-44-204-47-156.compute-1.amazonaws.com
2169,ec2-13-221-0-40.compute-1.amazonaws.com
2170,ec2-54-175-204-47.compute-1.amazonaws.com
2171,ec2-54-162-149-233.compute-1.amazonaws.com
2172,edu.ee
2173,ec2-100-27-216-144.compute-1.amazonaws.com
2174,ec2-54-204-120-68.compute-1.amazonaws.com
2175,com.ee
2176,ec2-3-85-87-207.compute-1.amazonaws.com
2177,ec2-54-167-107-174.compute-1.amazonaws.com
2178,familyds.net
2179,ac.ma
2180,ec2-44-214-92-107.compute-1.amazonaws.com
2181,s3-fips.us-gov-west-1.amazonaws.com
2182,execute-api.us-gov-west-1.amazonaws.com
2183,gov.iq
2184,qh.cn
2185,hatenadiary.jp
2186,tatar
2187,edu.mk
2188,gov.al
2189,edu.es
2190,cloudns.org
2191,edu.mt
2192,wv.us
2193,la.us
2194,kapsi.fi
2195,s3.us-gov-east-1.amazonaws.com
2196,nyc.mn
2197,lucca.it
2198,northamerica-northeast1.run.app
2199,chernovtsy.ua
2200,onporter.run
2201,mq
2202,sc.ke
2203,bolt.host
2204,or.cr
2205,vpnplus.to
2206,com.fr
2207,wesley.replit.dev
2208,live-website.com
2209,lib.oh.us
2210,nt.ca
2211,ue.gateway.dev
2212,k12.me.us
2213,us.cc
2214,spot
2215,aw
2216,typo3server.info
2217,sa.gov.pl
2218,archer.replit.dev
2219,maison
2220,ddnsking.com
2221,cloudns.biz
2222,4lima.de
2223,gov.tt
2224,cloud.nospamproxy.com
2225,gov.mv
2226,lon1.digitaloceanspaces.com
2227,xn--qxam
2228,theater
2229,health.nz
2230,accountants
2231,mn.it
2232,homelinux.org
2233,emilia-romagna.it
2234,cloudaccess.net
2235,dynalias.com
2236,lm.r.appspot.com
2237,starostwo.gov.pl
2238,net.ma
2239,from.hr
2240,xn--i1b6b1a6a2e
2241,cricket
2242,surgery
2243,cloudns.ch
2244,es.kr
2245,k12.ma.us
2246,ac.gov.br
2247,org.ro
2248,s3-eu-west-3.amazonaws.com
2249,wmcloud.org
2250,sncf
2251,edu.kw
2252,ponpes.id
2253,deno.dev
2254,crs
2255,herts.sch.uk
2256,crd.co
2257,bubbleapps.io
2258,xn--5tzm5g
2259,physio
2260,org.bo
2261,ap-southeast-5.elb.amazonaws.com
2262,myddns.rocks
2263,lambda-url.eu-west-2.on.aws
2264,art.pl
2265,ac.me
2266,ong.br
2267,vlog.br
2268,clubmed
2269,nd.us
2270,ipns.dweb.link
2271,ec2-52-20-3-238.compute-1.amazonaws.com
2272,allfinanz
2273,s3-ca-central-1.amazonaws.com
2274,k12.wa.us
2275,edu.jm
2276,lib.in.us
2277,flowers
2278,org.gt
2279,gov.ao
2280,panel.gg
2281,rutland.sch.uk
2282,framercanvas.com
2283,2ix.de
2284,servebeer.com
2285,cloudns.ph
2286,shizuoka.jp
2287,gen.in
2288,myqnapcloud.cn
2289,com.by
2290,radio.fm
2291,gov.mk
2292,project.space
2293,serveftp.net
2294,tm.fr
2295,ascolipiceno.it
2296,toyota
2297,my-router.de
2298,marche.it
2299,gov.scot
2300,elementor.cloud
2301,dyndns-web.com
2302,xn--80aswg
2303,aichi.jp
2304,s3-fips.us-east-1.amazonaws.com
2305,edu.lv
2306,uz.ua
2307,moo.jp
2308,asia-southeast1.hosted.app
2309,tires
2310,com.tm
2311,search
2312,priv.no
2313,api.br
2314,lambda-url.eu-south-1.on.aws
2315,gripe
2316,readthedocs-hosted.com
2317,kanagawa.jp
2318,creditcard
2319,skr.jp
2320,daemon.panel.gg
2321,hicam.net
2322,sch.ng
2323,esq
2324,cloudns.be
2325,taranto.it
2326,dnsabr.com
2327,edu.kh
2328,co.ro
2329,edu.sd
2330,sch.ae
2331,edu.mn
2332,deal
2333,accountant
2334,pe.ca
2335,us-ashburn-1.oraclecloudapps.com
2336,codeberg.page
2337,esp.br
2338,ryukyu
2339,co.om
2340,temp-dns.com
2341,chirurgiens-dentistes.fr
2342,heteml.net
2343,ec2-3-237-199-106.compute-1.amazonaws.com
2344,re.it
2345,kyoto.jp
2346,brother
2347,sa-saopaulo-1.oci.customer-oci.com
2348,radio.br
2349,de.us
2350,ap.gov.br
2351,trieste.it
2352,chiba.jp
2353,us-gov-east-1.elb.amazonaws.com
2354,org.do
2355,genova.it
2356,slupsk.pl
2357,cloudycluster.net
2358,asia-south1.run.app
2359,kyoto
2360,ew.gateway.dev
2361,webhop.net
2362,gov.tn
2363,gov.dz
2364,el.r.appspot.com
2365,hopto.me
2366,ru.net
2367,gop
2368,career
2369,zuerich
2370,gob.ni
2371,info.np
2372,relay.evervault.app
2373,libp2p.direct
2374,honda
2375,mma
2376,xn--90a3ac
2377,org.mt
2378,med.pl
2379,jor.br
2380,hiroshima.jp
2381,gf
2382,kent.sch.uk
2383,routingthecloud.net
2384,is-by.us
2385,torino.it
2386,ac.pa
2387,ec2-15-220-121-29.compute-1.amazonaws.com
2388,se.net
2389,voto
2390,zicp.fun
2391,brave.app
2392,gov.sl
2393,eu-west-3.elasticbeanstalk.com
2394,homedns.org
2395,il-central-1.elb.amazonaws.com
2396,ak.us
2397,gov.mz
2398,gotdns.org
2399,sa-vinhedo-1.oci.customer-oci.com
2400,vgs.no
2401,hatenadiary.com
2402,med.sa
2403,myhome-server.de
2404,vp4.me
2405,edu.pt
2406,elk.pl
2407,co.no
2408,edeka
2409,gov.ly
2410,gouv.ci
2411,servegame.com
2412,s3.nl-ams.scw.cloud
2413,hokkaido.jp
2414,k12.il
2415,hs.kr
2416,ne.kr
2417,ky.us
2418,kherson.ua
2419,sdmntprwestus.oaiusercontent.com
2420,ap-northeast-3.compute.amazonaws.com
2421,net.mk
2422,com.cv
2423,rybnik.pl
2424,dyndns.ws
2425,rr.gov.br
2426,keymachine.de
2427,net.gt
2428,xx.kg
2429,gov.kg
2430,gov.ba
2431,stackhero-network.com
2432,sardegna.it
2433,dkonto.pl
2434,lovable.run
2435,jotelulu.cloud
2436,auth.ap-southeast-1.amazoncognito.com
2437,malopolska.pl
2438,vet.br
2439,sr.gov.pl
2440,piemonte.it
2441,edu.ba
2442,shiksha
2443,discourse.group
2444,net.np
2445,cx.ua
2446,convex.site
2447,nieruchomosci.pl
2448,elblag.pl
2449,pulawy.pl
2450,hi.us
2451,com.ye
2452,deloitte
2453,ss
2454,org.lv
2455,ae.org
2456,wy.us
2457,hatenadiary.org
2458,auth.sa-east-1.amazoncognito.com
2459,gucci
2460,gen.nz
2461,europe-southwest1.run.app
2462,okayama.jp
2463,mil.id
2464,fukuoka.jp
2465,us.platformsh.site
2466,studio.us-east-1.sagemaker.aws
2467,val.run
2468,nb.ca
2469,xn--d1acj3b
2470,co.mw
2471,degree
2472,zt.ua
2473,lr
2474,k12.ct.us
2475,keenetic.io
2476,wixstudio.com
2477,vt.us
2478,versicherung
2479,gov.ir
2480,osaka
2481,cern
2482,sakuraweb.com
2483,etc.br
2484,info.hu
2485,xn--q9jyb4c
2486,g12.br
2487,us-phoenix-1.oci.customer-oci.com
2488,org.mo
2489,s3.me-central-1.amazonaws.com
2490,vercel.run
2491,seoul.kr
2492,ms.kr
2493,mil.pl
2494,mazury.pl
2495,onthewifi.com
2496,sony
2497,gn
2498,df.r.appspot.com
2499,bg.it
2500,firm.in
2501,surrey.sch.uk
2502,wpmudev.host
2503,notebook.us-east-1.sagemaker.aws
2504,a.prod.fastly.net
2505,3utilities.com
2506,dsmynas.net
2507,bounceme.net
2508,selfip.net
2509,itau
2510,s3.dualstack.ca-central-1.amazonaws.com
2511,tychy.pl
2512,saitama.jp
2513,s3.dualstack.eu-west-2.amazonaws.com
2514,poa.br
2515,id.us
2516,europe-north1.run.app
2517,edu.hn
2518,sa-east-1.elasticbeanstalk.com
2519,auth.ca-central-1.amazoncognito.com
2520,com.sy
2521,org.zm
2522,gov.bw
2523,cieszyn.pl
2524,de-2.platformsh.site
2525,nh.us
2526,edu.pa
2527,web.val.run
2528,sinaapp.com
2529,cc.ua
2530,hants.sch.uk
2531,it.ao
2532,za.org
2533,eu-5.platformsh.site
2534,in-maa-1.linodeobjects.com
2535,cloud-ip.cc
2536,serveftp.com
2537,preview.emergentagent.com
2538,okinawa.jp
2539,7.azurestaticapps.net
2540,us-4.platformsh.site
2541,com.zm
2542,no-ip.net
2543,familyds.org
2544,square7.ch
2545,bytom.pl
2546,iliadboxos.it
2547,sicilia.it
2548,gov.gy
2549,org.qa
2550,kn
2551,gunma.jp
2552,gob.cu
2553,org.kz
2554,s3.dualstack.ap-southeast-2.amazonaws.com
2555,gov.pg
2556,nl-ams-1.linodeobjects.com
2557,homelinux.net
2558,bari.it
2559,lancs.sch.uk
2560,nagano.jp
2561,sellfy.store
2562,cloudns.nz
2563,psc.br
2564,ut.us
2565,net.py
2566,mielec.pl
2567,ec2-34-193-248-73.compute-1.amazonaws.com
2568,io.in
2569,mil.co
2570,guitars
2571,memorial
2572,lazio.it
2573,xn--kpry57d
2574,homelinux.com
2575,shop.pl
2576,getmyip.com
2577,bs.it
2578,org.ge
2579,org.mz
2580,ap-east-2.elb.amazonaws.com
2581,ba.it
2582,data
2583,liguria.it
2584,ec2-15-220-123-103.compute-1.amazonaws.com
2585,gmo
2586,folkebibl.no
2587,gov.bm
2588,fr-par-2.baremetal.scw.cloud
2589,forumz.info
2590,umbria.it
2591,or.ug
2592,s3.il-central-1.amazonaws.com
2593,ec2-54-172-60-235.compute-1.amazonaws.com
2594,godaddy
2595,gov.fj
2596,edu.ps
2597,k12.al.us
2598,ap-south-1.awsapprunner.com
2599,essex.sch.uk
2600,tc.br
2601,tr.it
2602,mt.us
2603,democrat
2604,ec2-96-0-16-102.compute-1.amazonaws.com
2605,ac.vn
2606,lambda-url.ap-northeast-2.on.aws
2607,lambda-url.ap-southeast-1.on.aws
2608,nh-serv.co.uk
2609,kep.tr
2610,ve.it
2611,xn--t60b56a
2612,compare
2613,az.us
2614,com.ps
2615,auto.pl
2616,eu.platform.sh
2617,mcdir.ru
2618,s3-website.us-east-2.amazonaws.com
2619,co.na
2620,ec2-54-172-60-164.compute-1.amazonaws.com
2621,firewall-gateway.de
2622,mie.jp
2623,kred
2624,gov.zm
2625,hermes
2626,org.lb
2627,prof
2628,us-east5.run.app
2629,emergent.host
2630,poltava.ua
2631,gov.bn
2632,s3-fips.us-west-2.amazonaws.com
2633,odo.br
2634,gov.bs
2635,sanofi
2636,ivano-frankivsk.ua
2637,com.la
2638,eurodir.ru
2639,lutsk.ua
2640,select
2641,staffs.sch.uk
2642,xii.jp
2643,kharkiv.ua
2644,nara.jp
2645,firenze.it
2646,ec2-54-172-60-205.compute-1.amazonaws.com
2647,edu.mv
2648,dns-dynamic.net
2649,net.pg
2650,fnc.fr-par.scw.cloud
2651,sblo.jp
2652,us-3.platformsh.site
2653,org.bw
2654,konin.pl
2655,net.mm
2656,edu.mm
2657,ec2-54-172-60-118.compute-1.amazonaws.com
2658,chu.jp
2659,rs.ba
2660,walbrzych.pl
2661,ai.vn
2662,ed.cr
2663,mo.it
2664,campaign.gov.uk
2665,telebit.io
2666,dynuddns.com
2667,sosnowiec.pl
2668,s3.dualstack.af-south-1.amazonaws.com
2669,kumamoto.jp
2670,art.ec
2671,vi.it
2672,s3-website-ap-northeast-1.amazonaws.com
2673,me-jeddah-1.oci.customer-oci.com
2674,dyndns-server.com
2675,fm.br
2676,cba
2677,ac.rw
2678,io.kr
2679,ec2-54-172-60-59.compute-1.amazonaws.com
2680,sp.leg.br
2681,gov.la
2682,hepforge.org
2683,gotdns.ch
2684,bham.sch.uk
2685,xn--9dbq2a
2686,ec2-18-233-12-13.compute-1.amazonaws.com
2687,radio.am
2688,rhcloud.com
2689,torproject.net
2690,org.na
2691,eastus.azurecontainer.io
2692,vr.it
2693,ec2-13-219-248-21.compute-1.amazonaws.com
2694,dynalias.net
2695,pro.in
2696,pro.typeform.com
2697,niigata.jp
2698,net.sb
2699,aeroport.fr
2700,s3.dualstack.ca-west-1.amazonaws.com
2701,functions.fnc.fr-par.scw.cloud
2702,ciao.jp
2703,us.platform.sh
2704,uk-1.platformsh.site
2705,nat.tn
2706,bnr.la
2707,gov.bb
2708,gifu.jp
2709,edu.af
2710,mil.ru
2711,suwalki.pl
2712,gov.tm
2713,weber
2714,dfirma.pl
2715,cloudns.cl
2716,ks.us
2717,ec2-15-220-121-54.compute-1.amazonaws.com
2718,chicappa.jp
2719,media.pl
2720,schulserver.de
2721,bio.br
2722,edu.al
2723,miyagi.jp
2724,cluster026.hosting.ovh.net
2725,hyogo.jp
2726,ac.mz
2727,hk.com
2728,ec2-34-203-221-232.compute-1.amazonaws.com
2729,you2.pl
2730,gov.af
2731,whoswho
2732,rec.br
2733,firewall-gateway.com
2734,gov.sy
2735,brescia.it
2736,gov.cl
2737,execute-api.il-central-1.amazonaws.com
2738,com.kg
2739,k12.co.us
2740,auth.ap-south-1.amazoncognito.com
2741,dnsalias.org
2742,ro.leg.br
2743,reise
2744,onion
2745,us-lax-1.linodeobjects.com
2746,rm.it
2747,ehime.jp
2748,yamagata.jp
2749,xn--c1avg
2750,cellar-c2.services.clever-cloud.com
2751,edu.mg
2752,act.edu.au
2753,nom.za
2754,s3.dualstack.eu-south-1.amazonaws.com
2755,s3.me-south-1.amazonaws.com
2756,gov.me
2757,edu.cu
2758,tv.tr
2759,tn.us
2760,va.it
2761,net.eu.org
2762,org.ma
2763,bielsko.pl
2764,com.lc
2765,kagoshima.jp
2766,ec2-96-0-20-42.compute-1.amazonaws.com
2767,co.ae
2768,hu.net
2769,tas.edu.au
2770,adobeio-static.net
2771,jio
2772,gov.bf
2773,is-a.dev
2774,us-gov-west-1.compute.amazonaws.com
2775,priv.at
2776,lg.ua
2777,sol.site
2778,iwate.jp
2779,us-3.evennode.com
2780,fage
2781,tv.it
2782,lomza.pl
2783,x0.com
2784,cumbria.sch.uk
2785,webthings.io
2786,auth-fips.us-west-2.amazoncognito.com
2787,mg.leg.br
2788,emp.br
2789,toyama.jp
2790,auth-fips.us-east-2.amazoncognito.com
2791,ec2-3-213-231-117.compute-1.amazonaws.com
2792,gos.pk
2793,ap-sydney-1.oci.customer-oci.com
2794,sandvik
2795,ra.it
2796,odesa.ua
2797,gliwice.pl
2798,eu-frankfurt-1.oci.customer-oci.com
2799,gov.na
2800,perugia.it
2801,org.jm
2802,lib.mi.us
2803,edu.dz
2804,bologna.it
2805,sdmntprcentralusdr.oaiusercontent.com
2806,lincs.sch.uk
2807,gov.tl
2808,edu.tt
2809,net.hk
2810,ec2-15-220-121-18.compute-1.amazonaws.com
2811,s3-website-us-west-1.amazonaws.com
2812,an.gateway.dev
2813,vda.it
2814,us-sanjose-1.oci.customer-oci.com
2815,myshopblocks.com
2816,deno.net
2817,airforce
2818,gov.bt
2819,xn--gecrj9c
2820,loginto.me
2821,fukushima.jp
2822,gmail
2823,sdmntpreastus.oaiusercontent.com
2824,webhop.me
2825,ud.it
2826,na.it
2827,ac.mw
2828,com.uz
2829,seat
2830,gov.ps
2831,myftp.biz
2832,edu.sy
2833,postman-echo.com
2834,ec2-3-222-114-208.compute-1.amazonaws.com
2835,java
2836,boo.jp
2837,k12.ut.us
2838,info.ro
2839,ec2-44-193-196-72.compute-1.amazonaws.com
2840,net.kg
2841,in-berlin.de
2842,k12.ky.us
2843,base.shop
2844,viajes
2845,venezia.it
2846,wl.r.appspot.com
2847,aomori.jp
2848,malbork.pl
2849,s3.eu-central-2.amazonaws.com
2850,oita.jp
2851,gdansk.pl
2852,feedback
2853,s3-1.amazonaws.com
2854,ac.fj
2855,execute-api.cn-north-1.amazonaws.com.cn
2856,the.br
2857,syd1.digitaloceanspaces.com
2858,insurance
2859,le.it
2860,tank.jp
2861,lib.md.us
2862,w-credentialless-staticblitz.com
2863,kicks-ass.net
2864,dyndns-remote.com
2865,ras.ru
2866,bsb.br
2867,ppg.br
2868,edu.so
2869,ewr1.vultrobjects.com
2870,uw.r.appspot.com
2871,k12.mt.us
2872,vusercontent.net
2873,maori.nz
2874,lib.me.us
2875,avocat.fr
2876,ec2-15-220-121-220.compute-1.amazonaws.com
2877,curitiba.br
2878,nsupdate.info
2879,edu.bt
2880,gov.gn
2881,forgeblocks.com
2882,dns-cloud.net
2883,selfip.org
2884,devon.sch.uk
2885,al.it
2886,lug.org.uk
2887,kolobrzeg.pl
2888,afl
2889,org.ly
2890,org.et
2891,wix.run
2892,ishikawa.jp
2893,co.je
2894,cloudns.asia
2895,chernigov.ua
2896,s3.ap-northeast-3.amazonaws.com
2897,gov.so
2898,myiphost.com
2899,sa.it
2900,s3.dualstack.sa-east-1.amazonaws.com
2901,com.ba
2902,us-ord-1.linodeobjects.com
2903,net.ni
2904,cdn.cloudflareanycast.net
2905,org.gh
2906,ec2-13-128-248-186.compute-1.amazonaws.com
2907,auth.us-west-1.amazoncognito.com
2908,co.mu
2909,cn.it
2910,yamanashi.jp
2911,org.rw
2912,asia-northeast3.run.app
2913,szkola.pl
2914,blackfriday
2915,ec2-15-220-121-179.compute-1.amazonaws.com
2916,dealer
2917,nysa.pl
2918,far.br
2919,shiga.jp
2920,ravpage.co.il
2921,as.r.appspot.com
2922,weir
2923,my-gateway.de
2924,web.lk
2925,lib.mn.us
2926,ltda
2927,rich
2928,webhop.org
2929,s3-website-ap-southeast-2.amazonaws.com
2930,aem.page
2931,mydobiss.com
2932,org.af
2933,net.et
2934,i.ng
2935,total
2936,legnica.pl
2937,pa.it
2938,derbyshire.sch.uk
2939,fukui.jp
2940,ec2-34-229-178-51.compute-1.amazonaws.com
2941,club.tw
2942,oxon.sch.uk
2943,au.platformsh.site
2944,edgecompute.app
2945,tatamotors
2946,floripa.br
2947,campania.it
2948,org.lk
2949,gniezno.pl
2950,dsmynas.org
2951,wilts.sch.uk
2952,napoli.it
2953,pri.ee
2954,tochigi.jp
2955,stargard.pl
2956,pv.it
2957,eu-4.platformsh.site
2958,org.gg
2959,ac.bw
2960,org.sv
2961,fedorapeople.org
2962,emr.it
2963,bearblog.dev
2964,appwrite.network
2965,pr.it
2966,pd.it
2967,rdy.jp
2968,serveirc.com
2969,iki.fi
2970,modena.it
2971,playit.plus
2972,auth-fips.us-gov-west-1.amazoncognito.com
2973,dyndns-home.com
2974,wloclawek.pl
2975,gop.pk
2976,lib.ia.us
2977,fujitsu
2978,org.kh
2979,k12.tx.us
2980,nw.gateway.dev
2981,k12.wy.us
2982,execute-api.ap-east-1.amazonaws.com
2983,ctfcloud.net
2984,matrix.jp
2985,ec2-54-242-164-154.compute-1.amazonaws.com
2986,antagonist.cloud
2987,me.it
2988,fr-3.platformsh.site
2989,cheshire.sch.uk
2990,net.kw
2991,myfirewall.org
2992,calabria.it
2993,akita.jp
2994,northumberland.sch.uk
2995,cloudflare-ipfs.com
2996,lambda-url.ap-southeast-2.on.aws
2997,worcs.sch.uk
2998,ap-southeast-1.awsapprunner.com
2999,de.r.appspot.com
3000,ec2-13-219-232-194.compute-1.amazonaws.com
3001,neustar
3002,ilawa.pl
3003,pioneer
3004,net.mv
3005,eu-west-2.awsapprunner.com
3006,edu.krd
3007,gov.lr
3008,abc.br
3009,ec2-13-128-248-150.compute-1.amazonaws.com
3010,ge.it
3011,orange
3012,gov.zw
3013,lubin.pl
3014,lib.al.us
3015,servemp3.com
3016,mail.pl
3017,we.bs
3018,theshop.jp
3019,kochi.jp
3020,monash
3021,yun
3022,ec2-54-172-60-169.compute-1.amazonaws.com
3023,boy.jp
3024,swidnica.pl
3025,jeez.jp
3026,official.ec
3027,shop.hu
3028,filegear-sg.me
3029,com.gy
3030,2-d.jp
3031,miyazaki.jp
3032,uk.gateway.dev
3033,co.ca
3034,ac.zm
3035,shimane.jp
3036,so.gov.pl
3037,ec2-54-172-60-102.compute-1.amazonaws.com
3038,uk-london-1.oci.customer-oci.com
3039,halfmoon.jp
3040,wakayama.jp
3041,tokushima.jp
3042,xen.prgmr.com
3043,kp
3044,us-phoenix-1.oraclecloudapps.com
3045,basilicata.it
3046,info.bd
3047,gov.mg
3048,net.fk
3049,mints.ne.jp
3050,edu.eu.org
3051,abogado
3052,nf.ca
3053,org.im
3054,glogow.pl
3055,ec2-15-220-121-251.compute-1.amazonaws.com
3056,prato.it
3057,org.sz
3058,dattoweb.com
3059,org.hu
3060,jelastic.saveincloud.net
3061,biz.my
3062,travel.pl
3063,med.ec
3064,gov.lt
3065,org.jo
3066,edu.zm
3067,ec2-54-172-60-193.compute-1.amazonaws.com
3068,tm.pl
3069,gloucs.sch.uk
3070,sgp1.vultrobjects.com
3071,sampa.br
3072,westeurope.azurecontainer.io
3073,tottori.jp
3074,net.qa
3075,org.ls
3076,canva.run
3077,man
3078,ec2-54-172-60-149.compute-1.amazonaws.com
3079,stockholm
3080,org.kw
3081,com.ht
3082,gov.bz
3083,ce.it
3084,cornwall.sch.uk
3085,info.in
3086,hsbc
3087,org.pg
3088,com.ky
3089,myaddr.io
3090,daa.jp
3091,com.bs
3092,w-sussex.sch.uk
3093,eek.jp
3094,ec2-18-206-184-59.compute-1.amazonaws.com
3095,cc.al.us
3096,tmp.br
3097,co.gg
3098,sunnyday.jp
3099,eu-2.platformsh.site
3100,net.mt
3101,agro.pl
3102,barclaycard
3103,uw.gov.pl
3104,dvrcam.info
3105,zabc.net
3106,scb
3107,flir
3108,thruhere.net
3109,pr.leg.br
3110,notts.sch.uk
3111,pplx.app
3112,net.bw
3113,suzuki
3114,suffolk.sch.uk
3115,wpsquared.site
3116,eu.pythonanywhere.com
3117,gov.dm
3118,dns.northflank.app
3119,ec2-54-172-60-134.compute-1.amazonaws.com
3120,n-yorks.sch.uk
3121,leics.sch.uk
3122,damnserver.com
3123,bucks.sch.uk
3124,bergamo.it
3125,cambs.sch.uk
3126,rgr.jp
3127,ec2-54-172-60-17.compute-1.amazonaws.com
3128,ltd.ua
3129,lib.il.us
3130,fr-4.platformsh.site
3131,servequake.com
3132,saga.jp
3133,edu.ye
3134,ec2-54-144-10-125.compute-1.amazonaws.com
3135,ec2-96-0-49-202.compute-1.amazonaws.com
3136,ec2-96-0-22-54.compute-1.amazonaws.com
3137,netlib.re
3138,kagawa.jp
3139,cf-ipfs.com
3140,k12.la.us
3141,vs.mythic-beasts.com
3142,xn--e1a4c
3143,fot.br
3144,mb.it
3145,ec2-3-233-142-19.compute-1.amazonaws.com
3146,streak-link.com
3147,padova.it
3148,lambda-url.ca-central-1.on.aws
3149,storage.supabase.co
3150,shell
3151,it.kr
3152,norfolk.sch.uk
3153,ap-northeast-2.elasticbeanstalk.com
3154,ec2-44-196-228-180.compute-1.amazonaws.com
3155,sc.tz
3156,ec2-44-201-32-63.compute-1.amazonaws.com
3157,ulsan.kr
3158,meteorapp.com
3159,cn.eu.org
3160,pfizer
3161,dyndns-office.com
3162,jgora.pl
3163,coop.py
3164,net.bo
3165,ec2-18-235-168-50.compute-1.amazonaws.com
3166,mil.cn
3167,cloud.fedoraproject.org
3168,s3.dualstack.eu-north-1.amazonaws.com
3169,vipsinaapp.com
3170,kpmg
3171,k12.az.us
3172,oa.r.appspot.com
3173,gmx
3174,edu.bn
3175,ap-south-2.compute.amazonaws.com
3176,zappos
3177,my-firewall.org
3178,mail-box.ne.jp
3179,eu-north-1.elasticbeanstalk.com
3180,ec2-100-54-194-227.compute-1.amazonaws.com
3181,mattel
3182,ec2-54-172-60-21.compute-1.amazonaws.com
3183,ec2-3-91-25-7.compute-1.amazonaws.com
3184,org.pa
3185,landrover
3186,yk.ca
3187,com.tt
3188,edu.bh
3189,nom.co
3190,myspreadshop.co.uk
3191,coop.np
3192,sanok.pl
3193,mil.ec
3194,edu.ci
3195,ca.it
3196,ota.tokyo.jp
3197,ec2-44-198-86-118.compute-1.amazonaws.com
3198,flutterflow.app
3199,ec2-3-90-109-204.compute-1.amazonaws.com
3200,sumomo.ne.jp
3201,org.ug
3202,s3-fips.us-gov-east-1.amazonaws.com
3203,ec2-34-234-208-196.compute-1.amazonaws.com
3204,com.mu
3205,us-gov-east-1.compute.amazonaws.com
3206,nagasaki.jp
3207,abruzzo.it
3208,pz.it
3209,ipfs.nftstorage.link
3210,barsy.bg
3211,pp.se
3212,ca-1.platformsh.site
3213,ec2-44-197-171-13.compute-1.amazonaws.com
3214,edu.ru
3215,creditunion
3216,servepics.com
3217,mysynology.net
3218,s3.ap-southeast-5.amazonaws.com
3219,ec2-32-195-60-243.compute-1.amazonaws.com
3220,ec2-100-53-185-181.compute-1.amazonaws.com
3221,dnsup.net
3222,volyn.ua
3223,serveminecraft.net
3224,ec2-3-87-5-106.compute-1.amazonaws.com
3225,nu.ca
3226,us1.advisor.ws
3227,plc.uk
3228,myspreadshop.net
3229,cim.br
3230,ec2-3-92-84-65.compute-1.amazonaws.com
3231,ec2-54-172-60-220.compute-1.amazonaws.com
3232,ec2-54-234-225-193.compute-1.amazonaws.com
3233,ec2-44-222-208-97.compute-1.amazonaws.com
3234,dynuddns.net
3235,ec2-35-170-187-206.compute-1.amazonaws.com
3236,gov.sd
3237,dorset.sch.uk
3238,ec2-44-203-101-110.compute-1.amazonaws.com
3239,ec2-3-83-92-40.compute-1.amazonaws.com
3240,ec2-3-83-45-83.compute-1.amazonaws.com
3241,rs.webaccel.jp
3242,pisz.pl
3243,beta.wmcloud.org
3244,ac.pg
3245,lib.pa.us
3246,am.in
3247,ec2-54-172-60-132.compute-1.amazonaws.com
3248,ec2-174-129-97-208.compute-1.amazonaws.com
3249,ec2-3-85-169-50.compute-1.amazonaws.com
3250,ec2-44-203-15-22.compute-1.amazonaws.com
3251,heliohost.us
3252,ec2-54-91-212-177.compute-1.amazonaws.com
3253,palermo.it
3254,ec2-35-172-178-253.compute-1.amazonaws.com
3255,ec2-3-226-34-227.compute-1.amazonaws.com
3256,xn--mgbaam7a8h
3257,ec2-54-209-200-60.compute-1.amazonaws.com
3258,ec2-18-204-42-93.compute-1.amazonaws.com
3259,saloon.jp
3260,net.im
3261,ec2-96-0-22-30.compute-1.amazonaws.com
3262,ec2-54-208-154-241.compute-1.amazonaws.com
3263,ec2-34-200-229-43.compute-1.amazonaws.com
3264,ec2-100-54-103-50.compute-1.amazonaws.com
3265,ec2-52-207-190-249.compute-1.amazonaws.com
3266,ec2-34-205-39-32.compute-1.amazonaws.com
3267,ec2-3-238-156-254.compute-1.amazonaws.com
3268,pisa.it
3269,org.tn
3270,ec2-54-89-240-120.compute-1.amazonaws.com
3271,ec2-54-211-72-42.compute-1.amazonaws.com
3272,ec2-3-236-130-169.compute-1.amazonaws.com
3273,ec2-18-208-215-87.compute-1.amazonaws.com
3274,gouv.sn
3275,km
3276,ec2-44-193-8-177.compute-1.amazonaws.com
3277,does-it.net
3278,serveblog.net
3279,xn--55qx5d.hk
3280,ec2-54-221-141-185.compute-1.amazonaws.com
3281,ct.it
3282,ec2-52-91-228-11.compute-1.amazonaws.com
3283,ec2-44-204-39-99.compute-1.amazonaws.com
3284,ec2-15-220-121-26.compute-1.amazonaws.com
3285,ec2-52-87-251-178.compute-1.amazonaws.com
3286,fe.it
3287,ec2-98-92-151-135.compute-1.amazonaws.com
3288,ec2-44-205-155-171.compute-1.amazonaws.com
3289,ec2-98-84-51-74.compute-1.amazonaws.com
3290,ec2-3-238-52-138.compute-1.amazonaws.com
3291,co.site
3292,fr.it
3293,ec2-54-175-236-233.compute-1.amazonaws.com
3294,ec2-34-228-200-188.compute-1.amazonaws.com
3295,ec2-44-206-229-191.compute-1.amazonaws.com
3296,ec2-32-192-25-94.compute-1.amazonaws.com
3297,cn.in
3298,ec2-13-218-19-95.compute-1.amazonaws.com
3299,medecin.fr
3300,edu.bz
3301,crimea.ua
3302,biz.in
3303,ec2-44-198-192-151.compute-1.amazonaws.com
3304,mil.nz
3305,ec2-34-201-149-100.compute-1.amazonaws.com
3306,aq
3307,v.ua
3308,statebank
3309,social.br
3310,holy.jp
3311,ec2-13-220-70-88.compute-1.amazonaws.com
3312,ec2-18-207-155-223.compute-1.amazonaws.com
3313,leadpages.co
3314,ec2-13-220-42-40.compute-1.amazonaws.com
3315,ec2-54-210-170-60.compute-1.amazonaws.com
3316,ec2-44-202-128-71.compute-1.amazonaws.com
3317,ec2-184-73-4-138.compute-1.amazonaws.com
3318,ec2-44-220-152-56.compute-1.amazonaws.com
3319,ec2-3-236-43-206.compute-1.amazonaws.com
3320,org.fj
3321,lel.br
3322,k12.md.us
3323,ec2-100-53-61-99.compute-1.amazonaws.com
3324,goiania.br
3325,aco
3326,mock.pstmn.io
3327,ec2-54-144-100-79.compute-1.amazonaws.com
3328,europe-central2.run.app
3329,cs.it
3330,ec2-54-163-187-150.compute-1.amazonaws.com
3331,ec2-34-238-152-26.compute-1.amazonaws.com
3332,ec2-3-237-105-152.compute-1.amazonaws.com
3333,ec2-100-27-34-3.compute-1.amazonaws.com
3334,ec2-3-90-88-199.compute-1.amazonaws.com
3335,olawa.pl
3336,gov.mw
3337,pg.it
3338,ec2-100-31-120-57.compute-1.amazonaws.com
3339,ec2-3-95-243-102.compute-1.amazonaws.com
3340,com.vu
3341,us-3.magentosite.cloud
3342,parma.it
3343,mango
3344,ec2-44-204-37-61.compute-1.amazonaws.com
3345,gouv.ml
3346,ec2-3-92-227-42.compute-1.amazonaws.com
3347,toshiba
3348,sci.eg
3349,ec2-13-222-209-191.compute-1.amazonaws.com
3350,store.ro
3351,ec2-100-54-35-63.compute-1.amazonaws.com
3352,ec2-98-92-144-169.compute-1.amazonaws.com
3353,nt.edu.au
3354,dnsfor.me
3355,klodzko.pl
3356,germanywestcentral.azurecontainer.io
3357,ec2-3-95-21-127.compute-1.amazonaws.com
3358,ec2-98-92-131-55.compute-1.amazonaws.com
3359,ec2-100-26-45-206.compute-1.amazonaws.com
3360,lundbeck
3361,servep2p.com
3362,co.bz
3363,gmina.pl
3364,udine.it
3365,go.leg.br
3366,ec2-54-172-60-99.compute-1.amazonaws.com
3367,ec2-54-84-219-21.compute-1.amazonaws.com
3368,edgestack.me
3369,ec2-13-220-84-255.compute-1.amazonaws.com
3370,wed
3371,ford
3372,ec2-13-220-210-162.compute-1.amazonaws.com
3373,opal.ne.jp
3374,juegos
3375,gorlice.pl
3376,mayfirst.org
3377,eu-central-2.compute.amazonaws.com
3378,square7.de
3379,ec2-18-209-26-40.compute-1.amazonaws.com
3380,ec2-18-210-154-151.compute-1.amazonaws.com
3381,net.ye
3382,schmidt
3383,ec2-18-209-53-160.compute-1.amazonaws.com
3384,vix.br
3385,ec2-54-85-119-44.compute-1.amazonaws.com
3386,cr.it
3387,org.tt
3388,org.je
3389,name.np
3390,square7.net
3391,helioho.st
3392,at.it
3393,kahoku.ishikawa.jp
3394,gov.mr
3395,xn--y9a3aq
3396,matsudo.chiba.jp
3397,toyonaka.osaka.jp
3398,ostroleka.pl
3399,ec2-32-192-178-135.compute-1.amazonaws.com
3400,ec2-18-210-103-149.compute-1.amazonaws.com
3401,mat.br
3402,liara.run
3403,aq.it
3404,ss.it
3405,ec2-34-203-251-16.compute-1.amazonaws.com
3406,pistoia.it
3407,execute-api.eu-south-1.amazonaws.com
3408,ivory.ne.jp
3409,ec2-23-20-70-43.compute-1.amazonaws.com
3410,ec2-34-231-84-50.compute-1.amazonaws.com
3411,ec2-52-206-46-161.compute-1.amazonaws.com
3412,com.sc
3413,ec2-52-72-42-156.compute-1.amazonaws.com
3414,ec2-34-227-97-74.compute-1.amazonaws.com
3415,ec2-18-233-47-165.compute-1.amazonaws.com
3416,ec2-18-210-177-102.compute-1.amazonaws.com
3417,xn--vhquv
3418,yicp.fun
3419,kurume.fukuoka.jp
3420,ec2-18-210-177-90.compute-1.amazonaws.com
3421,va3.snowflake.app
3422,cc.ca.us
3423,ueda.nagano.jp
3424,s3.ap-southeast-4.amazonaws.com
3425,ec2-18-210-94-215.compute-1.amazonaws.com
3426,org.ee
3427,myspreadshop.de
3428,sc.ug
3429,boutir.com
3430,ec2-52-7-11-236.compute-1.amazonaws.com
3431,ec2-98-81-149-66.compute-1.amazonaws.com
3432,ec2-34-203-251-56.compute-1.amazonaws.com
3433,ec2-18-204-62-133.compute-1.amazonaws.com
3434,ec2-54-175-232-176.compute-1.amazonaws.com
3435,ec2-34-203-251-46.compute-1.amazonaws.com
3436,ec2-54-86-252-11.compute-1.amazonaws.com
3437,crap.jp
3438,feste-ip.net
3439,ec2-34-203-251-152.compute-1.amazonaws.com
3440,ustka.pl
3441,ec2-18-210-170-114.compute-1.amazonaws.com
3442,xn--hxt814e
3443,us-5.magentosite.cloud
3444,ec2-34-203-251-118.compute-1.amazonaws.com
3445,direct.quickconnect.cn
3446,ec2-18-232-10-234.compute-1.amazonaws.com
3447,gov.ye
3448,ec2-34-198-123-254.compute-1.amazonaws.com
3449,ec2-184-73-80-210.compute-1.amazonaws.com
3450,ec2-34-203-251-86.compute-1.amazonaws.com
3451,pe.leg.br
3452,townnews-staging.com
3453,ec2-35-171-116-112.compute-1.amazonaws.com
3454,ec2-54-82-247-3.compute-1.amazonaws.com
3455,ec2-18-210-177-215.compute-1.amazonaws.com
3456,ec2-52-54-95-86.compute-1.amazonaws.com
3457,s3.ap-south-2.amazonaws.com
3458,ec2-35-169-103-197.compute-1.amazonaws.com
3459,ec2-18-210-108-251.compute-1.amazonaws.com
3460,com.lr
3461,oslo.no
3462,kicks-ass.org
3463,is.it
3464,ec2-52-4-238-221.compute-1.amazonaws.com
3465,ec2-54-164-161-31.compute-1.amazonaws.com
3466,ec2-34-235-1-216.compute-1.amazonaws.com
3467,ec2-34-203-251-29.compute-1.amazonaws.com
3468,ec2-18-210-177-26.compute-1.amazonaws.com
3469,streaklinks.com
3470,ec2-3-219-233-31.compute-1.amazonaws.com
3471,ec2-50-17-50-231.compute-1.amazonaws.com
3472,ec2-34-203-251-63.compute-1.amazonaws.com
3473,takasaki.gunma.jp
3474,lecce.it
3475,ec2-34-203-251-61.compute-1.amazonaws.com
3476,ec2-34-203-251-45.compute-1.amazonaws.com
3477,ec2-34-203-251-143.compute-1.amazonaws.com
3478,parliament.nz
3479,ec2-34-203-251-137.compute-1.amazonaws.com
3480,ec2-34-203-251-169.compute-1.amazonaws.com
3481,ec2-34-203-251-166.compute-1.amazonaws.com
3482,ec2-18-210-121-162.compute-1.amazonaws.com
3483,bolt.hu
3484,ec2-52-44-40-33.compute-1.amazonaws.com
3485,ec2-35-172-156-148.compute-1.amazonaws.com
3486,ec2-34-203-251-162.compute-1.amazonaws.com
3487,ec2-34-203-251-159.compute-1.amazonaws.com
3488,ec2-34-203-251-123.compute-1.amazonaws.com
3489,mil.kr
3490,ec2-34-203-251-83.compute-1.amazonaws.com
3491,ec2-34-203-251-54.compute-1.amazonaws.com
3492,ec2-34-203-251-53.compute-1.amazonaws.com
3493,ec2-34-203-251-171.compute-1.amazonaws.com
3494,ec2-34-203-251-133.compute-1.amazonaws.com
3495,ec2-34-203-251-115.compute-1.amazonaws.com
3496,ec2-18-210-109-121.compute-1.amazonaws.com
3497,lebork.pl
3498,ec2-34-203-251-9.compute-1.amazonaws.com
3499,ec2-34-203-251-100.compute-1.amazonaws.com
3500,ec2-34-195-7-218.compute-1.amazonaws.com
3501,wielun.pl
3502,nom.fr
3503,k8s.fr-par.scw.cloud
3504,ec2-34-203-251-11.compute-1.amazonaws.com
3505,ec2-35-171-141-52.compute-1.amazonaws.com
3506,ec2-34-203-251-70.compute-1.amazonaws.com
3507,ec2-18-233-253-54.compute-1.amazonaws.com
3508,ec2-18-209-86-148.compute-1.amazonaws.com
3509,ec2-34-203-251-148.compute-1.amazonaws.com
3510,ec2-34-203-251-154.compute-1.amazonaws.com
3511,ec2-34-203-251-142.compute-1.amazonaws.com
3512,secret.jp
3513,ipfs.w3s.link
3514,ec2-34-203-250-253.compute-1.amazonaws.com
3515,ec2-23-21-35-18.compute-1.amazonaws.com
3516,ec2-52-55-72-31.compute-1.amazonaws.com
3517,ec2-34-203-251-90.compute-1.amazonaws.com
3518,fr.eu.org
3519,ec2-52-86-244-94.compute-1.amazonaws.com
3520,ec2-34-203-251-14.compute-1.amazonaws.com
3521,ec2-34-203-251-78.compute-1.amazonaws.com
3522,ec2-34-203-251-117.compute-1.amazonaws.com
3523,ec2-34-203-250-254.compute-1.amazonaws.com
3524,ec2-18-206-60-213.compute-1.amazonaws.com
3525,noip.us
3526,kutno.pl
3527,k12.nh.us
3528,ec2-34-203-251-218.compute-1.amazonaws.com
3529,ec2-35-171-224-183.compute-1.amazonaws.com
3530,ec2-34-203-251-57.compute-1.amazonaws.com
3531,ec2-34-193-0-2.compute-1.amazonaws.com
3532,ec2-52-206-238-53.compute-1.amazonaws.com
3533,ec2-18-210-177-39.compute-1.amazonaws.com
3534,ec2-18-210-159-117.compute-1.amazonaws.com
3535,ec2-35-169-239-6.compute-1.amazonaws.com
3536,ec2-34-203-251-81.compute-1.amazonaws.com
3537,ec2-34-203-251-64.compute-1.amazonaws.com
3538,ec2-34-203-251-101.compute-1.amazonaws.com
3539,ec2-34-203-251-1.compute-1.amazonaws.com
3540,ec2-34-203-250-251.compute-1.amazonaws.com
3541,ec2-34-203-251-107.compute-1.amazonaws.com
3542,ec2-18-210-177-236.compute-1.amazonaws.com
3543,xn--czrs0t
3544,ec2-98-81-9-140.compute-1.amazonaws.com
3545,ec2-34-203-251-130.compute-1.amazonaws.com
3546,ec2-34-203-251-10.compute-1.amazonaws.com
3547,ec2-34-203-250-255.compute-1.amazonaws.com
3548,ec2-35-171-43-123.compute-1.amazonaws.com
3549,ec2-34-203-251-195.compute-1.amazonaws.com
3550,ec2-34-203-251-12.compute-1.amazonaws.com
3551,ec2-34-203-251-103.compute-1.amazonaws.com
3552,ec2-18-210-177-46.compute-1.amazonaws.com
3553,ec2-18-209-134-6.compute-1.amazonaws.com
3554,ec2-18-204-60-159.compute-1.amazonaws.com
3555,hamamatsu.shizuoka.jp
3556,ec2-52-44-7-41.compute-1.amazonaws.com
3557,ec2-34-203-251-51.compute-1.amazonaws.com
3558,ec2-34-203-251-18.compute-1.amazonaws.com
3559,ec2-18-209-195-197.compute-1.amazonaws.com
3560,ec2-18-207-62-3.compute-1.amazonaws.com
3561,s3.dualstack.eu-south-2.amazonaws.com
3562,ec2-34-203-251-75.compute-1.amazonaws.com
3563,ec2-34-203-251-150.compute-1.amazonaws.com
3564,ec2-34-203-251-136.compute-1.amazonaws.com
3565,ec2-34-203-251-116.compute-1.amazonaws.com
3566,ec2-18-210-177-140.compute-1.amazonaws.com
3567,ec2-34-203-251-62.compute-1.amazonaws.com
3568,ec2-34-203-251-13.compute-1.amazonaws.com
3569,ec2-34-203-251-127.compute-1.amazonaws.com
3570,ec2-18-204-66-99.compute-1.amazonaws.com
3571,execute-api.me-south-1.amazonaws.com
3572,ec2-34-203-251-106.compute-1.amazonaws.com
3573,kumano.mie.jp
3574,ec2-54-236-93-15.compute-1.amazonaws.com
3575,ec2-34-203-251-95.compute-1.amazonaws.com
3576,ec2-34-203-251-164.compute-1.amazonaws.com
3577,ec2-34-203-251-5.compute-1.amazonaws.com
3578,ec2-34-203-251-17.compute-1.amazonaws.com
3579,ec2-34-203-251-67.compute-1.amazonaws.com
3580,ec2-34-203-251-6.compute-1.amazonaws.com
3581,gv.uy
3582,ec2-34-203-251-15.compute-1.amazonaws.com
3583,ec2-34-203-251-149.compute-1.amazonaws.com
3584,pgw.jp
3585,ec2-34-203-251-156.compute-1.amazonaws.com
3586,ec2-34-203-251-111.compute-1.amazonaws.com
3587,pc.it
3588,ec2-34-203-251-167.compute-1.amazonaws.com
3589,ec2-52-200-39-57.compute-1.amazonaws.com
3590,ec2-34-203-251-82.compute-1.amazonaws.com
3591,ec2-34-203-251-131.compute-1.amazonaws.com
3592,ec2-18-210-177-197.compute-1.amazonaws.com
3593,ec2-18-209-71-200.compute-1.amazonaws.com
3594,me-central-1.compute.amazonaws.com
3595,ec2-34-203-251-120.compute-1.amazonaws.com
3596,ec2-18-209-191-209.compute-1.amazonaws.com
3597,ec2-34-203-251-129.compute-1.amazonaws.com
3598,ec2-18-209-77-54.compute-1.amazonaws.com
3599,hachioji.tokyo.jp
3600,eu.meteorapp.com
3601,ec2-54-81-179-208.compute-1.amazonaws.com
3602,ec2-34-203-251-66.compute-1.amazonaws.com
3603,ec2-34-203-251-134.compute-1.amazonaws.com
3604,ec2-34-203-250-248.compute-1.amazonaws.com
3605,ec2-18-210-166-92.compute-1.amazonaws.com
3606,ec2-34-203-250-250.compute-1.amazonaws.com
3607,ec2-18-209-96-101.compute-1.amazonaws.com
3608,xn--ngbc5azd
3609,flop.jp
3610,ec2-34-203-251-26.compute-1.amazonaws.com
3611,ec2-34-203-251-157.compute-1.amazonaws.com
3612,ec2-34-203-251-168.compute-1.amazonaws.com
3613,ec2-34-203-251-4.compute-1.amazonaws.com
3614,ec2-34-203-251-2.compute-1.amazonaws.com
3615,com.bt
3616,wiki.br
3617,ec2-34-203-251-71.compute-1.amazonaws.com
3618,gov.sc
3619,glasgow.sch.uk
3620,ec2-34-203-251-252.compute-1.amazonaws.com
3621,us.in
3622,ec2-34-203-251-155.compute-1.amazonaws.com
3623,ec2-34-203-251-124.compute-1.amazonaws.com
3624,ec2-34-203-250-252.compute-1.amazonaws.com
3625,ec2-107-23-166-12.compute-1.amazonaws.com
3626,ec2-52-55-15-70.compute-1.amazonaws.com
3627,me-central-1.elb.amazonaws.com
3628,gov.pr
3629,ec2-35-169-204-9.compute-1.amazonaws.com
3630,ec2-34-203-251-3.compute-1.amazonaws.com
3631,mimoza.jp
3632,ec2-34-203-251-194.compute-1.amazonaws.com
3633,ec2-34-203-251-110.compute-1.amazonaws.com
3634,cpserver.com
3635,riik.ee
3636,ec2-34-203-251-8.compute-1.amazonaws.com
3637,ec2-23-21-37-86.compute-1.amazonaws.com
3638,ec2-35-170-100-192.compute-1.amazonaws.com
3639,jcloud.kz
3640,istmein.de
3641,ec2-18-210-129-128.compute-1.amazonaws.com
3642,dnsdojo.com
3643,oops.jp
3644,ec2-34-203-251-170.compute-1.amazonaws.com
3645,cajs8a714zup.af-south-1.rds.amazonaws.com
3646,ec2-34-203-251-80.compute-1.amazonaws.com
3647,ec2-34-203-251-132.compute-1.amazonaws.com
3648,vps.mcdir.ru
3649,idv.hk
3650,js.wpenginepowered.com
3651,hakodate.hokkaido.jp
3652,ec2-34-203-251-38.compute-1.amazonaws.com
3653,ec2-34-203-251-174.compute-1.amazonaws.com
3654,ec2-34-195-152-165.compute-1.amazonaws.com
3655,ec2-34-203-251-7.compute-1.amazonaws.com
3656,ec2-34-203-251-34.compute-1.amazonaws.com
3657,ec2-34-203-251-253.compute-1.amazonaws.com
3658,chintai
3659,nagano.nagano.jp
3660,ec2-34-203-251-91.compute-1.amazonaws.com
3661,ec2-34-203-251-221.compute-1.amazonaws.com
3662,ec2-34-203-251-210.compute-1.amazonaws.com
3663,ec2-34-203-251-153.compute-1.amazonaws.com
3664,ec2-34-203-251-119.compute-1.amazonaws.com
3665,ec2-34-203-251-102.compute-1.amazonaws.com
3666,europe-west9.run.app
3667,ec2-34-231-125-187.compute-1.amazonaws.com
3668,ec2-34-203-251-200.compute-1.amazonaws.com
3669,ec2-34-231-209-135.compute-1.amazonaws.com
3670,ec2-34-203-251-28.compute-1.amazonaws.com
3671,ec2-34-203-251-135.compute-1.amazonaws.com
3672,ec2-34-203-251-109.compute-1.amazonaws.com
3673,miyazaki.miyazaki.jp
3674,ec2-18-210-169-92.compute-1.amazonaws.com
3675,ec2-34-203-251-55.compute-1.amazonaws.com
3676,ec2-34-203-251-31.compute-1.amazonaws.com
3677,ec2-34-203-251-196.compute-1.amazonaws.com
3678,toyama.toyama.jp
3679,ec2-52-6-94-39.compute-1.amazonaws.com
3680,ec2-34-203-251-85.compute-1.amazonaws.com
3681,ec2-34-203-251-219.compute-1.amazonaws.com
3682,ec2-34-203-251-217.compute-1.amazonaws.com
3683,ec2-34-203-251-0.compute-1.amazonaws.com
3684,pruszkow.pl
3685,ec2-34-203-251-163.compute-1.amazonaws.com
3686,ec2-34-203-251-147.compute-1.amazonaws.com
3687,aland.fi
3688,ec2-34-203-251-165.compute-1.amazonaws.com
3689,av.it
3690,oyama.tochigi.jp
3691,ec2-54-85-201-90.compute-1.amazonaws.com
3692,jcloud.ik-server.com
3693,ec2-34-203-250-249.compute-1.amazonaws.com
3694,katano.osaka.jp
3695,home-webserver.de
3696,webhop.biz
3697,pub.instances.scw.cloud
3698,ec2-18-209-203-41.compute-1.amazonaws.com
3699,suita.osaka.jp
3700,sdmntprjapaneastdr.oaiusercontent.com
3701,auth.eu-west-3.amazoncognito.com
3702,framer.ai
3703,ec2-34-203-251-241.compute-1.amazonaws.com
3704,saku.nagano.jp
3705,ec2-34-203-251-224.compute-1.amazonaws.com
3706,ice
3707,ec2-34-203-251-198.compute-1.amazonaws.com
3708,tv.in
3709,nagaoka.niigata.jp
3710,auth.eu-north-1.amazoncognito.com
3711,ac.mu
3712,stackit.run
3713,pupu.jp
3714,net.ly
3715,ec2-18-210-25-50.compute-1.amazonaws.com
3716,apigee.io
3717,ichihara.chiba.jp
3718,applinzi.com
3719,yamaguchi.jp
3720,lib.wi.us
3721,cloudns.pro
3722,jaworzno.pl
3723,ec2-34-203-251-22.compute-1.amazonaws.com
3724,ec2-34-203-251-203.compute-1.amazonaws.com
3725,cloudjiffy.net
3726,catania.it
3727,from-de.com
3728,tor1.digitaloceanspaces.com
3729,pc.pl
3730,ec2-34-203-251-189.compute-1.amazonaws.com
3731,mil.ar
3732,ec2-34-203-251-213.compute-1.amazonaws.com
3733,ec2-34-203-251-209.compute-1.amazonaws.com
3734,takatsuki.osaka.jp
3735,nsn.us
3736,or.it
3737,co.gy
3738,aig
3739,manchester.sch.uk
3740,us-south1.run.app
3741,ikeda.osaka.jp
3742,ec2-34-203-251-238.compute-1.amazonaws.com
3743,mil.jo
3744,hachinohe.aomori.jp
3745,sjc.br
3746,ec2-54-91-19-24.compute-1.amazonaws.com
3747,ec2-54-172-60-63.compute-1.amazonaws.com
3748,ec2-18-205-224-178.compute-1.amazonaws.com
3749,asahikawa.hokkaido.jp
3750,shopware.store
3751,ec2-34-203-251-146.compute-1.amazonaws.com
3752,dyndns1.de
3753,gov.ss
3754,me-south-1.compute.amazonaws.com
3755,toray
3756,leeds.sch.uk
3757,priv.pl
3758,pi.leg.br
3759,northants.sch.uk
3760,on-web.fr
3761,abc
3762,ec2-15-220-121-196.compute-1.amazonaws.com
3763,eu.ngrok.io
3764,ddnsguru.com
3765,pinb.gov.pl
3766,matsusaka.mie.jp
3767,e-sussex.sch.uk
3768,uk0.bigv.io
3769,me.in
3770,home.arpa
3771,sos.pl
3772,org.bh
3773,tcp4.me
3774,pi.it
3775,durham.sch.uk
3776,execute-api.ap-southeast-3.amazonaws.com
3777,politie
3778,gouv.ht
3779,uh-oh.jp
3780,us-sea-1.linodeobjects.com
3781,an.it
3782,name.my
3783,kurashiki.okayama.jp
3784,pol.tr
3785,org.al
3786,hotel.lk
3787,bhz.br
3788,lukow.pl
3789,iwi.nz
3790,5g.in
3791,boleslawiec.pl
3792,ec2-96-0-16-37.compute-1.amazonaws.com
3793,bona.jp
3794,weblike.jp
3795,servebbs.com
3796,ec2-50-16-140-6.compute-1.amazonaws.com
3797,s3.dualstack.ap-northeast-2.amazonaws.com
3798,bl.it
3799,ec2-52-3-118-139.compute-1.amazonaws.com
3800,fc.it
3801,files-jp.oaiusercontent.com
3802,id.ir
3803,bolton.sch.uk
3804,enterprisecloud.nu
3805,eu.platformsh.site
3806,narita.chiba.jp
3807,hirakata.osaka.jp
3808,edu.gy
3809,undo.jp
3810,teva
3811,icp0.io
3812,sieradz.pl
3813,ibaraki.osaka.jp
3814,europe-west8.run.app
3815,c7tess0ijs8o.us-west-1.rds.amazonaws.com
3816,oita.oita.jp
3817,swinoujscie.pl
3818,hackclub.app
3819,wigan.sch.uk
3820,unusualperson.com
3821,topaz.ne.jp
3822,s3-fips-us-gov-west-1.amazonaws.com
3823,mc.it
3824,from-ks.com
3825,spb.su
3826,mypsx.net
3827,europe-north2.run.app
3828,sheffield.sch.uk
3829,s3-website-sa-east-1.amazonaws.com
3830,org.ir
3831,onhercules.app
3832,virtualuser.de
3833,va.snowflake.app
3834,org.az
3835,xn--fiq228c5hs
3836,me-dubai-1.oci.customer-oci.com
3837,aws.snowflake.app
3838,w-corp-staticblitz.com
3839,gov.ck
3840,fr-par-1.baremetal.scw.cloud
3841,aomori.aomori.jp
3842,karpacz.pl
3843,nagareyama.chiba.jp
3844,kanazawa.ishikawa.jp
3845,rimini.it
3846,rc.it
3847,office-on-the.net
3848,so.it
3849,ec2-54-91-71-55.compute-1.amazonaws.com
3850,turystyka.pl
3851,cagliari.it
3852,ag.it
3853,workisboring.com
3854,toride.ibaraki.jp
3855,sakura.chiba.jp
3856,ishigaki.okinawa.jp
3857,gov.ve
3858,s3-website-ap-southeast-1.amazonaws.com
3859,ota.gunma.jp
3860,ec2-96-0-48-199.compute-1.amazonaws.com
3861,tarnobrzeg.pl
3862,coop.ar
3863,info.ve
3864,ec2-174-129-105-184.compute-1.amazonaws.com
3865,ap-singapore-1.oci.customer-oci.com
3866,server-on.net
3867,donetsk.ua
3868,azumino.nagano.jp
3869,ichinomiya.aichi.jp
3870,panasonic
3871,sv.it
3872,lamborghini
3873,ec2-18-207-107-200.compute-1.amazonaws.com
3874,bedzin.pl
3875,edu.ht
3876,dyndns-free.com
3877,xn--12cfi8ixb8l.xn--o3cw4h
3878,mil.pe
3879,homeunix.net
3880,raindrop.jp
3881,pe.it
3882,ostrowiec.pl
3883,cloudaccess.host
3884,lib.tx.us
3885,static.hf.space
3886,soc.srcf.net
3887,netgamers.jp
3888,sa.ngrok.io
3889,nhlfan.net
3890,notebook.eu-west-1.sagemaker.aws
3891,homeftp.net
3892,cloudns.cc
3893,studio.us-east-2.sagemaker.aws
3894,ec2-23-23-237-182.compute-1.amazonaws.com
3895,udi.br
3896,podzone.net
3897,tomakomai.hokkaido.jp
3898,xn--g2xx48c
3899,vanguard
3900,turek.pl
3901,suzaka.nagano.jp
3902,org.mw
3903,iran.liara.run
3904,gov.ws
3905,s3-ap-northeast-2.amazonaws.com
3906,org.ni
3907,co.cm
3908,chips.jp
3909,abashiri.hokkaido.jp
3910,ryugasaki.ibaraki.jp
3911,nogata.fukuoka.jp
3912,tokai.ibaraki.jp
3913,com.ki
3914,gov.nl
3915,beppu.oita.jp
3916,yokkaichi.mie.jp
3917,omachi.nagano.jp
3918,ec2-3-83-84-149.compute-1.amazonaws.com
3919,pu.it
3920,exe.xyz
3921,uji.kyoto.jp
3922,ec2-13-217-45-64.compute-1.amazonaws.com
3923,ise.mie.jp
3924,ec2-3-233-158-26.compute-1.amazonaws.com
3925,kamisu.ibaraki.jp
3926,kasuga.fukuoka.jp
3927,inabe.mie.jp
3928,okinawa.okinawa.jp
3929,hiho.jp
3930,miyakonojo.miyazaki.jp
3931,dyndns-at-home.com
3932,st-helens.sch.uk
3933,ec2-3-233-158-24.compute-1.amazonaws.com
3934,org.hn
3935,tateyama.chiba.jp
3936,siena.it
3937,izumo.shimane.jp
3938,watches
3939,s3-object-lambda.us-east-2.amazonaws.com
3940,elastic.k2.cloud
3941,ec2-3-233-158-25.compute-1.amazonaws.com
3942,cjdmqqlgtxso.us-east-1.rds.amazonaws.com
3943,chikushino.fukuoka.jp
3944,augustow.pl
3945,sakaki.nagano.jp
3946,net.gh
3947,kameoka.kyoto.jp
3948,static.observableusercontent.com
3949,nom.pe
3950,ec2-3-226-172-116.compute-1.amazonaws.com
3951,stockport.sch.uk
3952,broadway
3953,maizuru.kyoto.jp
3954,iz.hr
3955,gov.cm
3956,eu-3.magentosite.cloud
3957,ap-tokyo-1.oci.customer-oci.com
3958,neyagawa.osaka.jp
3959,v-info.info
3960,runs.onstackit.cloud
3961,aju.br
3962,vpndns.net
3963,soja.okayama.jp
3964,eniwa.hokkaido.jp
3965,rs.leg.br
3966,ec2-54-91-123-159.compute-1.amazonaws.com
3967,tomi.nagano.jp
3968,now-dns.net
3969,nara.nara.jp
3970,koshigaya.saitama.jp
3971,awsuseast2.snowflake.app
3972,web.ve
3973,suzuka.mie.jp
3974,yahoo
3975,tenri.nara.jp
3976,gov.ls
3977,naka.hiroshima.jp
3978,eu-central-2.elb.amazonaws.com
3979,noor.jp
3980,ec2-3-233-158-114.compute-1.amazonaws.com
3981,koga.fukuoka.jp
3982,ap-southeast-4.compute.amazonaws.com
3983,yao.osaka.jp
3984,withyoutube.com
3985,otake.hiroshima.jp
3986,niimi.okayama.jp
3987,lu.it
3988,gov.sb
3989,simplesite.com
3990,pomorze.pl
3991,film.hu
3992,tche.br
3993,nobeoka.miyazaki.jp
3994,file.core.usgovcloudapi.net
3995,ec2-3-213-36-155.compute-1.amazonaws.com
3996,tsu.mie.jp
3997,olkusz.pl
3998,minokamo.gifu.jp
3999,hokuto.hokkaido.jp
4000,edu.sl
4001,yawatahama.ehime.jp
4002,onojo.fukuoka.jp
4003,mods.jp
4004,homeunix.com
4005,ec2-3-235-166-193.compute-1.amazonaws.com
4006,s3-fips.us-east-2.amazonaws.com
4007,ec2-54-172-60-41.compute-1.amazonaws.com
4008,org.so
4009,mazowsze.pl
4010,ec2-54-172-230-243.compute-1.amazonaws.com
4011,toba.mie.jp
4012,furano.hokkaido.jp
4013,ac.pk
4014,sener
4015,ni.sch.uk
4016,obihiro.hokkaido.jp
4017,ec2-3-233-158-112.compute-1.amazonaws.com
4018,ec2-3-233-158-111.compute-1.amazonaws.com
4019,sabae.fukui.jp
4020,msk.su
4021,moriya.ibaraki.jp
4022,anjo.aichi.jp
4023,zentsuji.kagawa.jp
4024,takikawa.hokkaido.jp
4025,kishiwada.osaka.jp
4026,eu-frankfurt-1.oraclecloudapps.com
4027,doesntexist.com
4028,ca-west-1.compute.amazonaws.com
4029,abiko.chiba.jp
4030,ec2-54-205-137-114.compute-1.amazonaws.com
4031,hida.gifu.jp
4032,kashiwara.osaka.jp
4033,edu.la
4034,allownetworkplayables.usercontent.goog
4035,funabashi.chiba.jp
4036,shikokuchuo.ehime.jp
4037,w-staticblitz.com
4038,seika.kyoto.jp
4039,apps-1and1.net
4040,tottori.tottori.jp
4041,dontexist.com
4042,yasugi.shimane.jp
4043,ibara.okayama.jp
4044,usuki.oita.jp
4045,hackney.sch.uk
4046,ownip.net
4047,omaezaki.shizuoka.jp
4048,soeda.fukuoka.jp
4049,derby.sch.uk
4050,com.so
4051,unnan.shimane.jp
4052,mobara.chiba.jp
4053,kasaoka.okayama.jp
4054,iiyama.nagano.jp
4055,campinas.br
4056,takamatsu.kagawa.jp
4057,dynserv.org
4058,choshi.chiba.jp
4059,net.om
4060,us.eu.org
4061,s3-website.ap-south-1.amazonaws.com
4062,ec2-52-45-87-101.compute-1.amazonaws.com
4063,ap.it
4064,mt.leg.br
4065,ec2-32-195-71-32.compute-1.amazonaws.com
4066,com.ci
4067,ch.it
4068,numata.gunma.jp
4069,midori.gunma.jp
4070,with.playit.plus
4071,littlestar.jp
4072,date.hokkaido.jp
4073,settsu.osaka.jp
4074,kameyama.mie.jp
4075,wlocl.pl
4076,wl.gateway.dev
4077,yamatotakada.nara.jp
4078,omuta.fukuoka.jp
4079,edu.mz
4080,edu.me
4081,ec2-34-238-100-42.compute-1.amazonaws.com
4082,osakasayama.osaka.jp
4083,basicserver.io
4084,edu.bi
4085,dudley.sch.uk
4086,mikasa.hokkaido.jp
4087,com.bb
4088,sch.sa
4089,dscloud.mobi
4090,myaddr.dev
4091,kitahiroshima.hokkaido.jp
4092,ebetsu.hokkaido.jp
4093,com.sd
4094,shima.mie.jp
4095,blogsite.org
4096,ap-southeast-5.compute.amazonaws.com
4097,vt.it
4098,akashi.hyogo.jp
4099,sukumo.kochi.jp
4100,ec2-52-91-185-54.compute-1.amazonaws.com
4101,yakumo.hokkaido.jp
4102,gov.to
4103,ec2-54-172-60-203.compute-1.amazonaws.com
4104,ec2-52-2-173-105.compute-1.amazonaws.com
4105,shiroi.chiba.jp
4106,salvador.br
4107,kikonai.hokkaido.jp
4108,can.re
4109,toyota.aichi.jp
4110,no.it
4111,chizu.tottori.jp
4112,nago.okinawa.jp
4113,org.mm
4114,nakatsugawa.gifu.jp
4115,gob.pk
4116,nanjo.okinawa.jp
4117,kamagaya.chiba.jp
4118,bihoro.hokkaido.jp
4119,axa
4120,nakano.nagano.jp
4121,annaka.gunma.jp
4122,tatebayashi.gunma.jp
4123,oumu.hokkaido.jp
4124,myaddr.tools
4125,motobu.okinawa.jp
4126,mond.jp
4127,medusajs.app
4128,lambda-url.eu-west-3.on.aws
4129,kiryu.gunma.jp
4130,daynight.jp
4131,me.ke
4132,kanan.osaka.jp
4133,ip-dynamic.org
4134,gifu.gifu.jp
4135,tamano.okayama.jp
4136,reit
4137,omg.lol
4138,gonohe.aomori.jp
4139,ec2-52-2-150-223.compute-1.amazonaws.com
4140,okinoshima.shimane.jp
4141,minakami.gunma.jp
4142,k12.id.us
4143,vig
4144,niihama.ehime.jp
4145,nemuro.hokkaido.jp
4146,gose.nara.jp
4147,yachiyo.chiba.jp
4148,kusatsu.gunma.jp
4149,demon.nl
4150,bungotakada.oita.jp
4151,me.kr
4152,cz.it
4153,shisui.chiba.jp
4154,it.eu.org
4155,xn--uc0atv.xn--j6w193g
4156,org.bz
4157,gov.kn
4158,tagawa.fukuoka.jp
4159,ozu.ehime.jp
4160,doomdns.com
4161,otofuke.hokkaido.jp
4162,fg.it
4163,toyako.hokkaido.jp
4164,itami.hyogo.jp
4165,hidns.vip
4166,tsk.tr
4167,gov.ee
4168,edu.bb
4169,nl-ams-1.baremetal.scw.cloud
4170,usgovcloudapp.net
4171,noda.chiba.jp
4172,nanae.hokkaido.jp
4173,minamiboso.chiba.jp
4174,nose.osaka.jp
4175,lc.it
4176,komoro.nagano.jp
4177,auspost
4178,nagawa.nagano.jp
4179,lomo.jp
4180,ichikawa.chiba.jp
4181,ginowan.okinawa.jp
4182,chitose.hokkaido.jp
4183,bieszczady.pl
4184,kushimoto.wakayama.jp
4185,ishikari.hokkaido.jp
4186,flog.br
4187,eu-west-1.convex.cloud
4188,yazu.tottori.jp
4189,onjuku.chiba.jp
4190,kumejima.okinawa.jp
4191,uozu.toyama.jp
4192,komono.mie.jp
4193,brasilia.me
4194,nyuzen.toyama.jp
4195,not.br
4196,asia-east2.run.app
4197,zamami.okinawa.jp
4198,sjc1.vultrobjects.com
4199,sakai.osaka.jp
4200,ashibetsu.hokkaido.jp
4201,olecko.pl
4202,izumi.kagoshima.jp
4203,hanoi.vn
4204,ec2-44-195-48-163.compute-1.amazonaws.com
4205,off.ai
4206,kuriyama.hokkaido.jp
4207,suzu.ishikawa.jp
4208,ozora.hokkaido.jp
4209,misasa.tottori.jp
4210,com.gl
4211,urakawa.hokkaido.jp
4212,rulez.jp
4213,net.la
4214,hidns.co
4215,bn.it
4216,towerhamlets.sch.uk
4217,notebook.us-east-2.sagemaker.aws
4218,kadena.okinawa.jp
4219,yamanouchi.nagano.jp
4220,sm.ua
4221,shari.hokkaido.jp
4222,akabira.hokkaido.jp
4223,tawaramoto.nara.jp
4224,haebaru.okinawa.jp
4225,ec2-13-222-100-216.compute-1.amazonaws.com
4226,blogdns.com
4227,ushiku.ibaraki.jp
4228,tako.chiba.jp
4229,miyazu.kyoto.jp
4230,biei.hokkaido.jp
4231,tanabe.wakayama.jp
4232,pn.it
4233,nanao.ishikawa.jp
4234,nakanojo.gunma.jp
4235,kembuchi.hokkaido.jp
4236,hidaka.hokkaido.jp
4237,fukushima.hokkaido.jp
4238,co.bi
4239,yonabaru.okinawa.jp
4240,otaru.hokkaido.jp
4241,miyada.nagano.jp
4242,co.am
4243,uchiko.ehime.jp
4244,toho.fukuoka.jp
4245,mielno.pl
4246,livorno.it
4247,lcube-server.de
4248,iida.nagano.jp
4249,ts.it
4250,s3-us-gov-east-1.amazonaws.com
4251,nl.eu.org
4252,mx-queretaro-1.oci.customer-oci.com
4253,kin.okinawa.jp
4254,karuizawa.nagano.jp
4255,wirral.sch.uk
4256,uchinada.ishikawa.jp
4257,nn.r.appspot.com
4258,tsuyama.okayama.jp
4259,toyono.osaka.jp
4260,rishiri.hokkaido.jp
4261,nishihara.okinawa.jp
4262,wokingham.sch.uk
4263,yoichi.hokkaido.jp
4264,servecounterstrike.com
4265,honbetsu.hokkaido.jp
4266,yoro.gifu.jp
4267,taketomi.okinawa.jp
4268,shiraoi.hokkaido.jp
4269,shimokawa.hokkaido.jp
4270,renfrewshire.sch.uk
4271,taiki.hokkaido.jp
4272,mutsuzawa.chiba.jp
4273,matsubara.osaka.jp
4274,kashiwa.chiba.jp
4275,kakamigahara.gifu.jp
4276,joinville.br
4277,velvet.jp
4278,sodegaura.chiba.jp
4279,ro.it
4280,nagara.chiba.jp
4281,kiyosato.hokkaido.jp
4282,ec2-54-243-208-202.compute-1.amazonaws.com
4283,kawakami.nagano.jp
4284,izumiotsu.osaka.jp
4285,ec2-54-172-60-53.compute-1.amazonaws.com
4286,bifuka.hokkaido.jp
4287,supabase.in
4288,nagi.okayama.jp
4289,kunneppu.hokkaido.jp
4290,hakusan.ishikawa.jp
4291,chonan.chiba.jp
4292,ostroda.pl
4293,leicester.sch.uk
4294,kasuya.fukuoka.jp
4295,chikuma.nagano.jp
4296,yonaguni.okinawa.jp
4297,nike
4298,ec2-174-129-193-88.compute-1.amazonaws.com
4299,ap-south-2.elb.amazonaws.com
4300,wakasa.tottori.jp
4301,pomorskie.pl
4302,kanna.gunma.jp
4303,como.it
4304,lib.ok.us
4305,daisen.akita.jp
4306,kotoura.tottori.jp
4307,mragowo.pl
4308,j.layershift.co.uk
4309,com.kp
4310,ora.gunma.jp
4311,oizumi.gunma.jp
4312,nanporo.hokkaido.jp
4313,seki.gifu.jp
4314,mil.my
4315,kamishihoro.hokkaido.jp
4316,jcb
4317,ealing.sch.uk
4318,biratori.hokkaido.jp
4319,trafficplex.cloud
4320,uk.eu.org
4321,tobe.ehime.jp
4322,shintoku.hokkaido.jp
4323,minamimaki.nagano.jp
4324,hokuryu.hokkaido.jp
4325,masaki.ehime.jp
4326,cloudns.cx
4327,bando.ibaraki.jp
4328,xn--vuq861b
4329,schuldock.de
4330,hiv
4331,habikino.osaka.jp
4332,ec2-34-233-49-149.compute-1.amazonaws.com
4333,ama.shimane.jp
4334,embetsu.hokkaido.jp
4335,tondabayashi.osaka.jp
4336,rishirifuji.hokkaido.jp
4337,inzai.chiba.jp
4338,coventry.sch.uk
4339,nichinan.tottori.jp
4340,net.nr
4341,kyonan.chiba.jp
4342,ec2-52-6-228-48.compute-1.amazonaws.com
4343,akune.kagoshima.jp
4344,oketo.hokkaido.jp
4345,is-a-geek.com
4346,aliases121.com
4347,messwithdns.com
4348,ikata.ehime.jp
4349,ueno.gunma.jp
4350,seg.ar
4351,gobo.wakayama.jp
4352,chuo.fukuoka.jp
4353,ao.it
4354,yuasa.wakayama.jp
4355,us-mia-1.linodeobjects.com
4356,takahashi.okayama.jp
4357,ingress-florina.ewp.live
4358,ibigawa.gifu.jp
4359,sunagawa.hokkaido.jp
4360,shimizu.hokkaido.jp
4361,muroran.hokkaido.jp
4362,matsumae.hokkaido.jp
4363,kurobe.toyama.jp
4364,ino.kochi.jp
4365,ikeda.nagano.jp
4366,iizuna.nagano.jp
4367,beds.sch.uk
4368,al.leg.br
4369,us-gov-west-1.elasticbeanstalk.com
4370,oyabe.toyama.jp
4371,ginoza.okinawa.jp
4372,api.gov.uk
4373,nov.ru
4374,edgesuite-staging.net
4375,cuneo.it
4376,otaki.nagano.jp
4377,ogawa.nagano.jp
4378,ec2-3-225-247-250.compute-1.amazonaws.com
4379,tohma.hokkaido.jp
4380,ec2-3-95-226-24.compute-1.amazonaws.com
4381,vicenza.it
4382,ome.tokyo.jp
4383,mibu.tochigi.jp
4384,ec2-54-172-60-43.compute-1.amazonaws.com
4385,azeastus2prod.snowflake.app
4386,asahi.mie.jp
4387,schaeffler
4388,sakai.ibaraki.jp
4389,nyanta.jp
4390,ec2-52-73-45-44.compute-1.amazonaws.com
4391,dyndns-work.com
4392,servehalflife.com
4393,hikone.shiga.jp
4394,chambagri.fr
4395,sakae.nagano.jp
4396,sakae.chiba.jp
4397,centralus.azurecontainer.io
4398,edu.ky
4399,ainan.ehime.jp
4400,asahi.nagano.jp
4401,notebook.us-west-2.sagemaker.aws
4402,naha.okinawa.jp
4403,wassamu.hokkaido.jp
4404,azure-mobile.net
4405,toyotomi.hokkaido.jp
4406,sekigahara.gifu.jp
4407,quicksytes.com
4408,cb.it
4409,samsung
4410,musica.ar
4411,matsuno.ehime.jp
4412,im.it
4413,heyflow.site
4414,wafflecell.com
4415,shingu.fukuoka.jp
4416,horonobe.hokkaido.jp
4417,gov.gi
4418,shinto.gunma.jp
4419,harrow.sch.uk
4420,kunitomi.miyazaki.jp
4421,yotsukaido.chiba.jp
4422,verse.jp
4423,to.leg.br
4424,setagaya.tokyo.jp
4425,eero.online
4426,mimata.miyazaki.jp
4427,gru.br
4428,bumbleshrimp.com
4429,lib.la.us
4430,nanbu.tottori.jp
4431,kamiichi.toyama.jp
4432,imizu.toyama.jp
4433,xnbay.com
4434,niki.hokkaido.jp
4435,nakasatsunai.hokkaido.jp
4436,chiyoda.gunma.jp
4437,ec2-35-175-252-183.compute-1.amazonaws.com
4438,kitagata.gifu.jp
4439,kuromatsunai.hokkaido.jp
4440,si.it
4441,ec2-52-200-190-207.compute-1.amazonaws.com
4442,takinoue.hokkaido.jp
4443,hita.oita.jp
4444,school.za
4445,mysecuritycamera.com
4446,kawagoe.mie.jp
4447,vm.bytemark.co.uk
4448,nozawaonsen.nagano.jp
4449,kawaba.gunma.jp
4450,ismaili
4451,ichinomiya.chiba.jp
4452,hzc.io
4453,aberdeen.sch.uk
4454,ragusa.it
4455,tsumagoi.gunma.jp
4456,newham.sch.uk
4457,higashiagatsuma.gunma.jp
4458,du.r.appspot.com
4459,yokoshibahikari.chiba.jp
4460,shiriuchi.hokkaido.jp
4461,sarufutsu.hokkaido.jp
4462,sakuho.nagano.jp
4463,nakanoto.ishikawa.jp
4464,s3.ca-west-1.amazonaws.com
4465,keisen.fukuoka.jp
4466,hounslow.sch.uk
4467,cechire.com
4468,obuse.nagano.jp
4469,matsukawa.nagano.jp
4470,lewisham.sch.uk
4471,uryu.hokkaido.jp
4472,namerikawa.toyama.jp
4473,kusu.oita.jp
4474,com.ug
4475,agematsu.nagano.jp
4476,shobara.hiroshima.jp
4477,ec2-54-224-243-162.compute-1.amazonaws.com
4478,wjg.jp
4479,hippy.jp
4480,ec2-54-172-60-234.compute-1.amazonaws.com
4481,te.it
4482,hino.tottori.jp
4483,gov.vc
4484,ar.it
4485,podlasie.pl
4486,lovepop.jp
4487,hisayama.fukuoka.jp
4488,onna.okinawa.jp
4489,lowicz.pl
4490,live-on.net
4491,go.it
4492,uzhgorod.ua
4493,satosho.okayama.jp
4494,myactivedirectory.com
4495,minamifurano.hokkaido.jp
4496,mashike.hokkaido.jp
4497,hara.nagano.jp
4498,uk-london-1.oraclecloudapps.com
4499,emrnotebooks-prod.us-east-1.amazonaws.com
4500,woodside
4501,lambda-url.ap-east-1.on.aws
4502,tateshina.nagano.jp
4503,s3.dualstack.ap-southeast-3.amazonaws.com
4504,trentino.it
4505,shiiba.miyazaki.jp
4506,int.eu.org
4507,shinshinotsu.hokkaido.jp
4508,chikuzen.fukuoka.jp
4509,altoadige.it
4510,heiyu.space
4511,c01.kr
4512,tokamachi.niigata.jp
4513,cleverapps.io
4514,vb.it
4515,vivian.jp
4516,itakura.gunma.jp
4517,com.gn
4518,android
4519,aibetsu.hokkaido.jp
4520,mokuren.ne.jp
4521,yamanobe.yamagata.jp
4522,noticeable.news
4523,iheya.okinawa.jp
4524,asia-southeast2.run.app
4525,koshimizu.hokkaido.jp
4526,futtsu.chiba.jp
4527,mitsue.nara.jp
4528,ec2-54-89-3-122.compute-1.amazonaws.com
4529,sakahogi.gifu.jp
4530,ec2-54-172-60-7.compute-1.amazonaws.com
4531,zagan.pl
4532,isen.kagoshima.jp
4533,heguri.nara.jp
4534,deca.jp
4535,hashimoto.wakayama.jp
4536,geekgalaxy.com
4537,co.ni
4538,business.in
4539,ingatlan.hu
4540,dyndns-at-work.com
4541,me-central1.run.app
4542,teshikaga.hokkaido.jp
4543,sakaiminato.tottori.jp
4544,nu.it
4545,nakamura.kochi.jp
4546,pointto.us
4547,mil.bd
4548,auth.il-central-1.amazoncognito.com
4549,yusuhara.kochi.jp
4550,open
4551,ikaruga.nara.jp
4552,ec2-52-207-102-175.compute-1.amazonaws.com
4553,0am.jp
4554,fhs.no
4555,reading.sch.uk
4556,rebun.hokkaido.jp
4557,molise.it
4558,my.canvasite.cn
4559,ap-3.magentosite.cloud
4560,up.in
4561,rj.leg.br
4562,lo.it
4563,kochi.kochi.jp
4564,xn--80ao21a
4565,org.ai
4566,net.lv
4567,messina.it
4568,atl1.digitaloceanspaces.com
4569,prod3.snowflake.app
4570,xyz.br
4571,sue.fukuoka.jp
4572,kujukuri.chiba.jp
4573,tsuruoka.yamagata.jp
4574,higashikagawa.kagawa.jp
4575,hakui.ishikawa.jp
4576,ec2-3-94-60-239.compute-1.amazonaws.com
4577,sumida.tokyo.jp
4578,serveftp.org
4579,oji.nara.jp
4580,cjub4athorbi.sa-east-1.rds.amazonaws.com
4581,rn.it
4582,int.in
4583,hotmail
4584,horokanai.hokkaido.jp
4585,lib.ee
4586,ap.gov.pl
4587,ogimi.okinawa.jp
4588,kitadaito.okinawa.jp
4589,kilo.jp
4590,yoshioka.gunma.jp
4591,otsuki.kochi.jp
4592,higashi.okinawa.jp
4593,ec2-18-234-4-245.compute-1.amazonaws.com
4594,yamagata.nagano.jp
4595,serveexchange.com
4596,agric.za
4597,mh
4598,shikabe.hokkaido.jp
4599,limanowa.pl
4600,dyn-o-saur.com
4601,xn--3bst00m
4602,org.ae
4603,calderdale.sch.uk
4604,1cooldns.com
4605,ec2-52-1-223-139.compute-1.amazonaws.com
4606,bristol.sch.uk
4607,ifm
4608,higashikawa.hokkaido.jp
4609,edu.lc
4610,typedream.app
4611,itayanagi.aomori.jp
4612,tokashiki.okinawa.jp
4613,higashishirakawa.gifu.jp
4614,studio.eu-west-1.sagemaker.aws
4615,prod1.snowflake.app
4616,o0o0.jp
4617,wakayama.wakayama.jp
4618,sugito.saitama.jp
4619,service.gov.scot
4620,gov.ki
4621,s3-eu-north-1.amazonaws.com
4622,novara.it
4623,gov.lc
4624,cardiff.sch.uk
4625,us.ngrok.io
4626,ta.it
4627,net.ck
4628,utazu.kagawa.jp
4629,ts.gateway.dev
4630,tonaki.okinawa.jp
4631,tohnosho.chiba.jp
4632,sp.it
4633,kamikawa.hokkaido.jp
4634,game.tw
4635,naganohara.gunma.jp
4636,komatsu.ishikawa.jp
4637,hasura-app.io
4638,ec2-3-86-132-86.compute-1.amazonaws.com
4639,cremona.it
4640,xn--mgberp4a5d4ar
4641,ri.it
4642,jampa.br
4643,et.r.appspot.com
4644,okayama.okayama.jp
4645,enfield.sch.uk
4646,u2.xnbay.com
4647,k12.tn.us
4648,yawata.kyoto.jp
4649,vinnica.ua
4650,minamiaiki.nagano.jp
4651,incheon.kr
4652,va2.snowflake.app
4653,saroma.hokkaido.jp
4654,s3-object-lambda.us-east-1.amazonaws.com
4655,nanmoku.gunma.jp
4656,jp.eu.org
4657,tachiarai.fukuoka.jp
4658,sch.ir
4659,katsuragi.wakayama.jp
4660,co.fk
4661,s3-deprecated.us-east-1.amazonaws.com
4662,yamazoe.nara.jp
4663,slz.br
4664,taishi.osaka.jp
4665,org.gy
4666,tameside.sch.uk
4667,bradford.sch.uk
4668,s-lanark.sch.uk
4669,nahari.kochi.jp
4670,fem.jp
4671,ec2-32-192-43-181.compute-1.amazonaws.com
4672,leilao.br
4673,cafhava1vt3d.us-east-1.rds.amazonaws.com
4674,kisosaki.mie.jp
4675,iijima.nagano.jp
4676,des.br
4677,cloudns.us
4678,ju.mp
4679,showa.gunma.jp
4680,com.vi
4681,s3-website.ap-east-1.amazonaws.com
4682,croydon.sch.uk
4683,ug.gov.pl
4684,tech.orange
4685,securitytactics.com
4686,moonscale.net
4687,from-ca.com
4688,edu.tm
4689,ec2-34-229-49-112.compute-1.amazonaws.com
4690,ec2-23-22-254-206.compute-1.amazonaws.com
4691,dep.no
4692,ako.hyogo.jp
4693,nonoichi.ishikawa.jp
4694,nico
4695,com.bi
4696,takasu.hokkaido.jp
4697,gwangju.kr
4698,xn--54b7fta0cc
4699,edu.sn
4700,ec2-54-227-187-23.compute-1.amazonaws.com
4701,ec2-3-85-10-32.compute-1.amazonaws.com
4702,dallas.nodebalancer.linode.com
4703,wajima.ishikawa.jp
4704,stackit.zone
4705,shimoichi.nara.jp
4706,xn--j1adp.xn--p1acf
4707,eu-4.evennode.com
4708,ec2-52-5-13-197.compute-1.amazonaws.com
4709,dojin.com
4710,hereford.sch.uk
4711,gov.gd
4712,freeddns.us
4713,yuki.ibaraki.jp
4714,mil.do
4715,ri.us
4716,oldham.sch.uk
4717,no-ip.ca
4718,aoki.nagano.jp
4719,vivenushop.com
4720,net.bz
4721,azwesteurope.snowflake.app
4722,latina.it
4723,tp.it
4724,from-ar.com
4725,edogawa.tokyo.jp
4726,under.jp
4727,czeladz.pl
4728,medway.sch.uk
4729,koga.ibaraki.jp
4730,shoo.okayama.jp
4731,s3.dualstack.eu-west-3.amazonaws.com
4732,rivne.ua
4733,zarow.pl
4734,servegame.org
4735,co.business
4736,shropshire.sch.uk
4737,kozaki.chiba.jp
4738,vc.it
4739,powiat.pl
4740,de-fra-1.linodeobjects.com
4741,ngrok.pro
4742,nakatane.kagoshima.jp
4743,meiwa.gunma.jp
4744,us-4.magentosite.cloud
4745,lib.wa.us
4746,homesecuritypc.com
4747,fhsk.se
4748,ec2-18-207-85-246.compute-1.amazonaws.com
4749,kamoenai.hokkaido.jp
4750,ciscofreak.com
4751,target
4752,ec2-3-81-222-27.compute-1.amazonaws.com
4753,ec2-107-22-247-231.compute-1.amazonaws.com
4754,yakage.okayama.jp
4755,richmond.sch.uk
4756,rep.br
4757,gr.it
4758,sa-saopaulo-1.oraclecloudapps.com
4759,omi.nagano.jp
4760,kodaira.tokyo.jp
4761,ikusaka.nagano.jp
4762,ec2-52-0-242-118.compute-1.amazonaws.com
4763,trento.it
4764,org.la
4765,cn-north-1.eb.amazonaws.com.cn
4766,cfv3whgeybkp.eu-west-1.rds.amazonaws.com
4767,recife.br
4768,lecco.it
4769,beskidy.pl
4770,studio.us-west-2.sagemaker.aws
4771,net.fj
4772,ec2-54-198-28-216.compute-1.amazonaws.com
4773,utashinai.hokkaido.jp
4774,org.bt
4775,ewr2.vultrobjects.com
4776,fuchu.tokyo.jp
4777,kamikitayama.nara.jp
4778,kagamino.okayama.jp
4779,ec2-107-22-223-244.compute-1.amazonaws.com
4780,bbs.tr
4781,web.pk
4782,pictet
4783,her.jp
4784,better-than.tv
4785,pay
4786,gkp.pk
4787,walsall.sch.uk
4788,starachowice.pl
4789,northeurope.azurecontainer.io
4790,marugame.kagawa.jp
4791,hioki.kagoshima.jp
4792,activetrail.biz
4793,ec2-34-193-227-236.compute-1.amazonaws.com
4794,anpachi.gifu.jp
4795,ec2-52-202-204-11.compute-1.amazonaws.com
4796,notebook.ap-northeast-1.sagemaker.aws
4797,newcastle.sch.uk
4798,net.jo
4799,ec2-54-205-146-80.compute-1.amazonaws.com
4800,sandwell.sch.uk
4801,edu.bs
4802,definima.net
4803,wixstudio.io
4804,org.bb
4805,fujisawa.kanagawa.jp
4806,bromley.sch.uk
4807,tajiri.osaka.jp
4808,kotohira.kagawa.jp
4809,kawaminami.miyazaki.jp
4810,ec2-54-144-73-197.compute-1.amazonaws.com
4811,edu.cv
4812,gets-it.net
4813,com.ss
4814,tomika.gifu.jp
4815,jc.neen.it
4816,s3-website.eu-west-2.amazonaws.com
4817,misato.saitama.jp
4818,kihoku.ehime.jp
4819,ikano
4820,hillingdon.sch.uk
4821,ec2-15-220-123-116.compute-1.amazonaws.com
4822,ec2-52-86-16-162.compute-1.amazonaws.com
4823,arezzo.it
4824,szczytno.pl
4825,ec2-100-26-102-19.compute-1.amazonaws.com
4826,asahi.yokohama.jp
4827,twmail.net
4828,ch-1.platformsh.site
4829,tonosho.kagawa.jp
4830,asakuchi.okayama.jp
4831,minamiise.mie.jp
4832,yusui.kagoshima.jp
4833,pt.it
4834,gu.cc
4835,ec2-54-144-237-250.compute-1.amazonaws.com
4836,chwmgbg0ai2r.us-east-1.rds.amazonaws.com
4837,tomari.hokkaido.jp
4838,hirogawa.wakayama.jp
4839,ec2-44-210-142-183.compute-1.amazonaws.com
4840,x443.pw
4841,theatre
4842,postgres.snowflake.app
4843,camden.sch.uk
4844,ca-toronto-1.oci.customer-oci.com
4845,ec2-35-175-71-23.compute-1.amazonaws.com
4846,likescandy.com
4847,ec2-3-83-158-8.compute-1.amazonaws.com
4848,bizen.okayama.jp
4849,ribeirao.br
4850,0t0.jp
4851,kitayama.wakayama.jp
4852,cluster031.hosting.ovh.net
4853,wien.funkfeuer.at
4854,routingthecloud.com
4855,bexley.sch.uk
4856,anan.nagano.jp
4857,org.kg
4858,minamiechizen.fukui.jp
4859,ec2-3-93-212-108.compute-1.amazonaws.com
4860,base.ec
4861,swiebodzin.pl
4862,polkowice.pl
4863,ec2-44-204-169-129.compute-1.amazonaws.com
4864,ec2-3-86-100-35.compute-1.amazonaws.com
4865,zgorzelec.pl
4866,ms.it
4867,ec2-18-234-181-97.compute-1.amazonaws.com
4868,kozagawa.wakayama.jp
4869,solihull.sch.uk
4870,ec2-44-220-232-48.compute-1.amazonaws.com
4871,ec2-3-219-143-126.compute-1.amazonaws.com
4872,ec2-18-233-148-152.compute-1.amazonaws.com
4873,e2b.app
4874,sakura.tv
4875,net-freaks.com
4876,ec2-96-0-16-40.compute-1.amazonaws.com
4877,ec2-18-212-67-32.compute-1.amazonaws.com
4878,ketrzyn.pl
4879,biella.it
4880,lt.it
4881,ec2-44-208-166-219.compute-1.amazonaws.com
4882,ec2-3-85-228-95.compute-1.amazonaws.com
4883,ec2-100-50-56-202.compute-1.amazonaws.com
4884,caxias.br
4885,www.digitaloceanspaces.com
4886,warwickshire.sch.uk
4887,ec2-3-89-112-196.compute-1.amazonaws.com
4888,swindon.sch.uk
4889,selfip.biz
4890,lib.ny.us
4891,cl.it
4892,vps-host.net
4893,tonami.toyama.jp
4894,prod2.snowflake.app
4895,myspreadshop.ca
4896,bi.it
4897,ancona.it
4898,s3-website.cn-north-1.amazonaws.com.cn
4899,broke-it.net
4900,xn--qxa6a
4901,higashikagura.hokkaido.jp
4902,ec2-44-202-58-78.compute-1.amazonaws.com
4903,ec2-3-209-49-69.compute-1.amazonaws.com
4904,biz.pk
4905,barnet.sch.uk
4906,us.reclaim.cloud
4907,rn.leg.br
4908,miyota.nagano.jp
4909,sch.qa
4910,nodes.k8s.fr-par.scw.cloud
4911,info.az
4912,gu
4913,craft.me
4914,notebook.ap-southeast-2.sagemaker.aws
4915,ec2-54-165-209-113.compute-1.amazonaws.com
4916,bt.it
4917,xn--nqv7f
4918,workspace-manager-api.builder.code.com
4919,streamlitapp.com
4920,ec2-52-207-237-7.compute-1.amazonaws.com
4921,ec2-44-211-175-213.compute-1.amazonaws.com
4922,ec2-3-88-183-3.compute-1.amazonaws.com
4923,blogsyte.com
4924,toyo.kochi.jp
4925,gov.fk
4926,vic.au
4927,us-east5.hosted.app
4928,luton.sch.uk
4929,ec2-44-201-130-71.compute-1.amazonaws.com
4930,com.sn
4931,mantova.it
4932,li.it
4933,ec2-54-87-118-167.compute-1.amazonaws.com
4934,zhitomir.ua
4935,ec2-3-86-252-245.compute-1.amazonaws.com
4936,kuleuven.cloud
4937,ec2-54-205-226-52.compute-1.amazonaws.com
4938,ec2-52-71-177-104.compute-1.amazonaws.com
4939,ec2-3-87-64-18.compute-1.amazonaws.com
4940,port.fr
4941,ec2-3-88-222-187.compute-1.amazonaws.com
4942,brent.sch.uk
4943,mcdir.me
4944,en.it
4945,ec2-52-91-80-163.compute-1.amazonaws.com
4946,trafford.sch.uk
4947,sopot.pl
4948,secure
4949,ec2-54-196-24-81.compute-1.amazonaws.com
4950,bridgestone
4951,ac.sz
4952,lezajsk.pl
4953,kepno.pl
4954,com.mg
4955,ec2-52-207-235-139.compute-1.amazonaws.com
4956,ec2-34-192-208-25.compute-1.amazonaws.com
4957,nat.cu
4958,ec2-3-80-133-219.compute-1.amazonaws.com
4959,oto.fukuoka.jp
4960,minisite.ms
4961,sennan.osaka.jp
4962,office
4963,cluster100.hosting.ovh.net
4964,sdmntpraueastdr.oaiusercontent.com
4965,izumisano.osaka.jp
4966,dyn.ddnss.de
4967,sr.it
4968,pescara.it
4969,ec2-54-159-111-116.compute-1.amazonaws.com
4970,ec2-3-87-72-235.compute-1.amazonaws.com
4971,mlb
4972,k12.nv.us
4973,ec2-54-209-153-107.compute-1.amazonaws.com
4974,tm.ro
4975,public-inquiry.uk
4976,ec2-34-193-83-103.compute-1.amazonaws.com
4977,br.it
4978,org.mv
4979,nikolaev.ua
4980,ec2-13-221-165-36.compute-1.amazonaws.com
4981,chfc5t8atewz.eu-west-1.rds.amazonaws.com
4982,qld.au
4983,ec2-96-0-16-217.compute-1.amazonaws.com
4984,chirurgiens-dentistes-en-france.fr
4985,edu.lr
4986,clan.rip
4987,varese.it
4988,inagi.tokyo.jp
4989,ec2-34-207-68-112.compute-1.amazonaws.com
4990,ec2-18-234-208-11.compute-1.amazonaws.com
4991,fujiidera.osaka.jp
4992,ec2-18-206-88-163.compute-1.amazonaws.com
4993,com.cw
4994,selfip.info
4995,org.lr
4996,co.az
4997,apps.lair.io
4998,studio.eu-west-2.sagemaker.aws
4999,kawai.nara.jp
5000,ec2-100-54-244-28.compute-1.amazonaws.com
5001,uksouth.azurecontainer.io
5002,tateyama.toyama.jp
5003,homeunix.org
5004,ec2-3-82-155-146.compute-1.amazonaws.com
5005,co.ci
5006,wakefield.sch.uk
5007,ec2-44-204-76-182.compute-1.amazonaws.com
5008,ec2-13-221-93-247.compute-1.amazonaws.com
5009,websozai.jp
5010,us-gov-east-1.elasticbeanstalk.com
5011,stufftoread.com
5012,powys.sch.uk
5013,nerima.tokyo.jp
5014,katashina.gunma.jp
5015,expo.app
5016,rochdale.sch.uk
5017,kartuzy.pl
5018,azeastus2prodshard2.snowflake.app
5019,au-2.platformsh.site
5020,nomi.ishikawa.jp
5021,vfs.cloud9.us-east-1.amazonaws.com
5022,ufcfan.org
5023,natal.br
5024,kfh
5025,execute-api.us-gov-east-1.amazonaws.com
5026,asti.it
5027,hacca.jp
5028,terni.it
5029,point2this.com
5030,ec2-54-210-87-111.compute-1.amazonaws.com
5031,shirakawa.gifu.jp
5032,sc.kr
5033,ezproxy.kuleuven.be
5034,eu-5.magentosite.cloud
5035,taketa.oita.jp
5036,nishinoshima.shimane.jp
5037,mydbserver.com
5038,ec2-54-210-83-139.compute-1.amazonaws.com
5039,ec2-44-210-1-195.compute-1.amazonaws.com
5040,info.bo
5041,ec2-52-0-22-52.compute-1.amazonaws.com
5042,ham-radio-op.net
5043,ec2-3-83-160-79.compute-1.amazonaws.com
5044,backdrop.jp
5045,tgory.pl
5046,press.ma
5047,from-il.com
5048,cq9wpyzaf3kv.us-east-1.rds.amazonaws.com
5049,com.nr
5050,bmoattachments.org
5051,org.ky
5052,karacol.su
5053,dnsdojo.net
5054,akamaized-staging.net
5055,homeftp.org
5056,co.network
5057,shiso.hyogo.jp
5058,mini
5059,ec2-52-23-124-190.compute-1.amazonaws.com
5060,kota.aichi.jp
5061,danang.vn
5062,dynathome.net
5063,tarumizu.kagoshima.jp
5064,takayama.nagano.jp
5065,wandsworth.sch.uk
5066,arao.kumamoto.jp
5067,ie.snowflake.app
5068,aaa
5069,lib.mo.us
5070,kg.kr
5071,eu-west-3.awsapprunner.com
5072,vv.it
5073,myspreadshop.com.au
5074,izumi.osaka.jp
5075,ec2-54-160-38-182.compute-1.amazonaws.com
5076,af-south-1.elasticbeanstalk.com
5077,adachi.tokyo.jp
5078,tv.bo
5079,miasta.pl
5080,edin.sch.uk
5081,123hjemmeside.dk
5082,wm.gateway.dev
5083,pya.jp
5084,on-fleek.app
5085,mil.cl
5086,cherkasy.ua
5087,servebolt.cloud
5088,merton.sch.uk
5089,ec2-54-89-219-147.compute-1.amazonaws.com
5090,cluster028.hosting.ovh.net
5091,asahi.chiba.jp
5092,website-us-east-1.linodeobjects.com
5093,nerdpol.ovh
5094,website-eu-central-1.linodeobjects.com
5095,pb.leg.br
5096,ec2-35-174-221-244.compute-1.amazonaws.com
5097,takatori.nara.jp
5098,sagamihara.kanagawa.jp
5099,rg.it
5100,piacenza.it
5101,islington.sch.uk
5102,doncaster.sch.uk
5103,at.eu.org
5104,ally
5105,uwajima.ehime.jp
5106,nosegawa.nara.jp
5107,namie.fukushima.jp
5108,eufrankfurt.snowflake.app
5109,430.xmit.co
5110,ec2-54-85-151-192.compute-1.amazonaws.com
5111,suginami.tokyo.jp
5112,uk.cc
5113,treviso.it
5114,ol.no
5115,virtualserver.io
5116,fool.jp
5117,salerno.it
5118,maringa.br
5119,read-books.org
5120,whitesnow.jp
5121,minato.tokyo.jp
5122,foggia.it
5123,mypep.link
5124,izena.okinawa.jp
5125,bolivia.bo
5126,xn--h1ahn.xn--p1acf
5127,jnj
5128,cluster-cnxilbn4jtk5.eu-west-1.rds.amazonaws.com
5129,chikuhoku.nagano.jp
5130,ap-mumbai-1.oraclecloudapps.com
5131,yachimata.chiba.jp
5132,xn--41a.xn--p1acf
5133,squares.net
5134,xn--rhqv96g
5135,xn--45brj9c
5136,podhale.pl
5137,geo.br
5138,dh.bytemark.co.uk
5139,xn--mxtq1m.xn--j6w193g
5140,sejny.pl
5141,prod
5142,opoczno.pl
5143,net.ag
5144,ec2-52-21-86-145.compute-1.amazonaws.com
5145,taki.mie.jp
5146,net.ge
5147,ec2-54-172-225-225.compute-1.amazonaws.com
5148,be.eu.org
5149,zakopane.pl
5150,org.me
5151,dnsdojo.org
5152,xn--d1alf
5153,stc
5154,hidaka.kochi.jp
5155,am.br
5156,ternopil.ua
5157,dix.asia
5158,bplaced.de
5159,ba.leg.br
5160,setouchi.okayama.jp
5161,framer.media
5162,firewall-gateway.net
5163,ec2-54-88-94-72.compute-1.amazonaws.com
5164,ec2-52-21-52-208.compute-1.amazonaws.com
5165,k12.ak.us
5166,eu-3.platformsh.site
5167,co.dk
5168,cluster023.hosting.ovh.net
5169,caserta.it
5170,net.cm
5171,is-a-geek.net
5172,ap-east-2.compute.amazonaws.com
5173,statichost.page
5174,softbank
5175,pages.gay
5176,noboribetsu.hokkaido.jp
5177,info.ec
5178,yamato.kanagawa.jp
5179,mil.ng
5180,ec2-3-93-140-176.compute-1.amazonaws.com
5181,ap-southeast-6.compute.amazonaws.com
5182,rag-cloud.hosteur.com
5183,busan.kr
5184,ethos57-prod-va7.dev.adobeaemcloud.com
5185,ec2-96-0-49-209.compute-1.amazonaws.com
5186,um.gov.pl
5187,monza.it
5188,akdn
5189,pa.leg.br
5190,net.az
5191,ec2-3-212-147-222.compute-1.amazonaws.com
5192,slough.sch.uk
5193,org.vc
5194,nishio.aichi.jp
5195,tlon.network
5196,s3-website.eu-west-1.amazonaws.com
5197,pl.eu.org
5198,oz.au
5199,doomdns.org
5200,sells-it.net
5201,rovno.ua
5202,lovesick.jp
5203,mymediapc.net
5204,mlbfan.org
5205,daegu.kr
5206,stada
5207,spryt.net
5208,ec2-98-92-134-19.compute-1.amazonaws.com
5209,wodzislaw.pl
5210,fujinomiya.shizuoka.jp
5211,dell
5212,wn.r.appspot.com
5213,lib.ca.us
5214,ethos58-prod-va7.dev.adobeaemcloud.com
5215,s3.dualstack.ap-southeast-5.amazonaws.com
5216,nyc.appwrite.run
5217,kitami.hokkaido.jp
5218,dr.tr
5219,bielawa.pl
5220,cc.nc.us
5221,cc.ga.us
5222,buyshop.jp
5223,karatsu.saga.jp
5224,taveusercontent.com
5225,simple-url.com
5226,ec2-52-7-43-224.compute-1.amazonaws.com
5227,ec2-18-207-146-150.compute-1.amazonaws.com
5228,aberdeenshire.sch.uk
5229,xn--mgbab2bd
5230,shimonoseki.yamaguchi.jp
5231,from-tx.com
5232,voting
5233,protection
5234,org.ba
5235,southwark.sch.uk
5236,noto.ishikawa.jp
5237,s3-website.ca-central-1.amazonaws.com
5238,com.mw
5239,s3-accesspoint.us-west-2.amazonaws.com
5240,qsl.br
5241,on-vapor.com
5242,kibichuo.okayama.jp
5243,ec.cc
5244,cable-modem.org
5245,ftpaccess.cc
5246,ap.ngrok.io
5247,hiraya.nagano.jp
5248,erni
5249,ec2-89-193-154-41.compute-1.amazonaws.com
5250,westus2.azurecontainer.io
5251,ec2-89-193-154-29.compute-1.amazonaws.com
5252,dontexist.net
5253,cloud-ip.biz
5254,kaszuby.pl
5255,co.lc
5256,xn--wgbh1c
5257,shopselect.net
5258,sassari.it
5259,hakuba.nagano.jp
5260,eun.eg
5261,skoczow.pl
5262,encr.app
5263,ec2-52-204-129-18.compute-1.amazonaws.com
5264,cluster030.hosting.ovh.net
5265,manaus.br
5266,ec2-89-193-154-27.compute-1.amazonaws.com
5267,mydns.bz
5268,ravenna.it
5269,ec2-44-215-133-88.compute-1.amazonaws.com
5270,ec2-3-238-54-134.compute-1.amazonaws.com
5271,cloudsite.builders
5272,nett.to
5273,kawara.fukuoka.jp
5274,from.tv
5275,ethos39-prod-va7.dev.adobeaemcloud.com
5276,ec2-100-25-228-78.compute-1.amazonaws.com
5277,xn--xkc2dl3a5ee0h
5278,xn--xhq521b
5279,covh9t8ry0k1.eu-west-1.rds.amazonaws.com
5280,twmail.org
5281,shared.lcl.dev
5282,riopreto.br
5283,kingston.sch.uk
5284,falkirk.sch.uk
5285,ceoeaqvq2tyw.ap-south-1.rds.amazonaws.com
5286,is-lost.org
5287,ams1.vultrobjects.com
5288,ricoh
5289,kustanai.su
5290,isla.pr
5291,grosseto.it
5292,ec2-44-215-130-62.compute-1.amazonaws.com
5293,ap-mumbai-1.oci.customer-oci.com
5294,piw.gov.pl
5295,pg.in
5296,is-certified.com
5297,ec2-54-163-81-89.compute-1.amazonaws.com
5298,ec2-3-217-215-82.compute-1.amazonaws.com
5299,xn--fpcrj9c3d
5300,s3.pl-waw.scw.cloud
5301,s3-fips.us-west-1.amazonaws.com
5302,s3-fips.dualstack.us-west-1.amazonaws.com
5303,ec2-44-202-242-223.compute-1.amazonaws.com
5304,cloudns.club
5305,s3-website.ap-northeast-2.amazonaws.com
5306,nis.za
5307,kasai.hyogo.jp
5308,ec2-44-215-136-177.compute-1.amazonaws.com
5309,auth.ap-northeast-2.amazoncognito.com
5310,s3.isk01.sakurastorage.jp
5311,ec2-54-147-90-59.compute-1.amazonaws.com
5312,my.eu.org
5313,kisarazu.chiba.jp
5314,jelenia-gora.pl
5315,ec2-44-215-137-166.compute-1.amazonaws.com
5316,ec2-34-238-249-82.compute-1.amazonaws.com
5317,shibuya.tokyo.jp
5318,s3-fips.ca-central-1.amazonaws.com
5319,ngrok.pizza
5320,museum.no
5321,lib.ga.us
5322,ec2-3-89-124-60.compute-1.amazonaws.com
5323,j.scaleforce.net
5324,grayjayleagues.com
5325,ec2-3-82-101-119.compute-1.amazonaws.com
5326,amagasaki.hyogo.jp
5327,teo.br
5328,odawara.kanagawa.jp
5329,iobb.net
5330,ec2-44-215-116-52.compute-1.amazonaws.com
5331,notebook.eu-central-1.sagemaker.aws
5332,naklo.pl
5333,ec2-44-215-141-185.compute-1.amazonaws.com
5334,ec2-44-215-118-141.compute-1.amazonaws.com
5335,pavia.it
5336,net.vc
5337,mocha.app
5338,ec2-44-215-138-159.compute-1.amazonaws.com
5339,6g.in
5340,org.ag
5341,haringey.sch.uk
5342,endofinternet.net
5343,ec2-54-224-240-101.compute-1.amazonaws.com
5344,ec2-44-215-137-192.compute-1.amazonaws.com
5345,brighton-hove.sch.uk
5346,sex.pl
5347,ec2-44-199-181-5.compute-1.amazonaws.com
5348,studio.ap-southeast-2.sagemaker.aws
5349,lambda-url.ap-southeast-3.on.aws
5350,fukuyama.hiroshima.jp
5351,ec2-44-215-129-38.compute-1.amazonaws.com
5352,ec2-44-215-129-188.compute-1.amazonaws.com
5353,com.bm
5354,lib.nj.us
5355,k12.ec
5356,ec2-34-200-68-17.compute-1.amazonaws.com
5357,watson.jp
5358,org.iq
5359,game-host.org
5360,ec2-44-215-115-167.compute-1.amazonaws.com
5361,windsurf.build
5362,ec2-52-71-57-168.compute-1.amazonaws.com
5363,arts.ro
5364,airbus
5365,fortal.br
5366,ec2-44-202-66-0.compute-1.amazonaws.com
5367,se.leg.br
5368,lolipopmc.jp
5369,jelastic.dogado.eu
5370,ec2-54-89-166-239.compute-1.amazonaws.com
5371,ec2-44-215-132-248.compute-1.amazonaws.com
5372,ec2-44-215-132-129.compute-1.amazonaws.com
5373,ec2-44-215-117-206.compute-1.amazonaws.com
5374,objects.rma.cloudscale.ch
5375,ec2-98-91-241-77.compute-1.amazonaws.com
5376,dyndns-mail.com
5377,dnsiskinky.com
5378,sport.hu
5379,ec2-44-215-143-203.compute-1.amazonaws.com
5380,ec2-3-85-194-133.compute-1.amazonaws.com
5381,ec2-3-82-21-97.compute-1.amazonaws.com
5382,ec2-13-217-45-239.compute-1.amazonaws.com
5383,sorocaba.br
5384,hotelwithflight.com
5385,from-ny.net
5386,plymouth.sch.uk
5387,law.za
5388,icp1.io
5389,florence.it
5390,ec2-34-207-113-151.compute-1.amazonaws.com
5391,podzone.org
5392,ec2-98-91-232-148.compute-1.amazonaws.com
5393,ec2-100-53-100-48.compute-1.amazonaws.com
5394,dr.in
5395,collegefan.org
5396,asso.eu.org
5397,takayama.gunma.jp
5398,org.sy
5399,foz.br
5400,ec2-54-174-161-21.compute-1.amazonaws.com
5401,ec2-44-201-165-147.compute-1.amazonaws.com
5402,ec2-18-212-79-168.compute-1.amazonaws.com
5403,wolomin.pl
5404,rieti.it
5405,mmv.kr
5406,kitakata.fukushima.jp
5407,joso.ibaraki.jp
5408,gokase.miyazaki.jp
5409,ec2-52-20-160-201.compute-1.amazonaws.com
5410,ec2-184-72-80-206.compute-1.amazonaws.com
5411,barsy.support
5412,alessandria.it
5413,zgierz.pl
5414,fm.it
5415,ec2-52-90-40-230.compute-1.amazonaws.com
5416,ec2-44-215-137-64.compute-1.amazonaws.com
5417,ec2-44-215-137-152.compute-1.amazonaws.com
5418,ec2-44-215-132-93.compute-1.amazonaws.com
5419,ec2-34-224-100-136.compute-1.amazonaws.com
5420,bozen.it
5421,meguro.tokyo.jp
5422,ec2-54-147-241-17.compute-1.amazonaws.com
5423,ec2-44-199-180-130.compute-1.amazonaws.com
5424,ec2-3-87-235-18.compute-1.amazonaws.com
5425,ec2-3-80-8-234.compute-1.amazonaws.com
5426,pgafan.net
5427,lb.ru-msk.k2.cloud
5428,ec2-75-101-200-201.compute-1.amazonaws.com
5429,ec2-3-84-99-151.compute-1.amazonaws.com
5430,ec2-3-237-93-210.compute-1.amazonaws.com
5431,ec2-3-212-196-56.compute-1.amazonaws.com
5432,ec2-204-236-226-26.compute-1.amazonaws.com
5433,buzen.fukuoka.jp
5434,belem.br
5435,x0.to
5436,pharmacien.fr
5437,kr.it
5438,ec2-18-212-209-216.compute-1.amazonaws.com
5439,cwhrwl7jcha0.sa-east-1.rds.amazonaws.com
5440,lt.ua
5441,kudoyama.wakayama.jp
5442,ec2-98-93-36-235.compute-1.amazonaws.com
5443,ec2-3-88-19-80.compute-1.amazonaws.com
5444,ec2-100-53-9-206.compute-1.amazonaws.com
5445,p.tawk.email
5446,ec2-52-90-200-113.compute-1.amazonaws.com
5447,ec2-3-89-154-217.compute-1.amazonaws.com
5448,ec2-3-84-67-78.compute-1.amazonaws.com
5449,warmia.pl
5450,lambeth.sch.uk
5451,ec2-54-152-145-112.compute-1.amazonaws.com
5452,ec2-52-91-188-194.compute-1.amazonaws.com
5453,ec2-3-215-231-251.compute-1.amazonaws.com
5454,ec2-13-222-181-13.compute-1.amazonaws.com
5455,belluno.it
5456,rr.leg.br
5457,rag-cloud-ch.hosteur.com
5458,is-a-geek.org
5459,ec2-54-226-133-183.compute-1.amazonaws.com
5460,ec2-54-197-74-135.compute-1.amazonaws.com
5461,ec2-50-19-69-63.compute-1.amazonaws.com
5462,ec2-44-223-88-64.compute-1.amazonaws.com
5463,ec2-34-230-26-1.compute-1.amazonaws.com
5464,ec2-3-94-148-252.compute-1.amazonaws.com
5465,ec2-3-85-118-151.compute-1.amazonaws.com
5466,lodi.it
5467,kuron.jp
5468,eu-south-1.elasticbeanstalk.com
5469,ec2-52-91-50-45.compute-1.amazonaws.com
5470,ec2-44-215-133-78.compute-1.amazonaws.com
5471,ec2-34-230-5-56.compute-1.amazonaws.com
5472,ec2-3-235-138-61.compute-1.amazonaws.com
5473,org.cv
5474,oninferno.net
5475,ec2-98-91-218-163.compute-1.amazonaws.com
5476,ec2-54-89-208-135.compute-1.amazonaws.com
5477,ec2-54-237-201-82.compute-1.amazonaws.com
5478,ec2-44-199-181-222.compute-1.amazonaws.com
5479,ec2-35-172-235-123.compute-1.amazonaws.com
5480,ec2-13-219-202-37.compute-1.amazonaws.com
5481,sch.ly
5482,ec2-54-81-75-194.compute-1.amazonaws.com
5483,ec2-54-164-9-6.compute-1.amazonaws.com
5484,ec2-44-215-139-172.compute-1.amazonaws.com
5485,ec2-44-204-38-5.compute-1.amazonaws.com
5486,ec2-3-88-200-151.compute-1.amazonaws.com
5487,ec2-3-89-43-78.compute-1.amazonaws.com
5488,ec2-3-82-2-232.compute-1.amazonaws.com
5489,ec2-54-224-98-246.compute-1.amazonaws.com
5490,ec2-52-90-244-224.compute-1.amazonaws.com
5491,doesntexist.org
5492,ec2-52-91-47-236.compute-1.amazonaws.com
5493,ec2-52-91-113-56.compute-1.amazonaws.com
5494,ec2-44-201-149-131.compute-1.amazonaws.com
5495,ec2-100-55-80-93.compute-1.amazonaws.com
5496,utazas.hu
5497,lapy.pl
5498,editorx.io
5499,ec2-3-92-209-114.compute-1.amazonaws.com
5500,ec2-3-82-43-253.compute-1.amazonaws.com
5501,blogdns.net
5502,org.mn
5503,grajewo.pl
5504,ec2-23-21-28-162.compute-1.amazonaws.com
5505,ec2-18-234-102-27.compute-1.amazonaws.com
5506,eastus2.azurecontainer.io
5507,co.ag
5508,seattle.wa.us
5509,fst.br
5510,experts-comptables.fr
5511,ec2-44-201-73-225.compute-1.amazonaws.com
5512,ec2-18-206-248-177.compute-1.amazonaws.com
5513,nottingham.sch.uk
5514,net.cy
5515,mircloud.host
5516,ec2-98-91-197-45.compute-1.amazonaws.com
5517,ec2-3-92-133-6.compute-1.amazonaws.com
5518,ec2-3-91-194-71.compute-1.amazonaws.com
5519,ec2-3-88-33-76.compute-1.amazonaws.com
5520,soundcast.me
5521,labeling.us-east-1.sagemaker.aws
5522,ec2-34-226-190-203.compute-1.amazonaws.com
5523,ec2-3-91-219-140.compute-1.amazonaws.com
5524,ec2-18-232-72-237.compute-1.amazonaws.com
5525,cuiaba.br
5526,webadorsite.com
5527,ec2-34-204-75-31.compute-1.amazonaws.com
5528,candypop.jp
5529,brindisi.it
5530,takahama.aichi.jp
5531,ec2-98-93-168-167.compute-1.amazonaws.com
5532,ec2-54-88-145-55.compute-1.amazonaws.com
5533,ec2-54-165-91-99.compute-1.amazonaws.com
5534,ec2-3-91-221-139.compute-1.amazonaws.com
5535,cygnvanvfbsx.us-west-2.rds.amazonaws.com
5536,cluster020.hosting.ovh.net
5537,611.to
5538,umi.fukuoka.jp
5539,nra
5540,niteroi.br
5541,ec2-54-87-36-220.compute-1.amazonaws.com
5542,ec2-54-234-104-41.compute-1.amazonaws.com
5543,ec2-54-145-218-185.compute-1.amazonaws.com
5544,ec2-3-88-40-90.compute-1.amazonaws.com
5545,ec2-3-88-176-229.compute-1.amazonaws.com
5546,ec2-3-87-131-0.compute-1.amazonaws.com
5547,mil.za
5548,mil.gt
5549,ec2-54-92-219-207.compute-1.amazonaws.com
5550,ec2-54-197-172-1.compute-1.amazonaws.com
5551,ec2-44-202-46-112.compute-1.amazonaws.com
5552,ec2-44-201-151-253.compute-1.amazonaws.com
5553,del1.vultrobjects.com
5554,lpusercontent.com
5555,ec2-98-94-7-176.compute-1.amazonaws.com
5556,ec2-13-220-210-202.compute-1.amazonaws.com
5557,ec2-13-219-73-128.compute-1.amazonaws.com
5558,co.place
5559,cloudflare.app
5560,trapani.it
5561,sutton.sch.uk
5562,s3-website.cn-northwest-1.amazonaws.com.cn
5563,from-az.net
5564,ec2-54-82-123-58.compute-1.amazonaws.com
5565,ec2-54-174-236-239.compute-1.amazonaws.com
5566,ec2-54-162-83-243.compute-1.amazonaws.com
5567,ec2-34-236-144-61.compute-1.amazonaws.com
5568,ec2-3-87-12-106.compute-1.amazonaws.com
5569,ec2-3-84-21-222.compute-1.amazonaws.com
5570,ch.eu.org
5571,wm.r.appspot.com
5572,plock.pl
5573,kawakita.ishikawa.jp
5574,kasamatsu.gifu.jp
5575,ec2-3-89-212-242.compute-1.amazonaws.com
5576,ec2-18-207-205-19.compute-1.amazonaws.com
5577,ec2-13-220-160-151.compute-1.amazonaws.com
5578,australiaeast.azurecontainer.io
5579,asahi.toyama.jp
5580,xn--2scrj9c
5581,ownprovider.com
5582,edu.vu
5583,ec2-54-198-59-70.compute-1.amazonaws.com
5584,ec2-3-85-117-97.compute-1.amazonaws.com
5585,ec2-13-218-166-208.compute-1.amazonaws.com
5586,svc.firenet.ch
5587,gok.pk
5588,ens.tn
5589,ec2-54-227-121-223.compute-1.amazonaws.com
5590,ec2-52-71-254-129.compute-1.amazonaws.com
5591,westus.azurecontainer.io
5592,gotemba.shizuoka.jp
5593,ec2-50-16-39-46.compute-1.amazonaws.com
5594,ec2-44-222-199-215.compute-1.amazonaws.com
5595,ec2-100-31-51-131.compute-1.amazonaws.com
5596,ec2-100-26-104-254.compute-1.amazonaws.com
5597,webhop.info
5598,vercelli.it
5599,tama.tokyo.jp
5600,sanda.hyogo.jp
5601,oxa.cloud
5602,iserv.host
5603,ec2-44-202-195-113.compute-1.amazonaws.com
5604,ec2-34-198-170-80.compute-1.amazonaws.com
5605,ec2-100-54-227-87.compute-1.amazonaws.com
5606,dt.r.appspot.com
5607,cc.ok.us
5608,lib.sc.us
5609,hull.sch.uk
5610,ec2-98-92-191-145.compute-1.amazonaws.com
5611,ec2-54-167-209-67.compute-1.amazonaws.com
5612,ec2-44-211-203-41.compute-1.amazonaws.com
5613,ditchyourip.com
5614,umaji.kochi.jp
5615,ec2-98-87-1-35.compute-1.amazonaws.com
5616,ec2-98-81-215-181.compute-1.amazonaws.com
5617,ec2-54-234-223-152.compute-1.amazonaws.com
5618,ec2-54-165-226-243.compute-1.amazonaws.com
5619,ec2-3-81-10-2.compute-1.amazonaws.com
5620,a465-9q4k.cloudera.site
5621,takahata.yamagata.jp
5622,ingress-erytho.ewp.live
5623,hlx.live
5624,ec2-54-173-124-199.compute-1.amazonaws.com
5625,ec2-44-211-47-107.compute-1.amazonaws.com
5626,ec2-3-82-200-239.compute-1.amazonaws.com
5627,ec2-13-222-238-176.compute-1.amazonaws.com
5628,tm.dz
5629,lbhf.sch.uk
5630,homesklep.pl
5631,ec2-54-163-179-59.compute-1.amazonaws.com
5632,abira.hokkaido.jp
5633,paas.hosted-by-previder.com
5634,ngo.za
5635,mil.uy
5636,info.ke
5637,in.eu.org
5638,ec2-3-80-239-168.compute-1.amazonaws.com
5639,cc.ks.us
5640,studio.ap-south-1.sagemaker.aws
5641,s3.dualstack.us-gov-west-1.amazonaws.com
5642,ec2-89-193-229-178.compute-1.amazonaws.com
5643,ec2-54-243-21-144.compute-1.amazonaws.com
5644,milton-keynes.sch.uk
5645,flier.jp
5646,ec2-98-89-22-230.compute-1.amazonaws.com
5647,ec2-54-157-233-124.compute-1.amazonaws.com
5648,ec2-3-80-117-85.compute-1.amazonaws.com
5649,auth.eu-south-1.amazoncognito.com
5650,red.sv
5651,now-dns.org
5652,mt.it
5653,ec2-13-222-199-83.compute-1.amazonaws.com
5654,demo.jelastic.com
5655,app-ionos.space
5656,siracusa.it
5657,k12.vt.us
5658,egoism.jp
5659,ec2-98-89-35-138.compute-1.amazonaws.com
5660,ec2-52-202-101-16.compute-1.amazonaws.com
5661,ec2-35-173-178-2.compute-1.amazonaws.com
5662,ec2-23-21-36-115.compute-1.amazonaws.com
5663,ec2-13-216-252-232.compute-1.amazonaws.com
5664,balena-devices.com
5665,termez.su
5666,girly.jp
5667,sc.leg.br
5668,ec2-34-224-246-133.compute-1.amazonaws.com
5669,co.pn
5670,sakuratan.com
5671,s3-deprecated.us-west-2.amazonaws.com
5672,org.sl
5673,londrina.br
5674,kani.gifu.jp
5675,itigo.jp
5676,ec2-54-226-135-104.compute-1.amazonaws.com
5677,ec2-52-90-165-236.compute-1.amazonaws.com
5678,ec2-52-202-164-191.compute-1.amazonaws.com
5679,xn--unup4y
5680,sumoto.hyogo.jp
5681,med.ly
5682,emrnotebooks-prod.ap-south-1.amazonaws.com
5683,ec2-54-87-173-181.compute-1.amazonaws.com
5684,ec2-54-147-213-36.compute-1.amazonaws.com
5685,ec2-52-91-255-30.compute-1.amazonaws.com
5686,ec2-100-30-225-104.compute-1.amazonaws.com
5687,at.kunden.ortsinfo.at
5688,ec2-54-221-66-106.compute-1.amazonaws.com
5689,ec2-13-221-5-5.compute-1.amazonaws.com
5690,ec2-100-24-63-82.compute-1.amazonaws.com
5691,a.se
5692,w-berks.sch.uk
5693,for-the.biz
5694,ec2-54-221-161-103.compute-1.amazonaws.com
5695,ec2-54-173-10-123.compute-1.amazonaws.com
5696,nowaruda.pl
5697,kill.jp
5698,ec2-98-81-84-92.compute-1.amazonaws.com
5699,ec2-3-92-83-85.compute-1.amazonaws.com
5700,us-a1.magentosite.cloud
5701,upper.jp
5702,iow.sch.uk
5703,from-pr.com
5704,ec2-54-152-203-191.compute-1.amazonaws.com
5705,ec2-3-93-50-68.compute-1.amazonaws.com
5706,ec2-3-88-34-165.compute-1.amazonaws.com
5707,ec2-107-20-103-67.compute-1.amazonaws.com
5708,delhi.in
5709,studio.ap-southeast-1.sagemaker.aws
5710,ethos42-prod-va7.dev.adobeaemcloud.com
5711,ec2-52-23-158-150.compute-1.amazonaws.com
5712,ec2-3-86-54-123.compute-1.amazonaws.com
5713,me-south-1.elb.amazonaws.com
5714,ec2-100-24-3-244.compute-1.amazonaws.com
5715,somerset.sch.uk
5716,emrappui-prod.us-east-1.amazonaws.com
5717,ec2-3-239-61-39.compute-1.amazonaws.com
5718,but.jp
5719,ec2-54-197-17-230.compute-1.amazonaws.com
5720,ec2-13-222-29-172.compute-1.amazonaws.com
5721,123hjemmeside.no
5722,jcloud-ver-jpc.ik-server.com
5723,ec2-3-88-222-88.compute-1.amazonaws.com
5724,myeffect.net
5725,ec2-34-201-51-220.compute-1.amazonaws.com
5726,twmail.cc
5727,przeworsk.pl
5728,p.tawkto.email
5729,nakadomari.aomori.jp
5730,lima.zone
5731,from-md.com
5732,europe-west6.run.app
5733,ec2-54-225-55-217.compute-1.amazonaws.com
5734,ec2-54-161-36-180.compute-1.amazonaws.com
5735,ec2-44-201-230-112.compute-1.amazonaws.com
5736,xn--kprw13d
5737,southamerica-west1.run.app
5738,pordenone.it
5739,lib.fl.us
5740,ec2-89-193-229-183.compute-1.amazonaws.com
5741,ch.trendhosting.cloud
5742,vinnytsia.ua
5743,here
5744,auth-fips.us-gov-east-1.amazoncognito.com
5745,stalowa-wola.pl
5746,scm.svc.firenet.ch
5747,home.dyndns.org
5748,ec2-34-228-78-120.compute-1.amazonaws.com
5749,ec2-107-21-160-206.compute-1.amazonaws.com
5750,sebastopol.ua
5751,ec2-98-86-232-64.compute-1.amazonaws.com
5752,at.futurecms.at
5753,omigawa.chiba.jp
5754,hobby-site.com
5755,ec2-96-0-16-154.compute-1.amazonaws.com
5756,crz58zdq7aw2.ap-south-1.rds.amazonaws.com
5757,bing
5758,arakawa.tokyo.jp
5759,trd.br
5760,pepper.jp
5761,obninsk.su
5762,mitake.gifu.jp
5763,magicpatterns.app
5764,aquarelle
5765,objects.lpg.cloudscale.ch
5766,ntr.br
5767,notebook.ap-south-1.sagemaker.aws
5768,ethos20-prod-va7.dev.adobeaemcloud.com
5769,ec2-52-5-36-222.compute-1.amazonaws.com
5770,ec2-44-204-11-114.compute-1.amazonaws.com
5771,poole.sch.uk
5772,ec2-54-157-59-150.compute-1.amazonaws.com
5773,servehumour.com
5774,edu.ss
5775,ec2-3-86-123-151.compute-1.amazonaws.com
5776,br-gru-1.linodeobjects.com
5777,barsy.online
5778,nissan
5779,ec2-54-82-195-52.compute-1.amazonaws.com
5780,ec2-54-166-246-218.compute-1.amazonaws.com
5781,opensocial.site
5782,hosting-cluster.nl
5783,ec2-52-0-213-61.compute-1.amazonaws.com
5784,cluster-crxx0hbfofzv.us-east-1.rds.amazonaws.com
5785,chase
5786,ca-west-1.elb.amazonaws.com
5787,rovigo.it
5788,myspreadshop.fr
5789,ec2-54-92-162-156.compute-1.amazonaws.com
5790,ostrowwlkp.pl
5791,endofinternet.org
5792,servebbs.net
5793,me-west1.run.app
5794,ec2-13-221-101-113.compute-1.amazonaws.com
5795,tech.ec
5796,pru
5797,localtonet.com
5798,edu.ao
5799,ec2-34-227-227-47.compute-1.amazonaws.com
5800,conwy.sch.uk
5801,s3.dualstack.ap-east-1.amazonaws.com
5802,ec2-18-207-123-20.compute-1.amazonaws.com
5803,caffeine.xyz
5804,org.dz
5805,nikita.jp
5806,jellybean.jp
5807,itabashi.tokyo.jp
5808,is-a-guru.com
5809,from-pa.com
5810,ec2-52-2-40-158.compute-1.amazonaws.com
5811,ec2-3-84-200-216.compute-1.amazonaws.com
5812,ec2-23-22-171-27.compute-1.amazonaws.com
5813,otoyo.kochi.jp
5814,ec2-34-228-236-191.compute-1.amazonaws.com
5815,tm.se
5816,net.pr
5817,ec2-54-81-169-176.compute-1.amazonaws.com
5818,chiyoda.tokyo.jp
5819,uk.in
5820,suli.hu
5821,leitungsen.de
5822,ec2-34-235-137-39.compute-1.amazonaws.com
5823,e-dunbarton.sch.uk
5824,nom.pl
5825,gov.ms
5826,org.uz
5827,is-very-good.org
5828,inashiki.ibaraki.jp
5829,imperia.it
5830,from-fl.com
5831,feira.br
5832,appchizi.com
5833,notebook.eu-west-2.sagemaker.aws
5834,maceio.br
5835,is-cool.dev
5836,go.dyndns.org
5837,ec2-98-89-40-246.compute-1.amazonaws.com
5838,dattolocal.com
5839,blogdns.org
5840,com.gp
5841,bialowieza.pl
5842,myphotos.cc
5843,id-cgk-1.linodeobjects.com
5844,ec2-89-192-232-193.compute-1.amazonaws.com
5845,c9.us-east-1.airflow.amazonaws.com
5846,apps-1and1.com
5847,nyat.app
5848,mil.ve
5849,analytics
5850,servesarcasm.com
5851,org.ps
5852,ec2-52-21-60-229.compute-1.amazonaws.com
5853,yoshino.nara.jp
5854,nt.ro
5855,laquila.it
5856,iyo.ehime.jp
5857,enf.br
5858,gonna.jp
5859,tokushima.tokushima.jp
5860,hisamitsu
5861,net.tn
5862,isa-geek.com
5863,ec2-35-169-41-120.compute-1.amazonaws.com
5864,ec2-100-52-244-90.compute-1.amazonaws.com
5865,cc.ia.us
5866,babyblue.jp
5867,takahagi.ibaraki.jp
5868,szex.hu
5869,shinagawa.tokyo.jp
5870,redbridge.sch.uk
5871,himeshima.oita.jp
5872,ec2-52-90-168-132.compute-1.amazonaws.com
5873,havering.sch.uk
5874,ferrara.it
5875,ec2-44-201-156-7.compute-1.amazonaws.com
5876,ec2-44-198-186-141.compute-1.amazonaws.com
5877,ec2-13-221-79-228.compute-1.amazonaws.com
5878,bath.sch.uk
5879,vladimir.ru
5880,media.hu
5881,info.tn
5882,ec2-184-73-15-189.compute-1.amazonaws.com
5883,ec2-18-235-226-9.compute-1.amazonaws.com
5884,rbkc.sch.uk
5885,filegear.me
5886,ec2-54-208-111-210.compute-1.amazonaws.com
5887,stoke.sch.uk
5888,org.bn
5889,from-ct.com
5890,ec2-3-221-134-191.compute-1.amazonaws.com
5891,ec2-18-97-36-67.compute-1.amazonaws.com
5892,cc.mi.us
5893,net.gy
5894,lib.va.us
5895,hiratsuka.kanagawa.jp
5896,ec2-44-204-149-59.compute-1.amazonaws.com
5897,ec2-35-174-250-71.compute-1.amazonaws.com
5898,ec2-18-97-36-51.compute-1.amazonaws.com
5899,cc.il.us
5900,test-iserv.de
5901,post.in
5902,edu.to
5903,ec2-184-72-123-53.compute-1.amazonaws.com
5904,ec2-18-97-36-9.compute-1.amazonaws.com
5905,co.tj
5906,ceredigion.sch.uk
5907,s3.dualstack.cn-northwest-1.amazonaws.com.cn
5908,org.pr
5909,ec2-18-97-36-79.compute-1.amazonaws.com
5910,crown
5911,ec2-54-147-143-203.compute-1.amazonaws.com
5912,ec2-52-4-188-29.compute-1.amazonaws.com
5913,ec2-3-83-12-213.compute-1.amazonaws.com
5914,ec2-3-239-78-211.compute-1.amazonaws.com
5915,ec2-18-97-36-44.compute-1.amazonaws.com
5916,cuisinella
5917,chillout.jp
5918,s3.dualstack.us-gov-east-1.amazonaws.com
5919,nordeste-idc.saveincloud.net
5920,nflfan.org
5921,ec2-44-222-163-6.compute-1.amazonaws.com
5922,aguni.okinawa.jp
5923,s3-accesspoint.us-east-2.amazonaws.com
5924,parallel.jp
5925,ec2-52-21-194-215.compute-1.amazonaws.com
5926,ec2-34-203-58-197.compute-1.amazonaws.com
5927,ec2-3-218-185-161.compute-1.amazonaws.com
5928,cluster-cr30kecsysuc.us-east-1.rds.amazonaws.com
5929,barsyonline.com
5930,savona.it
5931,ac.ls
5932,wrexham.sch.uk
5933,org.om
5934,ec2-35-171-91-31.compute-1.amazonaws.com
5935,ec2-3-235-46-252.compute-1.amazonaws.com
5936,ec2-18-97-36-52.compute-1.amazonaws.com
5937,ec2-18-97-36-45.compute-1.amazonaws.com
5938,cluster-cpka0mtf6w1l.us-east-1.rds.amazonaws.com
5939,yokosuka.kanagawa.jp
5940,versus.jp
5941,rep.kp
5942,misawa.aomori.jp
5943,girlfriend.jp
5944,ec2-98-92-182-47.compute-1.amazonaws.com
5945,ec2-44-213-109-39.compute-1.amazonaws.com
5946,ec2-18-97-36-56.compute-1.amazonaws.com
5947,ec2-18-212-215-4.compute-1.amazonaws.com
5948,bitter.jp
5949,southeastasia.azurecontainer.io
5950,gsm.pl
5951,ec2-44-202-161-109.compute-1.amazonaws.com
5952,ec2-3-214-242-251.compute-1.amazonaws.com
5953,ec2-18-235-82-68.compute-1.amazonaws.com
5954,katagami.akita.jp
5955,eliv-dns.kr
5956,ec2-54-165-143-252.compute-1.amazonaws.com
5957,ec2-34-225-33-95.compute-1.amazonaws.com
5958,ec2-3-95-45-248.compute-1.amazonaws.com
5959,ec2-18-97-36-7.compute-1.amazonaws.com
5960,servebbs.org
5961,prvw.eu
5962,mizunami.gifu.jp
5963,ec2-54-211-138-92.compute-1.amazonaws.com
5964,ec2-44-203-77-89.compute-1.amazonaws.com
5965,ec2-18-97-36-74.compute-1.amazonaws.com
5966,c9g2u2a6gdxa.ap-southeast-1.rds.amazonaws.com
5967,studio.af-south-1.sagemaker.aws
5968,southend.sch.uk
5969,iwata.shizuoka.jp
5970,ec2-98-82-156-107.compute-1.amazonaws.com
5971,ec2-54-197-105-214.compute-1.amazonaws.com
5972,ec2-18-97-36-70.compute-1.amazonaws.com
5973,ec2-18-97-36-59.compute-1.amazonaws.com
5974,studio.eu-north-1.sagemaker.aws
5975,s3-deprecated.eu-west-1.amazonaws.com
5976,matera.it
5977,ec2-35-170-198-131.compute-1.amazonaws.com
5978,ec2-3-233-45-81.compute-1.amazonaws.com
5979,ec2-18-97-36-2.compute-1.amazonaws.com
5980,teramo.it
5981,sardinia.it
5982,modx.dev
5983,cluster021.hosting.ovh.net
5984,cluster-ro-cbriunlvtcct.us-east-1.rds.amazonaws.com
5985,bplaced.com
5986,ujitawara.kyoto.jp
5987,staba.jp
5988,ma.leg.br
5989,ec2-18-206-196-214.compute-1.amazonaws.com
5990,mima.tokushima.jp
5991,jls-sto1.elastx.net
5992,hayashima.okayama.jp
5993,freight.aero
5994,ec2-3-91-20-39.compute-1.amazonaws.com
5995,ec2-18-97-36-49.compute-1.amazonaws.com
5996,cs.in
5997,aktyubinsk.su
5998,plo.ps
5999,ec2-34-207-133-193.compute-1.amazonaws.com
6000,ec2-3-88-107-206.compute-1.amazonaws.com
6001,ec2-18-97-36-57.compute-1.amazonaws.com
6002,ec2-3-84-236-89.compute-1.amazonaws.com
6003,ec2-100-27-199-139.compute-1.amazonaws.com
6004,net.ai
6005,gov.ml
6006,ec2-44-205-219-116.compute-1.amazonaws.com
6007,ec2-3-95-138-113.compute-1.amazonaws.com
6008,ec2-3-237-100-163.compute-1.amazonaws.com
6009,ec2-107-21-23-247.compute-1.amazonaws.com
6010,mochausercontent.com
6011,ec2-89-192-211-85.compute-1.amazonaws.com
6012,ec2-89-192-101-89.compute-1.amazonaws.com
6013,ads
6014,swidnik.pl
6015,ec2-98-82-158-241.compute-1.amazonaws.com
6016,ec2-54-198-90-205.compute-1.amazonaws.com
6017,ec2-44-195-80-97.compute-1.amazonaws.com
6018,ec2-34-231-78-239.compute-1.amazonaws.com
6019,ec2-3-93-51-162.compute-1.amazonaws.com
6020,ec2-23-20-218-101.compute-1.amazonaws.com
6021,ec2-100-49-61-27.compute-1.amazonaws.com
6022,mil.py
6023,is-an-engineer.com
6024,ec2-98-82-32-158.compute-1.amazonaws.com
6025,ec2-54-204-162-77.compute-1.amazonaws.com
6026,ec2-44-212-44-191.compute-1.amazonaws.com
6027,ec2-34-238-115-99.compute-1.amazonaws.com
6028,ec2-100-48-206-200.compute-1.amazonaws.com
6029,eating-organic.net
6030,cluster027.hosting.ovh.net
6031,xn--fjq720a
6032,wakuya.miyagi.jp
6033,osasco.br
6034,mysecuritycamera.net
6035,mydissent.net
6036,edu.gd
6037,ec2-89-193-1-97.compute-1.amazonaws.com
6038,ec2-44-211-196-147.compute-1.amazonaws.com
6039,ec2-3-91-33-110.compute-1.amazonaws.com
6040,org.se
6041,lotto
6042,heavy.jp
6043,europe-west12.run.app
6044,ec2-44-193-30-237.compute-1.amazonaws.com
6045,ec2-3-84-188-67.compute-1.amazonaws.com
6046,ec2-3-235-164-113.compute-1.amazonaws.com
6047,ec2-18-97-36-62.compute-1.amazonaws.com
6048,ec2-18-97-36-16.compute-1.amazonaws.com
6049,ec2-13-222-139-24.compute-1.amazonaws.com
6050,barsy.in
6051,element--q-y-u-aj-a-g-nx-io.quipelements.com
6052,ec2-98-82-157-137.compute-1.amazonaws.com
6053,ec2-98-82-154-76.compute-1.amazonaws.com
6054,ec2-54-172-171-129.compute-1.amazonaws.com
6055,ec2-44-220-171-215.compute-1.amazonaws.com
6056,ec2-100-48-211-188.compute-1.amazonaws.com
6057,discover
6058,at-band-camp.net
6059,matsuyama.ehime.jp
6060,kikirara.jp
6061,is-gone.com
6062,endoftheinternet.org
6063,ec2-54-91-97-208.compute-1.amazonaws.com
6064,ec2-44-197-178-238.compute-1.amazonaws.com
6065,ec2-44-193-11-146.compute-1.amazonaws.com
6066,ec2-3-239-173-113.compute-1.amazonaws.com
6067,ec2-18-211-0-85.compute-1.amazonaws.com
6068,ec2-100-54-140-233.compute-1.amazonaws.com
6069,ec2-100-24-43-161.compute-1.amazonaws.com
6070,dev.futurecms.at
6071,co.gl
6072,cloudns.eu
6073,case
6074,studio.ap-northeast-1.sagemaker.aws
6075,ec2-98-82-156-207.compute-1.amazonaws.com
6076,ec2-44-202-110-22.compute-1.amazonaws.com
6077,ec2-3-91-152-67.compute-1.amazonaws.com
6078,ec2-107-21-215-215.compute-1.amazonaws.com
6079,docs
6080,uk-gov-london-1.oraclegovcloudapps.uk
6081,r.cdn77.net
6082,notebook.ap-southeast-1.sagemaker.aws
6083,from-nj.com
6084,ec2-54-196-92-33.compute-1.amazonaws.com
6085,ec2-54-196-158-18.compute-1.amazonaws.com
6086,ec2-52-90-100-127.compute-1.amazonaws.com
6087,ec2-44-203-197-187.compute-1.amazonaws.com
6088,ec2-44-193-82-199.compute-1.amazonaws.com
6089,ec2-3-91-45-137.compute-1.amazonaws.com
6090,ec2-18-97-36-72.compute-1.amazonaws.com
6091,www.compute-1.amazonaws.com
6092,org.ye
6093,namaste.jp
6094,n-somerset.sch.uk
6095,k8s.nl-ams.scw.cloud
6096,ec2-34-197-231-170.compute-1.amazonaws.com
6097,ec2-3-234-207-180.compute-1.amazonaws.com
6098,couchpotatofries.org
6099,kpn
6100,inf.cu
6101,ec2-54-85-213-244.compute-1.amazonaws.com
6102,ec2-54-174-11-96.compute-1.amazonaws.com
6103,ec2-3-226-47-193.compute-1.amazonaws.com
6104,ec2-18-233-162-226.compute-1.amazonaws.com
6105,ec2-13-222-0-221.compute-1.amazonaws.com
6106,cx39f1owh4fk.us-east-1.rds.amazonaws.com
6107,marriott
6108,ec2-44-212-51-64.compute-1.amazonaws.com
6109,ec2-44-203-187-208.compute-1.amazonaws.com
6110,ec2-34-204-74-6.compute-1.amazonaws.com
6111,ec2-3-90-69-39.compute-1.amazonaws.com
6112,cc.tx.us
6113,is-a-student.com
6114,ec2-54-90-93-4.compute-1.amazonaws.com
6115,ec2-54-237-134-120.compute-1.amazonaws.com
6116,ec2-54-173-131-162.compute-1.amazonaws.com
6117,ec2-54-144-201-180.compute-1.amazonaws.com
6118,ec2-54-144-186-81.compute-1.amazonaws.com
6119,ec2-52-4-197-23.compute-1.amazonaws.com
6120,ec2-44-213-125-175.compute-1.amazonaws.com
6121,ec2-44-204-113-9.compute-1.amazonaws.com
6122,ec2-18-97-36-68.compute-1.amazonaws.com
6123,ec2-18-97-36-5.compute-1.amazonaws.com
6124,s3-website.eu-west-3.amazonaws.com
6125,ecn.br
6126,ec2-44-201-194-191.compute-1.amazonaws.com
6127,ec2-18-97-36-46.compute-1.amazonaws.com
6128,northamerica-northeast2.run.app
6129,kofu.yamanashi.jp
6130,game-server.cc
6131,futurehosting.at
6132,ec2-54-235-237-1.compute-1.amazonaws.com
6133,ec2-52-90-137-74.compute-1.amazonaws.com
6134,ec2-50-16-241-238.compute-1.amazonaws.com
6135,ec2-44-211-143-108.compute-1.amazonaws.com
6136,ec2-3-84-163-65.compute-1.amazonaws.com
6137,ec2-23-22-0-139.compute-1.amazonaws.com
6138,dyndns-wiki.com
6139,azwestus2.snowflake.app
6140,ne.tz
6141,ec2-54-175-32-179.compute-1.amazonaws.com
6142,ec2-52-87-159-208.compute-1.amazonaws.com
6143,ec2-18-234-34-70.compute-1.amazonaws.com
6144,ec2-100-53-181-16.compute-1.amazonaws.com
6145,cluster029.hosting.ovh.net
6146,s3-accesspoint.us-east-1.amazonaws.com
6147,ec2-52-55-160-154.compute-1.amazonaws.com
6148,ec2-44-206-27-166.compute-1.amazonaws.com
6149,ec2-3-85-84-84.compute-1.amazonaws.com
6150,ec2-3-80-134-81.compute-1.amazonaws.com
6151,ec2-18-97-36-58.compute-1.amazonaws.com
6152,peterborough.sch.uk
6153,ec2-54-160-226-85.compute-1.amazonaws.com
6154,ec2-52-90-7-156.compute-1.amazonaws.com
6155,ec2-44-214-1-199.compute-1.amazonaws.com
6156,ebiz.tw
6157,s3.dualstack.ap-northeast-3.amazonaws.com
6158,opik.net
6159,ipiranga
6160,ec2-98-81-237-28.compute-1.amazonaws.com
6161,ec2-54-172-157-240.compute-1.amazonaws.com
6162,ec2-44-223-53-93.compute-1.amazonaws.com
6163,ec2-44-207-3-10.compute-1.amazonaws.com
6164,ec2-34-207-112-29.compute-1.amazonaws.com
6165,ec2-3-95-165-140.compute-1.amazonaws.com
6166,ec2-3-215-184-7.compute-1.amazonaws.com
6167,ec2-107-23-129-182.compute-1.amazonaws.com
6168,ec2-100-27-223-178.compute-1.amazonaws.com
6169,kop.id
6170,epson
6171,element--jd-g-aj-ac35-es.quipelements.com
6172,ee.eu.org
6173,ec2-52-204-209-225.compute-1.amazonaws.com
6174,ec2-34-232-51-31.compute-1.amazonaws.com
6175,ec2-3-235-60-84.compute-1.amazonaws.com
6176,ec2-3-231-208-176.compute-1.amazonaws.com
6177,ec2-18-207-228-111.compute-1.amazonaws.com
6178,ec2-174-129-137-98.compute-1.amazonaws.com
6179,ec2-100-48-69-239.compute-1.amazonaws.com
6180,jp.ngrok.io
6181,ec2-54-227-103-246.compute-1.amazonaws.com
6182,ec2-52-54-33-185.compute-1.amazonaws.com
6183,ec2-44-193-8-103.compute-1.amazonaws.com
6184,ec2-3-82-109-97.compute-1.amazonaws.com
6185,ec2-3-80-62-118.compute-1.amazonaws.com
6186,ec2-3-227-18-123.compute-1.amazonaws.com
6187,wpdevcloud.com
6188,venice.it
6189,hitachi
6190,ec2-98-82-157-231.compute-1.amazonaws.com
6191,ec2-89-192-18-224.compute-1.amazonaws.com
6192,ec2-35-170-55-131.compute-1.amazonaws.com
6193,ec2-3-238-16-169.compute-1.amazonaws.com
6194,ec2-13-218-54-115.compute-1.amazonaws.com
6195,bunkyo.tokyo.jp
6196,ot.it
6197,ec2-54-224-109-191.compute-1.amazonaws.com
6198,ec2-54-221-100-133.compute-1.amazonaws.com
6199,ec2-44-210-116-54.compute-1.amazonaws.com
6200,ec2-34-230-43-103.compute-1.amazonaws.com
6201,ec2-100-54-122-11.compute-1.amazonaws.com
6202,smart
6203,kamakura.kanagawa.jp
6204,greenwich.sch.uk
6205,grafana-dev.net
6206,gov.nr
6207,ec2-89-192-18-231.compute-1.amazonaws.com
6208,ec2-54-160-215-231.compute-1.amazonaws.com
6209,ec2-34-201-4-185.compute-1.amazonaws.com
6210,ec2-18-235-177-11.compute-1.amazonaws.com
6211,ec2-13-220-6-183.compute-1.amazonaws.com
6212,ec2-13-218-158-123.compute-1.amazonaws.com
6213,a.metaaiusercontent.com
6214,waltham.sch.uk
6215,net.sy
6216,ec2-98-89-23-171.compute-1.amazonaws.com
6217,ec2-98-81-35-37.compute-1.amazonaws.com
6218,ec2-50-19-54-253.compute-1.amazonaws.com
6219,ec2-3-91-39-224.compute-1.amazonaws.com
6220,ec2-3-88-171-18.compute-1.amazonaws.com
6221,ec2-3-220-116-175.compute-1.amazonaws.com
6222,de-2.tst.site
6223,nsw.au
6224,my.be
6225,like
6226,is-slick.com
6227,hr.eu.org
6228,fie.ee
6229,ec2-98-89-48-189.compute-1.amazonaws.com
6230,ec2-44-212-50-106.compute-1.amazonaws.com
6231,ec2-3-88-156-205.compute-1.amazonaws.com
6232,ec2-3-237-72-45.compute-1.amazonaws.com
6233,ec2-3-218-194-106.compute-1.amazonaws.com
6234,ec2-18-97-36-48.compute-1.amazonaws.com
6235,ec2-100-53-108-255.compute-1.amazonaws.com
6236,ec2-100-31-5-199.compute-1.amazonaws.com
6237,e-renfrew.sch.uk
6238,viterbo.it
6239,reggioemilia.it
6240,kumiyama.kyoto.jp
6241,itoman.okinawa.jp
6242,ikoma.nara.jp
6243,gov.sh
6244,ec2-3-93-197-120.compute-1.amazonaws.com
6245,ec2-3-216-90-72.compute-1.amazonaws.com
6246,ec2-18-234-31-203.compute-1.amazonaws.com
6247,zombie.jp
6248,mymailer.com.tw
6249,law.pro
6250,ingress-haven.ewp.live
6251,ec2-98-90-201-108.compute-1.amazonaws.com
6252,ec2-54-237-157-176.compute-1.amazonaws.com
6253,ec2-54-159-9-204.compute-1.amazonaws.com
6254,ec2-34-226-140-242.compute-1.amazonaws.com
6255,ec2-3-229-202-201.compute-1.amazonaws.com
6256,ec2-13-221-244-165.compute-1.amazonaws.com
6257,bolzano.it
6258,bergen.no
6259,webspace.rocks
6260,thick.jp
6261,potenza.it
6262,krasnik.pl
6263,ec2-52-207-255-252.compute-1.amazonaws.com
6264,ec2-34-201-92-236.compute-1.amazonaws.com
6265,ec2-3-80-127-153.compute-1.amazonaws.com
6266,ec2-3-216-36-226.compute-1.amazonaws.com
6267,xn--o1ac.xn--90a3ac
6268,lib.nh.us
6269,it-mil-1.linodeobjects.com
6270,es.eu.org
6271,ec2-89-192-18-216.compute-1.amazonaws.com
6272,ec2-52-70-113-150.compute-1.amazonaws.com
6273,ec2-44-220-159-152.compute-1.amazonaws.com
6274,ec2-18-209-227-145.compute-1.amazonaws.com
6275,whm.fr-par.scw.cloud
6276,is-found.org
6277,is-a-doctor.com
6278,is-a-chef.com
6279,independent-panel.uk
6280,ec2-32-195-61-64.compute-1.amazonaws.com
6281,ec2-100-30-103-17.compute-1.amazonaws.com
6282,au.ngrok.io
6283,s3-accesspoint.eu-west-1.amazonaws.com
6284,from-me.org
6285,ec2-98-88-77-210.compute-1.amazonaws.com
6286,ec2-52-202-67-10.compute-1.amazonaws.com
6287,ec2-34-236-152-53.compute-1.amazonaws.com
6288,ec2-3-238-52-163.compute-1.amazonaws.com
6289,ec2-3-223-252-193.compute-1.amazonaws.com
6290,ec2-100-55-40-62.compute-1.amazonaws.com
6291,deci.jp
6292,boavista.br
6293,jp-osa-1.linodeobjects.com
6294,independent-inquiry.uk
6295,ec2-98-81-106-150.compute-1.amazonaws.com
6296,ec2-44-205-107-218.compute-1.amazonaws.com
6297,ec2-44-203-75-8.compute-1.amazonaws.com
6298,ec2-44-201-222-95.compute-1.amazonaws.com
6299,ec2-44-197-173-45.compute-1.amazonaws.com
6300,ec2-3-225-172-192.compute-1.amazonaws.com
6301,ec2-18-210-175-135.compute-1.amazonaws.com
6302,avellino.it
6303,tecnologia.bo
6304,leczna.pl
6305,from-la.net
6306,ec2-44-222-202-146.compute-1.amazonaws.com
6307,ec2-3-216-23-243.compute-1.amazonaws.com
6308,ec2-100-53-58-47.compute-1.amazonaws.com
6309,dontexist.org
6310,cc.ms.us
6311,ae.kg
6312,s3.dualstack.eu-central-2.amazonaws.com
6313,myspreadshop.ie
6314,mil.no
6315,memset.net
6316,krasnodar.su
6317,gsj.bz
6318,ec2-54-173-248-96.compute-1.amazonaws.com
6319,ec2-32-195-88-255.compute-1.amazonaws.com
6320,ec2-3-90-243-30.compute-1.amazonaws.com
6321,ec2-13-222-227-32.compute-1.amazonaws.com
6322,bostik
6323,website-us-lax-1.linodeobjects.com
6324,on-aptible.com
6325,mtn
6326,minoh.osaka.jp
6327,hungry.jp
6328,ec2-54-234-100-174.compute-1.amazonaws.com
6329,ec2-54-157-233-47.compute-1.amazonaws.com
6330,ec2-44-205-15-44.compute-1.amazonaws.com
6331,ec2-3-208-5-211.compute-1.amazonaws.com
6332,awsapsoutheast1sg.snowflake.app
6333,morioka.iwate.jp
6334,ec2-54-86-7-253.compute-1.amazonaws.com
6335,ec2-52-44-135-6.compute-1.amazonaws.com
6336,ec2-44-208-20-42.compute-1.amazonaws.com
6337,ec2-34-201-69-195.compute-1.amazonaws.com
6338,ec2-13-222-51-79.compute-1.amazonaws.com
6339,barsyonline.co.uk
6340,au.eu.org
6341,health-carereform.com
6342,ec2-52-206-205-81.compute-1.amazonaws.com
6343,ec2-3-239-248-29.compute-1.amazonaws.com
6344,ec2-18-207-222-242.compute-1.amazonaws.com
6345,s3.k2.cloud
6346,gloomy.jp
6347,ec2-44-202-162-125.compute-1.amazonaws.com
6348,bss.design
6349,xn--s9brj9c
6350,wegrow.pl
6351,on-the-web.tv
6352,ltd.lk
6353,ingress-comporellon.ewp.live
6354,hotel.hu
6355,homesecuritymac.com
6356,ec2-89-193-229-158.compute-1.amazonaws.com
6357,ec2-54-82-98-7.compute-1.amazonaws.com
6358,ec2-52-3-32-211.compute-1.amazonaws.com
6359,ec2-13-219-98-185.compute-1.amazonaws.com
6360,ec2-54-221-39-34.compute-1.amazonaws.com
6361,ec2-54-210-122-14.compute-1.amazonaws.com
6362,ec2-52-6-51-80.compute-1.amazonaws.com
6363,xn--90a1af.xn--p1acf
6364,toda.saitama.jp
6365,tn.oxa.cloud
6366,lima-city.at
6367,fentiger.mythic-beasts.com
6368,er.in
6369,ec2-52-202-60-86.compute-1.amazonaws.com
6370,ec2-3-225-166-233.compute-1.amazonaws.com
6371,ec2-100-49-128-97.compute-1.amazonaws.com
6372,ec2-100-31-202-67.compute-1.amazonaws.com
6373,bib.br
6374,sondrio.it
6375,soc.lk
6376,mittwald.info
6377,ec2-44-193-193-44.compute-1.amazonaws.com
6378,ec2-34-226-44-111.compute-1.amazonaws.com
6379,ec2-34-203-175-187.compute-1.amazonaws.com
6380,ec2-32-195-194-121.compute-1.amazonaws.com
6381,ec2-32-192-200-210.compute-1.amazonaws.com
6382,ec2-3-232-246-98.compute-1.amazonaws.com
6383,ec2-107-21-169-169.compute-1.amazonaws.com
6384,netflix
6385,mil.gh
6386,laspezia.it
6387,kanonji.kagawa.jp
6388,is-a-rockstar.com
6389,enna.it
6390,ec2-54-156-39-101.compute-1.amazonaws.com
6391,ec2-44-194-117-14.compute-1.amazonaws.com
6392,ec2-32-195-239-175.compute-1.amazonaws.com
6393,digick.jp
6394,xn--4gbrim
6395,ec2-52-87-118-101.compute-1.amazonaws.com
6396,ec2-50-17-214-25.compute-1.amazonaws.com
6397,ec2-44-203-104-179.compute-1.amazonaws.com
6398,ec2-44-201-174-155.compute-1.amazonaws.com
6399,ec2-3-81-42-93.compute-1.amazonaws.com
6400,ec2-3-228-94-50.compute-1.amazonaws.com
6401,ec2-18-234-194-236.compute-1.amazonaws.com
6402,rome.it
6403,ec2-98-88-76-36.compute-1.amazonaws.com
6404,ec2-52-207-140-239.compute-1.amazonaws.com
6405,ec2-3-90-26-49.compute-1.amazonaws.com
6406,2ix.ch
6407,stat.no
6408,me.eu.org
6409,is-saved.org
6410,eu-6.magentosite.cloud
6411,ec2-44-221-196-12.compute-1.amazonaws.com
6412,ec2-44-215-181-197.compute-1.amazonaws.com
6413,ec2-32-195-242-233.compute-1.amazonaws.com
6414,ec2-3-88-186-248.compute-1.amazonaws.com
6415,ec2-100-53-35-191.compute-1.amazonaws.com
6416,caj8issxwkbd.us-west-2.rds.amazonaws.com
6417,pecori.jp
6418,hitachiota.ibaraki.jp
6419,grp.lk
6420,greater.jp
6421,from-ia.com
6422,ec2-35-169-1-26.compute-1.amazonaws.com
6423,ec2-32-195-117-174.compute-1.amazonaws.com
6424,ec2-32-194-215-60.compute-1.amazonaws.com
6425,ec2-3-217-130-61.compute-1.amazonaws.com
6426,cc.nm.us
6427,au.snowflake.app
6428,2ix.at
6429,windows
6430,user.srcf.net
6431,edu.km
6432,ec2-54-234-127-252.compute-1.amazonaws.com
6433,ec2-3-86-251-66.compute-1.amazonaws.com
6434,cbmeg89ew43m.us-west-1.rds.amazonaws.com
6435,akiruno.tokyo.jp
6436,york.sch.uk
6437,kushiro.hokkaido.jp
6438,khmelnytskyi.ua
6439,fashionstore.jp
6440,ec2-32-196-240-143.compute-1.amazonaws.com
6441,ec2-3-235-249-30.compute-1.amazonaws.com
6442,ec2-107-21-57-231.compute-1.amazonaws.com
6443,zara
6444,pinoko.jp
6445,nishikatsura.yamanashi.jp
6446,es.leg.br
6447,ec2-52-45-59-100.compute-1.amazonaws.com
6448,ec2-44-193-127-125.compute-1.amazonaws.com
6449,ec2-32-193-4-16.compute-1.amazonaws.com
6450,ec2-100-53-217-6.compute-1.amazonaws.com
6451,nishinoomote.kagoshima.jp
6452,from-va.com
6453,ec2-98-81-4-226.compute-1.amazonaws.com
6454,ec2-52-7-152-202.compute-1.amazonaws.com
6455,ec2-34-229-155-127.compute-1.amazonaws.com
6456,jdf.br
6457,ec2-98-84-175-73.compute-1.amazonaws.com
6458,ec2-34-227-36-214.compute-1.amazonaws.com
6459,ec2-100-28-252-28.compute-1.amazonaws.com
6460,barueri.br
6461,machida.tokyo.jp
6462,likes-pie.com
6463,idrett.no
6464,hadano.kanagawa.jp
6465,ec2-54-161-193-133.compute-1.amazonaws.com
6466,ec2-54-158-164-13.compute-1.amazonaws.com
6467,ec2-52-1-102-70.compute-1.amazonaws.com
6468,0g0.jp
6469,s3.dualstack.ap-southeast-4.amazonaws.com
6470,ru.eu.org
6471,privatizehealthinsurance.net
6472,element-e-w-j-aj-a-hh-o-xa.quipelements.com
6473,ec2-32-196-185-80.compute-1.amazonaws.com
6474,capoo.jp
6475,pt.eu.org
6476,net.uz
6477,miyashiro.saitama.jp
6478,for-better.biz
6479,ec2-3-212-3-139.compute-1.amazonaws.com
6480,cutegirl.jp
6481,blackpool.sch.uk
6482,bathnes.sch.uk
6483,kusatsu.shiga.jp
6484,ec2-52-45-233-130.compute-1.amazonaws.com
6485,ec2-3-81-98-229.compute-1.amazonaws.com
6486,ec2-3-222-241-32.compute-1.amazonaws.com
6487,ec2-3-216-172-79.compute-1.amazonaws.com
6488,ec2-13-221-179-82.compute-1.amazonaws.com
6489,ec2-100-31-234-221.compute-1.amazonaws.com
6490,floppy.jp
6491,ec2-98-89-14-24.compute-1.amazonaws.com
6492,ec2-89-193-229-153.compute-1.amazonaws.com
6493,ec2-52-87-253-198.compute-1.amazonaws.com
6494,ec2-52-22-68-189.compute-1.amazonaws.com
6495,ec2-52-1-174-20.compute-1.amazonaws.com
6496,ec2-3-232-164-247.compute-1.amazonaws.com
6497,transfer-webapp.us-east-1.on.aws
6498,smtp.magentosite.cloud
6499,mmafan.biz
6500,iamallama.com
6501,ec2-98-95-92-7.compute-1.amazonaws.com
6502,ec2-52-86-84-194.compute-1.amazonaws.com
6503,ec2-3-228-204-222.compute-1.amazonaws.com
6504,ec2-3-219-99-33.compute-1.amazonaws.com
6505,ec2-18-208-59-49.compute-1.amazonaws.com
6506,ec2-15-220-121-35.compute-1.amazonaws.com
6507,dlugoleka.pl
6508,cluster007.hosting.ovh.net
6509,boldlygoingnowhere.org
6510,pabianice.pl
6511,nuoro.it
6512,nishiawakura.okayama.jp
6513,jls-sto2.elastx.net
6514,ex.futurecms.at
6515,eu-4.magentosite.cloud
6516,ec2-54-235-31-250.compute-1.amazonaws.com
6517,ec2-52-6-254-186.compute-1.amazonaws.com
6518,ec2-3-224-167-162.compute-1.amazonaws.com
6519,ec2-3-221-109-144.compute-1.amazonaws.com
6520,addon.code.run
6521,travel.in
6522,ngo.lk
6523,mil.by
6524,mil.bo
6525,edu.ml
6526,ec2-98-85-252-148.compute-1.amazonaws.com
6527,ec2-44-212-224-161.compute-1.amazonaws.com
6528,ec2-35-175-189-82.compute-1.amazonaws.com
6529,ec2-34-226-140-173.compute-1.amazonaws.com
6530,ec2-3-85-21-202.compute-1.amazonaws.com
6531,ap-east-1.elasticbeanstalk.com
6532,studio.eu-central-1.sagemaker.aws
6533,macerata.it
6534,emrstudio-prod.us-east-1.amazonaws.com
6535,ec2-98-80-15-242.compute-1.amazonaws.com
6536,ec2-54-82-55-113.compute-1.amazonaws.com
6537,ec2-54-205-132-122.compute-1.amazonaws.com
6538,ec2-54-144-112-202.compute-1.amazonaws.com
6539,ec2-52-4-75-128.compute-1.amazonaws.com
6540,ec2-52-22-119-135.compute-1.amazonaws.com
6541,ec2-52-21-84-213.compute-1.amazonaws.com
6542,ec2-44-201-111-140.compute-1.amazonaws.com
6543,ec2-35-172-17-188.compute-1.amazonaws.com
6544,ec2-34-226-252-42.compute-1.amazonaws.com
6545,ec2-184-72-138-217.compute-1.amazonaws.com
6546,ec2-107-20-57-252.compute-1.amazonaws.com
6547,assn.lk
6548,arvo.network
6549,mutual.ar
6550,misato.shimane.jp
6551,force1.awdev.ca
6552,eu-milan-1.oci.customer-oci.com
6553,ec2-54-167-202-254.compute-1.amazonaws.com
6554,ec2-52-202-96-212.compute-1.amazonaws.com
6555,ec2-44-205-97-198.compute-1.amazonaws.com
6556,ec2-35-174-57-23.compute-1.amazonaws.com
6557,ec2-34-225-165-190.compute-1.amazonaws.com
6558,ec2-3-231-72-45.compute-1.amazonaws.com
6559,dundeecity.sch.uk
6560,ca.in
6561,s3-object-lambda.us-west-2.amazonaws.com
6562,net.jm
6563,golffan.us
6564,ec2-98-80-203-133.compute-1.amazonaws.com
6565,ec2-54-88-142-103.compute-1.amazonaws.com
6566,ec2-54-205-122-41.compute-1.amazonaws.com
6567,ec2-44-215-219-236.compute-1.amazonaws.com
6568,ec2-34-227-99-121.compute-1.amazonaws.com
6569,ec2-3-225-148-50.compute-1.amazonaws.com
6570,dyndns.dappnode.io
6571,dubai
6572,kirara.st
6573,handcrafted.jp
6574,ec2-52-207-76-179.compute-1.amazonaws.com
6575,ec2-52-20-70-1.compute-1.amazonaws.com
6576,ec2-44-200-157-106.compute-1.amazonaws.com
6577,ec2-34-202-228-190.compute-1.amazonaws.com
6578,ec2-18-234-249-0.compute-1.amazonaws.com
6579,co.mg
6580,yalta.ua
6581,rel.pl
6582,hanyu.saitama.jp
6583,fr-par-1.linodeobjects.com
6584,ec2-44-196-94-106.compute-1.amazonaws.com
6585,okawa.kochi.jp
6586,it1.eur.aruba.jenv-aruba.cloud
6587,gorizia.it
6588,ec2-54-196-193-159.compute-1.amazonaws.com
6589,ec2-34-203-126-0.compute-1.amazonaws.com
6590,ec2-34-193-171-116.compute-1.amazonaws.com
6591,ec2-32-195-36-108.compute-1.amazonaws.com
6592,ec2-32-194-109-142.compute-1.amazonaws.com
6593,ec2-3-221-141-237.compute-1.amazonaws.com
6594,ec2-3-217-166-173.compute-1.amazonaws.com
6595,ec2-13-221-242-167.compute-1.amazonaws.com
6596,po.it
6597,firmdale
6598,ec2-98-95-150-158.compute-1.amazonaws.com
6599,ec2-52-73-221-219.compute-1.amazonaws.com
6600,ec2-52-71-232-152.compute-1.amazonaws.com
6601,ec2-52-5-43-61.compute-1.amazonaws.com
6602,ec2-34-230-221-101.compute-1.amazonaws.com
6603,ec2-23-20-148-186.compute-1.amazonaws.com
6604,ec2-18-214-178-10.compute-1.amazonaws.com
6605,umso.co
6606,matsumoto.nagano.jp
6607,internet.in
6608,ec2-54-80-219-230.compute-1.amazonaws.com
6609,ec2-52-20-211-222.compute-1.amazonaws.com
6610,co.bb
6611,c7cxawhzaotb.af-south-1.rds.amazonaws.com
6612,xn--wcvs22d.xn--j6w193g
6613,torbay.sch.uk
6614,natori.miyagi.jp
6615,ec2-54-156-51-63.compute-1.amazonaws.com
6616,ec2-34-195-34-99.compute-1.amazonaws.com
6617,ec2-3-234-170-24.compute-1.amazonaws.com
6618,com.ms
6619,oristano.it
6620,fr-1.platformsh.site
6621,ec2-54-160-16-26.compute-1.amazonaws.com
6622,ec2-52-86-29-70.compute-1.amazonaws.com
6623,ec2-52-207-80-38.compute-1.amazonaws.com
6624,ec2-52-200-91-88.compute-1.amazonaws.com
6625,ec2-50-19-60-252.compute-1.amazonaws.com
6626,ec2-3-215-101-233.compute-1.amazonaws.com
6627,thurrock.sch.uk
6628,shika.ishikawa.jp
6629,no-ip.co.uk
6630,net.cu
6631,for-our.info
6632,ec2-54-80-250-149.compute-1.amazonaws.com
6633,ec2-54-160-216-183.compute-1.amazonaws.com
6634,ec2-52-73-25-221.compute-1.amazonaws.com
6635,ec2-44-197-106-12.compute-1.amazonaws.com
6636,ec2-32-193-203-206.compute-1.amazonaws.com
6637,ec2-3-90-14-39.compute-1.amazonaws.com
6638,ec2-3-230-62-240.compute-1.amazonaws.com
6639,ec2-18-233-229-191.compute-1.amazonaws.com
6640,customer.speedpartner.de
6641,cgaf8set508y.us-east-1.rds.amazonaws.com
6642,prvcy.page
6643,potager.org
6644,mihara.hiroshima.jp
6645,lib.or.us
6646,isa-geek.net
6647,ec2-54-175-62-25.compute-1.amazonaws.com
6648,ec2-34-230-174-64.compute-1.amazonaws.com
6649,ec2-34-199-229-234.compute-1.amazonaws.com
6650,ec2-18-209-243-58.compute-1.amazonaws.com
6651,babymilk.jp
6652,ap-hyderabad-1.oraclecloudapps.com
6653,vercel.dev
6654,se-sto-1.linodeobjects.com
6655,s3-accesspoint.us-gov-east-1.amazonaws.com
6656,no.eu.org
6657,ec2-54-208-84-168.compute-1.amazonaws.com
6658,ec2-44-209-32-89.compute-1.amazonaws.com
6659,ec2-34-194-12-154.compute-1.amazonaws.com
6660,itv
6661,ec2-54-87-236-154.compute-1.amazonaws.com
6662,ec2-54-196-208-134.compute-1.amazonaws.com
6663,ec2-54-172-245-210.compute-1.amazonaws.com
6664,ec2-44-211-171-239.compute-1.amazonaws.com
6665,ec2-34-193-119-44.compute-1.amazonaws.com
6666,ec2-3-237-104-202.compute-1.amazonaws.com
6667,abbvie
6668,name.hr
6669,in.futurecms.at
6670,ec2-52-73-153-168.compute-1.amazonaws.com
6671,ec2-52-204-228-36.compute-1.amazonaws.com
6672,ec2-44-196-125-45.compute-1.amazonaws.com
6673,ec2-34-232-214-120.compute-1.amazonaws.com
6674,assabu.hokkaido.jp
6675,x.mythic-beasts.com
6676,wake.okayama.jp
6677,kuwana.mie.jp
6678,khmelnitskiy.ua
6679,ec2-54-89-116-4.compute-1.amazonaws.com
6680,ec2-54-147-136-214.compute-1.amazonaws.com
6681,ec2-44-204-1-211.compute-1.amazonaws.com
6682,ec2-100-26-174-104.compute-1.amazonaws.com
6683,c61.us-east-1.airflow.amazonaws.com
6684,hatsukaichi.hiroshima.jp
6685,from-ga.com
6686,ec2-54-242-32-119.compute-1.amazonaws.com
6687,ec2-54-196-237-182.compute-1.amazonaws.com
6688,ec2-52-87-177-80.compute-1.amazonaws.com
6689,ec2-34-206-34-220.compute-1.amazonaws.com
6690,ec2-100-50-226-18.compute-1.amazonaws.com
6691,c34.us-east-1.airflow.amazonaws.com
6692,blr1.vultrobjects.com
6693,net.ir
6694,liverpool.sch.uk
6695,is-very-nice.org
6696,from-ok.com
6697,ec2-54-90-120-211.compute-1.amazonaws.com
6698,ec2-52-70-229-26.compute-1.amazonaws.com
6699,ec2-35-153-230-255.compute-1.amazonaws.com
6700,caaiwm0vdlom.us-east-1.rds.amazonaws.com
6701,si.eu.org
6702,is-leet.com
6703,health.vn
6704,gjovik.no
6705,ec2-35-173-173-30.compute-1.amazonaws.com
6706,ec2-13-220-56-187.compute-1.amazonaws.com
6707,cosenza.it
6708,ap-southeast-4.elb.amazonaws.com
6709,edu.gn
6710,ec2-54-204-24-43.compute-1.amazonaws.com
6711,ec2-52-206-204-68.compute-1.amazonaws.com
6712,ec2-44-209-116-128.compute-1.amazonaws.com
6713,ec2-3-90-223-191.compute-1.amazonaws.com
6714,penne.jp
6715,mobi.ke
6716,mino.gifu.jp
6717,mil.lv
6718,kiloapps.io
6719,forgot.his.name
6720,ec2-54-224-209-88.compute-1.amazonaws.com
6721,ec2-52-205-186-30.compute-1.amazonaws.com
6722,ec2-44-202-214-72.compute-1.amazonaws.com
6723,ec2-44-198-137-64.compute-1.amazonaws.com
6724,ec2-44-194-185-204.compute-1.amazonaws.com
6725,ec2-34-196-144-254.compute-1.amazonaws.com
6726,ec2-18-207-125-212.compute-1.amazonaws.com
6727,dyn-ip24.de
6728,mobi.ng
6729,joetsu.niigata.jp
6730,jeju.kr
6731,framer.wiki
6732,ec2-98-94-249-101.compute-1.amazonaws.com
6733,ec2-54-161-106-45.compute-1.amazonaws.com
6734,ec2-44-222-229-112.compute-1.amazonaws.com
6735,ec2-3-82-23-72.compute-1.amazonaws.com
6736,tahara.aichi.jp
6737,portsmouth.sch.uk
6738,miniserver.com
6739,is-very-evil.org
6740,ec2-54-204-241-205.compute-1.amazonaws.com
6741,ec2-54-147-178-212.compute-1.amazonaws.com
6742,ec2-32-195-185-90.compute-1.amazonaws.com
6743,angry.jp
6744,africa-south1.run.app
6745,v.bg
6746,salford.sch.uk
6747,s3.dualstack.cn-north-1.amazonaws.com.cn
6748,hu.eu.org
6749,grozny.ru
6750,execute-api.me-central-1.amazonaws.com
6751,edu.pg
6752,ec2-98-85-144-30.compute-1.amazonaws.com
6753,cocotte.jp
6754,at.ex.ortsinfo.at
6755,12hp.ch
6756,from-ut.com
6757,edu.kp
6758,ec2-54-83-60-46.compute-1.amazonaws.com
6759,ec2-52-2-91-163.compute-1.amazonaws.com
6760,ec2-44-205-141-66.compute-1.amazonaws.com
6761,ec2-18-211-240-130.compute-1.amazonaws.com
6762,demo.magentosite.cloud
6763,cj8yu64ke08s.us-east-2.rds.amazonaws.com
6764,canva-hosted-embed.com
6765,ven.it
6766,tm.mc
6767,me-jeddah-1.oraclecloudapps.com
6768,lib.ut.us
6769,ec2-35-173-186-81.compute-1.amazonaws.com
6770,ec2-100-25-76-242.compute-1.amazonaws.com
6771,cheap.jp
6772,ca.eu.org
6773,blush.jp
6774,ro.eu.org
6775,lima-city.ch
6776,higashihiroshima.hiroshima.jp
6777,from-co.net
6778,ec2-54-211-103-79.compute-1.amazonaws.com
6779,ec2-35-153-17-128.compute-1.amazonaws.com
6780,ec2-34-238-172-224.compute-1.amazonaws.com
6781,ec2-3-219-79-151.compute-1.amazonaws.com
6782,ec2-3-215-102-10.compute-1.amazonaws.com
6783,org.gn
6784,browser-ai-includes.s.brave.app
6785,s3-accesspoint.ap-southeast-2.amazonaws.com
6786,lib.ar.us
6787,jprs
6788,fukui.fukui.jp
6789,ec2-52-72-42-243.compute-1.amazonaws.com
6790,ec2-52-202-236-130.compute-1.amazonaws.com
6791,ec2-34-237-35-85.compute-1.amazonaws.com
6792,ec2-34-192-137-133.compute-1.amazonaws.com
6793,ec2-3-95-138-121.compute-1.amazonaws.com
6794,ci1lucrrgnjc.us-east-1.rds.amazonaws.com
6795,awseuwest2.snowflake.app
6796,southampton.sch.uk
6797,onomichi.hiroshima.jp
6798,net.ky
6799,nanyo.yamagata.jp
6800,ec2-34-232-178-166.compute-1.amazonaws.com
6801,ec2-3-209-81-179.compute-1.amazonaws.com
6802,dyndns-blog.com
6803,bournemouth.sch.uk
6804,xn--cck2b3b
6805,wolverhampton.sch.uk
6806,ravendb.community
6807,morena.br
6808,ec2-98-89-204-118.compute-1.amazonaws.com
6809,ec2-98-84-127-78.compute-1.amazonaws.com
6810,ec2-89-193-229-148.compute-1.amazonaws.com
6811,ec2-54-89-82-41.compute-1.amazonaws.com
6812,ec2-34-192-178-245.compute-1.amazonaws.com
6813,ec2-3-219-230-3.compute-1.amazonaws.com
6814,ec2-184-73-232-58.compute-1.amazonaws.com
6815,ec2-184-73-184-131.compute-1.amazonaws.com
6816,ec2-18-215-185-142.compute-1.amazonaws.com
6817,ec2-18-204-85-51.compute-1.amazonaws.com
6818,ec2-107-22-13-228.compute-1.amazonaws.com
6819,ec2-100-28-191-174.compute-1.amazonaws.com
6820,save
6821,lugansk.ua
6822,labeling.us-west-2.sagemaker.aws
6823,komaki.aichi.jp
6824,in.ngrok.io
6825,ec2-3-229-166-101.compute-1.amazonaws.com
6826,catholic
6827,ap-4.magentosite.cloud
6828,aosta.it
6829,xn--rvc1e0am3e
6830,xn--fzc2c9e2c
6831,us-chicago-1.oraclecloudapps.com
6832,prudential
6833,pixolino.com
6834,org.lc
6835,ec2-98-91-217-19.compute-1.amazonaws.com
6836,ec2-98-86-177-193.compute-1.amazonaws.com
6837,ec2-54-210-43-69.compute-1.amazonaws.com
6838,ec2-54-164-80-26.compute-1.amazonaws.com
6839,ec2-54-158-9-228.compute-1.amazonaws.com
6840,ec2-34-236-7-233.compute-1.amazonaws.com
6841,williamhill
6842,ric.jelastic.vps-host.net
6843,org.kp
6844,kawagoe.saitama.jp
6845,execute-api.ap-northeast-3.amazonaws.com
6846,ec2-35-174-123-65.compute-1.amazonaws.com
6847,ec2-3-89-149-239.compute-1.amazonaws.com
6848,ec2-18-210-248-27.compute-1.amazonaws.com
6849,ec2-107-21-166-65.compute-1.amazonaws.com
6850,chieti.it
6851,am.leg.br
6852,ec2-54-83-131-69.compute-1.amazonaws.com
6853,ec2-52-6-191-28.compute-1.amazonaws.com
6854,ec2-44-197-69-118.compute-1.amazonaws.com
6855,ec2-3-91-21-83.compute-1.amazonaws.com
6856,cps4sou0mpdm.ap-southeast-1.rds.amazonaws.com
6857,rotherham.sch.uk
6858,org.bi
6859,ec2-52-21-227-35.compute-1.amazonaws.com
6860,ec2-3-220-217-95.compute-1.amazonaws.com
6861,chigasaki.kanagawa.jp
6862,campinagrande.br
6863,ato.br
6864,argyll-bute.sch.uk
6865,ssl.origin.cdn77-secure.org
6866,net.pa
6867,mysecuritycamera.org
6868,lib.ks.us
6869,ec2-44-219-165-61.compute-1.amazonaws.com
6870,ec2-3-212-128-202.compute-1.amazonaws.com
6871,ec2-3-209-34-118.compute-1.amazonaws.com
6872,us-northeast-1.compute.amazonaws.com
6873,nagasaki.nagasaki.jp
6874,me-south-1.elasticbeanstalk.com
6875,kounosu.saitama.jp
6876,kokubunji.tokyo.jp
6877,is-a-chef.net
6878,for-more.biz
6879,edu.sc
6880,ec2-98-88-36-219.compute-1.amazonaws.com
6881,ec2-54-209-32-124.compute-1.amazonaws.com
6882,ec2-54-159-251-243.compute-1.amazonaws.com
6883,ec2-54-147-5-20.compute-1.amazonaws.com
6884,cn-northwest-1.eb.amazonaws.com.cn
6885,ci.it
6886,catanzaro.it
6887,siiites.com
6888,execute-api.ap-south-2.amazonaws.com
6889,ethos49-prod-va7.dev.adobeaemcloud.com
6890,ec2-54-84-114-178.compute-1.amazonaws.com
6891,ec2-54-243-107-166.compute-1.amazonaws.com
6892,ec2-23-20-45-252.compute-1.amazonaws.com
6893,ec2-18-213-209-109.compute-1.amazonaws.com
6894,crotone.it
6895,se.eu.org
6896,pvh.br
6897,orangecloud.tn
6898,neat-url.com
6899,n-lanark.sch.uk
6900,is-a-techie.com
6901,ggf.br
6902,ec2-52-87-65-167.compute-1.amazonaws.com
6903,ec2-100-29-192-8.compute-1.amazonaws.com
6904,s3-accesspoint.dualstack.eu-north-1.amazonaws.com
6905,forum.hu
6906,emrnotebooks-prod.eu-west-1.amazonaws.com
6907,ec2-54-84-123-42.compute-1.amazonaws.com
6908,ec2-44-215-153-160.compute-1.amazonaws.com
6909,ec2-3-228-160-244.compute-1.amazonaws.com
6910,ec2-3-223-167-178.compute-1.amazonaws.com
6911,ec2-100-25-84-195.compute-1.amazonaws.com
6912,co.bd
6913,at.ex.futurecms.at
6914,ec2-98-90-43-197.compute-1.amazonaws.com
6915,ec2-34-230-26-166.compute-1.amazonaws.com
6916,chernivtsi.ua
6917,180r.com
6918,xn--1qqw23a
6919,readymade.jp
6920,kimino.wakayama.jp
6921,is-local.org
6922,ec2-54-161-255-158.compute-1.amazonaws.com
6923,ec2-44-203-107-116.compute-1.amazonaws.com
6924,ec2-34-227-150-76.compute-1.amazonaws.com
6925,ec2-3-225-111-100.compute-1.amazonaws.com
6926,ec2-3-218-164-168.compute-1.amazonaws.com
6927,ec2-18-234-10-207.compute-1.amazonaws.com
6928,cherkassy.ua
6929,alpha-myqnapcloud.com
6930,ec2-98-92-121-46.compute-1.amazonaws.com
6931,ec2-54-88-169-116.compute-1.amazonaws.com
6932,ec2-54-152-81-7.compute-1.amazonaws.com
6933,ec2-44-212-135-77.compute-1.amazonaws.com
6934,ec2-35-175-163-127.compute-1.amazonaws.com
6935,ec2-13-222-166-14.compute-1.amazonaws.com
6936,det.br
6937,tagajo.miyagi.jp
6938,from-sc.com
6939,from-ma.com
6940,ec2-98-84-223-204.compute-1.amazonaws.com
6941,ec2-54-243-226-44.compute-1.amazonaws.com
6942,ec2-3-216-34-97.compute-1.amazonaws.com
6943,ec2-18-210-185-13.compute-1.amazonaws.com
6944,dvr
6945,cmczo9wiials.ap-east-1.rds.amazonaws.com
6946,agrigento.it
6947,santoandre.br
6948,imakane.hokkaido.jp
6949,ie.eu.org
6950,es-mad-1.linodeobjects.com
6951,ec2-52-22-130-126.compute-1.amazonaws.com
6952,ec2-35-169-16-20.compute-1.amazonaws.com
6953,ec2-100-29-192-124.compute-1.amazonaws.com
6954,boomla.net
6955,mypets.ws
6956,kamaishi.iwate.jp
6957,ec2-54-226-251-61.compute-1.amazonaws.com
6958,ec2-54-196-130-160.compute-1.amazonaws.com
6959,ec2-44-210-87-232.compute-1.amazonaws.com
6960,ec2-34-204-223-64.compute-1.amazonaws.com
6961,ec2-3-95-11-132.compute-1.amazonaws.com
6962,c0.airflow.us-east-1.on.aws
6963,benevento.it
6964,xn--ygbi2ammx
6965,sdmntprcacentral.oaiusercontent.com
6966,s3-accesspoint.ap-northeast-1.amazonaws.com
6967,pages.torproject.net
6968,org.sb
6969,kropyvnytskyi.ua
6970,element--xd-j-aj-a-n5-jbi.quipelements.com
6971,ec2-100-54-71-27.compute-1.amazonaws.com
6972,ec2-100-29-192-54.compute-1.amazonaws.com
6973,ec2-100-29-192-16.compute-1.amazonaws.com
6974,at.in.futurecms.at
6975,prd.fr
6976,nz.eu.org
6977,ec2-18-88-35-205.compute-1.amazonaws.com
6978,bukhara.su
6979,ap-sydney-1.oraclecloudapps.com
6980,wsa.gov.pl
6981,hirosaki.aomori.jp
6982,firm.ro
6983,ec2-54-224-55-82.compute-1.amazonaws.com
6984,ec2-34-199-60-133.compute-1.amazonaws.com
6985,ec2-3-222-208-197.compute-1.amazonaws.com
6986,co.education
6987,atsugi.kanagawa.jp
6988,12hp.at
6989,vfs.cloud9.us-east-2.amazonaws.com
6990,s3-ap-east-1.amazonaws.com
6991,protonet.io
6992,pro.np
6993,jab.br
6994,fuchu.hiroshima.jp
6995,ethos40-prod-va7.dev.adobeaemcloud.com
6996,ec2-52-22-211-239.compute-1.amazonaws.com
6997,ec2-3-81-118-67.compute-1.amazonaws.com
6998,ec2-100-29-192-19.compute-1.amazonaws.com
6999,app--app--8qmsmc78mcn9.code.run
7000,za.bz
7001,vscode-frontend.devinapps.com
7002,lib.co.us
7003,catfood.jp
7004,c24.eu-west-1.airflow.amazonaws.com
7005,buyshouses.net
7006,auth.af-south-1.amazoncognito.com
7007,app.paywhirl.com
7008,skien.no
7009,org.mu
7010,mitsuke.niigata.jp
7011,konskowola.pl
7012,ingress-earth.ewp.live
7013,ec2-54-226-213-200.compute-1.amazonaws.com
7014,ec2-54-221-166-233.compute-1.amazonaws.com
7015,ec2-54-167-159-87.compute-1.amazonaws.com
7016,ec2-52-201-12-96.compute-1.amazonaws.com
7017,ec2-44-223-80-34.compute-1.amazonaws.com
7018,ec2-3-88-4-128.compute-1.amazonaws.com
7019,ec2-3-234-51-34.compute-1.amazonaws.com
7020,ec2-3-227-192-235.compute-1.amazonaws.com
7021,ec2-100-31-157-61.compute-1.amazonaws.com
7022,ec2-100-29-192-28.compute-1.amazonaws.com
7023,ec2-100-29-192-103.compute-1.amazonaws.com
7024,czq64yy4gn11.us-east-1.rds.amazonaws.com
7025,b0.cloudera.site
7026,s3-accesspoint.eu-central-1.amazonaws.com
7027,praxi
7028,org.ki
7029,ec2-52-6-53-6.compute-1.amazonaws.com
7030,ec2-44-194-33-139.compute-1.amazonaws.com
7031,ec2-100-53-0-97.compute-1.amazonaws.com
7032,ec2-100-29-192-61.compute-1.amazonaws.com
7033,tunk.org
7034,mishima.shizuoka.jp
7035,gouv.km
7036,ec2-89-192-148-199.compute-1.amazonaws.com
7037,1337.pictures
7038,xn--ngbrx
7039,shop.ro
7040,s3.dualstack.ap-south-2.amazonaws.com
7041,s3-accesspoint.eu-north-1.amazonaws.com
7042,ec2-54-221-213-191.compute-1.amazonaws.com
7043,ec2-52-201-147-143.compute-1.amazonaws.com
7044,shikaoi.hokkaido.jp
7045,s3-accesspoint.dualstack.us-gov-east-1.amazonaws.com
7046,peewee.jp
7047,palmas.br
7048,ogaki.gifu.jp
7049,notebook-fips.us-west-2.sagemaker.aws
7050,me.tz
7051,ec2-52-45-122-145.compute-1.amazonaws.com
7052,ec2-34-194-37-158.compute-1.amazonaws.com
7053,ec2-3-208-12-253.compute-1.amazonaws.com
7054,coop.in
7055,samukawa.kanagawa.jp
7056,ingress-daribow.ewp.live
7057,ec2-54-86-121-88.compute-1.amazonaws.com
7058,ec2-3-90-116-38.compute-1.amazonaws.com
7059,ec2-3-234-142-228.compute-1.amazonaws.com
7060,ec2-100-29-192-43.compute-1.amazonaws.com
7061,ccq1h44hsl9p.sa-east-1.rds.amazonaws.com
7062,ap-singapore-1.oraclecloudapps.com
7063,4lima.at
7064,repl.run
7065,ravendb.cloud
7066,org.bs
7067,net.rw
7068,ne.ke
7069,ec2-98-90-82-219.compute-1.amazonaws.com
7070,ec2-75-101-231-154.compute-1.amazonaws.com
7071,ec2-54-87-221-243.compute-1.amazonaws.com
7072,ec2-18-206-135-197.compute-1.amazonaws.com
7073,ec2-100-51-6-16.compute-1.amazonaws.com
7074,de.eu.org
7075,ce.leg.br
7076,mihama.wakayama.jp
7077,ec2-52-21-226-175.compute-1.amazonaws.com
7078,ec2-100-55-66-68.compute-1.amazonaws.com
7079,ec2-100-55-249-53.compute-1.amazonaws.com
7080,ec2-100-29-192-118.compute-1.amazonaws.com
7081,dc.us
7082,aarp
7083,s3.dualstack.il-central-1.amazonaws.com
7084,s3-accesspoint.dualstack.us-east-1.amazonaws.com
7085,poivron.org
7086,from-mo.com
7087,fi.cloudplatform.fi
7088,ec2-54-226-254-32.compute-1.amazonaws.com
7089,ec2-54-198-111-97.compute-1.amazonaws.com
7090,ec2-52-70-170-244.compute-1.amazonaws.com
7091,ec2-52-3-105-103.compute-1.amazonaws.com
7092,ec2-3-235-138-83.compute-1.amazonaws.com
7093,ec2-18-210-197-67.compute-1.amazonaws.com
7094,ec2-100-29-192-120.compute-1.amazonaws.com
7095,asso.dz
7096,appengine.flow.ch
7097,from-oh.com
7098,ec2-52-7-237-209.compute-1.amazonaws.com
7099,ec2-3-236-94-233.compute-1.amazonaws.com
7100,ec2-18-88-38-91.compute-1.amazonaws.com
7101,ec2-18-214-35-222.compute-1.amazonaws.com
7102,ec2-100-29-192-62.compute-1.amazonaws.com
7103,org.ht
7104,from-mi.com
7105,ec2-54-84-117-252.compute-1.amazonaws.com
7106,ec2-35-175-139-131.compute-1.amazonaws.com
7107,ec2-34-206-91-202.compute-1.amazonaws.com
7108,ec2-32-192-111-73.compute-1.amazonaws.com
7109,ec2-13-219-1-233.compute-1.amazonaws.com
7110,ec2-13-218-85-51.compute-1.amazonaws.com
7111,ec2-100-29-192-84.compute-1.amazonaws.com
7112,ec2-100-29-192-67.compute-1.amazonaws.com
7113,ec2-100-29-192-17.compute-1.amazonaws.com
7114,ec2-100-29-192-11.compute-1.amazonaws.com
7115,c0xzlo6s7duc.us-west-2.rds.amazonaws.com
7116,otsuka
7117,extraspace
7118,emrstudio-prod.ap-south-1.amazonaws.com
7119,ec2-13-222-156-99.compute-1.amazonaws.com
7120,ec2-100-29-192-45.compute-1.amazonaws.com
7121,drammen.no
7122,coolblog.jp
7123,bury.sch.uk
7124,bracknell-forest.sch.uk
7125,s3-accesspoint.cn-north-1.amazonaws.com.cn
7126,murmansk.su
7127,lv.eu.org
7128,kita.tokyo.jp
7129,is-a-chef.org
7130,ec2-52-22-134-44.compute-1.amazonaws.com
7131,ec2-3-88-111-127.compute-1.amazonaws.com
7132,ec2-100-29-192-82.compute-1.amazonaws.com
7133,ec2-100-29-192-7.compute-1.amazonaws.com
7134,ec2-100-29-192-48.compute-1.amazonaws.com
7135,ec2-100-29-192-30.compute-1.amazonaws.com
7136,ec2-100-29-192-126.compute-1.amazonaws.com
7137,ec2-100-29-192-100.compute-1.amazonaws.com
7138,cq4l3iit6da7.us-east-1.rds.amazonaws.com
7139,cmpfsaz1qdeq.us-east-2.rds.amazonaws.com
7140,web.do
7141,ube.yamaguchi.jp
7142,tajimi.gifu.jp
7143,issmarterthanyou.com
7144,from-sd.com
7145,ec2-52-87-60-147.compute-1.amazonaws.com
7146,ec2-100-29-192-70.compute-1.amazonaws.com
7147,ec2-100-29-192-55.compute-1.amazonaws.com
7148,ec2-100-29-192-46.compute-1.amazonaws.com
7149,ec2-100-29-192-18.compute-1.amazonaws.com
7150,ec2-100-29-192-110.compute-1.amazonaws.com
7151,ec2-100-29-192-106.compute-1.amazonaws.com
7152,dyndns-pics.com
7153,ac.leg.br
7154,tuva.su
7155,taxi.br
7156,pley.games
7157,is-a-lawyer.com
7158,halton.sch.uk
7159,emrstudio-prod.us-west-2.amazonaws.com
7160,ec2-89-192-148-202.compute-1.amazonaws.com
7161,ec2-54-234-177-76.compute-1.amazonaws.com
7162,ec2-18-88-32-33.compute-1.amazonaws.com
7163,ec2-18-211-102-221.compute-1.amazonaws.com
7164,ec2-13-219-31-29.compute-1.amazonaws.com
7165,ec2-100-29-192-75.compute-1.amazonaws.com
7166,ec2-100-29-192-2.compute-1.amazonaws.com
7167,clrh5siebdbu.us-east-1.rds.amazonaws.com
7168,s3-accesspoint.ca-central-1.amazonaws.com
7169,net.mu
7170,merck
7171,from-ri.com
7172,ec2-54-172-51-23.compute-1.amazonaws.com
7173,ec2-54-164-81-124.compute-1.amazonaws.com
7174,ec2-3-225-194-68.compute-1.amazonaws.com
7175,ec2-100-52-249-163.compute-1.amazonaws.com
7176,ec2-100-29-192-87.compute-1.amazonaws.com
7177,ec2-100-29-192-86.compute-1.amazonaws.com
7178,ec2-100-29-192-77.compute-1.amazonaws.com
7179,ec2-100-29-192-57.compute-1.amazonaws.com
7180,ec2-100-29-192-39.compute-1.amazonaws.com
7181,ec2-100-29-192-114.compute-1.amazonaws.com
7182,tickets.io
7183,studio.ca-central-1.sagemaker.aws
7184,ec2-54-160-204-72.compute-1.amazonaws.com
7185,ec2-32-193-119-188.compute-1.amazonaws.com
7186,ec2-3-213-226-45.compute-1.amazonaws.com
7187,ec2-100-29-192-66.compute-1.amazonaws.com
7188,ec2-100-29-192-56.compute-1.amazonaws.com
7189,ec2-100-29-192-52.compute-1.amazonaws.com
7190,ec2-100-29-192-13.compute-1.amazonaws.com
7191,cluster024.hosting.ovh.net
7192,cl6zzeei0ljx.us-east-1.rds.amazonaws.com
7193,xn--gckr3f0f
7194,s3-accesspoint.ca-west-1.amazonaws.com
7195,fuji.shizuoka.jp
7196,flt.cloud.muni.cz
7197,ec2-52-72-178-101.compute-1.amazonaws.com
7198,ec2-44-220-127-32.compute-1.amazonaws.com
7199,ec2-34-235-81-51.compute-1.amazonaws.com
7200,ec2-3-225-64-195.compute-1.amazonaws.com
7201,ec2-18-88-32-12.compute-1.amazonaws.com
7202,ec2-100-29-192-97.compute-1.amazonaws.com
7203,ec2-100-29-192-76.compute-1.amazonaws.com
7204,ec2-100-29-192-60.compute-1.amazonaws.com
7205,ec2-100-29-192-6.compute-1.amazonaws.com
7206,ec2-100-29-192-44.compute-1.amazonaws.com
7207,ec2-100-29-192-111.compute-1.amazonaws.com
7208,ec2-100-29-192-109.compute-1.amazonaws.com
7209,cidcacgsjjgo.us-east-1.rds.amazonaws.com
7210,bihar.in
7211,s3-accesspoint.ap-northeast-3.amazonaws.com
7212,s3-accesspoint.ap-northeast-2.amazonaws.com
7213,net.kh
7214,musashino.tokyo.jp
7215,from-wa.com
7216,ec2-54-167-62-201.compute-1.amazonaws.com
7217,ec2-54-158-200-223.compute-1.amazonaws.com
7218,ec2-34-237-230-253.compute-1.amazonaws.com
7219,ec2-34-202-41-130.compute-1.amazonaws.com
7220,ec2-3-239-214-79.compute-1.amazonaws.com
7221,ec2-3-233-167-98.compute-1.amazonaws.com
7222,ec2-18-233-100-117.compute-1.amazonaws.com
7223,ec2-100-29-192-9.compute-1.amazonaws.com
7224,ec2-100-29-192-51.compute-1.amazonaws.com
7225,ec2-100-29-192-49.compute-1.amazonaws.com
7226,dnp
7227,xn--yfro4i67o
7228,s3-accesspoint.dualstack.cn-northwest-1.amazonaws.com.cn
7229,net.gn
7230,lubartow.pl
7231,jll
7232,is-a-linux-user.org
7233,here-for-more.info
7234,ec2-98-80-23-41.compute-1.amazonaws.com
7235,ec2-89-192-148-195.compute-1.amazonaws.com
7236,ec2-44-199-2-44.compute-1.amazonaws.com
7237,ec2-34-230-32-67.compute-1.amazonaws.com
7238,ec2-34-192-191-43.compute-1.amazonaws.com
7239,ec2-3-94-59-123.compute-1.amazonaws.com
7240,ec2-3-86-230-169.compute-1.amazonaws.com
7241,ec2-23-23-157-11.compute-1.amazonaws.com
7242,ec2-18-210-101-162.compute-1.amazonaws.com
7243,ec2-100-29-192-36.compute-1.amazonaws.com
7244,ec2-100-29-192-27.compute-1.amazonaws.com
7245,ec2-100-29-192-14.compute-1.amazonaws.com
7246,ec2-100-29-192-123.compute-1.amazonaws.com
7247,ec2-100-29-192-105.compute-1.amazonaws.com
7248,cw3ayoifbxqi.us-east-1.rds.amazonaws.com
7249,static-access.net
7250,ping
7251,fantasyleague.cc
7252,emrappui-prod.us-west-2.amazonaws.com
7253,ec2-54-84-135-130.compute-1.amazonaws.com
7254,ec2-100-29-192-85.compute-1.amazonaws.com
7255,cluster-ro-chguk0xfyw7u.us-east-1.rds.amazonaws.com
7256,c56.airflow.us-east-1.on.aws
7257,s3-accesspoint.dualstack.us-west-2.amazonaws.com
7258,s3-accesspoint.dualstack.eu-west-3.amazonaws.com
7259,kita.kobe.jp
7260,francecentral.azurecontainer.io
7261,ec2-52-6-57-244.compute-1.amazonaws.com
7262,ec2-52-207-201-7.compute-1.amazonaws.com
7263,ec2-100-29-192-98.compute-1.amazonaws.com
7264,ec2-100-29-192-65.compute-1.amazonaws.com
7265,ec2-100-29-192-125.compute-1.amazonaws.com
7266,ec2-100-29-192-119.compute-1.amazonaws.com
7267,ec2-100-29-192-115.compute-1.amazonaws.com
7268,cranky.jp
7269,cluster-clrh5siebdbu.us-east-1.rds.amazonaws.com
7270,4u.com
7271,utwente.io
7272,tula.su
7273,org.sd
7274,monitoring.hosting.ovh.net
7275,knowsitall.info
7276,eu.encoway.cloud
7277,ec2-44-196-59-134.compute-1.amazonaws.com
7278,ec2-3-209-150-46.compute-1.amazonaws.com
7279,ec2-18-235-160-141.compute-1.amazonaws.com
7280,ec2-100-29-192-93.compute-1.amazonaws.com
7281,ec2-100-29-192-88.compute-1.amazonaws.com
7282,ec2-100-29-192-117.compute-1.amazonaws.com
7283,c66.us-east-1.airflow.amazonaws.com
7284,0j0.jp
7285,ukwest.azurecontainer.io
7286,rec.ro
7287,mil.np
7288,from-or.com
7289,ec2-3-85-236-90.compute-1.amazonaws.com
7290,ec2-100-29-192-99.compute-1.amazonaws.com
7291,ec2-100-29-192-73.compute-1.amazonaws.com
7292,ec2-100-29-192-50.compute-1.amazonaws.com
7293,ec2-100-29-192-34.compute-1.amazonaws.com
7294,ec2-100-29-192-104.compute-1.amazonaws.com
7295,ec2-100-29-192-1.compute-1.amazonaws.com
7296,cqlpwu3nasvo.us-east-2.rds.amazonaws.com
7297,auth.ap-east-1.amazoncognito.com
7298,salvo.northflank.app
7299,s3-accesspoint.eu-west-2.amazonaws.com
7300,s3-accesspoint.dualstack.ca-west-1.amazonaws.com
7301,from-nv.com
7302,ec2-50-17-83-143.compute-1.amazonaws.com
7303,ec2-18-207-114-80.compute-1.amazonaws.com
7304,ec2-13-223-161-123.compute-1.amazonaws.com
7305,ec2-100-29-192-79.compute-1.amazonaws.com
7306,ec2-100-29-192-59.compute-1.amazonaws.com
7307,ec2-100-29-192-47.compute-1.amazonaws.com
7308,ec2-100-29-192-127.compute-1.amazonaws.com
7309,1kapp.com
7310,notebook.eu-north-1.sagemaker.aws
7311,mel.cloudlets.com.au
7312,kirklees.sch.uk
7313,gwynedd.sch.uk
7314,george
7315,ec2-52-7-207-189.compute-1.amazonaws.com
7316,ec2-35-173-21-231.compute-1.amazonaws.com
7317,ec2-34-229-201-69.compute-1.amazonaws.com
7318,ec2-100-48-154-137.compute-1.amazonaws.com
7319,ec2-100-29-192-91.compute-1.amazonaws.com
7320,ec2-100-29-192-68.compute-1.amazonaws.com
7321,ec2-100-29-192-12.compute-1.amazonaws.com
7322,com.to
7323,cbzwztcxfluc.eu-west-1.rds.amazonaws.com
7324,airtel
7325,ac.fk
7326,us-east-1.experiments.sagemaker.aws
7327,myforum.community
7328,inami.wakayama.jp
7329,ec2-107-22-180-23.compute-1.amazonaws.com
7330,ec2-100-50-231-16.compute-1.amazonaws.com
7331,ec2-100-29-192-95.compute-1.amazonaws.com
7332,ec2-100-29-192-92.compute-1.amazonaws.com
7333,ec2-100-29-192-89.compute-1.amazonaws.com
7334,ec2-100-29-192-37.compute-1.amazonaws.com
7335,ec2-100-29-192-33.compute-1.amazonaws.com
7336,ec2-100-29-192-31.compute-1.amazonaws.com
7337,ec2-100-29-192-25.compute-1.amazonaws.com
7338,cust.cloudscale.ch
7339,atl.jelastic.vps-host.net
7340,s3-accesspoint.dualstack.us-gov-west-1.amazonaws.com
7341,net.nf
7342,gv.ao
7343,from-nh.com
7344,ec2-34-200-71-76.compute-1.amazonaws.com
7345,ec2-3-92-61-215.compute-1.amazonaws.com
7346,ec2-3-226-121-246.compute-1.amazonaws.com
7347,ec2-100-29-192-90.compute-1.amazonaws.com
7348,ec2-100-29-192-69.compute-1.amazonaws.com
7349,ec2-100-29-192-108.compute-1.amazonaws.com
7350,drive
7351,cyon.link
7352,blackburn.sch.uk
7353,vfs.cloud9.ap-northeast-1.amazonaws.com
7354,tr.eu.org
7355,s3-accesspoint.dualstack.ap-southeast-5.amazonaws.com
7356,s3-accesspoint.ap-south-1.amazonaws.com
7357,realestate.pl
7358,opencraft.hosting
7359,ec2-54-152-173-15.compute-1.amazonaws.com
7360,ec2-184-73-73-195.compute-1.amazonaws.com
7361,ec2-100-29-192-72.compute-1.amazonaws.com
7362,ec2-100-29-192-58.compute-1.amazonaws.com
7363,ec2-100-29-192-53.compute-1.amazonaws.com
7364,campobasso.it
7365,bambina.jp
7366,s3-accesspoint.dualstack.ap-east-1.amazonaws.com
7367,paas.datacenter.fi
7368,kawanishi.hyogo.jp
7369,frosinone.it
7370,from-in.com
7371,fla.no
7372,ec2-54-161-78-187.compute-1.amazonaws.com
7373,ec2-52-4-109-142.compute-1.amazonaws.com
7374,ec2-44-196-183-70.compute-1.amazonaws.com
7375,ec2-35-175-233-37.compute-1.amazonaws.com
7376,ec2-18-213-195-40.compute-1.amazonaws.com
7377,babia-gora.pl
7378,lolipop.io
7379,is-into-games.com
7380,imamat
7381,ec2-98-85-48-217.compute-1.amazonaws.com
7382,ec2-54-80-26-120.compute-1.amazonaws.com
7383,ec2-100-29-192-40.compute-1.amazonaws.com
7384,ec2-100-29-192-122.compute-1.amazonaws.com
7385,drr.ac
7386,codespot.com
7387,wiw.gov.pl
7388,wios.gov.pl
7389,s3-accesspoint.dualstack.us-east-2.amazonaws.com
7390,jls-sto3.elastx.net
7391,isa-geek.org
7392,is-a-blogger.com
7393,from-wi.com
7394,from-mn.com
7395,ec2-54-145-210-255.compute-1.amazonaws.com
7396,ec2-52-55-237-64.compute-1.amazonaws.com
7397,ec2-100-55-25-236.compute-1.amazonaws.com
7398,ec2-100-29-192-94.compute-1.amazonaws.com
7399,ec2-100-29-192-3.compute-1.amazonaws.com
7400,us-central-1.triton.zone
7401,tashkent.su
7402,org.ck
7403,notebook.ca-central-1.sagemaker.aws
7404,from-dc.com
7405,fermo.it
7406,emiliaromagna.it
7407,ec2-98-93-238-17.compute-1.amazonaws.com
7408,ec2-98-89-57-6.compute-1.amazonaws.com
7409,ec2-54-144-176-15.compute-1.amazonaws.com
7410,ec2-35-169-29-163.compute-1.amazonaws.com
7411,ec2-34-233-53-172.compute-1.amazonaws.com
7412,ec2-3-208-38-159.compute-1.amazonaws.com
7413,ec2-18-213-34-111.compute-1.amazonaws.com
7414,ec2-107-23-108-68.compute-1.amazonaws.com
7415,ec2-100-29-192-78.compute-1.amazonaws.com
7416,ec2-100-29-192-29.compute-1.amazonaws.com
7417,ec2-100-29-192-102.compute-1.amazonaws.com
7418,abkhazia.su
7419,s3-accesspoint.eu-west-3.amazonaws.com
7420,makinohara.shizuoka.jp
7421,lynx.mythic-beasts.com
7422,is-very-bad.org
7423,is-a-teacher.com
7424,hobby-site.org
7425,ec2-52-90-166-0.compute-1.amazonaws.com
7426,ec2-3-233-158-41.compute-1.amazonaws.com
7427,ec2-3-209-248-205.compute-1.amazonaws.com
7428,ec2-23-21-107-151.compute-1.amazonaws.com
7429,ec2-100-29-192-41.compute-1.amazonaws.com
7430,ec2-100-29-192-113.compute-1.amazonaws.com
7431,ec2-100-29-104-189.compute-1.amazonaws.com
7432,dk.eu.org
7433,c6.ap-south-1.airflow.amazonaws.com
7434,xn--3hcrj9c
7435,s3-accesspoint.ap-southeast-4.amazonaws.com
7436,phone
7437,nz.basketball
7438,numazu.shizuoka.jp
7439,mydns.vc
7440,kawaiishop.jp
7441,japaneast.azurecontainer.io
7442,ec2-98-81-250-132.compute-1.amazonaws.com
7443,ec2-52-70-85-227.compute-1.amazonaws.com
7444,ec2-44-214-223-186.compute-1.amazonaws.com
7445,ec2-44-204-114-33.compute-1.amazonaws.com
7446,ec2-34-228-122-66.compute-1.amazonaws.com
7447,ec2-3-83-106-176.compute-1.amazonaws.com
7448,ec2-100-29-192-32.compute-1.amazonaws.com
7449,ec2-100-29-192-15.compute-1.amazonaws.com
7450,alt.za
7451,www.ro
7452,targi.pl
7453,sex.hu
7454,salud.bo
7455,s3-website-us-gov-west-1.amazonaws.com
7456,s3-accesspoint.ap-east-1.amazonaws.com
7457,punyu.jp
7458,from-nc.com
7459,ec2-98-92-232-206.compute-1.amazonaws.com
7460,ec2-44-201-161-32.compute-1.amazonaws.com
7461,ec2-3-222-148-106.compute-1.amazonaws.com
7462,ec2-100-29-192-116.compute-1.amazonaws.com
7463,cr30kecsysuc.us-east-1.rds.amazonaws.com
7464,perma.jp
7465,mil.tw
7466,ingress-baronn.ewp.live
7467,fi.eu.org
7468,ethos43-prod-va7.dev.adobeaemcloud.com
7469,ec2-98-82-215-218.compute-1.amazonaws.com
7470,ec2-54-234-224-67.compute-1.amazonaws.com
7471,ec2-3-233-158-39.compute-1.amazonaws.com
7472,ec2-3-215-172-219.compute-1.amazonaws.com
7473,bmd.br
7474,s3-accesspoint.dualstack.eu-west-2.amazonaws.com
7475,ono.hyogo.jp
7476,miyoshi.hiroshima.jp
7477,ec2-e-236-94-245.compute-1.amazonaws.com
7478,ec2-e-236-94-153.compute-1.amazonaws.com
7479,ec2-52-6-118-154.compute-1.amazonaws.com
7480,ec2-52-200-46-154.compute-1.amazonaws.com
7481,ec2-44-207-181-179.compute-1.amazonaws.com
7482,ec2-3-90-250-34.compute-1.amazonaws.com
7483,ec2-100-31-213-204.compute-1.amazonaws.com
7484,ec2-100-29-192-5.compute-1.amazonaws.com
7485,ec2-100-29-192-42.compute-1.amazonaws.com
7486,ec2-100-29-192-26.compute-1.amazonaws.com
7487,cz.eu.org
7488,cluster-chguk0xfyw7u.us-east-1.rds.amazonaws.com
7489,cloudns.pw
7490,cgukppq7uxqu.us-east-1.rds.amazonaws.com
7491,xn--pgbs0dh
7492,s3-deprecated.us-east-2.amazonaws.com
7493,s3-accesspoint.dualstack.eu-west-1.amazonaws.com
7494,org.nr
7495,hercules-dev.com
7496,gcpuscentral1.snowflake.app
7497,ec2-54-163-2-228.compute-1.amazonaws.com
7498,ec2-50-19-89-137.compute-1.amazonaws.com
7499,ec2-34-194-61-12.compute-1.amazonaws.com
7500,ec2-3-230-83-0.compute-1.amazonaws.com
7501,ec2-3-211-157-115.compute-1.amazonaws.com
7502,ec2-107-21-80-122.compute-1.amazonaws.com
7503,ec2-100-29-192-101.compute-1.amazonaws.com
7504,diadem.cloud
7505,shioya.tochigi.jp
7506,s3-accesspoint.us-west-1.amazonaws.com
7507,s3-accesspoint.us-gov-west-1.amazonaws.com
7508,s3-accesspoint.dualstack.eu-central-2.amazonaws.com
7509,o.se
7510,k8s.scw.cloud
7511,edu.sb
7512,edu.bj
7513,ec2-34-231-93-254.compute-1.amazonaws.com
7514,ec2-34-228-9-244.compute-1.amazonaws.com
7515,ec2-3-233-158-34.compute-1.amazonaws.com
7516,ec2-100-29-192-96.compute-1.amazonaws.com
7517,s3-accesspoint.cn-northwest-1.amazonaws.com.cn
7518,ryd.wafaicloud.com
7519,official.academy
7520,gov.kp
7521,from-tn.com
7522,ec2-96-0-20-161.compute-1.amazonaws.com
7523,ec2-54-146-41-39.compute-1.amazonaws.com
7524,ec2-44-197-7-236.compute-1.amazonaws.com
7525,ec2-44-195-10-43.compute-1.amazonaws.com
7526,ec2-35-174-241-177.compute-1.amazonaws.com
7527,ec2-34-237-93-63.compute-1.amazonaws.com
7528,ec2-34-226-195-14.compute-1.amazonaws.com
7529,ec2-34-225-5-197.compute-1.amazonaws.com
7530,ec2-3-218-122-15.compute-1.amazonaws.com
7531,ec2-18-209-62-236.compute-1.amazonaws.com
7532,ec2-100-29-192-10.compute-1.amazonaws.com
7533,co.technology
7534,us.tst.site
7535,taa.it
7536,scrapping.cc
7537,from-hi.com
7538,ec2-54-226-155-110.compute-1.amazonaws.com
7539,ec2-52-205-51-211.compute-1.amazonaws.com
7540,ec2-35-169-165-142.compute-1.amazonaws.com
7541,ec2-23-23-123-55.compute-1.amazonaws.com
7542,ec2-18-233-22-167.compute-1.amazonaws.com
7543,ec2-100-53-3-126.compute-1.amazonaws.com
7544,xbox
7545,s3-accesspoint.dualstack.ap-southeast-1.amazonaws.com
7546,k12.ks.us
7547,is-a-cpa.com
7548,gentapps.com
7549,ec2-54-89-192-82.compute-1.amazonaws.com
7550,ec2-54-235-16-209.compute-1.amazonaws.com
7551,ec2-54-227-40-18.compute-1.amazonaws.com
7552,ec2-52-87-194-73.compute-1.amazonaws.com
7553,ec2-44-202-56-60.compute-1.amazonaws.com
7554,sew
7555,maebashi.gunma.jp
7556,m.se
7557,est-a-la-maison.com
7558,ec2-98-88-190-243.compute-1.amazonaws.com
7559,ec2-54-163-9-203.compute-1.amazonaws.com
7560,ec2-54-159-23-131.compute-1.amazonaws.com
7561,ec2-52-70-97-85.compute-1.amazonaws.com
7562,ec2-44-198-49-166.compute-1.amazonaws.com
7563,ec2-3-85-193-26.compute-1.amazonaws.com
7564,angus.sch.uk
7565,214.xmit.co
7566,xn--mgbbh1a71e
7567,verbania.it
7568,pin
7569,kr.eu.org
7570,hoplix.shop
7571,fukushima.fukushima.jp
7572,ec2-54-235-101-7.compute-1.amazonaws.com
7573,ec2-54-174-22-66.compute-1.amazonaws.com
7574,ec2-54-152-212-152.compute-1.amazonaws.com
7575,ec2-52-86-84-234.compute-1.amazonaws.com
7576,ec2-44-199-104-222.compute-1.amazonaws.com
7577,ec2-34-228-153-134.compute-1.amazonaws.com
7578,coz.br
7579,us-west4.run.app
7580,sa-santiago-1.oci.customer-oci.com
7581,is-a-player.com
7582,info.at
7583,ec2-89-193-43-108.compute-1.amazonaws.com
7584,ec2-52-70-174-154.compute-1.amazonaws.com
7585,ec2-52-6-113-215.compute-1.amazonaws.com
7586,ec2-52-55-33-137.compute-1.amazonaws.com
7587,ec2-44-200-116-205.compute-1.amazonaws.com
7588,ec2-35-172-164-97.compute-1.amazonaws.com
7589,ec2-34-201-189-183.compute-1.amazonaws.com
7590,ec2-32-194-64-42.compute-1.amazonaws.com
7591,cpka0mtf6w1l.us-east-1.rds.amazonaws.com
7592,contagem.br
7593,lanxess
7594,lakas.hu
7595,fr-1.paas.massivegrid.net
7596,ec2-3-233-158-40.compute-1.amazonaws.com
7597,ec2-3-233-158-30.compute-1.amazonaws.com
7598,ec2-184-72-105-205.compute-1.amazonaws.com
7599,ec2-100-53-17-121.compute-1.amazonaws.com
7600,com.er
7601,zaporizhzhe.ua
7602,pussycat.jp
7603,nobushi.jp
7604,lu.eu.org
7605,ingress-alpha.ewp.live
7606,ec2-98-95-204-63.compute-1.amazonaws.com
7607,ec2-98-86-92-230.compute-1.amazonaws.com
7608,ec2-98-81-213-213.compute-1.amazonaws.com
7609,ec2-54-91-45-104.compute-1.amazonaws.com
7610,ec2-54-237-225-167.compute-1.amazonaws.com
7611,ec2-54-159-155-121.compute-1.amazonaws.com
7612,ec2-44-209-35-82.compute-1.amazonaws.com
7613,ec2-44-201-208-109.compute-1.amazonaws.com
7614,ec2-34-192-42-219.compute-1.amazonaws.com
7615,ec2-3-233-158-32.compute-1.amazonaws.com
7616,ec2-13-220-43-165.compute-1.amazonaws.com
7617,bbc
7618,aid.pl
7619,xerox
7620,weather
7621,ny-2.paas.massivegrid.net
7622,myspreadshop.it
7623,ec2-89-192-157-183.compute-1.amazonaws.com
7624,ec2-54-221-170-110.compute-1.amazonaws.com
7625,ec2-35-173-122-143.compute-1.amazonaws.com
7626,ec2-34-237-219-119.compute-1.amazonaws.com
7627,ec2-34-228-75-162.compute-1.amazonaws.com
7628,ec2-3-93-193-141.compute-1.amazonaws.com
7629,ec2-3-233-15-176.compute-1.amazonaws.com
7630,ec2-18-215-159-152.compute-1.amazonaws.com
7631,ec2-13-216-22-152.compute-1.amazonaws.com
7632,ec2-100-48-219-172.compute-1.amazonaws.com
7633,azurecentralus.snowflake.app
7634,ap.leg.br
7635,6e7oz.landing.myjino.ru
7636,saves-the-whales.com
7637,ingress-bonde.ewp.live
7638,from-id.com
7639,ec2-34-236-119-76.compute-1.amazonaws.com
7640,ec2-34-197-2-94.compute-1.amazonaws.com
7641,ec2-3-233-158-33.compute-1.amazonaws.com
7642,ec2-3-231-149-223.compute-1.amazonaws.com
7643,ec2-23-21-148-54.compute-1.amazonaws.com
7644,ec2-18-97-9-97.compute-1.amazonaws.com
7645,ec2-18-209-64-226.compute-1.amazonaws.com
7646,ec2-13-220-172-105.compute-1.amazonaws.com
7647,ec2-100-28-180-250.compute-1.amazonaws.com
7648,com.kunden.ortsinfo.at
7649,writesthisblog.com
7650,shirataka.yamagata.jp
7651,jelastic.team
7652,ec2-98-88-139-160.compute-1.amazonaws.com
7653,ec2-98-85-148-156.compute-1.amazonaws.com
7654,ec2-54-144-98-172.compute-1.amazonaws.com
7655,ec2-3-80-189-93.compute-1.amazonaws.com
7656,ec2-3-233-158-48.compute-1.amazonaws.com
7657,ec2-3-208-175-5.compute-1.amazonaws.com
7658,ec2-18-210-100-138.compute-1.amazonaws.com
7659,sayr.sch.uk
7660,og.it
7661,from-ak.com
7662,execute-api.ap-southeast-5.amazonaws.com
7663,eu-2.evennode.com
7664,edu.gl
7665,ec2-89-192-157-19.compute-1.amazonaws.com
7666,ec2-54-86-227-19.compute-1.amazonaws.com
7667,ec2-52-20-165-135.compute-1.amazonaws.com
7668,ec2-44-215-201-239.compute-1.amazonaws.com
7669,ec2-34-226-180-208.compute-1.amazonaws.com
7670,ec2-34-207-159-30.compute-1.amazonaws.com
7671,ec2-34-200-62-221.compute-1.amazonaws.com
7672,ec2-32-192-202-58.compute-1.amazonaws.com
7673,ec2-3-233-158-50.compute-1.amazonaws.com
7674,ec2-3-233-158-31.compute-1.amazonaws.com
7675,ec2-3-232-217-132.compute-1.amazonaws.com
7676,ec2-184-73-37-64.compute-1.amazonaws.com
7677,ec2-13-216-221-160.compute-1.amazonaws.com
7678,ec2-100-54-140-41.compute-1.amazonaws.com
7679,ec2-100-29-192-81.compute-1.amazonaws.com
7680,csyecf4uuch0.us-east-1.rds.amazonaws.com
7681,cluster121.hosting.ovh.net
7682,atm.pl
7683,sicily.it
7684,s3-accesspoint.dualstack.ap-south-1.amazonaws.com
7685,pimienta.org
7686,ms.show
7687,fukaya.saitama.jp
7688,ec2-98-94-72-142.compute-1.amazonaws.com
7689,ec2-54-89-155-82.compute-1.amazonaws.com
7690,ec2-54-225-240-137.compute-1.amazonaws.com
7691,ec2-52-73-208-141.compute-1.amazonaws.com
7692,ec2-52-21-64-130.compute-1.amazonaws.com
7693,ec2-52-205-213-37.compute-1.amazonaws.com
7694,ec2-50-16-211-97.compute-1.amazonaws.com
7695,ec2-32-196-14-189.compute-1.amazonaws.com
7696,ec2-3-81-155-246.compute-1.amazonaws.com
7697,ec2-3-233-231-221.compute-1.amazonaws.com
7698,ec2-100-55-162-204.compute-1.amazonaws.com
7699,ec2-100-52-130-236.compute-1.amazonaws.com
7700,ec2-100-48-226-41.compute-1.amazonaws.com
7701,syncloud.it
7702,swansea.sch.uk
7703,s3-accesspoint.eu-central-2.amazonaws.com
7704,nodes.k8s.nl-ams.scw.cloud
7705,higashiomi.shiga.jp
7706,gangwon.kr
7707,execute-api.eu-central-2.amazonaws.com
7708,ec2-98-85-218-18.compute-1.amazonaws.com
7709,ec2-54-224-250-82.compute-1.amazonaws.com
7710,ec2-54-167-84-191.compute-1.amazonaws.com
7711,ec2-52-23-36-100.compute-1.amazonaws.com
7712,ec2-52-205-53-21.compute-1.amazonaws.com
7713,ec2-44-211-45-255.compute-1.amazonaws.com
7714,ec2-44-208-162-44.compute-1.amazonaws.com
7715,ec2-44-198-204-199.compute-1.amazonaws.com
7716,ec2-32-192-248-174.compute-1.amazonaws.com
7717,ec2-3-213-38-96.compute-1.amazonaws.com
7718,ec2-18-233-41-114.compute-1.amazonaws.com
7719,ec2-13-222-129-81.compute-1.amazonaws.com
7720,ec2-100-31-167-60.compute-1.amazonaws.com
7721,ec2-100-29-69-117.compute-1.amazonaws.com
7722,ec2-100-29-192-80.compute-1.amazonaws.com
7723,ec2-100-27-192-197.compute-1.amazonaws.com
7724,cby8fkig5srl.eu-central-1.rds.amazonaws.com
7725,123minsida.se
7726,xn--wgbl6a
7727,stackit.gg
7728,sera.hiroshima.jp
7729,s3-accesspoint.dualstack.ca-central-1.amazonaws.com
7730,perspecta.cloud
7731,is.eu.org
7732,is-a-llama.com
7733,ec2-89-194-61-76.compute-1.amazonaws.com
7734,ec2-54-85-191-146.compute-1.amazonaws.com
7735,ec2-44-211-64-231.compute-1.amazonaws.com
7736,ec2-44-203-192-145.compute-1.amazonaws.com
7737,ec2-44-202-55-17.compute-1.amazonaws.com
7738,ec2-44-201-88-170.compute-1.amazonaws.com
7739,ec2-35-173-7-10.compute-1.amazonaws.com
7740,ec2-35-171-91-193.compute-1.amazonaws.com
7741,ec2-34-207-209-130.compute-1.amazonaws.com
7742,ec2-34-203-224-37.compute-1.amazonaws.com
7743,ec2-34-199-234-25.compute-1.amazonaws.com
7744,ec2-3-214-56-2.compute-1.amazonaws.com
7745,ec2-18-97-9-96.compute-1.amazonaws.com
7746,ec2-18-97-9-102.compute-1.amazonaws.com
7747,ec2-18-212-83-63.compute-1.amazonaws.com
7748,ec2-13-221-117-222.compute-1.amazonaws.com
7749,ec2-100-54-28-54.compute-1.amazonaws.com
7750,cc.oh.us
7751,alp1.ae.flow.ch
7752,s3-accesspoint.af-south-1.amazonaws.com
7753,pro.ec
7754,ec2-98-91-9-74.compute-1.amazonaws.com
7755,ec2-98-89-61-212.compute-1.amazonaws.com
7756,ec2-54-165-95-100.compute-1.amazonaws.com
7757,ec2-54-147-211-165.compute-1.amazonaws.com
7758,ec2-34-204-10-19.compute-1.amazonaws.com
7759,ec2-3-93-248-152.compute-1.amazonaws.com
7760,ec2-3-81-224-7.compute-1.amazonaws.com
7761,ec2-3-216-114-223.compute-1.amazonaws.com
7762,ec2-18-97-9-99.compute-1.amazonaws.com
7763,ec2-18-215-169-92.compute-1.amazonaws.com
7764,ec2-13-218-189-203.compute-1.amazonaws.com
7765,ec2-107-21-65-109.compute-1.amazonaws.com
7766,ec2-100-53-194-34.compute-1.amazonaws.com
7767,ec2-100-48-161-96.compute-1.amazonaws.com
7768,daemon.asia
7769,bg.eu.org
7770,xn--mxtq1m.hk
7771,srht.site
7772,s3-accesspoint.dualstack.cn-north-1.amazonaws.com.cn
7773,org.ss
7774,newark.nodebalancer.linode.com
7775,net.gg
7776,ms.leg.br
7777,instances.spawn.cc
7778,independent-commission.uk
7779,imabari.ehime.jp
7780,edu.gi
7781,ec2-98-89-3-242.compute-1.amazonaws.com
7782,ec2-75-101-194-144.compute-1.amazonaws.com
7783,ec2-54-237-123-167.compute-1.amazonaws.com
7784,ec2-54-226-154-2.compute-1.amazonaws.com
7785,ec2-54-164-93-24.compute-1.amazonaws.com
7786,ec2-54-160-5-17.compute-1.amazonaws.com
7787,ec2-34-195-165-140.compute-1.amazonaws.com
7788,ec2-107-20-160-27.compute-1.amazonaws.com
7789,ec2-100-54-11-35.compute-1.amazonaws.com
7790,ec2-100-29-192-121.compute-1.amazonaws.com
7791,aoba.yokohama.jp
7792,southcentralus.azurecontainer.io
7793,edu.ck
7794,ec2-98-92-222-218.compute-1.amazonaws.com
7795,ec2-54-237-205-1.compute-1.amazonaws.com
7796,ec2-54-234-66-106.compute-1.amazonaws.com
7797,ec2-54-227-93-52.compute-1.amazonaws.com
7798,ec2-54-175-177-108.compute-1.amazonaws.com
7799,ec2-52-202-30-7.compute-1.amazonaws.com
7800,ec2-44-220-228-108.compute-1.amazonaws.com
7801,ec2-44-219-156-205.compute-1.amazonaws.com
7802,ec2-44-207-185-112.compute-1.amazonaws.com
7803,ec2-44-202-70-216.compute-1.amazonaws.com
7804,ec2-35-173-58-208.compute-1.amazonaws.com
7805,ec2-35-170-211-240.compute-1.amazonaws.com
7806,ec2-34-238-176-206.compute-1.amazonaws.com
7807,ec2-34-230-135-4.compute-1.amazonaws.com
7808,ec2-34-205-139-22.compute-1.amazonaws.com
7809,ec2-32-192-75-154.compute-1.amazonaws.com
7810,ec2-3-92-61-245.compute-1.amazonaws.com
7811,ec2-3-211-163-190.compute-1.amazonaws.com
7812,ec2-23-22-5-218.compute-1.amazonaws.com
7813,ec2-18-235-142-246.compute-1.amazonaws.com
7814,ec2-13-221-248-65.compute-1.amazonaws.com
7815,ec2-100-29-192-64.compute-1.amazonaws.com
7816,ec2-100-24-12-252.compute-1.amazonaws.com
7817,cloudns.info
7818,barsy.net
7819,video.hu
7820,saobernardo.br
7821,s3-accesspoint.ap-south-2.amazonaws.com
7822,osakikamijima.hiroshima.jp
7823,myspreadshop.at
7824,ec2-89-193-153-151.compute-1.amazonaws.com
7825,ec2-54-85-125-115.compute-1.amazonaws.com
7826,ec2-54-236-157-10.compute-1.amazonaws.com
7827,ec2-54-226-186-42.compute-1.amazonaws.com
7828,ec2-54-205-241-255.compute-1.amazonaws.com
7829,ec2-54-145-132-236.compute-1.amazonaws.com
7830,ec2-52-91-1-143.compute-1.amazonaws.com
7831,ec2-52-45-196-192.compute-1.amazonaws.com
7832,ec2-50-19-217-149.compute-1.amazonaws.com
7833,ec2-44-202-57-205.compute-1.amazonaws.com
7834,ec2-35-172-185-59.compute-1.amazonaws.com
7835,ec2-34-196-137-190.compute-1.amazonaws.com
7836,ec2-3-89-226-152.compute-1.amazonaws.com
7837,ec2-3-89-218-222.compute-1.amazonaws.com
7838,ec2-3-87-26-96.compute-1.amazonaws.com
7839,ec2-3-227-190-204.compute-1.amazonaws.com
7840,ec2-18-88-35-229.compute-1.amazonaws.com
7841,ec2-18-211-190-157.compute-1.amazonaws.com
7842,ec2-18-208-191-195.compute-1.amazonaws.com
7843,ec2-13-222-179-236.compute-1.amazonaws.com
7844,ec2-107-23-174-79.compute-1.amazonaws.com
7845,ec2-107-21-124-123.compute-1.amazonaws.com
7846,ec2-100-52-8-249.compute-1.amazonaws.com
7847,ec2-100-50-90-116.compute-1.amazonaws.com
7848,ec2-100-29-192-107.compute-1.amazonaws.com
7849,delta
7850,co.cl
7851,cluster006.hosting.ovh.net
7852,caltanissetta.it
7853,is-a-green.com
7854,freesite.host
7855,ec2-98-87-82-40.compute-1.amazonaws.com
7856,ec2-54-86-179-2.compute-1.amazonaws.com
7857,ec2-54-166-112-195.compute-1.amazonaws.com
7858,ec2-54-161-11-117.compute-1.amazonaws.com
7859,ec2-54-156-129-185.compute-1.amazonaws.com
7860,ec2-54-147-211-146.compute-1.amazonaws.com
7861,ec2-52-5-144-62.compute-1.amazonaws.com
7862,ec2-52-45-179-236.compute-1.amazonaws.com
7863,ec2-52-203-40-22.compute-1.amazonaws.com
7864,ec2-44-206-188-251.compute-1.amazonaws.com
7865,ec2-44-201-224-240.compute-1.amazonaws.com
7866,ec2-44-201-209-19.compute-1.amazonaws.com
7867,ec2-34-236-9-173.compute-1.amazonaws.com
7868,ec2-34-203-162-255.compute-1.amazonaws.com
7869,ec2-3-95-37-98.compute-1.amazonaws.com
7870,ec2-3-87-201-131.compute-1.amazonaws.com
7871,ec2-13-216-131-9.compute-1.amazonaws.com
7872,ec2-100-29-71-45.compute-1.amazonaws.com
7873,cluster129.hosting.ovh.net
7874,asso.nc
7875,xmit.dev
7876,s3-accesspoint.dualstack.ap-south-2.amazonaws.com
7877,riobranco.br
7878,lib.nd.us
7879,isernia.it
7880,ec2-98-91-187-224.compute-1.amazonaws.com
7881,ec2-98-82-20-188.compute-1.amazonaws.com
7882,ec2-98-81-162-40.compute-1.amazonaws.com
7883,ec2-89-192-8-156.compute-1.amazonaws.com
7884,ec2-54-227-126-11.compute-1.amazonaws.com
7885,ec2-54-226-114-84.compute-1.amazonaws.com
7886,ec2-54-161-61-47.compute-1.amazonaws.com
7887,ec2-52-5-92-254.compute-1.amazonaws.com
7888,ec2-52-203-114-222.compute-1.amazonaws.com
7889,ec2-50-16-232-57.compute-1.amazonaws.com
7890,ec2-44-223-63-20.compute-1.amazonaws.com
7891,ec2-44-219-218-83.compute-1.amazonaws.com
7892,ec2-3-82-104-80.compute-1.amazonaws.com
7893,ec2-3-236-67-29.compute-1.amazonaws.com
7894,ec2-204-236-211-208.compute-1.amazonaws.com
7895,ec2-18-97-9-100.compute-1.amazonaws.com
7896,ec2-18-235-100-163.compute-1.amazonaws.com
7897,ec2-18-206-156-151.compute-1.amazonaws.com
7898,ec2-174-129-147-245.compute-1.amazonaws.com
7899,ec2-13-220-24-25.compute-1.amazonaws.com
7900,ec2-100-26-29-152.compute-1.amazonaws.com
7901,ec2-100-25-237-146.compute-1.amazonaws.com
7902,dedicated.oraclecloudapps.com
7903,aparecida.br
7904,aisho.shiga.jp
7905,sa.au
7906,s3-accesspoint.ap-southeast-1.amazonaws.com
7907,net.al
7908,morotsuka.miyazaki.jp
7909,konyvelo.hu
7910,kita.osaka.jp
7911,is-a-musician.com
7912,from-nm.com
7913,ethos13-prod-gbr9.dev.adobeaemcloud.com
7914,ec2-98-84-153-117.compute-1.amazonaws.com
7915,ec2-54-211-42-194.compute-1.amazonaws.com
7916,ec2-54-175-245-80.compute-1.amazonaws.com
7917,ec2-52-4-36-135.compute-1.amazonaws.com
7918,ec2-52-3-237-64.compute-1.amazonaws.com
7919,ec2-44-204-45-238.compute-1.amazonaws.com
7920,ec2-44-204-18-180.compute-1.amazonaws.com
7921,ec2-44-199-244-190.compute-1.amazonaws.com
7922,ec2-32-196-154-84.compute-1.amazonaws.com
7923,ec2-18-233-255-8.compute-1.amazonaws.com
7924,ec2-18-232-217-30.compute-1.amazonaws.com
7925,ec2-18-208-181-202.compute-1.amazonaws.com
7926,ec2-100-29-192-74.compute-1.amazonaws.com
7927,dev-myqnapcloud.com
7928,jdevcloud.com
7929,izu.shizuoka.jp
7930,ec2-98-86-6-99.compute-1.amazonaws.com
7931,ec2-98-85-3-130.compute-1.amazonaws.com
7932,ec2-54-242-39-252.compute-1.amazonaws.com
7933,ec2-52-7-230-220.compute-1.amazonaws.com
7934,ec2-50-19-114-219.compute-1.amazonaws.com
7935,ec2-35-169-251-105.compute-1.amazonaws.com
7936,ec2-34-205-139-189.compute-1.amazonaws.com
7937,ec2-34-203-200-187.compute-1.amazonaws.com
7938,ec2-3-85-39-134.compute-1.amazonaws.com
7939,ec2-3-84-5-23.compute-1.amazonaws.com
7940,ec2-3-236-168-219.compute-1.amazonaws.com
7941,ec2-3-215-71-219.compute-1.amazonaws.com
7942,ec2-18-97-9-103.compute-1.amazonaws.com
7943,ec2-18-235-86-165.compute-1.amazonaws.com
7944,ec2-18-208-191-202.compute-1.amazonaws.com
7945,ec2-13-222-246-187.compute-1.amazonaws.com
7946,ec2-100-29-192-83.compute-1.amazonaws.com
7947,ec2-100-29-192-38.compute-1.amazonaws.com
7948,ec2-100-29-192-112.compute-1.amazonaws.com
7949,deta.app
7950,analytics-gateway.us-east-1.amazonaws.com
7951,stripper.jp
7952,stackit.rocks
7953,nakatombetsu.hokkaido.jp
7954,lib.ma.us
7955,kviteseid.no
7956,kirovograd.ua
7957,kashihara.nara.jp
7958,emrnotebooks-prod.us-west-2.amazonaws.com
7959,ec2-54-87-12-131.compute-1.amazonaws.com
7960,ec2-54-227-105-163.compute-1.amazonaws.com
7961,ec2-54-174-247-250.compute-1.amazonaws.com
7962,ec2-54-162-117-154.compute-1.amazonaws.com
7963,ec2-52-3-144-142.compute-1.amazonaws.com
7964,ec2-50-16-169-122.compute-1.amazonaws.com
7965,ec2-3-85-18-5.compute-1.amazonaws.com
7966,ec2-3-233-158-35.compute-1.amazonaws.com
7967,ec2-18-235-5-83.compute-1.amazonaws.com
7968,ec2-13-216-144-93.compute-1.amazonaws.com
7969,ec2-100-55-79-147.compute-1.amazonaws.com
7970,dupont
7971,cmrw3hevxzxl.me-south-1.rds.amazonaws.com
7972,c68.us-east-1.airflow.amazonaws.com
7973,auth-fips.us-west-1.amazoncognito.com
7974,veterinaire.fr
7975,sefton.sch.uk
7976,s3-accesspoint.dualstack.af-south-1.amazonaws.com
7977,mt.eu.org
7978,me-central2.run.app
7979,kitakami.iwate.jp
7980,higashimurayama.tokyo.jp
7981,ec2-98-81-85-17.compute-1.amazonaws.com
7982,ec2-89-192-69-207.compute-1.amazonaws.com
7983,ec2-54-237-63-37.compute-1.amazonaws.com
7984,ec2-54-196-208-204.compute-1.amazonaws.com
7985,ec2-54-160-155-146.compute-1.amazonaws.com
7986,ec2-54-152-118-160.compute-1.amazonaws.com
7987,ec2-52-3-153-66.compute-1.amazonaws.com
7988,ec2-44-212-184-150.compute-1.amazonaws.com
7989,ec2-44-201-212-31.compute-1.amazonaws.com
7990,ec2-34-224-87-72.compute-1.amazonaws.com
7991,ec2-34-201-143-237.compute-1.amazonaws.com
7992,ec2-34-198-52-31.compute-1.amazonaws.com
7993,ec2-3-92-104-78.compute-1.amazonaws.com
7994,ec2-3-91-28-33.compute-1.amazonaws.com
7995,ec2-3-86-245-199.compute-1.amazonaws.com
7996,ec2-3-227-250-142.compute-1.amazonaws.com
7997,ec2-3-216-216-23.compute-1.amazonaws.com
7998,ec2-18-234-209-143.compute-1.amazonaws.com
7999,ec2-13-222-210-0.compute-1.amazonaws.com
8000,ec2-13-222-186-25.compute-1.amazonaws.com
8001,cyhknnsj7t4g.us-east-1.rds.amazonaws.com
8002,cluster-cmczo9wiials.ap-east-1.rds.amazonaws.com
8003,cbtdgnninbrf.ap-southeast-1.rds.amazonaws.com
8004,4lima.ch
8005,wp2.host
8006,watari.miyagi.jp
8007,s3-accesspoint.dualstack.ap-southeast-3.amazonaws.com
8008,is-a-hunter.com
8009,ec2-54-211-193-79.compute-1.amazonaws.com
8010,ec2-54-208-51-118.compute-1.amazonaws.com
8011,ec2-54-145-235-1.compute-1.amazonaws.com
8012,ec2-52-87-177-107.compute-1.amazonaws.com
8013,ec2-52-70-62-233.compute-1.amazonaws.com
8014,ec2-32-192-238-67.compute-1.amazonaws.com
8015,ec2-3-89-60-155.compute-1.amazonaws.com
8016,ec2-3-82-191-76.compute-1.amazonaws.com
8017,ec2-3-213-6-29.compute-1.amazonaws.com
8018,ec2-3-209-15-22.compute-1.amazonaws.com
8019,ec2-184-73-145-244.compute-1.amazonaws.com
8020,ec2-100-53-97-166.compute-1.amazonaws.com
8021,ec2-100-30-191-96.compute-1.amazonaws.com
8022,ashikaga.tochigi.jp
8023,aizuwakamatsu.fukushima.jp
8024,69.xmit.co
8025,xn--c1avg.xn--90a3ac
8026,warrington.sch.uk
8027,wanouchi.gifu.jp
8028,niiza.saitama.jp
8029,net.am
8030,mishima.fukushima.jp
8031,flintshire.sch.uk
8032,ec2-98-81-221-8.compute-1.amazonaws.com
8033,ec2-98-81-156-78.compute-1.amazonaws.com
8034,ec2-54-164-38-251.compute-1.amazonaws.com
8035,ec2-54-163-179-109.compute-1.amazonaws.com
8036,ec2-52-87-242-11.compute-1.amazonaws.com
8037,ec2-44-222-221-164.compute-1.amazonaws.com
8038,ec2-44-210-44-213.compute-1.amazonaws.com
8039,ec2-44-207-149-47.compute-1.amazonaws.com
8040,ec2-44-199-27-28.compute-1.amazonaws.com
8041,ec2-3-89-165-216.compute-1.amazonaws.com
8042,ec2-3-89-105-24.compute-1.amazonaws.com
8043,ec2-3-80-76-204.compute-1.amazonaws.com
8044,ec2-3-218-0-60.compute-1.amazonaws.com
8045,xn--mgbayh7gpa
8046,teaches-yoga.com
8047,shinjo.yamagata.jp
8048,net.so
8049,gotpantheon.com
8050,ec2-98-84-117-73.compute-1.amazonaws.com
8051,ec2-54-86-90-160.compute-1.amazonaws.com
8052,ec2-54-224-113-78.compute-1.amazonaws.com
8053,ec2-54-197-72-69.compute-1.amazonaws.com
8054,ec2-54-174-154-15.compute-1.amazonaws.com
8055,ec2-52-86-181-185.compute-1.amazonaws.com
8056,ec2-52-70-75-171.compute-1.amazonaws.com
8057,ec2-44-206-254-143.compute-1.amazonaws.com
8058,ec2-44-201-165-173.compute-1.amazonaws.com
8059,ec2-44-201-103-104.compute-1.amazonaws.com
8060,ec2-44-195-41-35.compute-1.amazonaws.com
8061,ec2-35-168-14-27.compute-1.amazonaws.com
8062,ec2-34-234-92-203.compute-1.amazonaws.com
8063,ec2-3-94-201-110.compute-1.amazonaws.com
8064,ec2-3-84-29-230.compute-1.amazonaws.com
8065,ec2-3-83-33-30.compute-1.amazonaws.com
8066,ec2-3-213-2-155.compute-1.amazonaws.com
8067,ec2-184-73-79-106.compute-1.amazonaws.com
8068,ec2-18-97-9-101.compute-1.amazonaws.com
8069,ec2-18-233-115-216.compute-1.amazonaws.com
8070,col887nn4u7y.us-west-2.rds.amazonaws.com
8071,clerk.app
8072,c0.cloudera.site
8073,xn--j1aef.xn--p1acf
8074,xn--h2brj9c8c
8075,us-west3.run.app
8076,unicloud.pl
8077,tokorozawa.saitama.jp
8078,teams.replit.dev
8079,shop.paywhirl.com
8080,s3-accesspoint.dualstack.eu-south-1.amazonaws.com
8081,net.je
8082,myoko.niigata.jp
8083,from-vt.com
8084,etajima.hiroshima.jp
8085,ec2-54-196-157-164.compute-1.amazonaws.com
8086,ec2-54-163-45-247.compute-1.amazonaws.com
8087,ec2-54-145-164-237.compute-1.amazonaws.com
8088,ec2-52-90-4-34.compute-1.amazonaws.com
8089,ec2-44-220-9-154.compute-1.amazonaws.com
8090,ec2-34-236-140-228.compute-1.amazonaws.com
8091,ec2-34-224-74-175.compute-1.amazonaws.com
8092,ec2-3-86-93-123.compute-1.amazonaws.com
8093,ec2-3-235-137-157.compute-1.amazonaws.com
8094,ec2-13-222-168-56.compute-1.amazonaws.com
8095,ec2-13-218-97-192.compute-1.amazonaws.com
8096,ec2-100-55-31-181.compute-1.amazonaws.com
8097,ec2-100-48-242-158.compute-1.amazonaws.com
8098,cc09ri71djin.eu-west-1.rds.amazonaws.com
8099,swedencentral.azurecontainer.io
8100,sk.eu.org
8101,scotborders.sch.uk
8102,s3-accesspoint.dualstack.us-west-1.amazonaws.com
8103,is-an-artist.com
8104,iruma.saitama.jp
8105,grainger
8106,glug.org.uk
8107,from-al.com
8108,eu-madrid-1.oci.customer-oci.com
8109,eu-amsterdam-1.oraclecloudapps.com
8110,ec2-54-91-72-44.compute-1.amazonaws.com
8111,ec2-54-86-1-85.compute-1.amazonaws.com
8112,ec2-54-83-110-109.compute-1.amazonaws.com
8113,ec2-54-227-4-168.compute-1.amazonaws.com
8114,ec2-54-165-198-40.compute-1.amazonaws.com
8115,ec2-54-163-123-180.compute-1.amazonaws.com
8116,ec2-54-147-248-14.compute-1.amazonaws.com
8117,ec2-52-71-121-170.compute-1.amazonaws.com
8118,ec2-52-3-167-79.compute-1.amazonaws.com
8119,ec2-52-23-74-217.compute-1.amazonaws.com
8120,ec2-52-203-245-40.compute-1.amazonaws.com
8121,ec2-50-16-162-130.compute-1.amazonaws.com
8122,ec2-44-203-158-255.compute-1.amazonaws.com
8123,ec2-34-201-116-207.compute-1.amazonaws.com
8124,ec2-34-193-34-229.compute-1.amazonaws.com
8125,ec2-32-193-26-108.compute-1.amazonaws.com
8126,ec2-100-50-70-74.compute-1.amazonaws.com
8127,asso.mc
8128,affinitylottery.org.uk
8129,space-to-rent.com
8130,ltd.cy
8131,lt.eu.org
8132,gv.vc
8133,ec2-98-84-109-162.compute-1.amazonaws.com
8134,ec2-54-196-240-224.compute-1.amazonaws.com
8135,ec2-54-147-153-204.compute-1.amazonaws.com
8136,ec2-35-171-19-100.compute-1.amazonaws.com
8137,ec2-34-226-111-139.compute-1.amazonaws.com
8138,ec2-34-193-113-164.compute-1.amazonaws.com
8139,ec2-32-195-246-22.compute-1.amazonaws.com
8140,ec2-3-233-158-49.compute-1.amazonaws.com
8141,ec2-3-233-158-117.compute-1.amazonaws.com
8142,ec2-3-228-185-195.compute-1.amazonaws.com
8143,ec2-3-210-120-90.compute-1.amazonaws.com
8144,ec2-13-223-20-13.compute-1.amazonaws.com
8145,ec2-13-221-51-33.compute-1.amazonaws.com
8146,ec2-13-221-151-82.compute-1.amazonaws.com
8147,ciuoxt1pxozn.ap-southeast-1.rds.amazonaws.com
8148,yahiko.niigata.jp
8149,woltlab-demo.com
8150,sandvikcoromant
8151,s3-accesspoint.eu-south-1.amazonaws.com
8152,milan.it
8153,kawajima.saitama.jp
8154,iwade.wakayama.jp
8155,in-the-band.net
8156,id.ly
8157,from-ky.com
8158,edu.ki
8159,ec2-98-89-164-35.compute-1.amazonaws.com
8160,ec2-54-82-40-232.compute-1.amazonaws.com
8161,ec2-54-159-150-155.compute-1.amazonaws.com
8162,ec2-52-90-76-255.compute-1.amazonaws.com
8163,ec2-34-237-241-83.compute-1.amazonaws.com
8164,ec2-34-205-43-126.compute-1.amazonaws.com
8165,ec2-32-196-129-195.compute-1.amazonaws.com
8166,ec2-3-237-175-195.compute-1.amazonaws.com
8167,ec2-3-235-16-224.compute-1.amazonaws.com
8168,ec2-3-209-249-255.compute-1.amazonaws.com
8169,ec2-18-207-149-68.compute-1.amazonaws.com
8170,ec2-18-206-228-253.compute-1.amazonaws.com
8171,ec2-18-206-107-243.compute-1.amazonaws.com
8172,ec2-18-204-231-208.compute-1.amazonaws.com
8173,ec2-13-222-29-88.compute-1.amazonaws.com
8174,ec2-107-20-126-125.compute-1.amazonaws.com
8175,ec2-100-53-142-60.compute-1.amazonaws.com
8176,ec2-100-50-115-88.compute-1.amazonaws.com
8177,ec2-100-29-192-35.compute-1.amazonaws.com
8178,seto.aichi.jp
8179,s3-accesspoint.dualstack.sa-east-1.amazonaws.com
8180,s3-accesspoint.dualstack.eu-south-2.amazonaws.com
8181,s3-accesspoint.dualstack.ap-northeast-3.amazonaws.com
8182,north-kazakhstan.su
8183,from-mt.com
8184,from-ms.com
8185,ec2-54-89-89-12.compute-1.amazonaws.com
8186,ec2-54-237-226-164.compute-1.amazonaws.com
8187,ec2-54-175-38-167.compute-1.amazonaws.com
8188,ec2-54-156-11-72.compute-1.amazonaws.com
8189,ec2-44-201-164-126.compute-1.amazonaws.com
8190,ec2-44-197-246-211.compute-1.amazonaws.com
8191,ec2-35-169-159-37.compute-1.amazonaws.com
8192,ec2-34-235-1-243.compute-1.amazonaws.com
8193,ec2-3-94-184-97.compute-1.amazonaws.com
8194,ec2-3-231-113-80.compute-1.amazonaws.com
8195,ec2-3-221-46-18.compute-1.amazonaws.com
8196,ec2-23-23-236-101.compute-1.amazonaws.com
8197,ec2-18-212-61-92.compute-1.amazonaws.com
8198,ec2-174-129-196-195.compute-1.amazonaws.com
8199,ec2-13-221-95-123.compute-1.amazonaws.com
8200,ec2-13-220-49-234.compute-1.amazonaws.com
8201,ec2-100-53-171-244.compute-1.amazonaws.com
8202,dyn.addr.tools
8203,com.futurecms.at
8204,tuscany.it
8205,tenkawa.nara.jp
8206,soka.saitama.jp
8207,s3-accesspoint.ap-southeast-5.amazonaws.com
8208,myspreadshop.es
8209,lugs.org.uk
8210,is-a-good.dev
8211,fujieda.shizuoka.jp
8212,est-le-patron.com
8213,ec2-98-81-92-244.compute-1.amazonaws.com
8214,ec2-54-88-123-155.compute-1.amazonaws.com
8215,ec2-54-242-154-56.compute-1.amazonaws.com
8216,ec2-54-234-199-219.compute-1.amazonaws.com
8217,ec2-54-175-249-243.compute-1.amazonaws.com
8218,ec2-54-144-115-111.compute-1.amazonaws.com
8219,ec2-52-54-172-208.compute-1.amazonaws.com
8220,ec2-44-214-87-0.compute-1.amazonaws.com
8221,ec2-44-212-190-166.compute-1.amazonaws.com
8222,ec2-44-205-40-66.compute-1.amazonaws.com
8223,ec2-44-194-108-128.compute-1.amazonaws.com
8224,ec2-3-94-218-138.compute-1.amazonaws.com
8225,ec2-3-238-32-12.compute-1.amazonaws.com
8226,ec2-23-23-145-106.compute-1.amazonaws.com
8227,ec2-18-209-179-197.compute-1.amazonaws.com
8228,ec2-13-217-8-155.compute-1.amazonaws.com
8229,cluster013.hosting.ovh.net
8230,ylcu-atmi.cloudera.site
8231,xn--ogbpf8fl
8232,trondheim.no
8233,pigboat.jp
8234,london.nodebalancer.linode.com
8235,inverclyde.sch.uk
8236,il-central-1.elasticbeanstalk.com
8237,flickr
8238,ec2-54-242-44-123.compute-1.amazonaws.com
8239,ec2-54-242-179-173.compute-1.amazonaws.com
8240,ec2-54-221-116-122.compute-1.amazonaws.com
8241,ec2-52-22-50-55.compute-1.amazonaws.com
8242,ec2-52-202-212-237.compute-1.amazonaws.com
8243,ec2-3-218-250-223.compute-1.amazonaws.com
8244,ec2-18-88-11-106.compute-1.amazonaws.com
8245,ec2-13-222-38-67.compute-1.amazonaws.com
8246,ec2-13-222-169-249.compute-1.amazonaws.com
8247,brand.se
8248,aol
8249,academia.bo
8250,123website.nl
8251,xn--45br5cyl
8252,sells-for-less.com
8253,sayama.saitama.jp
8254,s3-website.us-west-1.amazonaws.com
8255,lambda-url.af-south-1.on.aws
8256,is-an-accountant.com
8257,fremont.nodebalancer.linode.com
8258,ec2-54-86-134-21.compute-1.amazonaws.com
8259,ec2-54-236-228-135.compute-1.amazonaws.com
8260,ec2-54-152-134-170.compute-1.amazonaws.com
8261,ec2-52-21-69-248.compute-1.amazonaws.com
8262,ec2-52-207-238-74.compute-1.amazonaws.com
8263,ec2-44-205-171-153.compute-1.amazonaws.com
8264,ec2-34-230-72-200.compute-1.amazonaws.com
8265,ec2-3-89-103-169.compute-1.amazonaws.com
8266,ec2-3-82-92-91.compute-1.amazonaws.com
8267,ec2-3-82-78-96.compute-1.amazonaws.com
8268,ec2-3-225-92-8.compute-1.amazonaws.com
8269,ec2-18-205-239-199.compute-1.amazonaws.com
8270,sj
8271,s3-accesspoint.il-central-1.amazonaws.com
8272,inc.hk
8273,ec2-98-95-90-78.compute-1.amazonaws.com
8274,ec2-98-82-6-93.compute-1.amazonaws.com
8275,ec2-54-156-181-92.compute-1.amazonaws.com
8276,ec2-54-147-250-104.compute-1.amazonaws.com
8277,ec2-52-206-189-10.compute-1.amazonaws.com
8278,ec2-52-200-46-145.compute-1.amazonaws.com
8279,ec2-50-19-163-240.compute-1.amazonaws.com
8280,ec2-44-212-59-240.compute-1.amazonaws.com
8281,ec2-44-208-157-219.compute-1.amazonaws.com
8282,ec2-44-204-244-70.compute-1.amazonaws.com
8283,ec2-35-175-71-102.compute-1.amazonaws.com
8284,ec2-35-172-245-152.compute-1.amazonaws.com
8285,ec2-34-226-160-132.compute-1.amazonaws.com
8286,ec2-3-92-239-65.compute-1.amazonaws.com
8287,ec2-3-84-4-44.compute-1.amazonaws.com
8288,ec2-3-81-230-20.compute-1.amazonaws.com
8289,ec2-3-80-27-62.compute-1.amazonaws.com
8290,ec2-3-233-158-116.compute-1.amazonaws.com
8291,ec2-3-226-19-232.compute-1.amazonaws.com
8292,ec2-3-212-39-155.compute-1.amazonaws.com
8293,ec2-23-21-249-23.compute-1.amazonaws.com
8294,ec2-18-215-87-184.compute-1.amazonaws.com
8295,ec2-18-214-174-38.compute-1.amazonaws.com
8296,ec2-18-212-227-85.compute-1.amazonaws.com
8297,ec2-13-222-161-63.compute-1.amazonaws.com
8298,ec2-13-222-131-140.compute-1.amazonaws.com
8299,ec2-13-217-9-26.compute-1.amazonaws.com
8300,ec2-100-51-61-66.compute-1.amazonaws.com
8301,darlington.sch.uk
8302,com.ml
8303,cd.eu.org
8304,al.eu.org
8305,uzs.gov.pl
8306,s3-accesspoint.dualstack.ap-southeast-2.amazonaws.com
8307,myspreadshop.fi
8308,mydns.tw
8309,lego
8310,isahaya.nagasaki.jp
8311,gov.tj
8312,ec2-98-93-245-202.compute-1.amazonaws.com
8313,ec2-89-192-245-134.compute-1.amazonaws.com
8314,ec2-67-202-28-165.compute-1.amazonaws.com
8315,ec2-54-90-77-191.compute-1.amazonaws.com
8316,ec2-54-88-94-2.compute-1.amazonaws.com
8317,ec2-54-221-33-251.compute-1.amazonaws.com
8318,ec2-54-167-7-167.compute-1.amazonaws.com
8319,ec2-52-23-241-253.compute-1.amazonaws.com
8320,ec2-44-221-181-121.compute-1.amazonaws.com
8321,ec2-44-211-57-30.compute-1.amazonaws.com
8322,ec2-44-203-252-181.compute-1.amazonaws.com
8323,ec2-35-172-71-110.compute-1.amazonaws.com
8324,ec2-34-227-49-18.compute-1.amazonaws.com
8325,ec2-18-234-190-223.compute-1.amazonaws.com
8326,ec2-18-208-125-13.compute-1.amazonaws.com
8327,ec2-13-223-227-159.compute-1.amazonaws.com
8328,ec2-13-219-137-198.compute-1.amazonaws.com
8329,ec2-100-55-200-165.compute-1.amazonaws.com
8330,cluster-czrs8kj4isg7.us-east-1.rds.amazonaws.com
8331,c9zoprl0xkel.af-south-1.rds.amazonaws.com
8332,vapor.cloud
8333,tunnelmole.net
8334,suedtirol.it
8335,s3-accesspoint.dualstack.eu-central-1.amazonaws.com
8336,po.gov.pl
8337,mircloud.ru
8338,latrobe
8339,frontier
8340,from-ne.com
8341,echizen.fukui.jp
8342,ec2-98-93-19-251.compute-1.amazonaws.com
8343,ec2-98-84-188-17.compute-1.amazonaws.com
8344,ec2-54-211-36-54.compute-1.amazonaws.com
8345,ec2-52-207-126-70.compute-1.amazonaws.com
8346,ec2-44-202-21-35.compute-1.amazonaws.com
8347,ec2-44-198-133-63.compute-1.amazonaws.com
8348,ec2-44-192-97-66.compute-1.amazonaws.com
8349,ec2-34-197-224-31.compute-1.amazonaws.com
8350,ec2-3-83-53-90.compute-1.amazonaws.com
8351,ec2-3-233-158-121.compute-1.amazonaws.com
8352,ec2-174-129-71-167.compute-1.amazonaws.com
8353,ec2-13-222-242-22.compute-1.amazonaws.com
8354,ec2-13-222-238-246.compute-1.amazonaws.com
8355,ec2-100-29-192-63.compute-1.amazonaws.com
8356,ec2-100-26-61-165.compute-1.amazonaws.com
8357,yonezawa.yamagata.jp
8358,support.site
8359,stavanger.no
8360,srv.us
8361,org.fk
8362,nasushiobara.tochigi.jp
8363,kosai.shizuoka.jp
8364,ec2-89-193-156-12.compute-1.amazonaws.com
8365,ec2-54-242-0-117.compute-1.amazonaws.com
8366,ec2-54-156-153-8.compute-1.amazonaws.com
8367,ec2-54-146-140-99.compute-1.amazonaws.com
8368,ec2-52-91-48-81.compute-1.amazonaws.com
8369,ec2-52-55-136-46.compute-1.amazonaws.com
8370,ec2-50-16-7-188.compute-1.amazonaws.com
8371,ec2-44-215-36-230.compute-1.amazonaws.com
8372,ec2-44-215-34-123.compute-1.amazonaws.com
8373,ec2-44-212-47-195.compute-1.amazonaws.com
8374,ec2-44-197-181-255.compute-1.amazonaws.com
8375,ec2-18-88-12-182.compute-1.amazonaws.com
8376,ec2-18-234-210-139.compute-1.amazonaws.com
8377,cjhncsplawje.eu-central-1.rds.amazonaws.com
8378,westus3.azurecontainer.io
8379,us-sanjose-1.oraclecloudapps.com
8380,s3-accesspoint.dualstack.il-central-1.amazonaws.com
8381,roxa.org
8382,parasite.jp
8383,n-lincs.sch.uk
8384,iserv.dev
8385,is-a-hard-worker.com
8386,ec2-54-92-204-5.compute-1.amazonaws.com
8387,ec2-54-243-136-74.compute-1.amazonaws.com
8388,ec2-54-174-208-37.compute-1.amazonaws.com
8389,ec2-54-145-202-156.compute-1.amazonaws.com
8390,ec2-52-70-23-102.compute-1.amazonaws.com
8391,ec2-52-204-199-195.compute-1.amazonaws.com
8392,ec2-50-17-177-188.compute-1.amazonaws.com
8393,ec2-44-202-229-210.compute-1.amazonaws.com
8394,ec2-44-199-80-228.compute-1.amazonaws.com
8395,ec2-34-236-238-231.compute-1.amazonaws.com
8396,ec2-3-92-120-28.compute-1.amazonaws.com
8397,ec2-3-91-148-177.compute-1.amazonaws.com
8398,ec2-3-90-41-152.compute-1.amazonaws.com
8399,ec2-3-236-133-220.compute-1.amazonaws.com
8400,ec2-3-219-38-10.compute-1.amazonaws.com
8401,ec2-13-223-97-194.compute-1.amazonaws.com
8402,ec2-100-29-192-71.compute-1.amazonaws.com
8403,ec2-100-29-192-4.compute-1.amazonaws.com
8404,ap-seoul-1.oci.customer-oci.com
8405,phutho.vn
8406,is-a-photographer.com
8407,from-wy.com
8408,ec2-98-94-27-155.compute-1.amazonaws.com
8409,ec2-54-90-205-87.compute-1.amazonaws.com
8410,ec2-54-147-21-139.compute-1.amazonaws.com
8411,ec2-52-91-15-149.compute-1.amazonaws.com
8412,ec2-52-4-82-199.compute-1.amazonaws.com
8413,ec2-44-221-182-210.compute-1.amazonaws.com
8414,ec2-44-202-21-55.compute-1.amazonaws.com
8415,ec2-34-231-4-169.compute-1.amazonaws.com
8416,ec2-34-225-87-2.compute-1.amazonaws.com
8417,ec2-34-196-173-215.compute-1.amazonaws.com
8418,ec2-3-92-180-146.compute-1.amazonaws.com
8419,ec2-3-91-171-252.compute-1.amazonaws.com
8420,ec2-3-91-171-132.compute-1.amazonaws.com
8421,ec2-3-236-152-73.compute-1.amazonaws.com
8422,ec2-3-233-158-118.compute-1.amazonaws.com
8423,ec2-3-225-95-255.compute-1.amazonaws.com
8424,ec2-13-218-167-231.compute-1.amazonaws.com
8425,daejeon.kr
8426,schoolbus.jp
8427,ooshika.nagano.jp
8428,mr.no
8429,is-a-knight.org
8430,ilovecollege.info
8431,from-wv.com
8432,ec2-89-192-245-142.compute-1.amazonaws.com
8433,ec2-54-82-48-51.compute-1.amazonaws.com
8434,ec2-54-209-138-189.compute-1.amazonaws.com
8435,ec2-54-158-175-104.compute-1.amazonaws.com
8436,ec2-52-6-47-252.compute-1.amazonaws.com
8437,ec2-44-202-21-3.compute-1.amazonaws.com
8438,ec2-34-234-163-223.compute-1.amazonaws.com
8439,ec2-34-195-221-192.compute-1.amazonaws.com
8440,ec2-3-83-211-183.compute-1.amazonaws.com
8441,ec2-3-234-156-145.compute-1.amazonaws.com
8442,ec2-3-217-147-217.compute-1.amazonaws.com
8443,ec2-23-22-98-107.compute-1.amazonaws.com
8444,ec2-13-218-94-63.compute-1.amazonaws.com
8445,ec2-13-217-9-64.compute-1.amazonaws.com
8446,ec2-100-54-211-67.compute-1.amazonaws.com
8447,cluster005.hosting.ovh.net
8448,xn--uc0atv.hk
8449,sobetsu.hokkaido.jp
8450,s3-accesspoint.dualstack.ap-northeast-2.amazonaws.com
8451,me.so
8452,eu.int
8453,ec2-98-83-239-67.compute-1.amazonaws.com
8454,ec2-98-82-150-198.compute-1.amazonaws.com
8455,ec2-54-205-108-214.compute-1.amazonaws.com
8456,ec2-54-165-172-43.compute-1.amazonaws.com
8457,ec2-52-54-96-194.compute-1.amazonaws.com
8458,ec2-44-202-21-27.compute-1.amazonaws.com
8459,ec2-34-238-59-145.compute-1.amazonaws.com
8460,ec2-34-226-190-36.compute-1.amazonaws.com
8461,ec2-3-233-158-119.compute-1.amazonaws.com
8462,ec2-174-129-152-223.compute-1.amazonaws.com
8463,ec2-13-223-88-113.compute-1.amazonaws.com
8464,ec2-13-218-149-248.compute-1.amazonaws.com
8465,arte.bo
8466,anani.br
8467,xn--otu796d
8468,us-east-1.compute.amazonaws.com
8469,seprox.hooc.me
8470,s3-accesspoint.eu-south-2.amazonaws.com
8471,prochowice.pl
8472,noop.app
8473,is-not-certified.com
8474,edu.pr
8475,ec2-98-95-124-175.compute-1.amazonaws.com
8476,ec2-98-88-17-26.compute-1.amazonaws.com
8477,ec2-98-86-175-35.compute-1.amazonaws.com
8478,ec2-54-226-226-30.compute-1.amazonaws.com
8479,ec2-54-145-86-201.compute-1.amazonaws.com
8480,ec2-52-90-155-15.compute-1.amazonaws.com
8481,ec2-52-1-185-62.compute-1.amazonaws.com
8482,ec2-50-19-248-161.compute-1.amazonaws.com
8483,ec2-44-202-21-4.compute-1.amazonaws.com
8484,ec2-44-202-13-116.compute-1.amazonaws.com
8485,ec2-34-239-84-94.compute-1.amazonaws.com
8486,ec2-34-238-124-103.compute-1.amazonaws.com
8487,ec2-34-226-36-52.compute-1.amazonaws.com
8488,ec2-3-91-171-234.compute-1.amazonaws.com
8489,ec2-3-90-5-174.compute-1.amazonaws.com
8490,ec2-3-227-250-255.compute-1.amazonaws.com
8491,ec2-3-227-250-188.compute-1.amazonaws.com
8492,ec2-3-216-72-124.compute-1.amazonaws.com
8493,ec2-3-209-52-129.compute-1.amazonaws.com
8494,ec2-100-53-78-176.compute-1.amazonaws.com
8495,ec2-100-26-194-24.compute-1.amazonaws.com
8496,deta.dev
8497,vs.it
8498,readmyblog.org
8499,obama.fukui.jp
8500,nantan.kyoto.jp
8501,myspreadshop.pl
8502,lima-city.rocks
8503,is-uberleet.com
8504,is-a-nurse.com
8505,gyeonggi.kr
8506,eu-1.evennode.com
8507,ec2-52-201-232-191.compute-1.amazonaws.com
8508,ec2-44-219-253-199.compute-1.amazonaws.com
8509,ec2-44-217-209-141.compute-1.amazonaws.com
8510,ec2-34-194-131-16.compute-1.amazonaws.com
8511,ec2-32-194-22-45.compute-1.amazonaws.com
8512,ec2-3-89-99-122.compute-1.amazonaws.com
8513,ec2-3-233-158-115.compute-1.amazonaws.com
8514,ec2-3-228-87-116.compute-1.amazonaws.com
8515,ec2-18-97-36-76.compute-1.amazonaws.com
8516,ec2-18-97-36-55.compute-1.amazonaws.com
8517,ec2-18-233-33-72.compute-1.amazonaws.com
8518,ec2-18-212-65-237.compute-1.amazonaws.com
8519,ec2-100-53-238-175.compute-1.amazonaws.com
8520,ec2-100-52-207-104.compute-1.amazonaws.com
8521,australia-southeast2.run.app
8522,walter
8523,s3-fips.dualstack.us-east-1.amazonaws.com
8524,operaunite.com
8525,mizuho.tokyo.jp
8526,linkyard.cloud
8527,is-very-sweet.org
8528,is-a-liberal.com
8529,fm.user.fm
8530,fldrv.com
8531,ec2-54-243-156-48.compute-1.amazonaws.com
8532,ec2-54-197-124-126.compute-1.amazonaws.com
8533,ec2-54-196-8-198.compute-1.amazonaws.com
8534,ec2-52-21-30-48.compute-1.amazonaws.com
8535,ec2-50-16-66-231.compute-1.amazonaws.com
8536,ec2-44-192-6-83.compute-1.amazonaws.com
8537,ec2-34-228-189-89.compute-1.amazonaws.com
8538,ec2-3-239-220-138.compute-1.amazonaws.com
8539,ec2-3-223-181-245.compute-1.amazonaws.com
8540,ec2-23-21-243-68.compute-1.amazonaws.com
8541,ec2-13-216-223-142.compute-1.amazonaws.com
8542,ec2-100-51-56-145.compute-1.amazonaws.com
8543,ce7gg2eo7hdc.us-east-1.rds.amazonaws.com
8544,arendal.no
8545,rt.ht
8546,org.vu
8547,myspreadshop.nl
8548,map
8549,kanuma.tochigi.jp
8550,ec2-98-86-61-184.compute-1.amazonaws.com
8551,ec2-54-236-104-103.compute-1.amazonaws.com
8552,ec2-54-224-79-75.compute-1.amazonaws.com
8553,ec2-52-6-41-226.compute-1.amazonaws.com
8554,ec2-52-2-43-197.compute-1.amazonaws.com
8555,ec2-44-202-33-214.compute-1.amazonaws.com
8556,ec2-44-202-21-26.compute-1.amazonaws.com
8557,ec2-35-153-82-190.compute-1.amazonaws.com
8558,ec2-34-203-251-233.compute-1.amazonaws.com
8559,ec2-32-192-85-152.compute-1.amazonaws.com
8560,ec2-3-91-171-232.compute-1.amazonaws.com
8561,ec2-3-236-166-65.compute-1.amazonaws.com
8562,ec2-13-219-193-159.compute-1.amazonaws.com
8563,ec2-100-49-182-54.compute-1.amazonaws.com
8564,ec2-100-24-47-223.compute-1.amazonaws.com
8565,co.scot
8566,belgiumcentral.azurecontainer.io
8567,svn-repos.de
8568,s3-website.af-south-1.amazonaws.com
8569,mediatech.by
8570,knightpoint.systems
8571,kainan.tokushima.jp
8572,k12.dc.us
8573,hofu.yamaguchi.jp
8574,higashiosaka.osaka.jp
8575,ec2-54-86-2-95.compute-1.amazonaws.com
8576,ec2-54-227-6-94.compute-1.amazonaws.com
8577,ec2-54-224-199-178.compute-1.amazonaws.com
8578,ec2-54-156-181-101.compute-1.amazonaws.com
8579,ec2-44-208-117-202.compute-1.amazonaws.com
8580,ec2-44-202-21-43.compute-1.amazonaws.com
8581,ec2-44-202-21-2.compute-1.amazonaws.com
8582,ec2-44-196-94-219.compute-1.amazonaws.com
8583,ec2-34-231-114-58.compute-1.amazonaws.com
8584,ec2-34-229-199-117.compute-1.amazonaws.com
8585,ec2-32-192-11-17.compute-1.amazonaws.com
8586,ec2-3-91-148-68.compute-1.amazonaws.com
8587,ec2-3-91-140-69.compute-1.amazonaws.com
8588,ec2-3-227-250-205.compute-1.amazonaws.com
8589,ec2-3-215-74-224.compute-1.amazonaws.com
8590,ec2-18-88-12-155.compute-1.amazonaws.com
8591,ec2-18-208-190-108.compute-1.amazonaws.com
8592,deu.at.playit.plus
8593,c9dpsrvyn615.us-east-2.rds.amazonaws.com
8594,azsouthcentralus.snowflake.app
8595,auth.eu-south-2.amazoncognito.com
8596,tonkotsu.jp
8597,seiyo.ehime.jp
8598,s3-me-south-1.amazonaws.com
8599,pub.sa
8600,primetel.cloud
8601,ojiya.niigata.jp
8602,lib.nc.us
8603,is-a-designer.com
8604,is-a-anarchist.com
8605,fnd.br
8606,ec2-98-88-118-221.compute-1.amazonaws.com
8607,ec2-98-87-170-74.compute-1.amazonaws.com
8608,ec2-98-81-39-156.compute-1.amazonaws.com
8609,ec2-89-192-52-44.compute-1.amazonaws.com
8610,ec2-54-90-231-41.compute-1.amazonaws.com
8611,ec2-54-225-156-26.compute-1.amazonaws.com
8612,ec2-54-208-25-95.compute-1.amazonaws.com
8613,ec2-54-146-183-54.compute-1.amazonaws.com
8614,ec2-52-55-246-96.compute-1.amazonaws.com
8615,ec2-52-207-117-184.compute-1.amazonaws.com
8616,ec2-52-20-62-33.compute-1.amazonaws.com
8617,ec2-50-17-182-117.compute-1.amazonaws.com
8618,ec2-34-203-251-145.compute-1.amazonaws.com
8619,ec2-34-199-101-34.compute-1.amazonaws.com
8620,ec2-34-197-128-172.compute-1.amazonaws.com
8621,ec2-3-236-206-94.compute-1.amazonaws.com
8622,ec2-3-235-7-225.compute-1.amazonaws.com
8623,ec2-3-230-236-93.compute-1.amazonaws.com
8624,ec2-3-209-124-67.compute-1.amazonaws.com
8625,ec2-3-208-160-65.compute-1.amazonaws.com
8626,ec2-18-213-11-84.compute-1.amazonaws.com
8627,ec2-18-207-114-178.compute-1.amazonaws.com
8628,ec2-18-205-150-207.compute-1.amazonaws.com
8629,ec2-100-53-50-203.compute-1.amazonaws.com
8630,ec2-100-48-173-25.compute-1.amazonaws.com
8631,cluster011.hosting.ovh.net
8632,xn--xkc2al3hye2a
8633,xn--mgbca7dzdo
8634,vfs.cloud9.sa-east-1.amazonaws.com
8635,pvt.ge
8636,messerli.app
8637,is-into-cars.com
8638,hamada.shimane.jp
8639,element--t-p-v-aj-a9-r-er-p.quipelements.com
8640,ec2-54-82-151-177.compute-1.amazonaws.com
8641,ec2-54-225-81-254.compute-1.amazonaws.com
8642,ec2-52-21-211-187.compute-1.amazonaws.com
8643,ec2-52-205-42-135.compute-1.amazonaws.com
8644,ec2-50-19-35-122.compute-1.amazonaws.com
8645,ec2-50-17-2-67.compute-1.amazonaws.com
8646,ec2-35-170-199-79.compute-1.amazonaws.com
8647,ec2-34-201-57-118.compute-1.amazonaws.com
8648,ec2-3-232-221-97.compute-1.amazonaws.com
8649,ec2-3-229-240-232.compute-1.amazonaws.com
8650,ec2-3-226-186-113.compute-1.amazonaws.com
8651,ec2-3-219-243-226.compute-1.amazonaws.com
8652,ec2-3-213-105-149.compute-1.amazonaws.com
8653,ec2-3-208-217-119.compute-1.amazonaws.com
8654,ec2-100-50-248-144.compute-1.amazonaws.com
8655,cvqd7j86xd0w.eu-west-2.rds.amazonaws.com
8656,bluebite.io
8657,arte
8658,phpmyadmin-gra.hosting.ovh.net
8659,mitaka.tokyo.jp
8660,misconfused.org
8661,leapcell.dev
8662,jpmorgan
8663,from-nd.com
8664,fresenius
8665,ec2-98-91-163-174.compute-1.amazonaws.com
8666,ec2-98-87-123-61.compute-1.amazonaws.com
8667,ec2-98-85-205-70.compute-1.amazonaws.com
8668,ec2-54-90-238-234.compute-1.amazonaws.com
8669,ec2-54-235-200-244.compute-1.amazonaws.com
8670,ec2-54-234-239-85.compute-1.amazonaws.com
8671,ec2-54-167-177-211.compute-1.amazonaws.com
8672,ec2-54-164-79-148.compute-1.amazonaws.com
8673,ec2-54-160-93-182.compute-1.amazonaws.com
8674,ec2-54-157-12-134.compute-1.amazonaws.com
8675,ec2-52-91-215-149.compute-1.amazonaws.com
8676,ec2-52-205-86-218.compute-1.amazonaws.com
8677,ec2-52-201-66-229.compute-1.amazonaws.com
8678,ec2-44-208-222-77.compute-1.amazonaws.com
8679,ec2-44-206-190-250.compute-1.amazonaws.com
8680,ec2-35-171-148-3.compute-1.amazonaws.com
8681,ec2-34-202-253-140.compute-1.amazonaws.com
8682,ec2-34-199-221-237.compute-1.amazonaws.com
8683,ec2-32-193-166-170.compute-1.amazonaws.com
8684,ec2-32-192-75-243.compute-1.amazonaws.com
8685,ec2-3-95-222-153.compute-1.amazonaws.com
8686,ec2-3-91-171-239.compute-1.amazonaws.com
8687,ec2-3-91-171-228.compute-1.amazonaws.com
8688,ec2-3-91-171-217.compute-1.amazonaws.com
8689,ec2-3-91-171-216.compute-1.amazonaws.com
8690,ec2-3-82-198-92.compute-1.amazonaws.com
8691,ec2-3-233-129-217.compute-1.amazonaws.com
8692,ec2-3-223-235-234.compute-1.amazonaws.com
8693,ec2-18-97-36-69.compute-1.amazonaws.com
8694,ec2-18-211-239-233.compute-1.amazonaws.com
8695,ec2-18-206-252-118.compute-1.amazonaws.com
8696,ec2-100-48-87-238.compute-1.amazonaws.com
8697,co.dm
8698,cluster003.hosting.ovh.net
8699,airport.aero
8700,ac.im
8701,net.lc
8702,emrstudio-prod.cn-north-1.amazonaws.com.cn
8703,ec2-98-94-39-8.compute-1.amazonaws.com
8704,ec2-98-90-242-199.compute-1.amazonaws.com
8705,ec2-98-86-23-164.compute-1.amazonaws.com
8706,ec2-98-85-155-105.compute-1.amazonaws.com
8707,ec2-98-82-245-156.compute-1.amazonaws.com
8708,ec2-52-86-55-234.compute-1.amazonaws.com
8709,ec2-52-70-65-244.compute-1.amazonaws.com
8710,ec2-52-55-58-100.compute-1.amazonaws.com
8711,ec2-44-211-247-116.compute-1.amazonaws.com
8712,ec2-44-209-62-29.compute-1.amazonaws.com
8713,ec2-34-235-115-207.compute-1.amazonaws.com
8714,ec2-34-203-251-242.compute-1.amazonaws.com
8715,ec2-34-203-251-197.compute-1.amazonaws.com
8716,ec2-32-196-137-55.compute-1.amazonaws.com
8717,ec2-3-224-119-229.compute-1.amazonaws.com
8718,ec2-3-222-252-193.compute-1.amazonaws.com
8719,ec2-18-210-229-244.compute-1.amazonaws.com
8720,aramco
8721,americanexpress
8722,sukagawa.fukushima.jp
8723,net.hn
8724,management.azurecontainer.io
8725,is-a-republican.com
8726,fra.appwrite.run
8727,ec2-54-173-154-19.compute-1.amazonaws.com
8728,ec2-54-161-42-116.compute-1.amazonaws.com
8729,ec2-54-161-202-8.compute-1.amazonaws.com
8730,ec2-52-71-203-220.compute-1.amazonaws.com
8731,ec2-52-0-218-127.compute-1.amazonaws.com
8732,ec2-50-17-170-53.compute-1.amazonaws.com
8733,ec2-44-219-24-193.compute-1.amazonaws.com
8734,ec2-44-202-21-52.compute-1.amazonaws.com
8735,ec2-44-202-21-19.compute-1.amazonaws.com
8736,ec2-44-202-21-10.compute-1.amazonaws.com
8737,ec2-44-197-57-108.compute-1.amazonaws.com
8738,ec2-34-193-70-110.compute-1.amazonaws.com
8739,ec2-3-91-171-247.compute-1.amazonaws.com
8740,ec2-3-227-250-179.compute-1.amazonaws.com
8741,ec2-3-227-250-154.compute-1.amazonaws.com
8742,ec2-23-23-134-241.compute-1.amazonaws.com
8743,ec2-18-209-48-19.compute-1.amazonaws.com
8744,cjjdqtxprd6u.us-east-1.rds.amazonaws.com
8745,cellar-fr-north-hds-c1.services.clever-cloud.com
8746,c2okog9xjj8j.eu-central-1.rds.amazonaws.com
8747,alstom
8748,santamaria.br
8749,s3-fips.dualstack.ca-central-1.amazonaws.com
8750,lib.ct.us
8751,jele.io
8752,jaguar
8753,homedepot
8754,execute-api.ap-southeast-4.amazonaws.com
8755,ec2-98-85-51-156.compute-1.amazonaws.com
8756,ec2-98-81-205-36.compute-1.amazonaws.com
8757,ec2-54-211-154-144.compute-1.amazonaws.com
8758,ec2-54-175-209-36.compute-1.amazonaws.com
8759,ec2-54-162-191-143.compute-1.amazonaws.com
8760,ec2-54-156-69-62.compute-1.amazonaws.com
8761,ec2-52-86-253-30.compute-1.amazonaws.com
8762,ec2-44-223-155-19.compute-1.amazonaws.com
8763,ec2-44-202-21-11.compute-1.amazonaws.com
8764,ec2-34-230-165-46.compute-1.amazonaws.com
8765,ec2-34-201-101-161.compute-1.amazonaws.com
8766,ec2-3-94-192-230.compute-1.amazonaws.com
8767,ec2-3-89-234-240.compute-1.amazonaws.com
8768,ec2-3-238-76-122.compute-1.amazonaws.com
8769,ec2-3-227-250-129.compute-1.amazonaws.com
8770,ec2-3-215-188-242.compute-1.amazonaws.com
8771,ec2-184-73-177-200.compute-1.amazonaws.com
8772,ec2-18-235-107-173.compute-1.amazonaws.com
8773,ec2-100-54-6-78.compute-1.amazonaws.com
8774,cmxayu6oary4.us-east-1.rds.amazonaws.com
8775,studio.us-west-1.sagemaker.aws
8776,mykolaiv.ua
8777,mit
8778,ltd.hk
8779,is-a-therapist.com
8780,gwent.sch.uk
8781,farmers
8782,eu-paris-1.oci.customer-oci.com
8783,ethos54-prod-va7.dev.adobeaemcloud.com
8784,edu.mw
8785,ec2-44-207-53-85.compute-1.amazonaws.com
8786,ec2-34-232-140-51.compute-1.amazonaws.com
8787,ec2-3-94-89-213.compute-1.amazonaws.com
8788,ec2-3-88-132-121.compute-1.amazonaws.com
8789,ec2-3-83-174-144.compute-1.amazonaws.com
8790,ec2-3-236-206-95.compute-1.amazonaws.com
8791,ec2-3-236-206-93.compute-1.amazonaws.com
8792,ec2-3-227-220-243.compute-1.amazonaws.com
8793,ec2-3-212-190-183.compute-1.amazonaws.com
8794,ec2-18-97-36-8.compute-1.amazonaws.com
8795,ec2-18-97-36-78.compute-1.amazonaws.com
8796,ec2-18-97-36-73.compute-1.amazonaws.com
8797,ec2-18-97-36-60.compute-1.amazonaws.com
8798,ec2-18-235-204-9.compute-1.amazonaws.com
8799,ec2-100-52-177-202.compute-1.amazonaws.com
8800,ec2-100-26-45-212.compute-1.amazonaws.com
8801,ec2-100-24-98-130.compute-1.amazonaws.com
8802,citi
8803,cb2vdwdpioyx.us-west-2.rds.amazonaws.com
8804,warabi.saitama.jp
8805,sells-for-u.com
8806,sch.zm
8807,prime
8808,nanto.toyama.jp
8809,name.eg
8810,locus
8811,lebtimnetz.de
8812,fakefur.jp
8813,ethos52-prod-va7.dev.adobeaemcloud.com
8814,ec2-44-202-211-14.compute-1.amazonaws.com
8815,ec2-44-198-36-103.compute-1.amazonaws.com
8816,ec2-44-192-107-63.compute-1.amazonaws.com
8817,ec2-34-203-251-114.compute-1.amazonaws.com
8818,ec2-3-91-171-220.compute-1.amazonaws.com
8819,ec2-3-229-39-193.compute-1.amazonaws.com
8820,ec2-3-227-250-225.compute-1.amazonaws.com
8821,ec2-3-227-250-162.compute-1.amazonaws.com
8822,ec2-3-219-96-23.compute-1.amazonaws.com
8823,ec2-3-208-18-80.compute-1.amazonaws.com
8824,ec2-23-20-165-22.compute-1.amazonaws.com
8825,ec2-184-72-191-107.compute-1.amazonaws.com
8826,ec2-18-97-36-54.compute-1.amazonaws.com
8827,ec2-18-97-36-18.compute-1.amazonaws.com
8828,ec2-18-97-36-17.compute-1.amazonaws.com
8829,ec2-18-88-12-145.compute-1.amazonaws.com
8830,ec2-13-218-22-63.compute-1.amazonaws.com
8831,ec2-100-25-134-4.compute-1.amazonaws.com
8832,dongnai.vn
8833,ciy6wvf7jzeo.sa-east-1.rds.amazonaws.com
8834,c73.us-east-1.airflow.amazonaws.com
8835,zachpomor.pl
8836,traeumtgerade.de
8837,sochi.su
8838,siteleaf.net
8839,pagespeedmobilizer.com
8840,org.am
8841,net.sc
8842,mx-queretaro-1.oraclecloudapps.com
8843,mk.eu.org
8844,minamisanriku.miyagi.jp
8845,localplayer.dev
8846,khanhhoa.vn
8847,is-into-anime.com
8848,is-an-actor.com
8849,ec2-89-192-51-157.compute-1.amazonaws.com
8850,ec2-54-236-18-154.compute-1.amazonaws.com
8851,ec2-54-224-241-105.compute-1.amazonaws.com
8852,ec2-54-167-111-74.compute-1.amazonaws.com
8853,ec2-54-160-169-66.compute-1.amazonaws.com
8854,ec2-54-158-132-80.compute-1.amazonaws.com
8855,ec2-52-44-30-129.compute-1.amazonaws.com
8856,ec2-52-204-47-116.compute-1.amazonaws.com
8857,ec2-44-211-85-155.compute-1.amazonaws.com
8858,ec2-44-211-58-249.compute-1.amazonaws.com
8859,ec2-44-202-21-9.compute-1.amazonaws.com
8860,ec2-34-237-208-24.compute-1.amazonaws.com
8861,ec2-34-234-176-245.compute-1.amazonaws.com
8862,ec2-34-203-251-32.compute-1.amazonaws.com
8863,ec2-3-90-158-208.compute-1.amazonaws.com
8864,ec2-3-233-140-124.compute-1.amazonaws.com
8865,ec2-3-216-4-69.compute-1.amazonaws.com
8866,ec2-18-213-32-120.compute-1.amazonaws.com
8867,ec2-100-27-169-19.compute-1.amazonaws.com
8868,mein-iserv.de
8869,med.pro
8870,isehara.kanagawa.jp
8871,is-a-bookkeeper.com
8872,fin.tn
8873,ethos401-prod-va7.dev.adobeaemcloud.com
8874,ec2-98-80-188-142.compute-1.amazonaws.com
8875,ec2-54-91-174-224.compute-1.amazonaws.com
8876,ec2-54-88-79-129.compute-1.amazonaws.com
8877,ec2-54-80-196-180.compute-1.amazonaws.com
8878,ec2-54-208-20-4.compute-1.amazonaws.com
8879,ec2-54-157-96-72.compute-1.amazonaws.com
8880,ec2-54-144-93-35.compute-1.amazonaws.com
8881,ec2-52-90-41-108.compute-1.amazonaws.com
8882,ec2-52-6-28-125.compute-1.amazonaws.com
8883,ec2-52-207-210-0.compute-1.amazonaws.com
8884,ec2-52-204-253-245.compute-1.amazonaws.com
8885,ec2-52-2-100-109.compute-1.amazonaws.com
8886,ec2-52-1-144-226.compute-1.amazonaws.com
8887,ec2-50-17-228-34.compute-1.amazonaws.com
8888,ec2-50-16-235-211.compute-1.amazonaws.com
8889,ec2-44-220-230-171.compute-1.amazonaws.com
8890,ec2-44-211-56-222.compute-1.amazonaws.com
8891,ec2-44-202-21-12.compute-1.amazonaws.com
8892,ec2-32-194-14-78.compute-1.amazonaws.com
8893,ec2-3-91-171-253.compute-1.amazonaws.com
8894,ec2-3-91-171-144.compute-1.amazonaws.com
8895,ec2-3-89-32-61.compute-1.amazonaws.com
8896,ec2-3-227-250-254.compute-1.amazonaws.com
8897,ec2-3-227-250-251.compute-1.amazonaws.com
8898,ec2-3-227-250-247.compute-1.amazonaws.com
8899,ec2-18-213-103-41.compute-1.amazonaws.com
8900,ec2-107-20-71-52.compute-1.amazonaws.com
8901,ec2-100-49-170-128.compute-1.amazonaws.com
8902,ec2-100-24-219-142.compute-1.amazonaws.com
8903,ebina.kanagawa.jp
8904,c44.us-east-1.airflow.amazonaws.com
8905,beats
8906,ascot.sch.uk
8907,angiang.vn
8908,alibabacloudcs.com
8909,yamagata.gifu.jp
8910,scrapper-site.net
8911,sanjo.niigata.jp
8912,sa-vinhedo-1.oraclecloudapps.com
8913,s3-website.sa-east-1.amazonaws.com
8914,ng.eu.org
8915,iservschule.de
8916,is-a-libertarian.com
8917,heptapod-foss.services.clever-cloud.com
8918,gcpeuropewest4.snowflake.app
8919,ec2-98-81-60-48.compute-1.amazonaws.com
8920,ec2-54-235-104-53.compute-1.amazonaws.com
8921,ec2-54-227-205-48.compute-1.amazonaws.com
8922,ec2-52-207-54-253.compute-1.amazonaws.com
8923,ec2-52-207-244-78.compute-1.amazonaws.com
8924,ec2-44-223-230-150.compute-1.amazonaws.com
8925,ec2-44-215-168-156.compute-1.amazonaws.com
8926,ec2-44-202-21-45.compute-1.amazonaws.com
8927,ec2-44-202-21-1.compute-1.amazonaws.com
8928,ec2-34-237-1-95.compute-1.amazonaws.com
8929,ec2-34-203-251-222.compute-1.amazonaws.com
8930,ec2-34-200-243-251.compute-1.amazonaws.com
8931,ec2-3-91-171-230.compute-1.amazonaws.com
8932,ec2-3-91-171-225.compute-1.amazonaws.com
8933,ec2-3-91-100-208.compute-1.amazonaws.com
8934,ec2-3-89-110-97.compute-1.amazonaws.com
8935,ec2-3-88-3-212.compute-1.amazonaws.com
8936,ec2-3-230-130-186.compute-1.amazonaws.com
8937,ec2-18-88-0-65.compute-1.amazonaws.com
8938,devices.resinstaging.io
8939,clwyd.sch.uk
8940,cluster015.hosting.ovh.net
8941,cloudns.in
8942,xn--90amc.xn--p1acf
8943,myspreadshop.no
8944,lib.nv.us
8945,icurus.jp
8946,gitpage.si
8947,edu.kn
8948,ec2-98-87-170-71.compute-1.amazonaws.com
8949,ec2-54-85-240-191.compute-1.amazonaws.com
8950,ec2-54-205-83-108.compute-1.amazonaws.com
8951,ec2-54-204-222-79.compute-1.amazonaws.com
8952,ec2-54-197-145-0.compute-1.amazonaws.com
8953,ec2-52-70-93-169.compute-1.amazonaws.com
8954,ec2-52-2-57-197.compute-1.amazonaws.com
8955,ec2-44-216-98-239.compute-1.amazonaws.com
8956,ec2-44-208-119-5.compute-1.amazonaws.com
8957,ec2-44-202-21-17.compute-1.amazonaws.com
8958,ec2-44-194-1-92.compute-1.amazonaws.com
8959,ec2-35-173-153-33.compute-1.amazonaws.com
8960,ec2-35-171-73-226.compute-1.amazonaws.com
8961,ec2-34-194-140-203.compute-1.amazonaws.com
8962,ec2-3-91-171-214.compute-1.amazonaws.com
8963,ec2-3-80-92-191.compute-1.amazonaws.com
8964,ec2-3-80-204-163.compute-1.amazonaws.com
8965,ec2-3-227-250-177.compute-1.amazonaws.com
8966,ec2-3-227-250-143.compute-1.amazonaws.com
8967,ec2-3-226-221-233.compute-1.amazonaws.com
8968,ec2-23-23-189-145.compute-1.amazonaws.com
8969,ec2-18-204-46-106.compute-1.amazonaws.com
8970,ec2-174-129-226-102.compute-1.amazonaws.com
8971,c71.airflow.us-east-1.on.aws
8972,winb.gov.pl
8973,tome.miyagi.jp
8974,northcentralus.azurecontainer.io
8975,njs.jelastic.vps-host.net
8976,lolitapunk.jp
8977,kvam.no
8978,gr.eu.org
8979,glow.sch.uk
8980,frenchkiss.jp
8981,ethos53-prod-va7.dev.adobeaemcloud.com
8982,ec2-98-95-4-255.compute-1.amazonaws.com
8983,ec2-89-192-2-182.compute-1.amazonaws.com
8984,ec2-54-221-194-114.compute-1.amazonaws.com
8985,ec2-54-174-223-235.compute-1.amazonaws.com
8986,ec2-54-147-255-79.compute-1.amazonaws.com
8987,ec2-52-86-27-80.compute-1.amazonaws.com
8988,ec2-52-45-150-194.compute-1.amazonaws.com
8989,ec2-52-23-231-33.compute-1.amazonaws.com
8990,ec2-52-207-200-25.compute-1.amazonaws.com
8991,ec2-50-16-157-95.compute-1.amazonaws.com
8992,ec2-44-215-234-239.compute-1.amazonaws.com
8993,ec2-44-202-144-21.compute-1.amazonaws.com
8994,ec2-35-171-228-210.compute-1.amazonaws.com
8995,ec2-35-153-244-16.compute-1.amazonaws.com
8996,ec2-34-237-63-87.compute-1.amazonaws.com
8997,ec2-34-235-146-223.compute-1.amazonaws.com
8998,ec2-34-226-253-187.compute-1.amazonaws.com
8999,ec2-34-198-171-8.compute-1.amazonaws.com
9000,ec2-34-198-125-206.compute-1.amazonaws.com
9001,ec2-34-195-42-24.compute-1.amazonaws.com
9002,ec2-3-91-171-218.compute-1.amazonaws.com
9003,ec2-3-91-171-213.compute-1.amazonaws.com
9004,ec2-3-81-30-180.compute-1.amazonaws.com
9005,ec2-3-227-250-167.compute-1.amazonaws.com
9006,ec2-3-227-250-161.compute-1.amazonaws.com
9007,ec2-18-97-36-66.compute-1.amazonaws.com
9008,ec2-18-212-140-196.compute-1.amazonaws.com
9009,ec2-174-129-240-188.compute-1.amazonaws.com
9010,ec2-100-53-83-194.compute-1.amazonaws.com
9011,cr8me7sycet7.eu-west-2.rds.amazonaws.com
9012,cantho.vn
9013,c7e2a24aqkvn.af-south-1.rds.amazonaws.com
9014,a5.cloudera.site
9015,zama.kanagawa.jp
9016,website-us-southeast-1.linodeobjects.com
9017,org.ci
9018,nic.pg
9019,lamdong.vn
9020,ec2-98-94-157-26.compute-1.amazonaws.com
9021,ec2-98-86-191-230.compute-1.amazonaws.com
9022,ec2-89-192-52-12.compute-1.amazonaws.com
9023,ec2-54-86-245-201.compute-1.amazonaws.com
9024,ec2-54-234-195-39.compute-1.amazonaws.com
9025,ec2-54-175-178-23.compute-1.amazonaws.com
9026,ec2-54-173-95-250.compute-1.amazonaws.com
9027,ec2-44-204-184-42.compute-1.amazonaws.com
9028,ec2-44-202-21-15.compute-1.amazonaws.com
9029,ec2-44-202-21-0.compute-1.amazonaws.com
9030,ec2-44-197-182-131.compute-1.amazonaws.com
9031,ec2-34-199-149-172.compute-1.amazonaws.com
9032,ec2-3-92-7-178.compute-1.amazonaws.com
9033,ec2-3-92-38-30.compute-1.amazonaws.com
9034,ec2-3-233-163-125.compute-1.amazonaws.com
9035,ec2-3-230-129-93.compute-1.amazonaws.com
9036,ec2-3-228-15-157.compute-1.amazonaws.com
9037,ec2-3-227-250-215.compute-1.amazonaws.com
9038,ec2-3-227-250-213.compute-1.amazonaws.com
9039,ec2-3-227-250-191.compute-1.amazonaws.com
9040,ec2-3-227-250-155.compute-1.amazonaws.com
9041,ec2-3-216-125-231.compute-1.amazonaws.com
9042,ec2-3-208-255-159.compute-1.amazonaws.com
9043,ec2-23-21-135-42.compute-1.amazonaws.com
9044,ec2-18-97-36-71.compute-1.amazonaws.com
9045,ec2-13-222-182-239.compute-1.amazonaws.com
9046,ec2-107-20-105-127.compute-1.amazonaws.com
9047,d.gv.vc
9048,zp.gov.pl
9049,xn--fct429k
9050,omega
9051,nov.su
9052,niigata.niigata.jp
9053,myspreadshop.dk
9054,ec2-98-95-90-35.compute-1.amazonaws.com
9055,ec2-54-243-117-197.compute-1.amazonaws.com
9056,ec2-54-236-129-191.compute-1.amazonaws.com
9057,ec2-54-211-55-126.compute-1.amazonaws.com
9058,ec2-54-172-66-51.compute-1.amazonaws.com
9059,ec2-54-158-230-128.compute-1.amazonaws.com
9060,ec2-54-146-120-20.compute-1.amazonaws.com
9061,ec2-52-7-83-71.compute-1.amazonaws.com
9062,ec2-52-203-19-227.compute-1.amazonaws.com
9063,ec2-52-20-8-199.compute-1.amazonaws.com
9064,ec2-52-1-53-245.compute-1.amazonaws.com
9065,ec2-44-220-178-222.compute-1.amazonaws.com
9066,ec2-44-212-189-233.compute-1.amazonaws.com
9067,ec2-44-204-225-228.compute-1.amazonaws.com
9068,ec2-44-200-19-230.compute-1.amazonaws.com
9069,ec2-44-198-154-229.compute-1.amazonaws.com
9070,ec2-35-174-210-7.compute-1.amazonaws.com
9071,ec2-35-172-243-229.compute-1.amazonaws.com
9072,ec2-35-171-23-150.compute-1.amazonaws.com
9073,ec2-34-233-79-31.compute-1.amazonaws.com
9074,ec2-34-226-239-131.compute-1.amazonaws.com
9075,ec2-34-203-251-105.compute-1.amazonaws.com
9076,ec2-34-198-210-132.compute-1.amazonaws.com
9077,ec2-34-195-253-117.compute-1.amazonaws.com
9078,ec2-32-194-216-186.compute-1.amazonaws.com
9079,ec2-3-91-171-246.compute-1.amazonaws.com
9080,ec2-3-91-171-236.compute-1.amazonaws.com
9081,ec2-3-89-100-188.compute-1.amazonaws.com
9082,ec2-3-237-107-6.compute-1.amazonaws.com
9083,ec2-3-227-250-184.compute-1.amazonaws.com
9084,ec2-3-218-246-74.compute-1.amazonaws.com
9085,ec2-3-214-10-163.compute-1.amazonaws.com
9086,ec2-18-97-36-19.compute-1.amazonaws.com
9087,ec2-18-232-63-60.compute-1.amazonaws.com
9088,ec2-100-50-88-120.compute-1.amazonaws.com
9089,c7.ca-central-1.airflow.amazonaws.com
9090,awsapnortheast1.snowflake.app
9091,quangninh.vn
9092,mytuleap.com
9093,mil.ae
9094,is-a-painter.com
9095,hluttaw.mm
9096,github.app
9097,erp.dev
9098,ec2-54-225-138-94.compute-1.amazonaws.com
9099,ec2-54-164-137-47.compute-1.amazonaws.com
9100,ec2-54-159-105-66.compute-1.amazonaws.com
9101,ec2-52-91-108-12.compute-1.amazonaws.com
9102,ec2-52-86-120-54.compute-1.amazonaws.com
9103,ec2-50-19-196-58.compute-1.amazonaws.com
9104,ec2-44-221-203-91.compute-1.amazonaws.com
9105,ec2-44-216-158-201.compute-1.amazonaws.com
9106,ec2-44-202-21-24.compute-1.amazonaws.com
9107,ec2-44-202-21-13.compute-1.amazonaws.com
9108,ec2-44-197-66-206.compute-1.amazonaws.com
9109,ec2-44-193-96-214.compute-1.amazonaws.com
9110,ec2-35-173-100-76.compute-1.amazonaws.com
9111,ec2-34-203-251-74.compute-1.amazonaws.com
9112,ec2-34-203-197-241.compute-1.amazonaws.com
9113,ec2-34-193-33-165.compute-1.amazonaws.com
9114,ec2-3-94-245-242.compute-1.amazonaws.com
9115,ec2-3-91-171-233.compute-1.amazonaws.com
9116,ec2-3-91-171-221.compute-1.amazonaws.com
9117,ec2-3-91-133-232.compute-1.amazonaws.com
9118,ec2-3-88-238-34.compute-1.amazonaws.com
9119,ec2-3-239-213-113.compute-1.amazonaws.com
9120,ec2-3-226-204-16.compute-1.amazonaws.com
9121,ec2-3-217-165-24.compute-1.amazonaws.com
9122,ec2-3-216-172-63.compute-1.amazonaws.com
9123,ec2-18-97-36-23.compute-1.amazonaws.com
9124,ec2-18-211-217-191.compute-1.amazonaws.com
9125,cxpmdlmwwabs.us-east-2.rds.amazonaws.com
9126,com.in.futurecms.at
9127,ashgabad.su
9128,walmart
9129,wa.au
9130,shiogama.miyagi.jp
9131,sekd1.beebyteapp.io
9132,sec.ps
9133,s3-fips.dualstack.us-gov-east-1.amazonaws.com
9134,nom.ro
9135,myspreadshop.se
9136,mil.qa
9137,loginline.services
9138,is-with-theband.com
9139,hyatt
9140,ec2-98-95-162-118.compute-1.amazonaws.com
9141,ec2-98-91-168-117.compute-1.amazonaws.com
9142,ec2-54-89-183-229.compute-1.amazonaws.com
9143,ec2-54-87-165-67.compute-1.amazonaws.com
9144,ec2-54-221-160-82.compute-1.amazonaws.com
9145,ec2-54-211-199-11.compute-1.amazonaws.com
9146,ec2-52-90-148-15.compute-1.amazonaws.com
9147,ec2-52-200-239-77.compute-1.amazonaws.com
9148,ec2-44-213-20-31.compute-1.amazonaws.com
9149,ec2-44-212-135-233.compute-1.amazonaws.com
9150,ec2-44-205-18-123.compute-1.amazonaws.com
9151,ec2-44-203-217-20.compute-1.amazonaws.com
9152,ec2-44-202-21-59.compute-1.amazonaws.com
9153,ec2-44-202-21-22.compute-1.amazonaws.com
9154,ec2-44-202-21-20.compute-1.amazonaws.com
9155,ec2-34-239-122-61.compute-1.amazonaws.com
9156,ec2-34-226-36-51.compute-1.amazonaws.com
9157,ec2-34-203-251-27.compute-1.amazonaws.com
9158,ec2-34-203-251-223.compute-1.amazonaws.com
9159,ec2-34-201-55-158.compute-1.amazonaws.com
9160,ec2-3-91-171-255.compute-1.amazonaws.com
9161,ec2-3-91-171-254.compute-1.amazonaws.com
9162,ec2-3-91-171-249.compute-1.amazonaws.com
9163,ec2-3-91-171-149.compute-1.amazonaws.com
9164,ec2-3-90-2-153.compute-1.amazonaws.com
9165,ec2-3-85-157-137.compute-1.amazonaws.com
9166,ec2-3-235-7-185.compute-1.amazonaws.com
9167,ec2-18-88-11-252.compute-1.amazonaws.com
9168,ec2-18-214-252-60.compute-1.amazonaws.com
9169,ec2-18-209-85-220.compute-1.amazonaws.com
9170,com.gu
9171,com.ex.futurecms.at
9172,cluster-ccnr175zwpbs.us-east-1.rds.amazonaws.com
9173,caerno51tmia.us-east-1.rds.amazonaws.com
9174,aso.kumamoto.jp
9175,tsugaru.aomori.jp
9176,saiki.oita.jp
9177,s3-accesspoint.sa-east-1.amazonaws.com
9178,pch.pg
9179,mil.ni
9180,merthyr.sch.uk
9181,kfjr-x0dh.cloudera.site
9182,its.me
9183,isa-hockeynut.com
9184,is-an-anarchist.com
9185,fairwinds
9186,ethos37-prod-va7.dev.adobeaemcloud.com
9187,ec2-98-88-20-131.compute-1.amazonaws.com
9188,ec2-98-82-161-185.compute-1.amazonaws.com
9189,ec2-54-91-99-255.compute-1.amazonaws.com
9190,ec2-54-87-214-249.compute-1.amazonaws.com
9191,ec2-54-165-45-81.compute-1.amazonaws.com
9192,ec2-52-91-133-20.compute-1.amazonaws.com
9193,ec2-52-20-25-248.compute-1.amazonaws.com
9194,ec2-44-203-196-74.compute-1.amazonaws.com
9195,ec2-44-202-21-7.compute-1.amazonaws.com
9196,ec2-44-202-21-23.compute-1.amazonaws.com
9197,ec2-44-200-134-80.compute-1.amazonaws.com
9198,ec2-44-196-34-212.compute-1.amazonaws.com
9199,ec2-44-195-158-232.compute-1.amazonaws.com
9200,ec2-35-174-20-206.compute-1.amazonaws.com
9201,ec2-34-226-194-242.compute-1.amazonaws.com
9202,ec2-34-206-126-42.compute-1.amazonaws.com
9203,ec2-34-203-251-234.compute-1.amazonaws.com
9204,ec2-3-94-74-163.compute-1.amazonaws.com
9205,ec2-3-89-80-223.compute-1.amazonaws.com
9206,ec2-3-89-221-211.compute-1.amazonaws.com
9207,ec2-3-223-124-131.compute-1.amazonaws.com
9208,ec2-3-217-24-68.compute-1.amazonaws.com
9209,ec2-3-217-194-58.compute-1.amazonaws.com
9210,ec2-18-97-36-64.compute-1.amazonaws.com
9211,ec2-18-214-50-32.compute-1.amazonaws.com
9212,ec2-18-204-146-237.compute-1.amazonaws.com
9213,ec2-100-52-165-218.compute-1.amazonaws.com
9214,ec2-100-50-71-9.compute-1.amazonaws.com
9215,ec2-100-29-89-178.compute-1.amazonaws.com
9216,cmsz241itecr.eu-west-1.rds.amazonaws.com
9217,cluster-cd9gq48ben0u.us-east-1.rds.amazonaws.com
9218,xn--c1avg.xn--p1acf
9219,us-2.evennode.com
9220,stuff-4-sale.org
9221,southafricanorth.azurecontainer.io
9222,ninohe.iwate.jp
9223,knx-server.net
9224,intuit
9225,ibm
9226,ec2-89-192-94-154.compute-1.amazonaws.com
9227,ec2-54-210-179-21.compute-1.amazonaws.com
9228,ec2-54-160-171-37.compute-1.amazonaws.com
9229,ec2-52-72-119-211.compute-1.amazonaws.com
9230,ec2-52-6-155-20.compute-1.amazonaws.com
9231,ec2-44-193-115-40.compute-1.amazonaws.com
9232,ec2-35-175-243-93.compute-1.amazonaws.com
9233,ec2-35-170-159-207.compute-1.amazonaws.com
9234,ec2-35-169-41-224.compute-1.amazonaws.com
9235,ec2-35-169-126-165.compute-1.amazonaws.com
9236,ec2-34-206-107-232.compute-1.amazonaws.com
9237,ec2-34-203-251-79.compute-1.amazonaws.com
9238,ec2-32-194-218-42.compute-1.amazonaws.com
9239,ec2-32-193-193-101.compute-1.amazonaws.com
9240,ec2-3-91-171-244.compute-1.amazonaws.com
9241,ec2-3-90-122-13.compute-1.amazonaws.com
9242,ec2-3-229-86-65.compute-1.amazonaws.com
9243,ec2-3-227-250-219.compute-1.amazonaws.com
9244,ec2-3-227-250-138.compute-1.amazonaws.com
9245,ec2-3-226-70-80.compute-1.amazonaws.com
9246,ec2-18-97-36-63.compute-1.amazonaws.com
9247,ec2-18-97-36-61.compute-1.amazonaws.com
9248,ec2-18-215-5-101.compute-1.amazonaws.com
9249,ec2-18-208-88-157.compute-1.amazonaws.com
9250,ec2-18-207-126-200.compute-1.amazonaws.com
9251,ec2-13-223-25-84.compute-1.amazonaws.com
9252,ec2-100-29-1-13.compute-1.amazonaws.com
9253,cu21thytneyp.us-east-1.rds.amazonaws.com
9254,com.ex.ortsinfo.at
9255,wal.app
9256,utsunomiya.tochigi.jp
9257,us-iad-10.linodeobjects.com
9258,us-1.evennode.com
9259,uki.kumamoto.jp
9260,s3-fips.dualstack.us-west-2.amazonaws.com
9261,oy.lc
9262,omura.nagasaki.jp
9263,ofunato.iwate.jp
9264,nowruz
9265,notebook.af-south-1.sagemaker.aws
9266,me-dubai-1.oraclecloudapps.com
9267,is-a-financialadvisor.com
9268,is-a-conservative.com
9269,hrsn.dev
9270,herad.no
9271,emrstudio-prod.eu-west-1.amazonaws.com
9272,ec2-54-209-46-156.compute-1.amazonaws.com
9273,ec2-54-196-169-26.compute-1.amazonaws.com
9274,ec2-54-158-240-223.compute-1.amazonaws.com
9275,ec2-54-145-224-132.compute-1.amazonaws.com
9276,ec2-52-1-107-218.compute-1.amazonaws.com
9277,ec2-44-202-21-40.compute-1.amazonaws.com
9278,ec2-44-201-180-168.compute-1.amazonaws.com
9279,ec2-44-197-221-148.compute-1.amazonaws.com
9280,ec2-34-204-253-115.compute-1.amazonaws.com
9281,ec2-34-203-251-180.compute-1.amazonaws.com
9282,ec2-34-203-251-176.compute-1.amazonaws.com
9283,ec2-34-195-253-115.compute-1.amazonaws.com
9284,ec2-32-196-160-128.compute-1.amazonaws.com
9285,ec2-3-227-250-207.compute-1.amazonaws.com
9286,ec2-3-213-65-77.compute-1.amazonaws.com
9287,ec2-3-211-211-194.compute-1.amazonaws.com
9288,ec2-3-211-140-175.compute-1.amazonaws.com
9289,ec2-23-23-153-235.compute-1.amazonaws.com
9290,ec2-18-215-51-88.compute-1.amazonaws.com
9291,ec2-18-213-118-230.compute-1.amazonaws.com
9292,ec2-107-23-25-235.compute-1.amazonaws.com
9293,cluster010.hosting.ovh.net
9294,c25.us-east-1.airflow.amazonaws.com
9295,c0.us-east-1.airflow.amazonaws.com
9296,327.xmit.co
9297,xn--mgba3a4f16a
9298,warwks.sch.uk
9299,vfs.cloud9.us-west-2.amazonaws.com
9300,takaoka.toyama.jp
9301,studio.sa-east-1.sagemaker.aws
9302,moray.sch.uk
9303,is-an-entertainer.com
9304,is-a-personaltrainer.com
9305,ec2-98-90-1-149.compute-1.amazonaws.com
9306,ec2-98-85-115-246.compute-1.amazonaws.com
9307,ec2-89-194-96-252.compute-1.amazonaws.com
9308,ec2-89-193-24-83.compute-1.amazonaws.com
9309,ec2-54-80-233-240.compute-1.amazonaws.com
9310,ec2-54-243-201-13.compute-1.amazonaws.com
9311,ec2-54-224-210-222.compute-1.amazonaws.com
9312,ec2-54-209-222-7.compute-1.amazonaws.com
9313,ec2-54-209-147-221.compute-1.amazonaws.com
9314,ec2-52-71-22-55.compute-1.amazonaws.com
9315,ec2-52-6-250-83.compute-1.amazonaws.com
9316,ec2-52-45-152-34.compute-1.amazonaws.com
9317,ec2-52-23-86-226.compute-1.amazonaws.com
9318,ec2-52-207-129-75.compute-1.amazonaws.com
9319,ec2-44-211-57-88.compute-1.amazonaws.com
9320,ec2-44-205-146-14.compute-1.amazonaws.com
9321,ec2-44-202-21-8.compute-1.amazonaws.com
9322,ec2-44-202-21-44.compute-1.amazonaws.com
9323,ec2-44-202-21-34.compute-1.amazonaws.com
9324,ec2-34-238-240-3.compute-1.amazonaws.com
9325,ec2-34-225-199-195.compute-1.amazonaws.com
9326,ec2-34-195-184-163.compute-1.amazonaws.com
9327,ec2-32-193-77-172.compute-1.amazonaws.com
9328,ec2-3-91-171-248.compute-1.amazonaws.com
9329,ec2-3-91-171-152.compute-1.amazonaws.com
9330,ec2-3-91-171-142.compute-1.amazonaws.com
9331,ec2-3-85-201-144.compute-1.amazonaws.com
9332,ec2-3-237-107-58.compute-1.amazonaws.com
9333,ec2-3-231-244-68.compute-1.amazonaws.com
9334,ec2-3-227-250-220.compute-1.amazonaws.com
9335,ec2-3-227-250-160.compute-1.amazonaws.com
9336,ec2-23-22-8-0.compute-1.amazonaws.com
9337,ec2-18-97-36-14.compute-1.amazonaws.com
9338,ec2-18-97-36-13.compute-1.amazonaws.com
9339,ec2-18-211-25-135.compute-1.amazonaws.com
9340,ec2-107-21-228-215.compute-1.amazonaws.com
9341,ec2-100-51-95-136.compute-1.amazonaws.com
9342,ec2-100-31-165-139.compute-1.amazonaws.com
9343,conf.au
9344,chowder.jp
9345,asker.no
9346,sweetpepper.org
9347,privatelink.snowflake.app
9348,org.sc
9349,is-a-socialist.com
9350,is-a-caterer.com
9351,int.ar
9352,hokuto.yamanashi.jp
9353,ec2-89-192-245-153.compute-1.amazonaws.com
9354,ec2-89-192-245-148.compute-1.amazonaws.com
9355,ec2-54-91-236-142.compute-1.amazonaws.com
9356,ec2-54-84-54-3.compute-1.amazonaws.com
9357,ec2-54-81-184-157.compute-1.amazonaws.com
9358,ec2-54-243-207-210.compute-1.amazonaws.com
9359,ec2-54-235-126-162.compute-1.amazonaws.com
9360,ec2-54-224-131-131.compute-1.amazonaws.com
9361,ec2-52-87-242-70.compute-1.amazonaws.com
9362,ec2-52-20-249-183.compute-1.amazonaws.com
9363,ec2-52-1-13-241.compute-1.amazonaws.com
9364,ec2-44-221-2-112.compute-1.amazonaws.com
9365,ec2-44-205-66-178.compute-1.amazonaws.com
9366,ec2-44-193-94-108.compute-1.amazonaws.com
9367,ec2-3-95-236-251.compute-1.amazonaws.com
9368,ec2-3-91-171-143.compute-1.amazonaws.com
9369,ec2-3-230-206-166.compute-1.amazonaws.com
9370,ec2-3-227-250-226.compute-1.amazonaws.com
9371,ec2-3-227-250-157.compute-1.amazonaws.com
9372,ec2-3-221-175-112.compute-1.amazonaws.com
9373,ec2-23-23-189-149.compute-1.amazonaws.com
9374,ec2-18-97-36-65.compute-1.amazonaws.com
9375,ec2-18-97-36-3.compute-1.amazonaws.com
9376,ec2-18-88-12-112.compute-1.amazonaws.com
9377,ec2-13-219-157-64.compute-1.amazonaws.com
9378,ec2-107-23-172-248.compute-1.amazonaws.com
9379,ec2-100-52-39-128.compute-1.amazonaws.com
9380,ec2-100-31-188-101.compute-1.amazonaws.com
9381,baseball
9382,able
9383,xn--rovu88b
9384,s3-website.ap-northeast-3.amazonaws.com
9385,miren.systems
9386,kongsberg.no
9387,element--jb-n-aj-a-z14no.quipelements.com
9388,edu.dm
9389,ec2-98-89-173-213.compute-1.amazonaws.com
9390,ec2-98-87-187-160.compute-1.amazonaws.com
9391,ec2-98-84-69-154.compute-1.amazonaws.com
9392,ec2-54-90-36-202.compute-1.amazonaws.com
9393,ec2-54-87-50-141.compute-1.amazonaws.com
9394,ec2-54-86-194-177.compute-1.amazonaws.com
9395,ec2-54-205-87-154.compute-1.amazonaws.com
9396,ec2-54-146-89-167.compute-1.amazonaws.com
9397,ec2-52-86-132-236.compute-1.amazonaws.com
9398,ec2-52-54-253-153.compute-1.amazonaws.com
9399,ec2-52-4-57-152.compute-1.amazonaws.com
9400,ec2-52-22-252-7.compute-1.amazonaws.com
9401,ec2-52-206-20-66.compute-1.amazonaws.com
9402,ec2-52-201-85-103.compute-1.amazonaws.com
9403,ec2-44-223-21-182.compute-1.amazonaws.com
9404,ec2-44-209-48-43.compute-1.amazonaws.com
9405,ec2-44-202-21-49.compute-1.amazonaws.com
9406,ec2-44-202-21-21.compute-1.amazonaws.com
9407,ec2-35-174-135-129.compute-1.amazonaws.com
9408,ec2-34-201-237-161.compute-1.amazonaws.com
9409,ec2-3-239-175-74.compute-1.amazonaws.com
9410,ec2-3-237-107-18.compute-1.amazonaws.com
9411,ec2-3-227-250-235.compute-1.amazonaws.com
9412,ec2-3-226-198-37.compute-1.amazonaws.com
9413,ec2-3-214-174-148.compute-1.amazonaws.com
9414,ec2-23-21-16-228.compute-1.amazonaws.com
9415,ec2-18-232-240-50.compute-1.amazonaws.com
9416,ec2-18-232-19-173.compute-1.amazonaws.com
9417,ec2-174-129-125-63.compute-1.amazonaws.com
9418,ec2-100-50-23-6.compute-1.amazonaws.com
9419,ap-northeast-3.elasticbeanstalk.com
9420,allstate
9421,xn--q7ce6a
9422,shirakawa.fukushima.jp
9423,s3-accesspoint.dualstack.ap-southeast-4.amazonaws.com
9424,pymnt.uk
9425,miyako.fukuoka.jp
9426,is-into-cartoons.com
9427,is-a-democrat.com
9428,infiniti
9429,ec2-89-193-26-109.compute-1.amazonaws.com
9430,ec2-89-193-21-0.compute-1.amazonaws.com
9431,ec2-89-192-152-204.compute-1.amazonaws.com
9432,ec2-54-87-129-145.compute-1.amazonaws.com
9433,ec2-54-204-108-38.compute-1.amazonaws.com
9434,ec2-54-163-82-124.compute-1.amazonaws.com
9435,ec2-54-156-122-154.compute-1.amazonaws.com
9436,ec2-54-145-160-206.compute-1.amazonaws.com
9437,ec2-52-71-173-178.compute-1.amazonaws.com
9438,ec2-52-6-63-100.compute-1.amazonaws.com
9439,ec2-52-204-132-161.compute-1.amazonaws.com
9440,ec2-44-220-104-176.compute-1.amazonaws.com
9441,ec2-44-215-97-141.compute-1.amazonaws.com
9442,ec2-44-214-171-24.compute-1.amazonaws.com
9443,ec2-44-211-135-199.compute-1.amazonaws.com
9444,ec2-44-202-21-50.compute-1.amazonaws.com
9445,ec2-44-202-21-42.compute-1.amazonaws.com
9446,ec2-44-202-21-36.compute-1.amazonaws.com
9447,ec2-44-202-21-33.compute-1.amazonaws.com
9448,ec2-44-202-21-29.compute-1.amazonaws.com
9449,ec2-35-153-32-32.compute-1.amazonaws.com
9450,ec2-34-237-103-218.compute-1.amazonaws.com
9451,ec2-34-234-14-33.compute-1.amazonaws.com
9452,ec2-34-225-56-103.compute-1.amazonaws.com
9453,ec2-34-203-251-246.compute-1.amazonaws.com
9454,ec2-34-201-225-10.compute-1.amazonaws.com
9455,ec2-34-196-233-135.compute-1.amazonaws.com
9456,ec2-34-193-95-58.compute-1.amazonaws.com
9457,ec2-3-91-171-231.compute-1.amazonaws.com
9458,ec2-3-221-107-196.compute-1.amazonaws.com
9459,ec2-3-213-129-181.compute-1.amazonaws.com
9460,ec2-3-211-201-115.compute-1.amazonaws.com
9461,ec2-18-209-154-243.compute-1.amazonaws.com
9462,ec2-18-204-56-27.compute-1.amazonaws.com
9463,ec2-174-129-170-121.compute-1.amazonaws.com
9464,ec2-13-221-39-75.compute-1.amazonaws.com
9465,ec2-107-23-159-0.compute-1.amazonaws.com
9466,ec2-100-52-9-48.compute-1.amazonaws.com
9467,ec2-100-31-188-154.compute-1.amazonaws.com
9468,ec2-100-29-249-207.compute-1.amazonaws.com
9469,ec2-100-27-226-38.compute-1.amazonaws.com
9470,durumis.com
9471,cxtubolebdro.ap-south-1.rds.amazonaws.com
9472,64-b.it
9473,xn--hkkinen-5wa.fi
9474,secondary.services.clever-cloud.com
9475,p01--purple--ywrpy28b5p6k.code.run
9476,n.se
9477,is-a-patsfan.org
9478,is-a-nascarfan.com
9479,is-a-cubicle-slave.com
9480,ec2-98-94-116-201.compute-1.amazonaws.com
9481,ec2-98-90-184-150.compute-1.amazonaws.com
9482,ec2-98-81-218-1.compute-1.amazonaws.com
9483,ec2-89-192-94-142.compute-1.amazonaws.com
9484,ec2-54-82-30-205.compute-1.amazonaws.com
9485,ec2-54-234-228-215.compute-1.amazonaws.com
9486,ec2-54-174-222-165.compute-1.amazonaws.com
9487,ec2-54-146-195-79.compute-1.amazonaws.com
9488,ec2-52-72-97-134.compute-1.amazonaws.com
9489,ec2-52-72-15-119.compute-1.amazonaws.com
9490,ec2-52-71-68-3.compute-1.amazonaws.com
9491,ec2-52-55-106-120.compute-1.amazonaws.com
9492,ec2-52-4-124-152.compute-1.amazonaws.com
9493,ec2-44-202-21-5.compute-1.amazonaws.com
9494,ec2-44-194-154-187.compute-1.amazonaws.com
9495,ec2-35-172-168-128.compute-1.amazonaws.com
9496,ec2-35-168-60-114.compute-1.amazonaws.com
9497,ec2-34-233-251-59.compute-1.amazonaws.com
9498,ec2-34-226-36-53.compute-1.amazonaws.com
9499,ec2-3-94-248-133.compute-1.amazonaws.com
9500,ec2-3-91-171-215.compute-1.amazonaws.com
9501,ec2-3-88-116-85.compute-1.amazonaws.com
9502,ec2-3-237-106-133.compute-1.amazonaws.com
9503,ec2-3-225-247-54.compute-1.amazonaws.com
9504,ec2-3-223-107-4.compute-1.amazonaws.com
9505,ec2-3-209-57-113.compute-1.amazonaws.com
9506,ec2-18-97-36-77.compute-1.amazonaws.com
9507,ec2-18-97-36-75.compute-1.amazonaws.com
9508,ec2-18-97-36-47.compute-1.amazonaws.com
9509,ec2-18-235-121-113.compute-1.amazonaws.com
9510,ec2-18-208-4-175.compute-1.amazonaws.com
9511,ec2-18-204-146-22.compute-1.amazonaws.com
9512,ec2-174-129-233-141.compute-1.amazonaws.com
9513,ec2-100-51-77-98.compute-1.amazonaws.com
9514,ec2-100-25-255-35.compute-1.amazonaws.com
9515,sellsyourhome.org
9516,notebook.us-west-1.sagemaker.aws
9517,net.pn
9518,moriguchi.osaka.jp
9519,jeonbuk.kr
9520,huissier-justice.fr
9521,greta.fr
9522,est-a-la-masion.com
9523,ec2-98-90-159-12.compute-1.amazonaws.com
9524,ec2-54-85-140-31.compute-1.amazonaws.com
9525,ec2-54-80-240-120.compute-1.amazonaws.com
9526,ec2-54-227-133-51.compute-1.amazonaws.com
9527,ec2-54-209-46-178.compute-1.amazonaws.com
9528,ec2-54-164-162-229.compute-1.amazonaws.com
9529,ec2-52-87-171-66.compute-1.amazonaws.com
9530,ec2-52-86-218-216.compute-1.amazonaws.com
9531,ec2-52-55-102-23.compute-1.amazonaws.com
9532,ec2-52-23-206-247.compute-1.amazonaws.com
9533,ec2-52-21-180-252.compute-1.amazonaws.com
9534,ec2-52-207-33-77.compute-1.amazonaws.com
9535,ec2-52-204-47-111.compute-1.amazonaws.com
9536,ec2-52-203-130-61.compute-1.amazonaws.com
9537,ec2-52-202-148-154.compute-1.amazonaws.com
9538,ec2-50-17-185-22.compute-1.amazonaws.com
9539,ec2-50-16-128-0.compute-1.amazonaws.com
9540,ec2-44-217-162-181.compute-1.amazonaws.com
9541,ec2-44-214-105-198.compute-1.amazonaws.com
9542,ec2-44-202-21-28.compute-1.amazonaws.com
9543,ec2-44-194-146-144.compute-1.amazonaws.com
9544,ec2-35-169-10-137.compute-1.amazonaws.com
9545,ec2-35-153-234-185.compute-1.amazonaws.com
9546,ec2-34-200-1-154.compute-1.amazonaws.com
9547,ec2-34-195-253-14.compute-1.amazonaws.com
9548,ec2-32-193-42-86.compute-1.amazonaws.com
9549,ec2-3-91-171-250.compute-1.amazonaws.com
9550,ec2-3-91-171-240.compute-1.amazonaws.com
9551,ec2-3-85-125-1.compute-1.amazonaws.com
9552,ec2-3-234-153-110.compute-1.amazonaws.com
9553,ec2-3-215-5-135.compute-1.amazonaws.com
9554,ec2-23-20-231-113.compute-1.amazonaws.com
9555,ec2-204-236-192-220.compute-1.amazonaws.com
9556,ec2-184-72-129-161.compute-1.amazonaws.com
9557,ec2-18-97-36-6.compute-1.amazonaws.com
9558,ec2-13-219-144-193.compute-1.amazonaws.com
9559,ec2-100-27-202-7.compute-1.amazonaws.com
9560,ec2-100-27-120-138.compute-1.amazonaws.com
9561,ec2-100-26-117-166.compute-1.amazonaws.com
9562,cnztda11gnab.us-east-1.rds.amazonaws.com
9563,cluster-cssf529m8anw.us-east-1.rds.amazonaws.com
9564,ap-melbourne-1.oci.customer-oci.com
9565,va4.snowflake.app
9566,mircloud.us
9567,la1-plenit.com
9568,kawanishi.yamagata.jp
9569,jouwweb.site
9570,is-a-candidate.org
9571,ec2-98-94-213-144.compute-1.amazonaws.com
9572,ec2-98-86-55-73.compute-1.amazonaws.com
9573,ec2-89-194-96-247.compute-1.amazonaws.com
9574,ec2-89-192-152-210.compute-1.amazonaws.com
9575,ec2-89-192-152-207.compute-1.amazonaws.com
9576,ec2-54-243-160-180.compute-1.amazonaws.com
9577,ec2-54-225-227-45.compute-1.amazonaws.com
9578,ec2-54-205-234-50.compute-1.amazonaws.com
9579,ec2-54-204-244-215.compute-1.amazonaws.com
9580,ec2-54-147-216-70.compute-1.amazonaws.com
9581,ec2-52-90-1-24.compute-1.amazonaws.com
9582,ec2-52-73-95-12.compute-1.amazonaws.com
9583,ec2-52-23-230-125.compute-1.amazonaws.com
9584,ec2-52-204-74-207.compute-1.amazonaws.com
9585,ec2-50-19-32-47.compute-1.amazonaws.com
9586,ec2-44-222-237-242.compute-1.amazonaws.com
9587,ec2-44-219-216-217.compute-1.amazonaws.com
9588,ec2-44-216-134-237.compute-1.amazonaws.com
9589,ec2-44-208-123-48.compute-1.amazonaws.com
9590,ec2-44-205-67-246.compute-1.amazonaws.com
9591,ec2-44-202-21-31.compute-1.amazonaws.com
9592,ec2-44-201-216-24.compute-1.amazonaws.com
9593,ec2-35-174-139-105.compute-1.amazonaws.com
9594,ec2-35-172-138-244.compute-1.amazonaws.com
9595,ec2-34-238-100-209.compute-1.amazonaws.com
9596,ec2-34-234-84-112.compute-1.amazonaws.com
9597,ec2-34-201-102-160.compute-1.amazonaws.com
9598,ec2-3-91-171-242.compute-1.amazonaws.com
9599,ec2-3-87-165-199.compute-1.amazonaws.com
9600,ec2-3-227-52-168.compute-1.amazonaws.com
9601,ec2-3-227-250-224.compute-1.amazonaws.com
9602,ec2-3-210-25-111.compute-1.amazonaws.com
9603,ec2-23-20-84-19.compute-1.amazonaws.com
9604,ec2-18-234-82-48.compute-1.amazonaws.com
9605,ec2-18-209-235-114.compute-1.amazonaws.com
9606,ec2-18-207-222-36.compute-1.amazonaws.com
9607,ec2-13-219-57-44.compute-1.amazonaws.com
9608,ec2-100-51-221-175.compute-1.amazonaws.com
9609,ec2-100-28-16-177.compute-1.amazonaws.com
9610,auth.eu-central-2.amazoncognito.com
9611,ap-southeast-6.elb.amazonaws.com
9612,s3-accesspoint.dualstack.ap-northeast-1.amazonaws.com
9613,ox.rs
9614,ne.ug
9615,iwamizawa.hokkaido.jp
9616,is-a-soxfan.org
9617,is-a-bulls-fan.com
9618,exnet.su
9619,ec2-98-94-177-162.compute-1.amazonaws.com
9620,ec2-98-88-221-234.compute-1.amazonaws.com
9621,ec2-89-192-126-159.compute-1.amazonaws.com
9622,ec2-54-243-13-57.compute-1.amazonaws.com
9623,ec2-54-227-247-102.compute-1.amazonaws.com
9624,ec2-54-227-149-248.compute-1.amazonaws.com
9625,ec2-54-225-51-140.compute-1.amazonaws.com
9626,ec2-54-221-157-140.compute-1.amazonaws.com
9627,ec2-54-209-43-201.compute-1.amazonaws.com
9628,ec2-54-173-243-192.compute-1.amazonaws.com
9629,ec2-54-162-235-133.compute-1.amazonaws.com
9630,ec2-52-87-20-66.compute-1.amazonaws.com
9631,ec2-52-54-228-10.compute-1.amazonaws.com
9632,ec2-52-45-143-105.compute-1.amazonaws.com
9633,ec2-50-19-200-241.compute-1.amazonaws.com
9634,ec2-50-17-133-142.compute-1.amazonaws.com
9635,ec2-44-202-21-60.compute-1.amazonaws.com
9636,ec2-44-202-21-51.compute-1.amazonaws.com
9637,ec2-44-193-247-253.compute-1.amazonaws.com
9638,ec2-44-193-140-232.compute-1.amazonaws.com
9639,ec2-34-235-197-133.compute-1.amazonaws.com
9640,ec2-34-235-168-101.compute-1.amazonaws.com
9641,ec2-34-230-76-209.compute-1.amazonaws.com
9642,ec2-34-225-66-6.compute-1.amazonaws.com
9643,ec2-34-203-251-35.compute-1.amazonaws.com
9644,ec2-34-203-251-202.compute-1.amazonaws.com
9645,ec2-34-203-163-50.compute-1.amazonaws.com
9646,ec2-34-197-92-203.compute-1.amazonaws.com
9647,ec2-34-196-92-151.compute-1.amazonaws.com
9648,ec2-3-91-20-92.compute-1.amazonaws.com
9649,ec2-3-231-26-39.compute-1.amazonaws.com
9650,ec2-3-231-143-25.compute-1.amazonaws.com
9651,ec2-3-230-215-229.compute-1.amazonaws.com
9652,ec2-3-227-250-193.compute-1.amazonaws.com
9653,ec2-3-212-63-89.compute-1.amazonaws.com
9654,ec2-3-208-76-39.compute-1.amazonaws.com
9655,ec2-23-23-224-14.compute-1.amazonaws.com
9656,ec2-184-72-80-64.compute-1.amazonaws.com
9657,ec2-18-213-147-95.compute-1.amazonaws.com
9658,ec2-13-222-252-87.compute-1.amazonaws.com
9659,ec2-13-220-137-116.compute-1.amazonaws.com
9660,ec2-107-22-237-130.compute-1.amazonaws.com
9661,ec2-100-31-197-204.compute-1.amazonaws.com
9662,chiryu.aichi.jp
9663,xn--80au.xn--90a3ac
9664,slg.br
9665,s3-website.ap-southeast-1.amazonaws.com
9666,pkc.sch.uk
9667,ne-lincs.sch.uk
9668,is-a-landscaper.com
9669,hk.org
9670,fujimi.saitama.jp
9671,edu.gu
9672,edu.fm
9673,ec2-89-193-5-96.compute-1.amazonaws.com
9674,ec2-54-87-222-161.compute-1.amazonaws.com
9675,ec2-54-175-165-122.compute-1.amazonaws.com
9676,ec2-54-172-52-146.compute-1.amazonaws.com
9677,ec2-54-166-123-229.compute-1.amazonaws.com
9678,ec2-54-160-23-68.compute-1.amazonaws.com
9679,ec2-54-158-15-152.compute-1.amazonaws.com
9680,ec2-54-145-158-145.compute-1.amazonaws.com
9681,ec2-52-54-152-89.compute-1.amazonaws.com
9682,ec2-52-22-41-97.compute-1.amazonaws.com
9683,ec2-52-203-144-50.compute-1.amazonaws.com
9684,ec2-44-202-21-6.compute-1.amazonaws.com
9685,ec2-34-236-29-163.compute-1.amazonaws.com
9686,ec2-34-203-43-186.compute-1.amazonaws.com
9687,ec2-34-199-102-23.compute-1.amazonaws.com
9688,ec2-3-91-171-235.compute-1.amazonaws.com
9689,ec2-3-91-171-226.compute-1.amazonaws.com
9690,ec2-3-91-171-156.compute-1.amazonaws.com
9691,ec2-3-91-171-154.compute-1.amazonaws.com
9692,ec2-3-88-240-63.compute-1.amazonaws.com
9693,ec2-3-88-159-186.compute-1.amazonaws.com
9694,ec2-3-227-250-195.compute-1.amazonaws.com
9695,ec2-3-226-181-73.compute-1.amazonaws.com
9696,ec2-3-225-153-22.compute-1.amazonaws.com
9697,ec2-3-223-67-188.compute-1.amazonaws.com
9698,ec2-18-97-28-0.compute-1.amazonaws.com
9699,ec2-18-215-21-204.compute-1.amazonaws.com
9700,ec2-18-213-60-139.compute-1.amazonaws.com
9701,ec2-18-213-200-200.compute-1.amazonaws.com
9702,ec2-13-223-23-71.compute-1.amazonaws.com
9703,ec2-13-217-45-160.compute-1.amazonaws.com
9704,ec2-100-52-164-48.compute-1.amazonaws.com
9705,cluster-ckd2evw9znz4.us-east-2.rds.amazonaws.com
9706,cluster-ce7gg2eo7hdc.us-east-1.rds.amazonaws.com
9707,bu.no
9708,172.xmit.co
9709,zero
9710,westminster.sch.uk
9711,vfs.cloud9.ap-northeast-3.amazonaws.com
9712,shizuoka.shizuoka.jp
9713,shinjuku.tokyo.jp
9714,qa2.com
9715,olifquackus.beget.app
9716,is-not-a.dev
9717,ethos18-prod-va7.dev.adobeaemcloud.com
9718,est-mon-blogueur.com
9719,ed.ci
9720,ec2-98-88-100-143.compute-1.amazonaws.com
9721,ec2-54-236-226-169.compute-1.amazonaws.com
9722,ec2-54-227-95-54.compute-1.amazonaws.com
9723,ec2-54-205-225-145.compute-1.amazonaws.com
9724,ec2-54-161-174-165.compute-1.amazonaws.com
9725,ec2-54-160-87-131.compute-1.amazonaws.com
9726,ec2-52-91-91-100.compute-1.amazonaws.com
9727,ec2-52-87-25-189.compute-1.amazonaws.com
9728,ec2-52-72-164-136.compute-1.amazonaws.com
9729,ec2-52-200-219-119.compute-1.amazonaws.com
9730,ec2-52-1-160-81.compute-1.amazonaws.com
9731,ec2-44-211-124-103.compute-1.amazonaws.com
9732,ec2-44-205-102-113.compute-1.amazonaws.com
9733,ec2-44-203-116-223.compute-1.amazonaws.com
9734,ec2-44-202-21-58.compute-1.amazonaws.com
9735,ec2-44-202-21-41.compute-1.amazonaws.com
9736,ec2-44-194-73-144.compute-1.amazonaws.com
9737,ec2-35-153-63-214.compute-1.amazonaws.com
9738,ec2-34-237-166-131.compute-1.amazonaws.com
9739,ec2-34-233-138-108.compute-1.amazonaws.com
9740,ec2-34-229-3-43.compute-1.amazonaws.com
9741,ec2-34-228-26-220.compute-1.amazonaws.com
9742,ec2-34-226-161-133.compute-1.amazonaws.com
9743,ec2-34-226-158-246.compute-1.amazonaws.com
9744,ec2-34-198-76-125.compute-1.amazonaws.com
9745,ec2-32-194-33-141.compute-1.amazonaws.com
9746,ec2-32-194-139-182.compute-1.amazonaws.com
9747,ec2-32-194-12-36.compute-1.amazonaws.com
9748,ec2-3-93-129-245.compute-1.amazonaws.com
9749,ec2-3-82-189-66.compute-1.amazonaws.com
9750,ec2-3-236-57-99.compute-1.amazonaws.com
9751,ec2-3-236-124-156.compute-1.amazonaws.com
9752,ec2-3-233-158-27.compute-1.amazonaws.com
9753,ec2-3-227-250-131.compute-1.amazonaws.com
9754,ec2-3-223-243-234.compute-1.amazonaws.com
9755,ec2-3-209-182-79.compute-1.amazonaws.com
9756,ec2-184-73-41-105.compute-1.amazonaws.com
9757,ec2-184-72-187-211.compute-1.amazonaws.com
9758,ec2-184-72-169-215.compute-1.amazonaws.com
9759,ec2-18-97-36-53.compute-1.amazonaws.com
9760,ec2-18-88-32-115.compute-1.amazonaws.com
9761,ec2-18-88-12-123.compute-1.amazonaws.com
9762,ec2-107-21-112-100.compute-1.amazonaws.com
9763,ec2-100-55-74-138.compute-1.amazonaws.com
9764,call
9765,zhytomyr.ua
9766,y.se
9767,worse-than.tv
9768,s3-website.eu-south-1.amazonaws.com
9769,kamikoani.akita.jp
9770,is-a-bruinsfan.org
9771,grebedoc.dev
9772,ethos20-prod-wa1.dev.adobeaemcloud.com
9773,edu.cw
9774,ec2-98-84-224-111.compute-1.amazonaws.com
9775,ec2-89-194-96-229.compute-1.amazonaws.com
9776,ec2-54-83-205-113.compute-1.amazonaws.com
9777,ec2-54-83-121-177.compute-1.amazonaws.com
9778,ec2-54-227-226-218.compute-1.amazonaws.com
9779,ec2-54-227-170-153.compute-1.amazonaws.com
9780,ec2-54-210-4-57.compute-1.amazonaws.com
9781,ec2-54-209-49-47.compute-1.amazonaws.com
9782,ec2-54-209-226-54.compute-1.amazonaws.com
9783,ec2-54-174-75-142.compute-1.amazonaws.com
9784,ec2-54-163-86-175.compute-1.amazonaws.com
9785,ec2-54-163-2-193.compute-1.amazonaws.com
9786,ec2-54-147-154-147.compute-1.amazonaws.com
9787,ec2-52-91-73-61.compute-1.amazonaws.com
9788,ec2-52-73-71-11.compute-1.amazonaws.com
9789,ec2-52-72-162-67.compute-1.amazonaws.com
9790,ec2-52-71-28-102.compute-1.amazonaws.com
9791,ec2-52-206-87-78.compute-1.amazonaws.com
9792,ec2-52-202-28-208.compute-1.amazonaws.com
9793,ec2-52-200-71-94.compute-1.amazonaws.com
9794,ec2-52-20-124-69.compute-1.amazonaws.com
9795,ec2-44-220-241-117.compute-1.amazonaws.com
9796,ec2-44-211-222-141.compute-1.amazonaws.com
9797,ec2-44-205-185-83.compute-1.amazonaws.com
9798,ec2-44-202-21-18.compute-1.amazonaws.com
9799,ec2-44-193-70-120.compute-1.amazonaws.com
9800,ec2-35-173-244-47.compute-1.amazonaws.com
9801,ec2-35-171-70-72.compute-1.amazonaws.com
9802,ec2-35-171-174-137.compute-1.amazonaws.com
9803,ec2-35-170-35-73.compute-1.amazonaws.com
9804,ec2-34-233-242-82.compute-1.amazonaws.com
9805,ec2-34-229-219-177.compute-1.amazonaws.com
9806,ec2-34-227-193-105.compute-1.amazonaws.com
9807,ec2-34-205-127-251.compute-1.amazonaws.com
9808,ec2-34-201-183-121.compute-1.amazonaws.com
9809,ec2-34-198-147-65.compute-1.amazonaws.com
9810,ec2-34-196-196-223.compute-1.amazonaws.com
9811,ec2-3-91-171-229.compute-1.amazonaws.com
9812,ec2-3-91-171-219.compute-1.amazonaws.com
9813,ec2-3-91-171-153.compute-1.amazonaws.com
9814,ec2-3-91-171-130.compute-1.amazonaws.com
9815,ec2-3-91-171-128.compute-1.amazonaws.com
9816,ec2-3-81-197-218.compute-1.amazonaws.com
9817,ec2-3-239-13-6.compute-1.amazonaws.com
9818,ec2-3-237-107-121.compute-1.amazonaws.com
9819,ec2-3-237-107-0.compute-1.amazonaws.com
9820,ec2-3-231-143-15.compute-1.amazonaws.com
9821,ec2-3-222-62-26.compute-1.amazonaws.com
9822,ec2-3-216-87-253.compute-1.amazonaws.com
9823,ec2-23-21-132-201.compute-1.amazonaws.com
9824,ec2-204-236-248-134.compute-1.amazonaws.com
9825,ec2-18-215-228-221.compute-1.amazonaws.com
9826,ec2-18-209-15-6.compute-1.amazonaws.com
9827,ec2-18-205-65-57.compute-1.amazonaws.com
9828,ec2-13-216-59-121.compute-1.amazonaws.com
9829,ec2-107-20-94-39.compute-1.amazonaws.com
9830,ec2-100-55-216-140.compute-1.amazonaws.com
9831,ec2-100-25-101-74.compute-1.amazonaws.com
9832,cw0g3uulplsy.us-east-2.rds.amazonaws.com
9833,cluster-cz47ijh0hgmb.us-east-1.rds.amazonaws.com
9834,chofu.tokyo.jp
9835,cepzeqlr7oiv.us-west-2.rds.amazonaws.com
9836,canadacentral.azurecontainer.io
9837,ca.reclaim.cloud
9838,bryansk.su
9839,123siteweb.fr
9840,toshima.tokyo.jp
9841,mafelo.net
9842,is-a-celticsfan.org
9843,in-vpn.de
9844,europe-west10.run.app
9845,ec2-98-91-180-14.compute-1.amazonaws.com
9846,ec2-54-89-202-86.compute-1.amazonaws.com
9847,ec2-54-86-42-22.compute-1.amazonaws.com
9848,ec2-54-242-178-61.compute-1.amazonaws.com
9849,ec2-54-242-125-209.compute-1.amazonaws.com
9850,ec2-54-236-64-129.compute-1.amazonaws.com
9851,ec2-54-224-203-76.compute-1.amazonaws.com
9852,ec2-54-174-139-13.compute-1.amazonaws.com
9853,ec2-54-157-236-122.compute-1.amazonaws.com
9854,ec2-52-72-203-225.compute-1.amazonaws.com
9855,ec2-52-45-0-193.compute-1.amazonaws.com
9856,ec2-52-205-5-74.compute-1.amazonaws.com
9857,ec2-52-205-113-216.compute-1.amazonaws.com
9858,ec2-52-202-232-9.compute-1.amazonaws.com
9859,ec2-44-210-225-37.compute-1.amazonaws.com
9860,ec2-44-202-21-38.compute-1.amazonaws.com
9861,ec2-44-196-90-138.compute-1.amazonaws.com
9862,ec2-35-175-218-124.compute-1.amazonaws.com
9863,ec2-35-171-53-75.compute-1.amazonaws.com
9864,ec2-35-171-246-195.compute-1.amazonaws.com
9865,ec2-34-239-133-171.compute-1.amazonaws.com
9866,ec2-34-238-35-191.compute-1.amazonaws.com
9867,ec2-34-202-21-126.compute-1.amazonaws.com
9868,ec2-3-89-122-221.compute-1.amazonaws.com
9869,ec2-3-88-9-47.compute-1.amazonaws.com
9870,ec2-3-85-165-30.compute-1.amazonaws.com
9871,ec2-3-80-11-11.compute-1.amazonaws.com
9872,ec2-3-210-188-222.compute-1.amazonaws.com
9873,ec2-18-235-147-246.compute-1.amazonaws.com
9874,ec2-18-213-83-244.compute-1.amazonaws.com
9875,ec2-18-209-56-12.compute-1.amazonaws.com
9876,ec2-174-129-2-81.compute-1.amazonaws.com
9877,ec2-13-222-28-53.compute-1.amazonaws.com
9878,ec2-13-217-231-214.compute-1.amazonaws.com
9879,ec2-13-217-223-172.compute-1.amazonaws.com
9880,ec2-107-23-171-68.compute-1.amazonaws.com
9881,ec2-107-22-243-248.compute-1.amazonaws.com
9882,ec2-100-52-165-89.compute-1.amazonaws.com
9883,ec2-100-26-12-76.compute-1.amazonaws.com
9884,e.id
9885,cicgjzis4kvz.us-east-1.rds.amazonaws.com
9886,cc.or.us
9887,xn--gnstigbestellen-zvb.de
9888,tozawa.yamagata.jp
9889,priv.hu
9890,pesarourbino.it
9891,otsuchi.iwate.jp
9892,oracle
9893,hoabinh.vn
9894,fujioka.gunma.jp
9895,ethos56-prod-va7.dev.adobeaemcloud.com
9896,ethos47-prod-va7.dev.adobeaemcloud.com
9897,ec2-98-86-26-123.compute-1.amazonaws.com
9898,ec2-98-81-212-27.compute-1.amazonaws.com
9899,ec2-89-192-245-157.compute-1.amazonaws.com
9900,ec2-54-86-246-63.compute-1.amazonaws.com
9901,ec2-54-85-8-229.compute-1.amazonaws.com
9902,ec2-54-85-106-90.compute-1.amazonaws.com
9903,ec2-54-80-162-97.compute-1.amazonaws.com
9904,ec2-54-235-62-55.compute-1.amazonaws.com
9905,ec2-54-173-72-8.compute-1.amazonaws.com
9906,ec2-54-173-72-113.compute-1.amazonaws.com
9907,ec2-54-167-181-158.compute-1.amazonaws.com
9908,ec2-54-165-7-254.compute-1.amazonaws.com
9909,ec2-54-165-115-200.compute-1.amazonaws.com
9910,ec2-54-158-80-202.compute-1.amazonaws.com
9911,ec2-52-87-60-139.compute-1.amazonaws.com
9912,ec2-52-87-230-56.compute-1.amazonaws.com
9913,ec2-52-71-78-37.compute-1.amazonaws.com
9914,ec2-52-7-206-142.compute-1.amazonaws.com
9915,ec2-52-3-119-247.compute-1.amazonaws.com
9916,ec2-52-22-180-190.compute-1.amazonaws.com
9917,ec2-52-207-118-144.compute-1.amazonaws.com
9918,ec2-52-200-226-241.compute-1.amazonaws.com
9919,ec2-44-221-166-143.compute-1.amazonaws.com
9920,ec2-44-202-21-25.compute-1.amazonaws.com
9921,ec2-34-207-182-99.compute-1.amazonaws.com
9922,ec2-34-193-123-11.compute-1.amazonaws.com
9923,ec2-32-195-128-50.compute-1.amazonaws.com
9924,ec2-3-83-57-223.compute-1.amazonaws.com
9925,ec2-3-233-158-29.compute-1.amazonaws.com
9926,ec2-3-233-158-28.compute-1.amazonaws.com
9927,ec2-3-220-227-195.compute-1.amazonaws.com
9928,ec2-3-217-124-96.compute-1.amazonaws.com
9929,ec2-3-217-114-204.compute-1.amazonaws.com
9930,ec2-3-210-114-170.compute-1.amazonaws.com
9931,ec2-23-23-212-105.compute-1.amazonaws.com
9932,ec2-23-23-100-56.compute-1.amazonaws.com
9933,ec2-23-22-184-58.compute-1.amazonaws.com
9934,ec2-18-206-234-118.compute-1.amazonaws.com
9935,ec2-18-204-232-29.compute-1.amazonaws.com
9936,ec2-13-223-140-37.compute-1.amazonaws.com
9937,ec2-13-222-150-48.compute-1.amazonaws.com
9938,ec2-100-30-207-150.compute-1.amazonaws.com
9939,ec2-100-24-166-36.compute-1.amazonaws.com
9940,eastasia.azurecontainer.io
9941,cyvrearvgfsn.us-east-1.rds.amazonaws.com
9942,cluster-c4lcsf0fdkmv.us-east-1.rds.amazonaws.com
9943,art.do
9944,travel.np
9945,s3-fips.dualstack.us-east-2.amazonaws.com
9946,kashima.ibaraki.jp
9947,jmp
9948,ichinoseki.iwate.jp
9949,hitachinaka.ibaraki.jp
9950,ec2-98-95-13-143.compute-1.amazonaws.com
9951,ec2-98-94-221-84.compute-1.amazonaws.com
9952,ec2-98-90-145-32.compute-1.amazonaws.com
9953,ec2-54-86-225-102.compute-1.amazonaws.com
9954,ec2-54-85-61-248.compute-1.amazonaws.com
9955,ec2-54-225-227-9.compute-1.amazonaws.com
9956,ec2-54-205-157-109.compute-1.amazonaws.com
9957,ec2-54-204-202-163.compute-1.amazonaws.com
9958,ec2-54-160-143-175.compute-1.amazonaws.com
9959,ec2-52-87-23-187.compute-1.amazonaws.com
9960,ec2-52-70-177-6.compute-1.amazonaws.com
9961,ec2-52-203-75-253.compute-1.amazonaws.com
9962,ec2-52-2-177-178.compute-1.amazonaws.com
9963,ec2-44-209-170-98.compute-1.amazonaws.com
9964,ec2-44-209-130-194.compute-1.amazonaws.com
9965,ec2-44-205-244-201.compute-1.amazonaws.com
9966,ec2-44-204-228-85.compute-1.amazonaws.com
9967,ec2-44-202-21-56.compute-1.amazonaws.com
9968,ec2-44-202-21-37.compute-1.amazonaws.com
9969,ec2-35-173-182-101.compute-1.amazonaws.com
9970,ec2-35-169-161-212.compute-1.amazonaws.com
9971,ec2-34-229-33-115.compute-1.amazonaws.com
9972,ec2-34-227-163-41.compute-1.amazonaws.com
9973,ec2-34-225-62-167.compute-1.amazonaws.com
9974,ec2-34-225-224-180.compute-1.amazonaws.com
9975,ec2-34-207-237-253.compute-1.amazonaws.com
9976,ec2-34-205-74-42.compute-1.amazonaws.com
9977,ec2-34-205-49-94.compute-1.amazonaws.com
9978,ec2-34-197-182-24.compute-1.amazonaws.com
9979,ec2-34-193-74-192.compute-1.amazonaws.com
9980,ec2-32-194-227-183.compute-1.amazonaws.com
9981,ec2-32-194-122-171.compute-1.amazonaws.com
9982,ec2-32-193-117-165.compute-1.amazonaws.com
9983,ec2-3-91-171-238.compute-1.amazonaws.com
9984,ec2-3-91-171-155.compute-1.amazonaws.com
9985,ec2-3-89-185-24.compute-1.amazonaws.com
9986,ec2-3-237-107-1.compute-1.amazonaws.com
9987,ec2-3-227-250-206.compute-1.amazonaws.com
9988,ec2-3-227-250-201.compute-1.amazonaws.com
9989,ec2-3-217-34-214.compute-1.amazonaws.com
9990,ec2-18-209-195-104.compute-1.amazonaws.com
9991,ec2-13-219-175-114.compute-1.amazonaws.com
9992,ec2-100-55-15-184.compute-1.amazonaws.com
9993,ec2-100-25-134-253.compute-1.amazonaws.com
9994,ec2-100-24-117-72.compute-1.amazonaws.com
9995,az-westeurope-1.magentosite.cloud
9996,xn--jvr189m
9997,sko.gov.pl
9998,s3-accesspoint.ap-southeast-3.amazonaws.com
9999,rifu.miyagi.jp
10000,net.lr
10001,myspreadshop.ch
10002,is-an-actress.com
10003,half.host
10004,ec2-98-93-171-79.compute-1.amazonaws.com
10005,ec2-98-86-185-37.compute-1.amazonaws.com
10006,ec2-98-85-106-88.compute-1.amazonaws.com
10007,ec2-89-192-125-35.compute-1.amazonaws.com
10008,ec2-54-81-136-154.compute-1.amazonaws.com
10009,ec2-54-80-95-231.compute-1.amazonaws.com
10010,ec2-54-243-107-0.compute-1.amazonaws.com
10011,ec2-54-208-4-164.compute-1.amazonaws.com
10012,ec2-54-196-183-83.compute-1.amazonaws.com
10013,ec2-54-175-191-204.compute-1.amazonaws.com
10014,ec2-54-174-234-236.compute-1.amazonaws.com
10015,ec2-54-163-250-206.compute-1.amazonaws.com
10016,ec2-54-160-170-29.compute-1.amazonaws.com
10017,ec2-54-157-172-78.compute-1.amazonaws.com
10018,ec2-54-156-65-199.compute-1.amazonaws.com
10019,ec2-54-152-161-119.compute-1.amazonaws.com
10020,ec2-52-55-246-49.compute-1.amazonaws.com
10021,ec2-52-55-137-219.compute-1.amazonaws.com
10022,ec2-52-5-112-135.compute-1.amazonaws.com
10023,ec2-52-4-98-101.compute-1.amazonaws.com
10024,ec2-52-201-112-34.compute-1.amazonaws.com
10025,ec2-52-0-156-250.compute-1.amazonaws.com
10026,ec2-44-219-78-85.compute-1.amazonaws.com
10027,ec2-44-215-76-188.compute-1.amazonaws.com
10028,ec2-44-208-112-149.compute-1.amazonaws.com
10029,ec2-44-205-214-28.compute-1.amazonaws.com
10030,ec2-44-194-94-122.compute-1.amazonaws.com
10031,ec2-35-173-144-136.compute-1.amazonaws.com
10032,ec2-35-171-161-173.compute-1.amazonaws.com
10033,ec2-35-171-144-61.compute-1.amazonaws.com
10034,ec2-34-203-16-156.compute-1.amazonaws.com
10035,ec2-34-201-111-33.compute-1.amazonaws.com
10036,ec2-34-198-2-0.compute-1.amazonaws.com
10037,ec2-32-196-160-78.compute-1.amazonaws.com
10038,ec2-32-193-132-197.compute-1.amazonaws.com
10039,ec2-3-92-198-129.compute-1.amazonaws.com
10040,ec2-3-91-176-195.compute-1.amazonaws.com
10041,ec2-3-87-34-222.compute-1.amazonaws.com
10042,ec2-3-231-143-24.compute-1.amazonaws.com
10043,ec2-3-230-86-50.compute-1.amazonaws.com
10044,ec2-3-227-250-203.compute-1.amazonaws.com
10045,ec2-3-223-63-250.compute-1.amazonaws.com
10046,ec2-3-220-11-5.compute-1.amazonaws.com
10047,ec2-3-213-36-56.compute-1.amazonaws.com
10048,ec2-3-211-129-248.compute-1.amazonaws.com
10049,ec2-23-22-178-161.compute-1.amazonaws.com
10050,ec2-184-73-26-200.compute-1.amazonaws.com
10051,ec2-18-204-73-202.compute-1.amazonaws.com
10052,ec2-15-220-120-0.compute-1.amazonaws.com
10053,ec2-13-218-248-210.compute-1.amazonaws.com
10054,ec2-107-22-54-217.compute-1.amazonaws.com
10055,ec2-100-27-123-213.compute-1.amazonaws.com
10056,cwxk2ifunhge.sa-east-1.rds.amazonaws.com
10057,c2.us-west-2.airflow.amazonaws.com
10058,brazilsouth.azurecontainer.io
10059,booking
10060,bacninh.vn
10061,yame.fukuoka.jp
10062,vfs.cloud9.eu-west-1.amazonaws.com
10063,u2-local.xnbay.com
10064,sanuki.kagawa.jp
10065,rzgw.gov.pl
10066,rackmaze.net
10067,lplfinancial
10068,kanegasaki.iwate.jp
10069,hino.tokyo.jp
10070,frankfurt.nodebalancer.linode.com
10071,ethos14-prod-va7.dev.adobeaemcloud.com
10072,ec2-98-87-134-104.compute-1.amazonaws.com
10073,ec2-98-82-11-67.compute-1.amazonaws.com
10074,ec2-98-81-195-81.compute-1.amazonaws.com
10075,ec2-54-86-228-47.compute-1.amazonaws.com
10076,ec2-54-81-77-106.compute-1.amazonaws.com
10077,ec2-54-80-176-179.compute-1.amazonaws.com
10078,ec2-54-175-229-94.compute-1.amazonaws.com
10079,ec2-54-152-26-85.compute-1.amazonaws.com
10080,ec2-54-152-220-72.compute-1.amazonaws.com
10081,ec2-54-147-84-156.compute-1.amazonaws.com
10082,ec2-54-145-62-141.compute-1.amazonaws.com
10083,ec2-52-91-136-82.compute-1.amazonaws.com
10084,ec2-52-73-45-185.compute-1.amazonaws.com
10085,ec2-52-72-125-127.compute-1.amazonaws.com
10086,ec2-52-7-216-124.compute-1.amazonaws.com
10087,ec2-52-22-66-11.compute-1.amazonaws.com
10088,ec2-50-16-197-56.compute-1.amazonaws.com
10089,ec2-44-223-137-88.compute-1.amazonaws.com
10090,ec2-44-210-11-134.compute-1.amazonaws.com
10091,ec2-44-205-30-203.compute-1.amazonaws.com
10092,ec2-44-202-21-54.compute-1.amazonaws.com
10093,ec2-44-199-227-142.compute-1.amazonaws.com
10094,ec2-35-170-112-64.compute-1.amazonaws.com
10095,ec2-35-169-140-99.compute-1.amazonaws.com
10096,ec2-34-236-102-202.compute-1.amazonaws.com
10097,ec2-34-235-126-85.compute-1.amazonaws.com
10098,ec2-34-201-52-155.compute-1.amazonaws.com
10099,ec2-34-193-34-37.compute-1.amazonaws.com
10100,ec2-32-193-10-149.compute-1.amazonaws.com
10101,ec2-3-91-171-245.compute-1.amazonaws.com
10102,ec2-3-91-171-241.compute-1.amazonaws.com
10103,ec2-3-91-171-237.compute-1.amazonaws.com
10104,ec2-3-91-171-129.compute-1.amazonaws.com
10105,ec2-3-89-46-248.compute-1.amazonaws.com
10106,ec2-3-86-173-134.compute-1.amazonaws.com
10107,ec2-3-232-51-7.compute-1.amazonaws.com
10108,ec2-3-229-252-53.compute-1.amazonaws.com
10109,ec2-3-227-250-197.compute-1.amazonaws.com
10110,ec2-3-221-215-121.compute-1.amazonaws.com
10111,ec2-3-221-180-142.compute-1.amazonaws.com
10112,ec2-3-216-131-17.compute-1.amazonaws.com
10113,ec2-3-211-228-80.compute-1.amazonaws.com
10114,ec2-3-210-238-138.compute-1.amazonaws.com
10115,ec2-23-23-43-140.compute-1.amazonaws.com
10116,ec2-184-73-144-139.compute-1.amazonaws.com
10117,ec2-18-88-35-145.compute-1.amazonaws.com
10118,ec2-18-235-194-76.compute-1.amazonaws.com
10119,ec2-13-221-222-16.compute-1.amazonaws.com
10120,ec2-100-51-119-37.compute-1.amazonaws.com
10121,ec2-100-30-25-91.compute-1.amazonaws.com
10122,ec2-100-28-163-206.compute-1.amazonaws.com
10123,cluster-ro-cdgqrxvxmtd6.us-east-1.rds.amazonaws.com
10124,cdzunuw84imw.us-east-1.rds.amazonaws.com
10125,bloomberg
10126,0.xmit.co
10127,yukuhashi.fukuoka.jp
10128,wakkanai.hokkaido.jp
10129,sdmntprcacentraldr.oaiusercontent.com
10130,pgfog.com
10131,org.gi
10132,macapa.br
10133,ec2-98-95-139-19.compute-1.amazonaws.com
10134,ec2-98-93-67-8.compute-1.amazonaws.com
10135,ec2-98-92-94-174.compute-1.amazonaws.com
10136,ec2-98-82-158-117.compute-1.amazonaws.com
10137,ec2-96-0-49-185.compute-1.amazonaws.com
10138,ec2-89-192-94-148.compute-1.amazonaws.com
10139,ec2-89-192-212-65.compute-1.amazonaws.com
10140,ec2-54-91-75-17.compute-1.amazonaws.com
10141,ec2-54-87-30-176.compute-1.amazonaws.com
10142,ec2-54-86-163-219.compute-1.amazonaws.com
10143,ec2-54-243-119-156.compute-1.amazonaws.com
10144,ec2-54-237-39-183.compute-1.amazonaws.com
10145,ec2-54-226-167-88.compute-1.amazonaws.com
10146,ec2-54-224-145-4.compute-1.amazonaws.com
10147,ec2-54-211-15-44.compute-1.amazonaws.com
10148,ec2-54-197-98-98.compute-1.amazonaws.com
10149,ec2-54-197-86-57.compute-1.amazonaws.com
10150,ec2-54-167-83-157.compute-1.amazonaws.com
10151,ec2-54-167-26-30.compute-1.amazonaws.com
10152,ec2-54-163-136-86.compute-1.amazonaws.com
10153,ec2-54-163-128-248.compute-1.amazonaws.com
10154,ec2-54-162-232-210.compute-1.amazonaws.com
10155,ec2-54-159-202-67.compute-1.amazonaws.com
10156,ec2-54-156-161-104.compute-1.amazonaws.com
10157,ec2-54-152-158-70.compute-1.amazonaws.com
10158,ec2-54-145-159-201.compute-1.amazonaws.com
10159,ec2-52-70-150-25.compute-1.amazonaws.com
10160,ec2-52-5-51-93.compute-1.amazonaws.com
10161,ec2-52-5-174-62.compute-1.amazonaws.com
10162,ec2-52-45-128-176.compute-1.amazonaws.com
10163,ec2-52-23-73-146.compute-1.amazonaws.com
10164,ec2-52-205-62-94.compute-1.amazonaws.com
10165,ec2-44-216-135-46.compute-1.amazonaws.com
10166,ec2-44-202-21-39.compute-1.amazonaws.com
10167,ec2-44-197-104-194.compute-1.amazonaws.com
10168,ec2-44-193-177-29.compute-1.amazonaws.com
10169,ec2-35-153-248-18.compute-1.amazonaws.com
10170,ec2-34-231-2-128.compute-1.amazonaws.com
10171,ec2-34-227-220-143.compute-1.amazonaws.com
10172,ec2-34-226-80-62.compute-1.amazonaws.com
10173,ec2-34-226-255-31.compute-1.amazonaws.com
10174,ec2-34-203-32-94.compute-1.amazonaws.com
10175,ec2-34-203-251-250.compute-1.amazonaws.com
10176,ec2-34-203-251-184.compute-1.amazonaws.com
10177,ec2-34-195-87-51.compute-1.amazonaws.com
10178,ec2-34-192-42-85.compute-1.amazonaws.com
10179,ec2-32-195-109-62.compute-1.amazonaws.com
10180,ec2-3-92-101-137.compute-1.amazonaws.com
10181,ec2-3-91-171-243.compute-1.amazonaws.com
10182,ec2-3-90-220-37.compute-1.amazonaws.com
10183,ec2-3-83-241-80.compute-1.amazonaws.com
10184,ec2-3-82-207-192.compute-1.amazonaws.com
10185,ec2-3-81-65-133.compute-1.amazonaws.com
10186,ec2-3-233-105-44.compute-1.amazonaws.com
10187,ec2-3-231-143-17.compute-1.amazonaws.com
10188,ec2-3-230-129-70.compute-1.amazonaws.com
10189,ec2-3-227-195-38.compute-1.amazonaws.com
10190,ec2-3-224-188-52.compute-1.amazonaws.com
10191,ec2-3-222-247-27.compute-1.amazonaws.com
10192,ec2-3-221-53-142.compute-1.amazonaws.com
10193,ec2-3-214-94-32.compute-1.amazonaws.com
10194,ec2-3-210-215-2.compute-1.amazonaws.com
10195,ec2-3-209-103-80.compute-1.amazonaws.com
10196,ec2-184-73-206-154.compute-1.amazonaws.com
10197,ec2-18-232-234-26.compute-1.amazonaws.com
10198,ec2-18-212-86-166.compute-1.amazonaws.com
10199,ec2-18-204-103-172.compute-1.amazonaws.com
10200,ec2-174-129-233-152.compute-1.amazonaws.com
10201,ec2-13-219-31-107.compute-1.amazonaws.com
10202,ec2-100-28-13-17.compute-1.amazonaws.com
10203,czvxkoyupsni.us-east-1.rds.amazonaws.com
10204,c5g4goao44er.af-south-1.rds.amazonaws.com
10205,15.xmit.co
10206,tomigusuku.okinawa.jp
10207,small-web.org
10208,saikai.nagasaki.jp
10209,s3-website.me-central-1.amazonaws.com
10210,rackmaze.com
10211,nog.community
10212,japanwest.azurecontainer.io
10213,futuremailing.at
10214,fuettertdasnetz.de
10215,ec2-54-84-134-115.compute-1.amazonaws.com
10216,ec2-54-224-247-235.compute-1.amazonaws.com
10217,ec2-54-209-146-62.compute-1.amazonaws.com
10218,ec2-54-174-194-5.compute-1.amazonaws.com
10219,ec2-54-173-83-124.compute-1.amazonaws.com
10220,ec2-54-163-146-91.compute-1.amazonaws.com
10221,ec2-54-163-101-158.compute-1.amazonaws.com
10222,ec2-54-160-122-89.compute-1.amazonaws.com
10223,ec2-54-152-96-147.compute-1.amazonaws.com
10224,ec2-52-86-224-239.compute-1.amazonaws.com
10225,ec2-52-7-147-49.compute-1.amazonaws.com
10226,ec2-52-21-215-173.compute-1.amazonaws.com
10227,ec2-52-203-8-32.compute-1.amazonaws.com
10228,ec2-52-201-152-145.compute-1.amazonaws.com
10229,ec2-52-1-109-42.compute-1.amazonaws.com
10230,ec2-50-19-123-95.compute-1.amazonaws.com
10231,ec2-44-215-170-157.compute-1.amazonaws.com
10232,ec2-44-209-28-20.compute-1.amazonaws.com
10233,ec2-44-207-65-131.compute-1.amazonaws.com
10234,ec2-44-206-100-192.compute-1.amazonaws.com
10235,ec2-44-195-146-220.compute-1.amazonaws.com
10236,ec2-35-175-7-226.compute-1.amazonaws.com
10237,ec2-35-171-231-6.compute-1.amazonaws.com
10238,ec2-34-232-115-130.compute-1.amazonaws.com
10239,ec2-34-228-45-57.compute-1.amazonaws.com
10240,ec2-34-207-184-193.compute-1.amazonaws.com
10241,ec2-34-200-121-136.compute-1.amazonaws.com
10242,ec2-32-195-164-194.compute-1.amazonaws.com
10243,ec2-32-194-107-95.compute-1.amazonaws.com
10244,ec2-3-93-173-184.compute-1.amazonaws.com
10245,ec2-3-91-65-194.compute-1.amazonaws.com
10246,ec2-3-91-171-150.compute-1.amazonaws.com
10247,ec2-3-86-193-171.compute-1.amazonaws.com
10248,ec2-3-234-106-8.compute-1.amazonaws.com
10249,ec2-3-227-250-208.compute-1.amazonaws.com
10250,ec2-3-226-78-159.compute-1.amazonaws.com
10251,ec2-3-221-67-48.compute-1.amazonaws.com
10252,ec2-3-219-203-25.compute-1.amazonaws.com
10253,ec2-23-22-75-138.compute-1.amazonaws.com
10254,ec2-18-204-123-163.compute-1.amazonaws.com
10255,ec2-174-129-95-181.compute-1.amazonaws.com
10256,ec2-13-219-30-54.compute-1.amazonaws.com
10257,ec2-13-218-54-153.compute-1.amazonaws.com
10258,ec2-100-54-240-68.compute-1.amazonaws.com
10259,ec2-100-49-33-156.compute-1.amazonaws.com
10260,ec2-100-30-157-154.compute-1.amazonaws.com
10261,ec2-100-27-130-152.compute-1.amazonaws.com
10262,cpa.pro
10263,cc0zx61maynt.us-east-1.rds.amazonaws.com
10264,c76.us-east-1.airflow.amazonaws.com
10265,awseuwest3.snowflake.app
10266,auth.ap-northeast-3.amazoncognito.com
10267,akishima.tokyo.jp
10268,a0.cloudera.site
10269,wnext.app
10270,tendo.yamagata.jp
10271,sdmntpruksouthdr.oaiusercontent.com
10272,newport.sch.uk
10273,minami-alps.yamanashi.jp
10274,meinforum.net
10275,malaysiawest.azurecontainer.io
10276,logoip.com
10277,kunigami.okinawa.jp
10278,files-au.oaiusercontent.com
10279,ethos51-prod-va7.dev.adobeaemcloud.com
10280,ec2-98-82-156-189.compute-1.amazonaws.com
10281,ec2-54-87-34-122.compute-1.amazonaws.com
10282,ec2-54-81-10-240.compute-1.amazonaws.com
10283,ec2-54-226-182-2.compute-1.amazonaws.com
10284,ec2-54-225-33-52.compute-1.amazonaws.com
10285,ec2-54-225-184-101.compute-1.amazonaws.com
10286,ec2-54-221-238-24.compute-1.amazonaws.com
10287,ec2-54-205-175-31.compute-1.amazonaws.com
10288,ec2-54-165-31-24.compute-1.amazonaws.com
10289,ec2-52-71-47-15.compute-1.amazonaws.com
10290,ec2-52-70-205-193.compute-1.amazonaws.com
10291,ec2-52-70-145-23.compute-1.amazonaws.com
10292,ec2-52-207-87-129.compute-1.amazonaws.com
10293,ec2-52-206-150-125.compute-1.amazonaws.com
10294,ec2-52-201-219-92.compute-1.amazonaws.com
10295,ec2-52-20-193-236.compute-1.amazonaws.com
10296,ec2-50-16-47-176.compute-1.amazonaws.com
10297,ec2-44-209-96-181.compute-1.amazonaws.com
10298,ec2-44-203-171-113.compute-1.amazonaws.com
10299,ec2-44-202-21-46.compute-1.amazonaws.com
10300,ec2-44-194-40-69.compute-1.amazonaws.com
10301,ec2-34-239-89-215.compute-1.amazonaws.com
10302,ec2-34-231-224-100.compute-1.amazonaws.com
10303,ec2-34-224-22-166.compute-1.amazonaws.com
10304,ec2-34-207-164-227.compute-1.amazonaws.com
10305,ec2-34-203-251-227.compute-1.amazonaws.com
10306,ec2-34-202-92-255.compute-1.amazonaws.com
10307,ec2-34-201-239-212.compute-1.amazonaws.com
10308,ec2-34-197-54-255.compute-1.amazonaws.com
10309,ec2-3-93-182-22.compute-1.amazonaws.com
10310,ec2-3-91-58-30.compute-1.amazonaws.com
10311,ec2-3-91-171-131.compute-1.amazonaws.com
10312,ec2-3-89-1-238.compute-1.amazonaws.com
10313,ec2-3-237-107-114.compute-1.amazonaws.com
10314,ec2-3-235-213-191.compute-1.amazonaws.com
10315,ec2-3-233-3-110.compute-1.amazonaws.com
10316,ec2-3-229-84-157.compute-1.amazonaws.com
10317,ec2-3-228-102-174.compute-1.amazonaws.com
10318,ec2-3-222-223-190.compute-1.amazonaws.com
10319,ec2-3-217-38-56.compute-1.amazonaws.com
10320,ec2-3-211-233-231.compute-1.amazonaws.com
10321,ec2-3-208-199-103.compute-1.amazonaws.com
10322,ec2-23-22-52-7.compute-1.amazonaws.com
10323,ec2-18-88-32-207.compute-1.amazonaws.com
10324,ec2-18-234-86-110.compute-1.amazonaws.com
10325,ec2-18-205-219-122.compute-1.amazonaws.com
10326,ec2-13-217-176-78.compute-1.amazonaws.com
10327,ec2-13-216-208-21.compute-1.amazonaws.com
10328,ec2-100-51-158-192.compute-1.amazonaws.com
10329,ec2-100-51-105-105.compute-1.amazonaws.com
10330,ec2-100-49-75-92.compute-1.amazonaws.com
10331,ec2-100-30-141-89.compute-1.amazonaws.com
10332,ec2-100-29-170-154.compute-1.amazonaws.com
10333,dumgal.sch.uk
10334,crmeqkays5lp.af-south-1.rds.amazonaws.com
10335,c15.us-west-2.airflow.amazonaws.com
10336,vaporcloud.io
10337,lpl
10338,katsuragi.nara.jp
10339,joyo.kyoto.jp
10340,fujiyoshida.yamanashi.jp
10341,freebox-os.com
10342,fastly-terrarium.com
10343,ethos13-prod-ind2.dev.adobeaemcloud.com
10344,ec2-98-94-74-185.compute-1.amazonaws.com
10345,ec2-98-92-120-168.compute-1.amazonaws.com
10346,ec2-98-91-33-139.compute-1.amazonaws.com
10347,ec2-98-86-12-171.compute-1.amazonaws.com
10348,ec2-98-82-206-44.compute-1.amazonaws.com
10349,ec2-98-82-155-51.compute-1.amazonaws.com
10350,ec2-98-80-93-101.compute-1.amazonaws.com
10351,ec2-54-91-92-82.compute-1.amazonaws.com
10352,ec2-54-84-171-30.compute-1.amazonaws.com
10353,ec2-54-81-134-237.compute-1.amazonaws.com
10354,ec2-54-243-199-34.compute-1.amazonaws.com
10355,ec2-54-235-143-138.compute-1.amazonaws.com
10356,ec2-54-227-113-124.compute-1.amazonaws.com
10357,ec2-54-226-204-22.compute-1.amazonaws.com
10358,ec2-54-225-48-130.compute-1.amazonaws.com
10359,ec2-54-210-22-187.compute-1.amazonaws.com
10360,ec2-54-209-180-65.compute-1.amazonaws.com
10361,ec2-54-174-186-68.compute-1.amazonaws.com
10362,ec2-54-173-125-196.compute-1.amazonaws.com
10363,ec2-54-164-170-242.compute-1.amazonaws.com
10364,ec2-54-159-252-252.compute-1.amazonaws.com
10365,ec2-54-158-196-145.compute-1.amazonaws.com
10366,ec2-54-156-13-80.compute-1.amazonaws.com
10367,ec2-52-5-34-146.compute-1.amazonaws.com
10368,ec2-50-16-135-17.compute-1.amazonaws.com
10369,ec2-50-16-104-50.compute-1.amazonaws.com
10370,ec2-44-217-82-191.compute-1.amazonaws.com
10371,ec2-44-217-201-144.compute-1.amazonaws.com
10372,ec2-44-214-7-181.compute-1.amazonaws.com
10373,ec2-44-207-51-108.compute-1.amazonaws.com
10374,ec2-44-206-182-160.compute-1.amazonaws.com
10375,ec2-44-202-21-47.compute-1.amazonaws.com
10376,ec2-44-193-129-13.compute-1.amazonaws.com
10377,ec2-35-174-34-179.compute-1.amazonaws.com
10378,ec2-35-169-243-115.compute-1.amazonaws.com
10379,ec2-35-153-195-153.compute-1.amazonaws.com
10380,ec2-34-237-99-121.compute-1.amazonaws.com
10381,ec2-34-236-82-115.compute-1.amazonaws.com
10382,ec2-34-229-121-219.compute-1.amazonaws.com
10383,ec2-34-228-126-68.compute-1.amazonaws.com
10384,ec2-34-206-98-181.compute-1.amazonaws.com
10385,ec2-34-206-96-89.compute-1.amazonaws.com
10386,ec2-34-203-251-47.compute-1.amazonaws.com
10387,ec2-34-202-182-63.compute-1.amazonaws.com
10388,ec2-3-91-171-251.compute-1.amazonaws.com
10389,ec2-3-91-119-59.compute-1.amazonaws.com
10390,ec2-3-89-92-186.compute-1.amazonaws.com
10391,ec2-3-85-184-110.compute-1.amazonaws.com
10392,ec2-3-237-107-99.compute-1.amazonaws.com
10393,ec2-3-221-19-111.compute-1.amazonaws.com
10394,ec2-3-217-199-246.compute-1.amazonaws.com
10395,ec2-23-23-180-211.compute-1.amazonaws.com
10396,ec2-18-97-36-50.compute-1.amazonaws.com
10397,ec2-18-213-116-49.compute-1.amazonaws.com
10398,ec2-18-206-108-74.compute-1.amazonaws.com
10399,ec2-13-220-80-123.compute-1.amazonaws.com
10400,ec2-13-219-255-30.compute-1.amazonaws.com
10401,ec2-100-53-72-233.compute-1.amazonaws.com
10402,ec2-100-52-73-199.compute-1.amazonaws.com
10403,cy.eu.org
10404,cng.br
10405,ap-tokyo-1.oraclecloudapps.com
10406,a4.cloudera.site
10407,a2.cloudera.site
10408,tiaa
10409,tadotsu.kagawa.jp
10410,sakura
10411,s3.dualstack.me-south-1.amazonaws.com
10412,quangngai.vn
10413,oshu.iwate.jp
10414,freeboxos.com
10415,edu.ug
10416,ec2-98-82-154-190.compute-1.amazonaws.com
10417,ec2-89-192-8-216.compute-1.amazonaws.com
10418,ec2-54-234-195-147.compute-1.amazonaws.com
10419,ec2-54-227-162-221.compute-1.amazonaws.com
10420,ec2-54-209-244-61.compute-1.amazonaws.com
10421,ec2-54-197-143-52.compute-1.amazonaws.com
10422,ec2-54-167-68-219.compute-1.amazonaws.com
10423,ec2-54-163-33-187.compute-1.amazonaws.com
10424,ec2-54-152-61-40.compute-1.amazonaws.com
10425,ec2-54-146-208-102.compute-1.amazonaws.com
10426,ec2-52-73-105-124.compute-1.amazonaws.com
10427,ec2-52-55-239-146.compute-1.amazonaws.com
10428,ec2-52-204-113-29.compute-1.amazonaws.com
10429,ec2-52-0-166-64.compute-1.amazonaws.com
10430,ec2-44-219-155-214.compute-1.amazonaws.com
10431,ec2-44-215-117-136.compute-1.amazonaws.com
10432,ec2-44-207-207-235.compute-1.amazonaws.com
10433,ec2-44-203-78-12.compute-1.amazonaws.com
10434,ec2-44-202-21-53.compute-1.amazonaws.com
10435,ec2-44-195-67-46.compute-1.amazonaws.com
10436,ec2-35-172-26-64.compute-1.amazonaws.com
10437,ec2-35-170-125-170.compute-1.amazonaws.com
10438,ec2-35-169-202-10.compute-1.amazonaws.com
10439,ec2-34-235-92-112.compute-1.amazonaws.com
10440,ec2-34-231-251-31.compute-1.amazonaws.com
10441,ec2-34-224-26-102.compute-1.amazonaws.com
10442,ec2-34-196-176-226.compute-1.amazonaws.com
10443,ec2-34-193-242-118.compute-1.amazonaws.com
10444,ec2-3-91-171-227.compute-1.amazonaws.com
10445,ec2-3-91-156-27.compute-1.amazonaws.com
10446,ec2-3-91-131-123.compute-1.amazonaws.com
10447,ec2-3-90-245-132.compute-1.amazonaws.com
10448,ec2-3-90-111-248.compute-1.amazonaws.com
10449,ec2-3-89-98-99.compute-1.amazonaws.com
10450,ec2-3-89-121-148.compute-1.amazonaws.com
10451,ec2-3-231-143-36.compute-1.amazonaws.com
10452,ec2-3-231-143-107.compute-1.amazonaws.com
10453,ec2-3-213-207-253.compute-1.amazonaws.com
10454,ec2-3-210-147-189.compute-1.amazonaws.com
10455,ec2-18-234-215-50.compute-1.amazonaws.com
10456,ec2-18-213-131-20.compute-1.amazonaws.com
10457,ec2-18-207-153-168.compute-1.amazonaws.com
10458,ec2-18-207-144-231.compute-1.amazonaws.com
10459,ec2-18-205-63-110.compute-1.amazonaws.com
10460,ec2-18-205-128-96.compute-1.amazonaws.com
10461,ec2-174-129-89-191.compute-1.amazonaws.com
10462,ec2-174-129-231-197.compute-1.amazonaws.com
10463,ec2-13-223-148-215.compute-1.amazonaws.com
10464,ec2-100-51-98-123.compute-1.amazonaws.com
10465,ec2-100-30-179-177.compute-1.amazonaws.com
10466,ec2-100-27-201-47.compute-1.amazonaws.com
10467,ec2-100-24-207-44.compute-1.amazonaws.com
10468,cw5xiox08hsu.us-east-1.rds.amazonaws.com
10469,ce0jqcxxcf9z.eu-west-1.rds.amazonaws.com
10470,ca-toronto-1.oraclecloudapps.com
10471,c70.us-east-1.airflow.amazonaws.com
10472,c20.us-east-1.airflow.amazonaws.com
10473,xn--bck1b9a5dre4c
10474,xn--90azh.xn--90a3ac
10475,us-west-2.experiments.sagemaker.aws
10476,tainai.niigata.jp
10477,s3-website.ap-southeast-2.amazonaws.com
10478,rokunohe.aomori.jp
10479,kasugai.aichi.jp
10480,hakata.fukuoka.jp
10481,ec2-98-94-238-103.compute-1.amazonaws.com
10482,ec2-98-82-157-104.compute-1.amazonaws.com
10483,ec2-98-81-211-21.compute-1.amazonaws.com
10484,ec2-89-194-9-214.compute-1.amazonaws.com
10485,ec2-54-89-124-217.compute-1.amazonaws.com
10486,ec2-54-243-165-10.compute-1.amazonaws.com
10487,ec2-54-237-112-127.compute-1.amazonaws.com
10488,ec2-54-225-197-162.compute-1.amazonaws.com
10489,ec2-54-163-74-166.compute-1.amazonaws.com
10490,ec2-54-159-107-219.compute-1.amazonaws.com
10491,ec2-54-152-60-197.compute-1.amazonaws.com
10492,ec2-54-147-152-247.compute-1.amazonaws.com
10493,ec2-54-144-151-126.compute-1.amazonaws.com
10494,ec2-52-73-252-224.compute-1.amazonaws.com
10495,ec2-52-6-0-26.compute-1.amazonaws.com
10496,ec2-52-21-147-164.compute-1.amazonaws.com
10497,ec2-44-212-61-251.compute-1.amazonaws.com
10498,ec2-44-209-12-215.compute-1.amazonaws.com
10499,ec2-44-207-205-66.compute-1.amazonaws.com
10500,ec2-44-205-69-206.compute-1.amazonaws.com
10501,ec2-44-205-143-58.compute-1.amazonaws.com
10502,ec2-44-204-196-24.compute-1.amazonaws.com
10503,ec2-34-231-159-219.compute-1.amazonaws.com
10504,ec2-34-231-120-170.compute-1.amazonaws.com
10505,ec2-34-228-127-240.compute-1.amazonaws.com
10506,ec2-34-197-17-74.compute-1.amazonaws.com
10507,ec2-34-193-104-101.compute-1.amazonaws.com
10508,ec2-32-195-121-250.compute-1.amazonaws.com
10509,ec2-3-91-171-151.compute-1.amazonaws.com
10510,ec2-3-83-145-39.compute-1.amazonaws.com
10511,ec2-3-231-143-31.compute-1.amazonaws.com
10512,ec2-3-231-143-22.compute-1.amazonaws.com
10513,ec2-3-231-143-19.compute-1.amazonaws.com
10514,ec2-3-230-239-174.compute-1.amazonaws.com
10515,ec2-3-227-250-175.compute-1.amazonaws.com
10516,ec2-3-216-3-48.compute-1.amazonaws.com
10517,ec2-3-215-95-140.compute-1.amazonaws.com
10518,ec2-3-212-201-58.compute-1.amazonaws.com
10519,ec2-3-211-213-83.compute-1.amazonaws.com
10520,ec2-18-233-42-52.compute-1.amazonaws.com
10521,ec2-18-215-46-71.compute-1.amazonaws.com
10522,ec2-18-213-252-175.compute-1.amazonaws.com
10523,ec2-18-211-110-114.compute-1.amazonaws.com
10524,ec2-18-207-68-144.compute-1.amazonaws.com
10525,ec2-18-205-177-3.compute-1.amazonaws.com
10526,ec2-13-222-96-69.compute-1.amazonaws.com
10527,ec2-13-217-125-206.compute-1.amazonaws.com
10528,ec2-100-28-251-142.compute-1.amazonaws.com
10529,de-1.platformsh.site
10530,cwtiijyqjgvu.us-west-1.rds.amazonaws.com
10531,cluster014.hosting.ovh.net
10532,chosei.chiba.jp
10533,chasuq2epesq.us-east-1.rds.amazonaws.com
10534,cbriunlvtcct.us-east-1.rds.amazonaws.com
10535,c5t0tedbuy7z.us-east-1.rds.amazonaws.com
10536,c340s44sga8a.af-south-1.rds.amazonaws.com
10537,auth.me-central-1.amazoncognito.com
10538,auth.ap-southeast-3.amazoncognito.com
10539,a1.cloudera.site
10540,ninhbinh.vn
10541,mybox.company
10542,mangyshlak.su
10543,knowsley.sch.uk
10544,jogasz.hu
10545,il.eu.org
10546,fujisato.akita.jp
10547,ec2-98-82-222-218.compute-1.amazonaws.com
10548,ec2-98-82-161-129.compute-1.amazonaws.com
10549,ec2-98-82-156-136.compute-1.amazonaws.com
10550,ec2-98-82-155-244.compute-1.amazonaws.com
10551,ec2-98-82-155-233.compute-1.amazonaws.com
10552,ec2-98-82-142-181.compute-1.amazonaws.com
10553,ec2-54-88-251-164.compute-1.amazonaws.com
10554,ec2-54-87-114-163.compute-1.amazonaws.com
10555,ec2-54-82-26-167.compute-1.amazonaws.com
10556,ec2-54-243-4-1.compute-1.amazonaws.com
10557,ec2-54-243-163-109.compute-1.amazonaws.com
10558,ec2-54-225-187-106.compute-1.amazonaws.com
10559,ec2-54-204-105-122.compute-1.amazonaws.com
10560,ec2-54-156-201-77.compute-1.amazonaws.com
10561,ec2-54-146-128-0.compute-1.amazonaws.com
10562,ec2-54-145-181-254.compute-1.amazonaws.com
10563,ec2-54-144-193-250.compute-1.amazonaws.com
10564,ec2-52-90-0-0.compute-1.amazonaws.com
10565,ec2-52-87-213-205.compute-1.amazonaws.com
10566,ec2-52-71-107-33.compute-1.amazonaws.com
10567,ec2-52-70-156-242.compute-1.amazonaws.com
10568,ec2-52-7-95-202.compute-1.amazonaws.com
10569,ec2-52-7-106-235.compute-1.amazonaws.com
10570,ec2-52-3-56-153.compute-1.amazonaws.com
10571,ec2-52-21-70-220.compute-1.amazonaws.com
10572,ec2-52-202-59-218.compute-1.amazonaws.com
10573,ec2-50-16-10-217.compute-1.amazonaws.com
10574,ec2-44-218-155-45.compute-1.amazonaws.com
10575,ec2-44-202-21-32.compute-1.amazonaws.com
10576,ec2-44-202-21-16.compute-1.amazonaws.com
10577,ec2-44-202-21-14.compute-1.amazonaws.com
10578,ec2-44-197-221-236.compute-1.amazonaws.com
10579,ec2-35-169-164-227.compute-1.amazonaws.com
10580,ec2-34-239-124-83.compute-1.amazonaws.com
10581,ec2-34-224-91-25.compute-1.amazonaws.com
10582,ec2-34-207-30-226.compute-1.amazonaws.com
10583,ec2-34-203-251-141.compute-1.amazonaws.com
10584,ec2-3-93-60-88.compute-1.amazonaws.com
10585,ec2-3-91-138-95.compute-1.amazonaws.com
10586,ec2-3-83-96-167.compute-1.amazonaws.com
10587,ec2-3-83-254-71.compute-1.amazonaws.com
10588,ec2-3-83-105-175.compute-1.amazonaws.com
10589,ec2-3-237-107-66.compute-1.amazonaws.com
10590,ec2-3-234-49-0.compute-1.amazonaws.com
10591,ec2-3-227-250-246.compute-1.amazonaws.com
10592,ec2-3-217-140-164.compute-1.amazonaws.com
10593,ec2-3-212-36-44.compute-1.amazonaws.com
10594,ec2-3-211-193-96.compute-1.amazonaws.com
10595,ec2-23-23-21-50.compute-1.amazonaws.com
10596,ec2-23-21-144-18.compute-1.amazonaws.com
10597,ec2-23-20-173-110.compute-1.amazonaws.com
10598,ec2-184-73-67-32.compute-1.amazonaws.com
10599,ec2-18-214-30-170.compute-1.amazonaws.com
10600,ec2-18-212-242-29.compute-1.amazonaws.com
10601,ec2-18-212-13-58.compute-1.amazonaws.com
10602,ec2-18-208-170-130.compute-1.amazonaws.com
10603,ec2-174-129-106-97.compute-1.amazonaws.com
10604,ec2-13-220-45-35.compute-1.amazonaws.com
10605,ec2-13-218-135-135.compute-1.amazonaws.com
10606,ec2-107-22-168-238.compute-1.amazonaws.com
10607,ec2-107-21-1-209.compute-1.amazonaws.com
10608,ec2-100-55-190-184.compute-1.amazonaws.com
10609,ec2-100-30-168-55.compute-1.amazonaws.com
10610,ec2-100-24-152-132.compute-1.amazonaws.com
10611,cdn77-storage.com
10612,cdn77-ssl.net
10613,216.xmit.co
10614,s3.ru-msk.k2.cloud
10615,rawa-maz.pl
10616,mytabit.co.il
10617,moroyama.saitama.jp
10618,hatinh.vn
10619,gov.pn
10620,ethos35-prod-va7.dev.adobeaemcloud.com
10621,ec2-98-91-209-125.compute-1.amazonaws.com
10622,ec2-98-83-26-234.compute-1.amazonaws.com
10623,ec2-98-81-182-10.compute-1.amazonaws.com
10624,ec2-89-193-184-6.compute-1.amazonaws.com
10625,ec2-89-192-8-175.compute-1.amazonaws.com
10626,ec2-54-92-208-132.compute-1.amazonaws.com
10627,ec2-54-88-140-181.compute-1.amazonaws.com
10628,ec2-54-86-102-202.compute-1.amazonaws.com
10629,ec2-54-83-13-230.compute-1.amazonaws.com
10630,ec2-54-237-204-248.compute-1.amazonaws.com
10631,ec2-54-210-17-103.compute-1.amazonaws.com
10632,ec2-54-165-250-27.compute-1.amazonaws.com
10633,ec2-54-165-21-40.compute-1.amazonaws.com
10634,ec2-54-159-244-132.compute-1.amazonaws.com
10635,ec2-54-158-70-239.compute-1.amazonaws.com
10636,ec2-54-145-225-58.compute-1.amazonaws.com
10637,ec2-54-144-23-127.compute-1.amazonaws.com
10638,ec2-54-144-144-142.compute-1.amazonaws.com
10639,ec2-52-87-88-76.compute-1.amazonaws.com
10640,ec2-52-86-42-192.compute-1.amazonaws.com
10641,ec2-52-73-132-10.compute-1.amazonaws.com
10642,ec2-52-70-143-75.compute-1.amazonaws.com
10643,ec2-52-5-76-173.compute-1.amazonaws.com
10644,ec2-52-4-51-195.compute-1.amazonaws.com
10645,ec2-52-4-143-42.compute-1.amazonaws.com
10646,ec2-52-206-119-83.compute-1.amazonaws.com
10647,ec2-52-203-246-132.compute-1.amazonaws.com
10648,ec2-44-215-173-156.compute-1.amazonaws.com
10649,ec2-44-214-252-38.compute-1.amazonaws.com
10650,ec2-44-207-210-41.compute-1.amazonaws.com
10651,ec2-44-205-169-210.compute-1.amazonaws.com
10652,ec2-44-202-21-30.compute-1.amazonaws.com
10653,ec2-44-193-38-23.compute-1.amazonaws.com
10654,ec2-35-171-4-46.compute-1.amazonaws.com
10655,ec2-35-171-207-10.compute-1.amazonaws.com
10656,ec2-34-234-145-143.compute-1.amazonaws.com
10657,ec2-34-225-38-126.compute-1.amazonaws.com
10658,ec2-34-225-22-20.compute-1.amazonaws.com
10659,ec2-34-207-36-237.compute-1.amazonaws.com
10660,ec2-34-204-231-23.compute-1.amazonaws.com
10661,ec2-34-195-253-23.compute-1.amazonaws.com
10662,ec2-34-193-55-165.compute-1.amazonaws.com
10663,ec2-32-193-8-152.compute-1.amazonaws.com
10664,ec2-32-193-113-49.compute-1.amazonaws.com
10665,ec2-3-93-228-7.compute-1.amazonaws.com
10666,ec2-3-85-50-119.compute-1.amazonaws.com
10667,ec2-3-83-105-161.compute-1.amazonaws.com
10668,ec2-3-237-62-195.compute-1.amazonaws.com
10669,ec2-3-237-157-186.compute-1.amazonaws.com
10670,ec2-3-237-107-62.compute-1.amazonaws.com
10671,ec2-3-235-125-43.compute-1.amazonaws.com
10672,ec2-3-234-53-165.compute-1.amazonaws.com
10673,ec2-3-234-31-3.compute-1.amazonaws.com
10674,ec2-3-231-143-9.compute-1.amazonaws.com
10675,ec2-3-231-143-33.compute-1.amazonaws.com
10676,ec2-3-231-143-23.compute-1.amazonaws.com
10677,ec2-3-230-204-78.compute-1.amazonaws.com
10678,ec2-3-228-248-209.compute-1.amazonaws.com
10679,ec2-3-227-250-164.compute-1.amazonaws.com
10680,ec2-3-226-98-90.compute-1.amazonaws.com
10681,ec2-3-225-91-0.compute-1.amazonaws.com
10682,ec2-3-215-21-16.compute-1.amazonaws.com
10683,ec2-23-21-32-213.compute-1.amazonaws.com
10684,ec2-18-235-68-42.compute-1.amazonaws.com
10685,ec2-18-214-228-20.compute-1.amazonaws.com
10686,ec2-13-218-68-64.compute-1.amazonaws.com
10687,ec2-100-50-179-0.compute-1.amazonaws.com
10688,ec2-100-24-114-215.compute-1.amazonaws.com
10689,cluster-cz4thyeoz1pw.us-east-1.rds.amazonaws.com
10690,c7y7onbuakh9.us-east-1.rds.amazonaws.com
10691,c32.us-west-2.airflow.amazonaws.com
10692,taxi.aero
10693,reservd.com
10694,pro.az
10695,ogata.akita.jp
10696,ns.jm
10697,lambda-url.ap-northeast-3.on.aws
10698,kunimi.fukushima.jp
10699,kitaakita.akita.jp
10700,info.nf
10701,himi.toyama.jp
10702,ethos13-prod-wa1.dev.adobeaemcloud.com
10703,ec2-98-95-181-224.compute-1.amazonaws.com
10704,ec2-98-95-148-89.compute-1.amazonaws.com
10705,ec2-98-86-6-2.compute-1.amazonaws.com
10706,ec2-98-83-140-120.compute-1.amazonaws.com
10707,ec2-98-82-160-187.compute-1.amazonaws.com
10708,ec2-98-82-158-57.compute-1.amazonaws.com
10709,ec2-98-82-156-123.compute-1.amazonaws.com
10710,ec2-98-82-154-74.compute-1.amazonaws.com
10711,ec2-98-82-142-134.compute-1.amazonaws.com
10712,ec2-89-192-8-164.compute-1.amazonaws.com
10713,ec2-54-86-73-184.compute-1.amazonaws.com
10714,ec2-54-85-163-120.compute-1.amazonaws.com
10715,ec2-54-225-104-184.compute-1.amazonaws.com
10716,ec2-54-209-163-75.compute-1.amazonaws.com
10717,ec2-54-204-227-75.compute-1.amazonaws.com
10718,ec2-54-197-130-229.compute-1.amazonaws.com
10719,ec2-54-196-174-212.compute-1.amazonaws.com
10720,ec2-54-172-191-155.compute-1.amazonaws.com
10721,ec2-54-165-187-172.compute-1.amazonaws.com
10722,ec2-54-158-108-27.compute-1.amazonaws.com
10723,ec2-54-152-247-174.compute-1.amazonaws.com
10724,ec2-54-147-244-231.compute-1.amazonaws.com
10725,ec2-52-87-121-217.compute-1.amazonaws.com
10726,ec2-52-7-61-33.compute-1.amazonaws.com
10727,ec2-52-23-120-60.compute-1.amazonaws.com
10728,ec2-52-22-131-184.compute-1.amazonaws.com
10729,ec2-52-202-184-156.compute-1.amazonaws.com
10730,ec2-50-16-249-93.compute-1.amazonaws.com
10731,ec2-44-221-14-179.compute-1.amazonaws.com
10732,ec2-44-220-67-225.compute-1.amazonaws.com
10733,ec2-44-218-190-107.compute-1.amazonaws.com
10734,ec2-44-215-76-73.compute-1.amazonaws.com
10735,ec2-44-215-223-155.compute-1.amazonaws.com
10736,ec2-44-215-116-28.compute-1.amazonaws.com
10737,ec2-44-212-68-158.compute-1.amazonaws.com
10738,ec2-44-211-153-197.compute-1.amazonaws.com
10739,ec2-44-209-177-79.compute-1.amazonaws.com
10740,ec2-44-207-115-73.compute-1.amazonaws.com
10741,ec2-44-203-183-27.compute-1.amazonaws.com
10742,ec2-44-202-4-131.compute-1.amazonaws.com
10743,ec2-44-202-159-217.compute-1.amazonaws.com
10744,ec2-44-199-14-68.compute-1.amazonaws.com
10745,ec2-44-195-188-79.compute-1.amazonaws.com
10746,ec2-44-193-70-219.compute-1.amazonaws.com
10747,ec2-35-174-48-219.compute-1.amazonaws.com
10748,ec2-35-170-181-234.compute-1.amazonaws.com
10749,ec2-34-239-151-108.compute-1.amazonaws.com
10750,ec2-34-237-133-103.compute-1.amazonaws.com
10751,ec2-34-232-167-247.compute-1.amazonaws.com
10752,ec2-34-207-130-217.compute-1.amazonaws.com
10753,ec2-34-203-159-236.compute-1.amazonaws.com
10754,ec2-34-194-151-175.compute-1.amazonaws.com
10755,ec2-3-95-31-228.compute-1.amazonaws.com
10756,ec2-3-84-152-196.compute-1.amazonaws.com
10757,ec2-3-233-128-106.compute-1.amazonaws.com
10758,ec2-3-233-113-145.compute-1.amazonaws.com
10759,ec2-3-231-143-16.compute-1.amazonaws.com
10760,ec2-3-231-143-14.compute-1.amazonaws.com
10761,ec2-3-231-143-13.compute-1.amazonaws.com
10762,ec2-3-225-58-11.compute-1.amazonaws.com
10763,ec2-3-225-41-63.compute-1.amazonaws.com
10764,ec2-3-221-180-65.compute-1.amazonaws.com
10765,ec2-3-212-226-199.compute-1.amazonaws.com
10766,ec2-3-208-87-105.compute-1.amazonaws.com
10767,ec2-18-88-11-17.compute-1.amazonaws.com
10768,ec2-18-214-95-163.compute-1.amazonaws.com
10769,ec2-18-212-99-68.compute-1.amazonaws.com
10770,ec2-18-211-83-114.compute-1.amazonaws.com
10771,ec2-18-210-201-249.compute-1.amazonaws.com
10772,ec2-18-205-118-193.compute-1.amazonaws.com
10773,ec2-13-221-239-87.compute-1.amazonaws.com
10774,ec2-13-220-171-41.compute-1.amazonaws.com
10775,ec2-100-50-235-231.compute-1.amazonaws.com
10776,ec2-100-27-77-180.compute-1.amazonaws.com
10777,ec2-100-26-106-240.compute-1.amazonaws.com
10778,com.user.fm
10779,cluster002.hosting.ovh.net
10780,cluster-cxbqtofyxhp2.us-east-1.rds.amazonaws.com
10781,chehalis.wa.us
10782,biz.tj
10783,bcn
10784,tr.no
10785,poniatowa.pl
10786,mongolian.jp
10787,koryo.nara.jp
10788,katsuyama.fukui.jp
10789,izunokuni.shizuoka.jp
10790,es-1.axarnet.cloud
10791,emrappui-prod.ap-south-1.amazonaws.com
10792,emerck
10793,ec2-98-91-42-125.compute-1.amazonaws.com
10794,ec2-98-90-12-158.compute-1.amazonaws.com
10795,ec2-98-82-161-168.compute-1.amazonaws.com
10796,ec2-98-81-36-201.compute-1.amazonaws.com
10797,ec2-54-89-163-47.compute-1.amazonaws.com
10798,ec2-54-83-201-96.compute-1.amazonaws.com
10799,ec2-54-80-33-127.compute-1.amazonaws.com
10800,ec2-54-235-112-184.compute-1.amazonaws.com
10801,ec2-54-225-198-187.compute-1.amazonaws.com
10802,ec2-54-211-13-246.compute-1.amazonaws.com
10803,ec2-54-175-93-74.compute-1.amazonaws.com
10804,ec2-54-173-0-240.compute-1.amazonaws.com
10805,ec2-54-166-121-193.compute-1.amazonaws.com
10806,ec2-54-161-45-186.compute-1.amazonaws.com
10807,ec2-54-157-221-26.compute-1.amazonaws.com
10808,ec2-54-157-131-38.compute-1.amazonaws.com
10809,ec2-54-156-97-252.compute-1.amazonaws.com
10810,ec2-52-73-223-43.compute-1.amazonaws.com
10811,ec2-52-70-84-75.compute-1.amazonaws.com
10812,ec2-52-7-4-209.compute-1.amazonaws.com
10813,ec2-52-7-141-1.compute-1.amazonaws.com
10814,ec2-52-44-249-102.compute-1.amazonaws.com
10815,ec2-52-206-63-10.compute-1.amazonaws.com
10816,ec2-52-203-252-110.compute-1.amazonaws.com
10817,ec2-52-20-116-27.compute-1.amazonaws.com
10818,ec2-52-2-10-234.compute-1.amazonaws.com
10819,ec2-44-218-172-127.compute-1.amazonaws.com
10820,ec2-44-213-146-155.compute-1.amazonaws.com
10821,ec2-44-213-11-187.compute-1.amazonaws.com
10822,ec2-44-209-170-100.compute-1.amazonaws.com
10823,ec2-44-206-131-6.compute-1.amazonaws.com
10824,ec2-35-175-4-64.compute-1.amazonaws.com
10825,ec2-35-175-250-14.compute-1.amazonaws.com
10826,ec2-35-153-25-204.compute-1.amazonaws.com
10827,ec2-34-239-193-2.compute-1.amazonaws.com
10828,ec2-34-237-150-39.compute-1.amazonaws.com
10829,ec2-34-225-164-205.compute-1.amazonaws.com
10830,ec2-34-224-57-237.compute-1.amazonaws.com
10831,ec2-34-224-33-24.compute-1.amazonaws.com
10832,ec2-34-197-89-234.compute-1.amazonaws.com
10833,ec2-34-192-10-76.compute-1.amazonaws.com
10834,ec2-32-194-254-103.compute-1.amazonaws.com
10835,ec2-3-89-172-10.compute-1.amazonaws.com
10836,ec2-3-237-107-53.compute-1.amazonaws.com
10837,ec2-3-231-143-34.compute-1.amazonaws.com
10838,ec2-3-227-250-150.compute-1.amazonaws.com
10839,ec2-3-213-63-173.compute-1.amazonaws.com
10840,ec2-23-21-228-108.compute-1.amazonaws.com
10841,ec2-23-20-67-129.compute-1.amazonaws.com
10842,ec2-18-235-173-251.compute-1.amazonaws.com
10843,ec2-18-235-129-208.compute-1.amazonaws.com
10844,ec2-18-232-60-35.compute-1.amazonaws.com
10845,ec2-13-217-180-166.compute-1.amazonaws.com
10846,ec2-13-217-141-29.compute-1.amazonaws.com
10847,ec2-107-23-151-79.compute-1.amazonaws.com
10848,ec2-107-23-151-243.compute-1.amazonaws.com
10849,ec2-100-25-59-192.compute-1.amazonaws.com
10850,discourse.diy
10851,cwdiv47leqcg.af-south-1.rds.amazonaws.com
10852,caqxdcmdaetr.us-east-1.rds.amazonaws.com
10853,c3lgn5awelqi.us-east-1.rds.amazonaws.com
10854,c13.us-east-1.airflow.amazonaws.com
10855,byen.site
