1,com
2,net
3,googleapis.com
4,org
5,io
6,goog
7,microsoft
8,akadns.net
9,ms
10,blob.core.windows.net
11,us
12,akamaized.net
13,akamaiedge.net
14,akamai.net
15,fastly-edge.com
16,co
17,map.fastly.net
18,s3.amazonaws.com
19,google
20,azureedge.net
21,trafficmanager.net
22,gov
23,arpa
24,us-east-1.amazonaws.com
25,tv
26,dev
27,apple
28,edu
29,withgoogle.com
30,azurefd.net
31,cloud
32,ai
33,me
34,app
35,cn
36,edgesuite.net
37,eu
38,news
39,tech
40,edgekey.net
41,cloudflare.net
42,cdn.cloudflare.net
43,akamaihd.net
44,us-east-1.elb.amazonaws.com
45,de
46,uk
47,fi
48,co.uk
49,ac
50,network
51,azurewebsites.net
52,ru
53,gg
54,it
55,cc
56,us-west-2.elb.amazonaws.com
57,live
58,jp
59,link
60,s3.us-west-2.amazonaws.com
61,info
62,gt
63,mobi
64,be
65,im
66,servicebus.windows.net
67,xyz
68,execute-api.us-east-1.amazonaws.com
69,amazon
70,rsc.cdn77.org
71,site
72,media
73,id
74,delivery
75,a.run.app
76,services
77,pl
78,biz
79,mx
80,awsglobalaccelerator.com
81,githubusercontent.com
82,ca
83,com.cn
84,us-east-2.elb.amazonaws.com
85,s3.us-east-1.amazonaws.com
86,appspot.com
87,fm
88,tools
89,online
90,co.jp
91,kr
92,to
93,in
94,school
95,sg
96,co.kr
97,br
98,s3-us-west-2.amazonaws.com
99,ly
100,co.id
101,s3.us-east-2.amazonaws.com
102,com.br
103,fr
104,github.io
105,page
106,cloudfunctions.net
107,so
108,top
109,nl
110,se
111,workers.dev
112,chat
113,pro
114,hlx.page
115,execute-api.us-west-2.amazonaws.com
116,solutions
117,eu-west-1.elb.amazonaws.com
118,pub
119,es
120,global.ssl.fastly.net
121,vn
122,myshopify.com
123,aws
124,hn
125,asia
126,chrome
127,au
128,video
129,elasticbeanstalk.com
130,vip
131,one
132,com.au
133,market
134,bi
135,s3.eu-west-1.amazonaws.com
136,icu
137,sh
138,ch
139,com.mx
140,build
141,shop
142,azure-api.net
143,ph
144,s3.eu-central-1.amazonaws.com
145,am
146,tr
147,my
148,herokuapp.com
149,s3-us-west-1.amazonaws.com
150,pages.dev
151,biz.id
152,ws
153,canva-apps.com
154,is
155,store
156,bid
157,us-east-1.elasticbeanstalk.com
158,at
159,com.tr
160,pe
161,click
162,digital
163,technology
164,zone
165,sk
166,cz
167,s3.dualstack.us-east-1.amazonaws.com
168,s3.dualstack.us-west-2.amazonaws.com
169,hk
170,space
171,th
172,cdn.digitaloceanspaces.com
173,ro
174,systems
175,tw
176,sap
177,dyndns.org
178,eu-central-1.elb.amazonaws.com
179,world
180,health
181,s3.us-west-1.amazonaws.com
182,fun
183,execute-api.us-east-2.amazonaws.com
184,us-central1.run.app
185,no
186,firebaseapp.com
187,club
188,life
189,red
190,events
191,support
192,com.ph
193,ee
194,com.hk
195,nz
196,host
197,edu.cn
198,com.vn
199,fox
200,co.th
201,ink
202,email
203,games
204,ua
205,onion
206,global
207,com.tw
208,com.sg
209,bot
210,gle
211,ie
212,co.nz
213,co.za
214,org.uk
215,dk
216,help
217,com.my
218,gr
219,gov.uk
220,software
221,ar
222,do
223,com.co
224,s3-eu-west-1.amazonaws.com
225,design
226,ne.jp
227,s3.ap-southeast-1.amazonaws.com
228,s3-ap-southeast-1.amazonaws.com
229,gl
230,co.in
231,st
232,pt
233,us-west-1.elb.amazonaws.com
234,com.ar
235,blogspot.com
236,hu
237,cfd
238,la
239,sdmntprcentralus.oaiusercontent.com
240,studio
241,md
242,lu
243,sb
244,ir
245,today
246,org.cn
247,work
248,s3-external-1.amazonaws.com
249,cl
250,works
251,ad
252,si
253,il
254,cr
255,go.id
256,art
257,cyou
258,execute-api.eu-west-1.amazonaws.com
259,security
260,ap-southeast-1.elb.amazonaws.com
261,com.ua
262,cloudapp.net
263,ac.id
264,lt
265,ae
266,s3.dualstack.eu-west-1.amazonaws.com
267,bg
268,li
269,mil
270,lol
271,pk
272,ac.uk
273,sdmntprnorthcentralus.oaiusercontent.com
274,supabase.co
275,pics
276,lambda-url.us-east-1.on.aws
277,web.app
278,uc.r.appspot.com
279,co.il
280,ng
281,re
282,s3.eu-west-2.amazonaws.com
283,kz
284,gov.br
285,house
286,plus
287,sa
288,int
289,pr
290,su
291,lv
292,ninja
293,v2.run.app
294,bz
295,wpenginepowered.com
296,education
297,com.pr
298,net.cn
299,ge
300,netlify.app
301,run
302,vercel.app
303,ec
304,hr
305,qpon
306,wang
307,management
308,rocks
309,engineering
310,s3-website.us-west-2.amazonaws.com
311,win
312,rs
313,cm
314,social
315,website
316,net.uk
317,blackbaudcdn.net
318,qc.ca
319,wiki
320,blog
321,nu
322,by
323,pw
324,cdn.prod.atlassian-dev.net
325,ki
326,gitlab.io
327,al
328,net.id
329,bd
330,ma
331,cat
332,ke
333,com.pe
334,com.ng
335,com.do
336,com.pk
337,dz
338,service.gov.uk
339,s3.dualstack.ap-southeast-1.amazonaws.com
340,camera
341,wpmucdn.com
342,rest
343,team
344,adobeaemcloud.com
345,statefarm
346,com.gt
347,co.cr
348,translate.goog
349,execute-api.eu-central-1.amazonaws.com
350,net.in
351,execute-api.us-west-1.amazonaws.com
352,ltd
353,ap-northeast-1.elb.amazonaws.com
354,cx
355,com.bd
356,co.ke
357,lk
358,eu-west-2.elb.amazonaws.com
359,yandexcloud.net
360,ag
361,tk
362,com.sa
363,ve
364,onrender.com
365,pa
366,gs
367,eg
368,jobs
369,execute-api.eu-west-2.amazonaws.com
370,sc
371,audio
372,awsapps.com
373,gob.mx
374,vc
375,com.ec
376,uz
377,bet
378,sdmntprsouthcentralus.oaiusercontent.com
379,stream
380,fastlylb.net
381,h5games.usercontent.goog
382,storage.yandexcloud.net
383,sbs
384,vg
385,nyc3.digitaloceanspaces.com
386,press
387,qa
388,codes
389,my.id
390,pstmn.io
391,moe
392,tm
393,map.fastlylb.net
394,group
395,ap-northeast-2.elb.amazonaws.com
396,com.pl
397,as
398,files.oaiusercontent.com
399,name
400,go.cr
401,az
402,mk
403,bank
404,xxx
405,best
406,gy
407,gov.in
408,business
409,inc
410,net.au
411,auth.us-east-1.amazoncognito.com
412,uy
413,guru
414,cy
415,coop
416,wtf
417,eu.org
418,sdmntprsoutheastus3.oaiusercontent.com
419,go.th
420,gh
421,movie
422,vi
423,com.mm
424,iq
425,mt
426,us-east-2.elasticbeanstalk.com
427,ondigitalocean.app
428,us-east-1.awsapprunner.com
429,com.pa
430,co.ve
431,dattolocal.net
432,buzz
433,cafe
434,nhs.uk
435,it.com
436,co.vi
437,ar.us
438,gov.tr
439,org.au
440,com.cy
441,aero
442,sv
443,ba
444,py
445,s3-us-gov-west-1.amazonaws.com
446,lat
447,ovh
448,watch
449,k12.ar.us
450,tl
451,fly.dev
452,bio
453,agency
454,com.uy
455,ml
456,gov.vn
457,freetls.fastly.net
458,ddns.net
459,duckdns.org
460,mn
461,kg
462,tx.us
463,bo
464,hosting
465,com.py
466,gov.cn
467,ps
468,edu.vn
469,ht
470,tn
471,ga
472,care
473,com.eg
474,gc.ca
475,photos
476,om
477,gov.au
478,eu.com
479,finance
480,gov.co
481,com.sv
482,travel
483,com.np
484,tt
485,cf
486,com.gh
487,org.br
488,in.th
489,mn.us
490,r2.dev
491,bar
492,ni
493,s3-website-us-west-2.amazonaws.com
494,com.kh
495,bh
496,com.ru
497,s3.ap-south-1.amazonaws.com
498,amplifyapp.com
499,ny.us
500,center
501,ug
502,tz
503,execute-api.ap-southeast-2.amazonaws.com
504,com.bo
505,jo
506,zw
507,menu
508,mu
509,edu.au
510,kw
511,dm
512,com.qa
513,party
514,cam
515,cv
516,box
517,co.zw
518,cu
519,now
520,ci
521,direct
522,pantheonsite.io
523,monster
524,gov.hk
525,mg
526,ca-central-1.elb.amazonaws.com
527,ladesk.com
528,com.ni
529,gov.ph
530,tips
531,mi.us
532,gov.tw
533,rw
534,je
535,com.bh
536,love
537,com.mt
538,co.tz
539,lb
540,na
541,ac.th
542,com.kw
543,ao
544,com.jm
545,et
546,fit
547,azurestaticapps.net
548,pn
549,science
550,ac.in
551,ne
552,mv
553,co.ma
554,edu.co
555,or.us
556,s3.eu-west-3.amazonaws.com
557,sl
558,execute-api.ca-central-1.amazonaws.com
559,quest
560,bs
561,abbott
562,co.ug
563,co.ao
564,energy
565,mz
566,ls
567,eu-west-3.elb.amazonaws.com
568,cool
569,gd
570,sr
571,marketing
572,blue
573,com.bz
574,com.lb
575,desi
576,co.mz
577,us-west-2.elasticbeanstalk.com
578,cd
579,sn
580,city
581,gov.ua
582,casa
583,files09.oaiusercontent.com
584,or.jp
585,eu-west-1.elasticbeanstalk.com
586,bn
587,bw
588,com.na
589,af
590,tj
591,fyi
592,europe-west1.run.app
593,execute-api.eu-west-3.amazonaws.com
594,smushcdn.com
595,com.sl
596,fan
597,bradesco
598,com.et
599,sm
600,gi
601,zm
602,ac.cn
603,partners
604,co.bw
605,tg
606,gov.my
607,s3.ca-central-1.amazonaws.com
608,s3.ap-northeast-1.amazonaws.com
609,co.uz
610,vu
611,bf
612,lambda-url.us-west-2.on.aws
613,cash
614,com.om
615,com.bn
616,us.com
617,com.vc
618,land
619,sdmntprwestus.oaiusercontent.com
620,fj
621,academy
622,nf
623,httpbin.org
624,dj
625,bj
626,gp
627,sx
628,mw
629,co.zm
630,gm
631,nr
632,com.ly
633,onl
634,bt
635,com.fj
636,cg
637,earth
638,ca.us
639,xn--p1ai
640,s3.eu-north-1.amazonaws.com
641,date
642,com.pg
643,com.ag
644,fi.cr
645,s3.us-gov-west-1.amazonaws.com
646,s3.ap-southeast-2.amazonaws.com
647,trade
648,com.af
649,co.ls
650,town
651,com.ai
652,sdmntprnortheu.oaiusercontent.com
653,com.cu
654,square.site
655,td
656,notion.site
657,net.br
658,eu-west-1.awsapprunner.com
659,up.railway.app
660,ac.jp
661,co.ck
662,sky
663,execute-api.me-south-1.amazonaws.com
664,com.gi
665,com.sb
666,ey.r.appspot.com
667,ap-south-1.elb.amazonaws.com
668,com.tj
669,sdmntprwestcentralus.oaiusercontent.com
670,go.jp
671,com.nf
672,gold
673,wixsite.com
674,gallery
675,expert
676,tube
677,tf
678,lambda-url.ap-south-1.on.aws
679,money
680,s3-ap-southeast-2.amazonaws.com
681,gov.sg
682,execute-api.ap-southeast-1.amazonaws.com
683,my.canva.site
684,sdmntprjapaneast.oaiusercontent.com
685,us-gov-west-1.elb.amazonaws.com
686,ac.kr
687,dhl
688,uno
689,or.id
690,lambda-url.eu-west-1.on.aws
691,nj.us
692,exchange
693,game
694,guide
695,or.th
696,law
697,scf.usercontent.goog
698,show
699,pm
700,ac.il
701,web.id
702,sgp1.digitaloceanspaces.com
703,gov.sa
704,me.uk
705,eu-central-1.elasticbeanstalk.com
706,tc
707,k12.or.us
708,uk.com
709,gob.do
710,com.ve
711,cab
712,sdmntprkoreacentral.oaiusercontent.com
713,nyc
714,org.mx
715,edu.tr
716,fra1.digitaloceanspaces.com
717,download
718,fl.us
719,ooo
720,apps.fbsbx.com
721,uk.net
722,gouv.fr
723,globo
724,sp.gov.br
725,ap-southeast-2.elb.amazonaws.com
726,coffee
727,direct.quickconnect.to
728,report
729,id.forgerock.io
730,scot
731,gob.ec
732,asia-east1.run.app
733,us-west-2.awsapprunner.com
734,bond
735,beer
736,auto
737,js.org
738,synology.me
739,edu.pl
740,beauty
741,ax
742,new
743,company
744,africa
745,forum
746,sfo2.digitaloceanspaces.com
747,static.usercontent.goog
748,wine
749,us.org
750,edu.hk
751,international
752,place
753,tel
754,s3-sa-east-1.amazonaws.com
755,or.kr
756,farm
757,mom
758,edu.sg
759,eus
760,edu.ar
761,gov.it
762,uc.gateway.dev
763,community
764,bike
765,porn
766,autos
767,s3.sa-east-1.amazonaws.com
768,skin
769,museum
770,surf
771,mp
772,homes
773,oh.us
774,ew.r.appspot.com
775,film
776,edu.br
777,auth.us-west-2.amazoncognito.com
778,sdmntprseasia.oaiusercontent.com
779,sn.mynetname.net
780,org.tw
781,org.ua
782,gob.es
783,sdmntpreastus2.oaiusercontent.com
784,govt.nz
785,bm
786,eco
787,nic.in
788,gov.pl
789,church
790,edu.tw
791,myqnapcloud.com
792,gob.ar
793,net.co
794,s3-website-us-east-1.amazonaws.com
795,readthedocs.io
796,edu.mx
797,com.es
798,foundation
799,net.pl
800,supply
801,gov.ng
802,edu.my
803,gob.pa
804,express
805,vin
806,cards
807,co.com
808,golf
809,gov.pt
810,cdn.bubble.io
811,edu.ng
812,ing
813,garden
814,gob.gt
815,gov.ru
816,lambda-url.sa-east-1.on.aws
817,org.nz
818,net.vn
819,sdmntprbrazilsouth.oaiusercontent.com
820,domains
821,lambda-url.us-east-2.on.aws
822,webcam
823,ams3.digitaloceanspaces.com
824,in.ua
825,go.kr
826,europe-west3.run.app
827,london
828,sch.id
829,style
830,gay
831,day
832,capital
833,radio
834,org.tr
835,us-southeast-1.linodeobjects.com
836,googlecode.com
837,how
838,baby
839,mo
840,nc.us
841,us-east-2.awsapprunner.com
842,sdmntprpolandcentral.oaiusercontent.com
843,ac.at
844,s3-ap-northeast-1.amazonaws.com
845,gal
846,playables.usercontent.goog
847,k12.mi.us
848,jus.br
849,on.ca
850,boats
851,a.ssl.fastly.net
852,men
853,pet
854,xin
855,vision
856,audi
857,com.de
858,kiev.ua
859,org.in
860,ma.us
861,tokyo
862,vet
863,spb.ru
864,canon
865,s3.dualstack.eu-central-1.amazonaws.com
866,edu.in
867,berlin
868,wf
869,llc
870,org.za
871,pa.us
872,edu.pk
873,dental
874,gob.pe
875,lilly
876,wi.us
877,s3-us-east-2.amazonaws.com
878,sakura.ne.jp
879,careers
880,rip
881,org.pl
882,kasserver.com
883,sh.cn
884,schwarz
885,k12.ca.us
886,ui.nabu.casa
887,ad.jp
888,gov.kh
889,pictures
890,sdmntpraustraliaeast.oaiusercontent.com
891,nw.r.appspot.com
892,sdmntprcentralindia.oaiusercontent.com
893,bitbucket.io
894,solar
895,training
896,sex
897,edu.ph
898,healthcare
899,s3-eu-central-1.amazonaws.com
900,bank.in
901,swiss
902,ac.cr
903,org.ru
904,org.ar
905,lpages.co
906,co.us
907,industries
908,photo
909,amex
910,sdmntpritalynorth.oaiusercontent.com
911,org.hk
912,gov.il
913,execute-api.ap-northeast-2.amazonaws.com
914,il.us
915,sa-east-1.elb.amazonaws.com
916,bc.ca
917,s3.ap-east-1.amazonaws.com
918,ru.com
919,sdmntprukwest.oaiusercontent.com
920,bbva
921,gov.ae
922,net.mx
923,com.pt
924,casino
925,hair
926,org.vn
927,sfo3.digitaloceanspaces.com
928,5.azurestaticapps.net
929,repl.co
930,cymru
931,family
932,app.br
933,fo
934,loan
935,us-west-1.elasticbeanstalk.com
936,bet.br
937,fans
938,legal
939,fish
940,parts
941,edu.gh
942,ac.za
943,dog
944,deals
945,net.ua
946,in.net
947,s3.ap-northeast-2.amazonaws.com
948,realtor
949,gv.at
950,biz.ua
951,edu.pe
952,com.hn
953,org.il
954,ac.ir
955,wa.us
956,sa.com
957,directory
958,waw.pl
959,in.us
960,appspaceusercontent.com
961,ia.us
962,gov.bd
963,strapiapp.com
964,sale
965,gov.ar
966,nfshost.com
967,ice
968,ddnss.de
969,gratis
970,s3.dualstack.us-east-2.amazonaws.com
971,s3-website.eu-central-1.amazonaws.com
972,institute
973,adobeioruntime.net
974,dating
975,meme
976,wales
977,s3-website.us-east-1.amazonaws.com
978,band
979,oci.customer-oci.com
980,execute-api.ap-northeast-1.amazonaws.com
981,yachts
982,data
983,com.mk
984,co.at
985,gq
986,coach
987,lambda-url.us-west-1.on.aws
988,mov
989,promo
990,net.my
991,fund
992,toys
993,gov.eg
994,properties
995,k12.nj.us
996,us-iad-1.linodeobjects.com
997,es.gov.br
998,auth.us-east-2.amazoncognito.com
999,estate
1000,de.com
1001,ddns.me
1002,altervista.org
1003,ist
1004,pizza
1005,members.linode.com
1006,execute-api.ap-south-1.amazonaws.com
1007,ms.us
1008,com.gr
1009,markets
1010,net.tr
1011,zip
1012,trycloudflare.com
1013,1.azurestaticapps.net
1014,financial
1015,college
1016,jetzt
1017,nrw
1018,hypernode.io
1019,net.nz
1020,lovable.app
1021,webflow.io
1022,org.ng
1023,auction
1024,glass
1025,ky
1026,consulting
1027,ltd.uk
1028,toolforge.org
1029,sport
1030,reviews
1031,poznan.pl
1032,barclays
1033,gitbook.io
1034,net.za
1035,edu.iq
1036,k12.in.us
1037,shopping
1038,pink
1039,net.pk
1040,va.us
1041,net.tw
1042,edu.do
1043,myfritz.net
1044,kim
1045,ga.us
1046,rodeo
1047,replit.dev
1048,edu.ec
1049,europe-west4.run.app
1050,hopto.org
1051,kids
1052,carrd.co
1053,media.strapiapp.com
1054,ac.nz
1055,ac.ke
1056,replit.app
1057,md.us
1058,gifts
1059,in-addr.arpa
1060,army
1061,s3.ap-southeast-3.amazonaws.com
1062,zapto.org
1063,bnpparibas
1064,k12.wi.us
1065,org.ec
1066,gr.jp
1067,com.hr
1068,no-ip.info
1069,k12.ny.us
1070,fitness
1071,files07.oaiusercontent.com
1072,edu.ua
1073,org.my
1074,ski
1075,eu-north-1.elb.amazonaws.com
1076,files08.oaiusercontent.com
1077,xn--fiqs8s
1078,camp
1079,org.co
1080,asia-southeast1.run.app
1081,gov.cz
1082,nv.us
1083,edu.sa
1084,vic.gov.au
1085,csb.app
1086,sytes.net
1087,s3.eu-south-2.amazonaws.com
1088,dyndns.tv
1089,re.kr
1090,streamlit.app
1091,trading
1092,va
1093,canva-hosted-embed.com
1094,net.sg
1095,europe-west2.run.app
1096,figma.site
1097,pythonanywhere.com
1098,boo
1099,realestate
1100,restaurant
1101,org.sg
1102,gov.pk
1103,ap-east-1.elb.amazonaws.com
1104,discordsays.com
1105,makeup
1106,net.ru
1107,gmbh
1108,university
1109,wa.gov.au
1110,asn.au
1111,gov.mo
1112,cn-north-1.elb.amazonaws.com.cn
1113,clothing
1114,pp.ua
1115,hamburg
1116,boutique
1117,s3-eu-west-2.amazonaws.com
1118,rent
1119,gov.gr
1120,2.azurestaticapps.net
1121,nexus
1122,k12.oh.us
1123,rs.gov.br
1124,koeln
1125,auth.eu-west-1.amazoncognito.com
1126,nm.us
1127,k12.nc.us
1128,christmas
1129,gob.ve
1130,gov.ie
1131,clinic
1132,cars
1133,lviv.ua
1134,ren
1135,recipes
1136,ind.br
1137,info.pl
1138,mg.gov.br
1139,com.mo
1140,hasura.app
1141,fedorainfracloud.org
1142,k12.fl.us
1143,police.uk
1144,home.arpa
1145,mc
1146,io.vn
1147,s3.cn-north-1.amazonaws.com.cn
1148,immo
1149,dp.ua
1150,dance
1151,now.sh
1152,photography
1153,lc
1154,black
1155,ue.r.appspot.com
1156,com.tn
1157,edgecompute.app
1158,co.nl
1159,kitchen
1160,com.se
1161,net.il
1162,pr.gov.br
1163,convex.cloud
1164,haus
1165,4.azurestaticapps.net
1166,org.ve
1167,tours
1168,tattoo
1169,jewelry
1170,gov.om
1171,brussels
1172,qld.gov.au
1173,com.ro
1174,edu.eg
1175,cn.com
1176,gdn
1177,sc.us
1178,ab.ca
1179,sdmntprwestus3.oaiusercontent.com
1180,za.com
1181,net.sa
1182,gob.cl
1183,sexy
1184,tax
1185,computer
1186,lovableproject.com
1187,mus.br
1188,paris
1189,gen.tr
1190,cn-northwest-1.elb.amazonaws.com.cn
1191,yt
1192,b.br
1193,sa.cr
1194,ap-northeast-1.awsapprunner.com
1195,web.tr
1196,framer.app
1197,green
1198,bingo
1199,if.ua
1200,yoga
1201,kiwi
1202,motorcycles
1203,edu.jm
1204,lgbt
1205,lg.jp
1206,execute-api.eu-south-2.amazonaws.com
1207,edu.bd
1208,adv.br
1209,diy
1210,net.ph
1211,moscow
1212,s3.dualstack.us-west-1.amazonaws.com
1213,bayern
1214,ed.jp
1215,net.do
1216,edu.it
1217,co.ua
1218,mba
1219,k12.ms.us
1220,ngrok.io
1221,blog.br
1222,jp.net
1223,sdmntpreastus.oaiusercontent.com
1224,study
1225,co.rs
1226,sdmntprwestus2.oaiusercontent.com
1227,hatenablog.com
1228,gob.sv
1229,ba.gov.br
1230,id.au
1231,s3-website-eu-west-1.amazonaws.com
1232,bible
1233,ts.net
1234,meet
1235,kinghost.net
1236,auth.eu-central-1.amazoncognito.com
1237,postman-echo.com
1238,fashion
1239,no-ip.org
1240,supplies
1241,execute-api.sa-east-1.amazonaws.com
1242,basketball
1243,qualifioapp.com
1244,wroc.pl
1245,al.us
1246,bmw
1247,c.cdn77.org
1248,freedesktop.org
1249,barcelona
1250,rj.gov.br
1251,vote
1252,ap-southeast-1.elasticbeanstalk.com
1253,us-east1.run.app
1254,wmflabs.org
1255,dedyn.io
1256,inf.br
1257,gov.za
1258,msk.ru
1259,ind.in
1260,k12.il.us
1261,you
1262,pharmacy
1263,execute-api.eu-north-1.amazonaws.com
1264,insure
1265,giize.com
1266,racing
1267,name.tr
1268,homeip.net
1269,co.de
1270,ventures
1271,sd
1272,org.ph
1273,3.azurestaticapps.net
1274,nc
1275,us-east-1.linodeobjects.com
1276,taxi
1277,live-website.com
1278,ok.us
1279,tec.br
1280,luxury
1281,us-2.platformsh.site
1282,mi.th
1283,review
1284,execute-api.us-gov-west-1.amazonaws.com
1285,wedding
1286,gov.qa
1287,football
1288,kozow.com
1289,cpa
1290,observer
1291,car
1292,co.no
1293,tickets
1294,gov.az
1295,hf.space
1296,uni5.net
1297,coupons
1298,mantova.it
1299,ceo
1300,net.ve
1301,poker
1302,moda
1303,leg.br
1304,vegas
1305,ce.gov.br
1306,productions
1307,gov.lk
1308,myds.me
1309,uk.r.appspot.com
1310,mb.ca
1311,ap-south-1.linodeobjects.com
1312,ynh.fr
1313,stackit.zone
1314,tempurl.host
1315,co.rw
1316,or.ke
1317,graphics
1318,cn.ua
1319,abb
1320,chernovtsy.ua
1321,mrap.accesspoint.s3-global.amazonaws.com
1322,org.es
1323,mo.us
1324,mt.gov.br
1325,org.pk
1326,soccer
1327,here
1328,krakow.pl
1329,property
1330,gov.kz
1331,shoes
1332,gb.net
1333,fi.it
1334,sy
1335,edu.jo
1336,sklep.pl
1337,edu.np
1338,ac.me
1339,eu-west-2.elasticbeanstalk.com
1340,k12.ga.us
1341,horse
1342,limited
1343,kirk.replit.dev
1344,ngo
1345,zgora.pl
1346,azure
1347,web-sandbox.oaiusercontent.com
1348,idv.tw
1349,taipei
1350,mywire.org
1351,edu.ni
1352,xn--p1acf
1353,adult
1354,next
1355,auth.eu-west-2.amazoncognito.com
1356,exposed
1357,go.gov.br
1358,desa.id
1359,org.sa
1360,net.ar
1361,amsterdam
1362,kyiv.ua
1363,schule
1364,s3.us-gov-east-1.amazonaws.com
1365,bzh
1366,chintai
1367,net.bd
1368,android
1369,us-east4.run.app
1370,org.pe
1371,dpdns.org
1372,cheap
1373,gift
1374,mil.id
1375,bel.tr
1376,riker.replit.dev
1377,ac.be
1378,co.tt
1379,srv.br
1380,us-ashburn-1.oci.customer-oci.com
1381,gda.pl
1382,storage
1383,execute-api.cn-northwest-1.amazonaws.com.cn
1384,hatenadiary.org
1385,org.rs
1386,dnsalias.com
1387,ads
1388,lighting
1389,remotewd.com
1390,ap-southeast-2.elasticbeanstalk.com
1391,dynu.net
1392,gob.hn
1393,com.ge
1394,holdings
1395,istanbul
1396,studio.us-east-1.sagemaker.aws
1397,wien
1398,irish
1399,org.eg
1400,gov.kw
1401,s3-fips.us-gov-west-1.amazonaws.com
1402,de.cool
1403,debian.net
1404,gw
1405,asso.fr
1406,k12.mn.us
1407,lodz.pl
1408,go.ke
1409,vn.ua
1410,dvrdns.org
1411,s3-website.eu-north-1.amazonaws.com
1412,k12.va.us
1413,ac.ug
1414,ma.gov.br
1415,gov.np
1416,gov.py
1417,janeway.replit.dev
1418,gives
1419,us-gov-east-1.elb.amazonaws.com
1420,gov.ir
1421,of.by
1422,rentals
1423,food
1424,komatsu
1425,ac.bd
1426,c66.me
1427,gov.scot
1428,dyndns.info
1429,lima-city.de
1430,redirectme.net
1431,sa.gov.au
1432,credit
1433,org.np
1434,ruhr
1435,cw
1436,gov.do
1437,sk.ca
1438,mine.nu
1439,pe.gov.br
1440,cloud.nospamproxy.com
1441,holiday
1442,freeddns.org
1443,immobilien
1444,od.ua
1445,tui
1446,equipment
1447,cruises
1448,mr
1449,mortgage
1450,eng.br
1451,contact
1452,s3.dualstack.ap-northeast-1.amazonaws.com
1453,edu.uy
1454,sanofi
1455,bb
1456,vic.edu.au
1457,am.gov.br
1458,diskstation.me
1459,gov.jm
1460,school.nz
1461,quebec
1462,repair
1463,dynv6.net
1464,yandex
1465,herts.sch.uk
1466,worf.replit.dev
1467,wmcloud.org
1468,edu.gt
1469,net.pe
1470,ntt
1471,k12.pa.us
1472,coop.br
1473,hk.cn
1474,edu.kz
1475,dyndns.biz
1476,gd.cn
1477,playstation-cloud.com
1478,k12.sc.us
1479,ac.lk
1480,rhcloud.com
1481,s3-1.amazonaws.com
1482,gub.uy
1483,noho.st
1484,builders
1485,notebook.us-east-1.sagemaker.aws
1486,gob.bo
1487,alwaysdata.net
1488,com.az
1489,salon
1490,ap-southeast-3.elb.amazonaws.com
1491,loans
1492,df.gov.br
1493,edu.mk
1494,go.tz
1495,clubmed
1496,miami
1497,org.uy
1498,k12.mo.us
1499,fin.ec
1500,tienda
1501,s3-ap-south-1.amazonaws.com
1502,gov.ge
1503,no-ip.biz
1504,gov.by
1505,lr
1506,edu.es
1507,myvnc.com
1508,ddnsfree.com
1509,enterprises
1510,dn.ua
1511,faith
1512,srl
1513,aw
1514,goip.de
1515,ms.kr
1516,k12.tr
1517,s3-fips.us-east-1.amazonaws.com
1518,gov.tt
1519,philips
1520,construction
1521,rugby
1522,asia-south2.run.app
1523,or.at
1524,la.us
1525,ac.ae
1526,myspreadshop.com
1527,warszawa.pl
1528,gov.gh
1529,s3.me-south-1.amazonaws.com
1530,ac.cy
1531,mil.br
1532,gov.rs
1533,sellfy.store
1534,engineer
1535,myqnapcloud.cn
1536,edu.gr
1537,fail
1538,cisco
1539,k12.wa.us
1540,madrid
1541,eti.br
1542,netlib.re
1543,6.azurestaticapps.net
1544,krd
1545,tirol
1546,pf
1547,edu.sv
1548,ruhr-uni-bochum.de
1549,voyage
1550,kommune.no
1551,picard.replit.dev
1552,republican
1553,ye
1554,abudhabi
1555,katowice.pl
1556,gov.al
1557,servehttp.com
1558,pe.kr
1559,ac.tz
1560,bubbleapps.io
1561,ms.gov.br
1562,pe.ca
1563,id.vn
1564,claims
1565,courses
1566,prod
1567,actor
1568,doctor
1569,investments
1570,jpn.org
1571,s3.cn-northwest-1.amazonaws.com.cn
1572,art.pl
1573,foo
1574,villas
1575,com.jo
1576,teleport.sh
1577,ac.rs
1578,cdn.cloudflarecn.net
1579,s3.eu-south-1.amazonaws.com
1580,art.br
1581,dad
1582,xn--90ais
1583,com.ee
1584,spock.replit.dev
1585,akamaiedge-staging.net
1586,k12.ia.us
1587,nom.es
1588,com.in
1589,eco.br
1590,hatenadiary.jp
1591,res.in
1592,szczecin.pl
1593,co.it
1594,myftp.org
1595,k12.ok.us
1596,bargains
1597,med.br
1598,biz.tr
1599,gov.mm
1600,futbol
1601,eu-central-1.awsapprunner.com
1602,bmoattachments.org
1603,av.tr
1604,tatar
1605,hm
1606,vusercontent.net
1607,discount
1608,sc.gov.br
1609,sydney
1610,edu.rs
1611,discourse.group
1612,gov.lv
1613,ngrok-free.app
1614,kicks-ass.net
1615,aquila.it
1616,selfip.com
1617,gov.cy
1618,edu.ve
1619,frl
1620,jpn.com
1621,ns.ca
1622,zp.ua
1623,ddnsking.com
1624,florist
1625,toscana.it
1626,cloud.goog
1627,edu.sd
1628,sub.jp
1629,theworkpc.com
1630,br.com
1631,edu.mt
1632,sicilia.it
1633,pa.gov.br
1634,tv.br
1635,ath.cx
1636,org.mt
1637,uol
1638,xn--6qq986b3xl
1639,rs.ba
1640,edu.mm
1641,gent
1642,org.bd
1643,easypanel.host
1644,sncf
1645,torproject.net
1646,kh.ua
1647,ca-central-1.elasticbeanstalk.com
1648,go.ug
1649,dev.br
1650,edu.mo
1651,ong
1652,xn--80asehdb
1653,a2hosted.com
1654,boston
1655,agr.br
1656,s3-fips.us-gov-east-1.amazonaws.com
1657,catholic.edu.au
1658,gx.cn
1659,archi
1660,kharkov.ua
1661,hi.us
1662,mil.pl
1663,soy
1664,campaign.gov.uk
1665,flights
1666,co.hu
1667,xn--mk1bu44c
1668,music
1669,gov.ma
1670,eu-south-1.elb.amazonaws.com
1671,vlaanderen
1672,ap-northeast-1.elasticbeanstalk.com
1673,yolasite.com
1674,ipfs.dweb.link
1675,name.ng
1676,s3.dualstack.eu-west-2.amazonaws.com
1677,co.im
1678,lm.r.appspot.com
1679,gov.dz
1680,broker
1681,edu.ge
1682,ap-southeast-2.awsapprunner.com
1683,execute-api.ap-east-1.amazonaws.com
1684,lambda-url.eu-west-2.on.aws
1685,nd.us
1686,pro.br
1687,melbourne
1688,or.cr
1689,edu.bo
1690,spdns.de
1691,eu-central-1.linodeobjects.com
1692,edu.et
1693,youtube
1694,wroclaw.pl
1695,edu.lb
1696,forsale
1697,iki.fi
1698,or.tz
1699,homelinux.net
1700,eu-west-3.elasticbeanstalk.com
1701,us-ashburn-1.oraclecloudapps.com
1702,noip.me
1703,nsw.edu.au
1704,bounceme.net
1705,gov.lb
1706,sbi
1707,i234.me
1708,com.mv
1709,dreamhosters.com
1710,tur.br
1711,al.gov.br
1712,co.ir
1713,net.ec
1714,cleaning
1715,s3-eu-west-3.amazonaws.com
1716,africa.com
1717,bauhaus
1718,tokyo.jp
1719,genova.it
1720,lombardia.it
1721,ras.ru
1722,biz.pl
1723,limo
1724,org.bo
1725,gov.bm
1726,rv.ua
1727,s3.fr-par.scw.cloud
1728,dattoweb.com
1729,edu.hn
1730,gov.sb
1731,aivencloud.com
1732,ln.cn
1733,edu.so
1734,te.ua
1735,de.us
1736,org.gt
1737,saarland
1738,sz
1739,com.kz
1740,ak.us
1741,chirurgiens-dentistes.fr
1742,emrnotebooks-prod.us-east-1.amazonaws.com
1743,charity
1744,repl.run
1745,temp-dns.com
1746,freemyip.com
1747,okinawa
1748,nohost.me
1749,bj.cn
1750,ngrok.app
1751,qzz.io
1752,gov.mn
1753,onthewifi.com
1754,radom.pl
1755,odessa.ua
1756,eastus.azurecontainer.io
1757,deno.dev
1758,3utilities.com
1759,akamai-staging.net
1760,ipfs.nftstorage.link
1761,laravel.cloud
1762,channel
1763,biz.vn
1764,lawyer
1765,servegame.com
1766,website.yandexcloud.net
1767,edu.ps
1768,js.cn
1769,psi.br
1770,hockey
1771,xn--6frz82g
1772,xn--q9jyb4c
1773,lublin.pl
1774,mil.ph
1775,sharp
1776,wa.edu.au
1777,ue.gateway.dev
1778,us-4.platformsh.site
1779,bz.it
1780,gov.mk
1781,hsbc
1782,vacations
1783,gob.ni
1784,locker
1785,org.do
1786,nw.gateway.dev
1787,sdmntprnortheurope.oaiusercontent.com
1788,sucks
1789,gov.jo
1790,lidl
1791,sumy.ua
1792,post
1793,s3-fips.us-west-2.amazonaws.com
1794,gov.gy
1795,surgery
1796,main.jp
1797,sd.us
1798,kent.sch.uk
1799,mp.br
1800,us.platformsh.site
1801,kn
1802,diamonds
1803,familyds.com
1804,pl.ua
1805,us-central1.hosted.app
1806,com.la
1807,lambda-url.eu-central-1.on.aws
1808,gotdns.com
1809,gov.mv
1810,edu.lr
1811,elementor.cloud
1812,pike.replit.dev
1813,cern
1814,edgekey-staging.net
1815,navy
1816,sisko.replit.dev
1817,to.it
1818,nom.za
1819,apartments
1820,ct.us
1821,lifestyle
1822,auth.ap-southeast-1.amazoncognito.com
1823,deloitte
1824,dnsabr.com
1825,opole.pl
1826,studio.us-west-2.sagemaker.aws
1827,de-2.platformsh.site
1828,saxo
1829,contractors
1830,df.r.appspot.com
1831,ru.net
1832,realty
1833,reisen
1834,id.us
1835,za.net
1836,files-eu.oaiusercontent.com
1837,diet
1838,ngrok-free.dev
1839,roma.it
1840,capetown
1841,ivano-frankivsk.ua
1842,us-3.platformsh.site
1843,townnews-staging.com
1844,free
1845,k12.ma.us
1846,bet.ar
1847,gouv.ci
1848,com.dz
1849,ro.gov.br
1850,cloud.fedoraproject.org
1851,org.mk
1852,dscloud.me
1853,pb.gov.br
1854,edeka
1855,lease
1856,milano.it
1857,ddnsgeek.com
1858,us-west1.run.app
1859,nl.ca
1860,adm.br
1861,ap-southeast-1.awsapprunner.com
1862,in.rs
1863,notaires.fr
1864,gleeze.com
1865,med
1866,edu.py
1867,getmyip.com
1868,med.sa
1869,tj.cn
1870,yokohama
1871,country
1872,gucci
1873,tuxfamily.org
1874,us.kg
1875,mil.co
1876,gov.tn
1877,wixstudio.com
1878,gotdns.ch
1879,singles
1880,corsica
1881,framer.website
1882,ha.cn
1883,cv.ua
1884,gov.bh
1885,us-west2.run.app
1886,leclerc
1887,ooguy.com
1888,s3.af-south-1.amazonaws.com
1889,webhop.me
1890,furniture
1891,com.iq
1892,execute-api.ap-southeast-3.amazonaws.com
1893,2ix.de
1894,casacam.net
1895,ap-southeast-5.elb.amazonaws.com
1896,priv.no
1897,tur.ar
1898,dnsalias.net
1899,me.us
1900,associates
1901,az.us
1902,cricket
1903,reserve-online.net
1904,toyota
1905,co.pl
1906,edu.om
1907,loseyourip.com
1908,nhk
1909,tas.gov.au
1910,lambda-url.eu-south-1.on.aws
1911,luxe
1912,tennis
1913,freeboxos.fr
1914,info.tr
1915,insurance
1916,uk-london-1.oci.customer-oci.com
1917,barclaycard
1918,hospital
1919,rn.gov.br
1920,xn--55qx5d
1921,film.hu
1922,servebeer.com
1923,durban
1924,alsace
1925,service.one
1926,veneto.it
1927,webredirect.org
1928,b.ssl.fastly.net
1929,bplaced.net
1930,spdns.org
1931,edu.kw
1932,dyndns-ip.com
1933,gov.et
1934,kep.tr
1935,serveftp.net
1936,olsztyn.pl
1937,kred
1938,cologne
1939,memorial
1940,zj.cn
1941,co.sz
1942,crs
1943,dynns.com
1944,physio
1945,com.im
1946,ed.cr
1947,nat.tn
1948,org.cy
1949,org.lb
1950,sinaapp.com
1951,studio.us-east-2.sagemaker.aws
1952,uk-1.platformsh.site
1953,co.om
1954,s3.nl-ams.scw.cloud
1955,gov.rw
1956,nh.us
1957,org.zm
1958,ck.ua
1959,com.al
1960,webhop.net
1961,brother
1962,gov.bb
1963,nagoya
1964,vodka
1965,bo.it
1966,itau
1967,auth-fips.us-gov-west-1.amazoncognito.com
1968,eu-5.platformsh.site
1969,osaka
1970,k12.tx.us
1971,mi.it
1972,serveirc.com
1973,ap-south-1.elasticbeanstalk.com
1974,kaufen
1975,edu.kg
1976,rehab
1977,rub.de
1978,xn--80adxhks
1979,forgeblocks.com
1980,hopto.me
1981,altoadige.it
1982,cooking
1983,ks.ua
1984,man
1985,ac.zw
1986,feedback
1987,arq.br
1988,muni.il
1989,s3-ca-central-1.amazonaws.com
1990,dvag
1991,kr.ua
1992,direct.quickconnect.cn
1993,edu.ru
1994,edu.ws
1995,framercanvas.com
1996,net.th
1997,sony
1998,attorney
1999,s3.il-central-1.amazonaws.com
2000,myfirewall.org
2001,s3-website.us-east-2.amazonaws.com
2002,gr.com
2003,stackhero-network.com
2004,adobeio-static.net
2005,citic
2006,km.ua
2007,catering
2008,gov.bs
2009,perugia.it
2010,an.r.appspot.com
2011,rsvp
2012,f5.si
2013,qld.edu.au
2014,org.qa
2015,barsy.bg
2016,pi.gov.br
2017,id.lv
2018,wesley.replit.dev
2019,com.lk
2020,info.vn
2021,net.np
2022,webspaceconfig.de
2023,wv.us
2024,lambda-url.ap-southeast-1.on.aws
2025,mt.us
2026,rzeszow.pl
2027,bialystok.pl
2028,health.nz
2029,user.webaccel.jp
2030,ks.us
2031,xn--80aswg
2032,zappos
2033,net.gr
2034,sa.edu.au
2035,wl.r.appspot.com
2036,emilia-romagna.it
2037,com.tm
2038,edu.sy
2039,dentist
2040,ac.pa
2041,chu.jp
2042,ggff.net
2043,lambda-url.ap-northeast-1.on.aws
2044,edu.lk
2045,gov.la
2046,search
2047,aem.page
2048,dnshome.de
2049,net.tt
2050,org.gr
2051,uber.space
2052,mobile
2053,gl.at.ply.gg
2054,homesklep.pl
2055,kapsi.fi
2056,plumbing
2057,bydgoszcz.pl
2058,net.hk
2059,padova.it
2060,serveftp.com
2061,net.ae
2062,drayddns.com
2063,sd.cn
2064,honda
2065,s3.me-central-1.amazonaws.com
2066,condos
2067,meteorapp.com
2068,mydns.jp
2069,blr1.digitaloceanspaces.com
2070,to.gov.br
2071,rio
2072,tn.it
2073,ce.it
2074,dynalias.com
2075,geek.nz
2076,lib.in.us
2077,living
2078,nm.cn
2079,gov.bn
2080,lib.mi.us
2081,pila.pl
2082,net.gt
2083,germanywestcentral.azurecontainer.io
2084,mazury.pl
2085,organic
2086,firenze.it
2087,mk.ua
2088,edu.kh
2089,gf
2090,ddns-ip.net
2091,gen.nz
2092,pro.vn
2093,joburg
2094,school.za
2095,jl.cn
2096,edu.pt
2097,office
2098,w-credentialless-staticblitz.com
2099,gdynia.pl
2100,accountant
2101,gn
2102,nx.cn
2103,scb
2104,cloudns.org
2105,ac.ma
2106,com.lv
2107,fj.cn
2108,co.na
2109,gov.fj
2110,ky.us
2111,gob.cu
2112,gov.ba
2113,net.ng
2114,gov.ao
2115,imb.br
2116,tm.fr
2117,org.pt
2118,accesscam.org
2119,co.cz
2120,eastus2.azurecontainer.io
2121,pp.ru
2122,flir
2123,flowers
2124,rutland.sch.uk
2125,wpmudev.host
2126,giving
2127,org.py
2128,site.transip.me
2129,azure-mobile.net
2130,cq.cn
2131,myiphost.com
2132,se.gov.br
2133,bari.it
2134,com.ws
2135,nb.ca
2136,guitars
2137,box.ca
2138,fbxos.fr
2139,puglia.it
2140,jx.cn
2141,marche.it
2142,theater
2143,ip-ddns.com
2144,abc
2145,bologna.it
2146,brave.app
2147,com.fr
2148,degree
2149,homedns.org
2150,windows
2151,k12.co.us
2152,org.zw
2153,oz.au
2154,spot
2155,me-central-1.elb.amazonaws.com
2156,uz.ua
2157,gov.kg
2158,cri.nz
2159,selfip.net
2160,camdvr.org
2161,ss
2162,s3.dualstack.ap-south-1.amazonaws.com
2163,name.vn
2164,org.ws
2165,zt.ua
2166,kherson.ua
2167,net.ws
2168,us-east5.run.app
2169,aeroport.fr
2170,eu-4.platformsh.site
2171,us-phoenix-1.oraclecloudapps.com
2172,us-sanjose-1.oci.customer-oci.com
2173,us1.advisor.ws
2174,ah.cn
2175,de.r.appspot.com
2176,gotdns.org
2177,centralus.azurecontainer.io
2178,northamerica-northeast1.run.app
2179,xn--o3cw4h
2180,boy.jp
2181,gov.zw
2182,store.ro
2183,syncloud.it
2184,cc.ca.us
2185,cci.fr
2186,nt.ca
2187,gov.pg
2188,edu.qa
2189,hants.sch.uk
2190,spa
2191,us-phoenix-1.oci.customer-oci.com
2192,edu.ly
2193,edu.tt
2194,myactivedirectory.com
2195,com.by
2196,eu-3.magentosite.cloud
2197,mil.ec
2198,surrey.sch.uk
2199,lambda-url.ap-northeast-2.on.aws
2200,mq
2201,nsupdate.info
2202,edu.pa
2203,lib.md.us
2204,logoip.de
2205,myasustor.com
2206,org.jm
2207,verona.it
2208,api.gov.uk
2209,gop.pk
2210,ngrok.dev
2211,dscloud.biz
2212,fvg.it
2213,xn--j1amh
2214,accountants
2215,edu.ba
2216,shizuoka.jp
2217,ac.gov.br
2218,bs.it
2219,log.br
2220,weber
2221,com.am
2222,gz.cn
2223,mcdir.me
2224,fishing
2225,gov.iq
2226,s3-website-us-west-1.amazonaws.com
2227,ac.rw
2228,piemonte.it
2229,ut.us
2230,net.lb
2231,ddnss.org
2232,edu.az
2233,edu.ee
2234,gov.mz
2235,hl.cn
2236,k12.az.us
2237,southamerica-east1.run.app
2238,creditcard
2239,edu.af
2240,gov.na
2241,hot
2242,notebook.eu-west-1.sagemaker.aws
2243,ponpes.id
2244,spdns.eu
2245,eu.pythonanywhere.com
2246,forex
2247,landrover
2248,dy.fi
2249,sc.cn
2250,static.observableusercontent.com
2251,wasmer.app
2252,g12.br
2253,barsyonline.co.uk
2254,codeberg.page
2255,nf.ca
2256,xn--tckwe
2257,gop
2258,lambda-url.ap-southeast-2.on.aws
2259,lg.ua
2260,radio.br
2261,edu.za
2262,map
2263,seg.br
2264,sx.cn
2265,maison
2266,zone.id
2267,libp2p.direct
2268,co.me
2269,dsmynas.com
2270,xn--t60b56a
2271,dynalias.net
2272,cnt.br
2273,edu.dz
2274,ne.kr
2275,net.kg
2276,med.ec
2277,mex.com
2278,prato.it
2279,com.cm
2280,js.wpenginepowered.com
2281,tires
2282,tn.us
2283,us-5.magentosite.cloud
2284,us.platform.sh
2285,web.za
2286,jor.br
2287,def.br
2288,gov.zm
2289,hn.cn
2290,k12.al.us
2291,me-south-1.elb.amazonaws.com
2292,tw.cn
2293,neustar
2294,seoul.kr
2295,us-sea-1.linodeobjects.com
2296,xn--io0a7i
2297,org.mo
2298,pistoia.it
2299,cloudns.ch
2300,net.mm
2301,canva-apps.cn
2302,eu-2.platformsh.site
2303,europe-north1.run.app
2304,loginto.me
2305,mock.pstmn.io
2306,ca-1.platformsh.site
2307,icp0.io
2308,orange
2309,sc.ke
2310,s3-object-lambda.us-east-2.amazonaws.com
2311,wy.us
2312,bg.it
2313,com.ye
2314,java
2315,torun.pl
2316,auth.ca-central-1.amazoncognito.com
2317,essex.sch.uk
2318,fr-3.platformsh.site
2319,gdansk.pl
2320,keymachine.de
2321,atmeta.com
2322,gov.ly
2323,gov.tm
2324,norfolk.sch.uk
2325,glogow.pl
2326,gov.me
2327,kp
2328,boutir.com
2329,edu.bn
2330,eu.ngrok.io
2331,inf.ua
2332,org.bw
2333,edu.cu
2334,gen.in
2335,net.ye
2336,sn.cn
2337,westeurope.azurecontainer.io
2338,zeabur.app
2339,org.ir
2340,rio.br
2341,bielsko.pl
2342,aichi.jp
2343,channelsdvr.net
2344,dyndns-server.com
2345,gov.sd
2346,org.ro
2347,ap-northeast-2.elasticbeanstalk.com
2348,eu-frankfurt-1.oci.customer-oci.com
2349,eu-south-2.elb.amazonaws.com
2350,gov.bt
2351,k12.ct.us
2352,kyoto.jp
2353,uk.gateway.dev
2354,ngo.za
2355,org.ge
2356,play
2357,streak-link.com
2358,cloudaccess.net
2359,mypi.co
2360,xn--ses554g
2361,ac.ru
2362,au.platformsh.site
2363,gs.cn
2364,no-ip.net
2365,orangecloud.tn
2366,radio.fm
2367,hiphop
2368,liguria.it
2369,ne.us
2370,net.mk
2371,re.it
2372,dedibox.fr
2373,gov.af
2374,lon1.digitaloceanspaces.com
2375,u.channelsdvr.net
2376,familyds.net
2377,fedorapeople.org
2378,gov.sl
2379,lancs.sch.uk
2380,af-south-1.elb.amazonaws.com
2381,it.ao
2382,nyc.mn
2383,xn--3e0b707e
2384,cheshire.sch.uk
2385,kalisz.pl
2386,malopolska.pl
2387,ngo.ph
2388,or.ug
2389,schulserver.de
2390,telebit.io
2391,aem.live
2392,career
2393,cloudns.biz
2394,plc.uk
2395,total
2396,uk-london-1.oraclecloudapps.com
2397,xn--d1acj3b
2398,fr-4.platformsh.site
2399,eu-west-2.awsapprunner.com
2400,kyoto
2401,phd
2402,readthedocs-hosted.com
2403,us-lax-1.linodeobjects.com
2404,hb.cn
2405,cloudns.be
2406,el.r.appspot.com
2407,gov.bf
2408,com.ba
2409,yn.cn
2410,deal
2411,dnsalias.org
2412,eu.platform.sh
2413,gov.ve
2414,s3-fips.dualstack.us-east-1.amazonaws.com
2415,sblo.jp
2416,vt.us
2417,auth.ap-southeast-2.amazoncognito.com
2418,dynalias.org
2419,org.na
2420,dyndns-remote.com
2421,in-berlin.de
2422,is-a.dev
2423,k12.la.us
2424,rj.r.appspot.com
2425,maori.nz
2426,studio.eu-west-1.sagemaker.aws
2427,dns-dynamic.net
2428,europe-west4.hosted.app
2429,net.ni
2430,org.ma
2431,viajes
2432,xn--5tzm5g
2433,beep.pl
2434,esq
2435,ewr1.vultrobjects.com
2436,org.mz
2437,s3-object-lambda.us-east-1.amazonaws.com
2438,sgp1.vultrobjects.com
2439,bytom.pl
2440,hokkaido.jp
2441,servepics.com
2442,us-3.magentosite.cloud
2443,media.pl
2444,gripe
2445,na.it
2446,derbyshire.sch.uk
2447,edu.ky
2448,edu.mn
2449,mypep.link
2450,rm.it
2451,s3-fips-us-gov-west-1.amazonaws.com
2452,cornwall.sch.uk
2453,km
2454,s3-website-ap-northeast-1.amazonaws.com
2455,zap.cloud
2456,cc.ua
2457,fast
2458,homelinux.com
2459,ifm
2460,kharkiv.ua
2461,priv.at
2462,schuldock.de
2463,site.tb-hosting.com
2464,ew.gateway.dev
2465,co.mw
2466,gunma.jp
2467,org.tn
2468,s3.dualstack.eu-south-1.amazonaws.com
2469,servequake.com
2470,slupsk.pl
2471,mil.ru
2472,australia-southeast1.run.app
2473,dyndns.ws
2474,etc.br
2475,net.ht
2476,url.tw
2477,abogado
2478,ipns.dweb.link
2479,na4u.ru
2480,ra.it
2481,blackfriday
2482,gos.pk
2483,ltda
2484,torino.it
2485,cellar-c2.services.clever-cloud.com
2486,dyndns-web.com
2487,org.jo
2488,osaka.jp
2489,streaklinks.com
2490,try-snowplow.com
2491,ac.mz
2492,global.prod.fastly.net
2493,xn--12co0c3b4eva.xn--o3cw4h
2494,xn--3ds443g
2495,edu.al
2496,us-gov-west-1.elasticbeanstalk.com
2497,democrat
2498,freesite.host
2499,gov.bz
2500,he.cn
2501,net.py
2502,shop.pl
2503,edu.mv
2504,gov.cl
2505,gov.so
2506,taifun-dns.de
2507,xn--90ae
2508,act.edu.au
2509,hateblo.jp
2510,nsn.us
2511,rr.gov.br
2512,sarl
2513,us-mia-1.linodeobjects.com
2514,bham.sch.uk
2515,chernigov.ua
2516,godaddy
2517,myftp.biz
2518,s3-fips.dualstack.us-west-2.amazonaws.com
2519,staffs.sch.uk
2520,fage
2521,lib.oh.us
2522,mil.my
2523,org.kh
2524,co.ae
2525,i.ng
2526,kanagawa.jp
2527,mycloudnas.com
2528,net.ma
2529,org.gh
2530,uw.r.appspot.com
2531,va.it
2532,xj.cn
2533,ae.org
2534,cluster-crxx0hbfofzv.us-east-1.rds.amazonaws.com
2535,gov.sy
2536,ipfs.w3s.link
2537,mo.cn
2538,execute-api.cn-north-1.amazonaws.com.cn
2539,sa.gov.pl
2540,xn--gecrj9c
2541,cyon.site
2542,gov.gn
2543,kiwi.nz
2544,mattel
2545,onporter.run
2546,sa.it
2547,vr.it
2548,asia-east1.hosted.app
2549,ge.it
2550,net.ba
2551,doomdns.com
2552,dyndns-office.com
2553,eu.meteorapp.com
2554,mydobiss.com
2555,org.sv
2556,sa-east-1.elasticbeanstalk.com
2557,bearblog.dev
2558,ford
2559,hatenablog.jp
2560,k12.me.us
2561,webhosting.be
2562,s3-website-ap-southeast-1.amazonaws.com
2563,jotelulu.cloud
2564,k12.mt.us
2565,simplesite.com
2566,syd1.digitaloceanspaces.com
2567,wilts.sch.uk
2568,avocat.fr
2569,hi.cn
2570,kpmg
2571,site.rb-hosting.io
2572,aq
2573,elblag.pl
2574,vet.br
2575,cc.ms.us
2576,cf-ipfs.com
2577,czest.pl
2578,gliwice.pl
2579,myfritz.link
2580,cfolks.pl
2581,com.zm
2582,ftr
2583,pub.instances.scw.cloud
2584,gov.ps
2585,gov.tl
2586,www.compute.amazonaws.com
2587,ewr2.vultrobjects.com
2588,gov.lr
2589,le.it
2590,pulawy.pl
2591,reise
2592,xz.cn
2593,ap-northeast-3.elb.amazonaws.com
2594,servep2p.com
2595,ac.pk
2596,com.sy
2597,info.hu
2598,myjino.ru
2599,uw.gov.pl
2600,com.bb
2601,kumamoto.jp
2602,org.gg
2603,ap.gov.br
2604,gov.pr
2605,io.in
2606,lucca.it
2607,yk.ca
2608,an.gateway.dev
2609,dontexist.com
2610,lutsk.ua
2611,nimsite.uk
2612,vfs.cloud9.us-east-1.amazonaws.com
2613,voto
2614,xn--czr694b
2615,vda.it
2616,airforce
2617,net.eu.org
2618,net.uy
2619,oxon.sch.uk
2620,brescia.it
2621,int.la
2622,liara.run
2623,tychy.pl
2624,ap-tokyo-1.oci.customer-oci.com
2625,bolt.host
2626,gov.ws
2627,qh.cn
2628,al.it
2629,ch-1.platformsh.site
2630,filegear-sg.me
2631,cloudns.nz
2632,collegefan.org
2633,fr-par-2.baremetal.scw.cloud
2634,from.hr
2635,gov.lt
2636,me.it
2637,outsystemscloud.com
2638,sr.gov.pl
2639,zuerich
2640,base.shop
2641,fnc.fr-par.scw.cloud
2642,functions.fnc.fr-par.scw.cloud
2643,kindle
2644,moi
2645,org.sz
2646,edu.krd
2647,does-it.net
2648,edu.bh
2649,emr.it
2650,mayfirst.org
2651,ong.br
2652,org.ls
2653,uksouth.azurecontainer.io
2654,caj8issxwkbd.us-west-2.rds.amazonaws.com
2655,chiba.jp
2656,ctfcloud.net
2657,mh
2658,moonscale.net
2659,xn--vuq861b
2660,analytics
2661,auth.ap-northeast-1.amazoncognito.com
2662,com.ky
2663,flickr
2664,info.ve
2665,sp.leg.br
2666,gov.bw
2667,hs.kr
2668,s3.ap-northeast-3.amazonaws.com
2669,tas.edu.au
2670,ap-southeast-7.elb.amazonaws.com
2671,mo.it
2672,org.rw
2673,sch.ae
2674,suffolk.sch.uk
2675,ud.it
2676,za.org
2677,firm.in
2678,mittwaldserver.info
2679,org.pa
2680,select
2681,lib.ia.us
2682,politie
2683,sosnowiec.pl
2684,studio.ap-southeast-1.sagemaker.aws
2685,us-3.evennode.com
2686,ac.pg
2687,ct.it
2688,k12.md.us
2689,pv.it
2690,ve.it
2691,dns.northflank.app
2692,mcdir.ru
2693,cx.ua
2694,edu.gy
2695,foggia.it
2696,hzc.io
2697,shell
2698,xn--c1avg
2699,club.tw
2700,hatenadiary.com
2701,lubin.pl
2702,pro.typeform.com
2703,s3.dualstack.ca-central-1.amazonaws.com
2704,toshiba
2705,cluster026.hosting.ovh.net
2706,k12.ut.us
2707,modena.it
2708,nara.jp
2709,okinawa.jp
2710,cieszyn.pl
2711,kop.id
2712,ni.sch.uk
2713,trieste.it
2714,vscode-frontend.devinapps.com
2715,ai.vn
2716,applinzi.com
2717,elk.pl
2718,il-central-1.elb.amazonaws.com
2719,mysecuritycamera.net
2720,net.bo
2721,org.kz
2722,umbria.it
2723,eu-central-2.elb.amazonaws.com
2724,homelinux.org
2725,net.qa
2726,studio.eu-west-2.sagemaker.aws
2727,cloudflare-ipfs.com
2728,ac.vn
2729,c9.us-east-1.airflow.amazonaws.com
2730,hounslow.sch.uk
2731,pioneer
2732,auto.pl
2733,cloudns.pro
2734,gouv.sn
2735,miyagi.jp
2736,auth.us-west-1.amazoncognito.com
2737,gov.ye
2738,nagano.jp
2739,odesa.ua
2740,pg.it
2741,s3.eu-central-2.amazonaws.com
2742,edu.zm
2743,fastvps-server.com
2744,mielec.pl
2745,napoli.it
2746,on-web.fr
2747,webhop.org
2748,com.kg
2749,familyds.org
2750,goo
2751,myshopblocks.com
2752,pisa.it
2753,sakuraweb.com
2754,sch.ng
2755,crd.co
2756,info.ro
2757,my-router.de
2758,poltava.ua
2759,workisboring.com
2760,ac.fj
2761,esp.br
2762,eu.platformsh.site
2763,xn--fiq228c5hs
2764,bergamo.it
2765,cloudns.cl
2766,ealing.sch.uk
2767,k12.id.us
2768,podzone.net
2769,s3-website.ap-south-1.amazonaws.com
2770,shoparena.pl
2771,volyn.ua
2772,ao.it
2773,c9dpsrvyn615.us-east-2.rds.amazonaws.com
2774,fukuoka.jp
2775,gov.gd
2776,kuleuven.cloud
2777,sandvik
2778,gniezno.pl
2779,newcastle.sch.uk
2780,org.pg
2781,lambda-url.ca-central-1.on.aws
2782,me-jeddah-1.oci.customer-oci.com
2783,x0.com
2784,xn--czru2d
2785,ca.it
2786,cloudns.ph
2787,eero.online
2788,k12.nm.us
2789,kolobrzeg.pl
2790,rybnik.pl
2791,sdmntprcacentral.oaiusercontent.com
2792,shiksha
2793,as.r.appspot.com
2794,campania.it
2795,devon.sch.uk
2796,gov.mw
2797,lincs.sch.uk
2798,net.mv
2799,prof
2800,sardegna.it
2801,warwickshire.sch.uk
2802,allownetworkplayables.usercontent.goog
2803,gmina.pl
2804,nieruchomosci.pl
2805,official.ec
2806,pr.it
2807,vipsinaapp.com
2808,vs.mythic-beasts.com
2809,helioho.st
2810,lib.wa.us
2811,611.to
2812,k8s.fr-par.scw.cloud
2813,saitama.jp
2814,webspace-host.com
2815,ap-3.magentosite.cloud
2816,eu-5.magentosite.cloud
2817,europe-central2.run.app
2818,fr.it
2819,glasgow.sch.uk
2820,ip-dynamic.org
2821,org.hu
2822,s3.dualstack.ap-southeast-2.amazonaws.com
2823,schmidt
2824,vi.it
2825,yamanashi.jp
2826,ap-singapore-1.oraclecloudapps.com
2827,crimea.ua
2828,dnsdojo.com
2829,es.kr
2830,relay.evervault.app
2831,s3.ap-southeast-5.amazonaws.com
2832,xn--90a3ac
2833,donetsk.ua
2834,enfield.sch.uk
2835,konin.pl
2836,mil.cn
2837,port.fr
2838,home-webserver.de
2839,ibaraki.jp
2840,jelastic.saveincloud.net
2841,lib.al.us
2842,vgs.no
2843,4lima.de
2844,compare
2845,dorset.sch.uk
2846,selfip.org
2847,sjc1.vultrobjects.com
2848,cgaf8set508y.us-east-1.rds.amazonaws.com
2849,eu-north-1.elasticbeanstalk.com
2850,flutterflow.app
2851,fukushima.jp
2852,gov.cm
2853,hillingdon.sch.uk
2854,ia.br
2855,mil.ar
2856,weir
2857,withyoutube.com
2858,awsuseast2.snowflake.app
2859,feste-ip.net
2860,from-ks.com
2861,jcloud.ik-server.com
2862,joinmc.link
2863,lib.ok.us
2864,ltd.ua
2865,reading.sch.uk
2866,xn--55qx5d.cn
2867,hyogo.jp
2868,nh-serv.co.uk
2869,siena.it
2870,stockholm
2871,versicherung
2872,xn--h2brj9c
2873,xn--j6w193g
2874,xx.kg
2875,nl-ams-1.baremetal.scw.cloud
2876,bucks.sch.uk
2877,cs.it
2878,fr.eu.org
2879,gov.mg
2880,iliadboxos.it
2881,org.tt
2882,pa.it
2883,pc.it
2884,save
2885,talk
2886,ac.bw
2887,cn.eu.org
2888,gloucs.sch.uk
2889,net.gh
2890,rochdale.sch.uk
2891,ap-south-1.awsapprunner.com
2892,vinnica.ua
2893,webhop.biz
2894,xn--kput3i
2895,net.pg
2896,walbrzych.pl
2897,asia-northeast1.run.app
2898,edu.bz
2899,floripa.br
2900,gifu.jp
2901,gov.vc
2902,us-ord-1.linodeobjects.com
2903,vpnplus.to
2904,ai.in
2905,iwi.nz
2906,lu.it
2907,mg.leg.br
2908,tc.br
2909,abrdns.com
2910,eu-3.platformsh.site
2911,lovable.run
2912,org.ni
2913,ac.mu
2914,iran.liara.run
2915,niigata.jp
2916,org.fj
2917,pri.ee
2918,cloudaccess.host
2919,edu.eu.org
2920,edu.lv
2921,gouv.ht
2922,lazio.it
2923,sch.lk
2924,slask.pl
2925,ap-singapore-1.oci.customer-oci.com
2926,basilicata.it
2927,cluster-ro-cbriunlvtcct.us-east-1.rds.amazonaws.com
2928,gu
2929,net.et
2930,okayama.jp
2931,xn--9dbq2a
2932,xn--vhquv
2933,encr.app
2934,oa.r.appspot.com
2935,poa.br
2936,shiga.jp
2937,ai.kr
2938,dkonto.pl
2939,fujitsu
2940,gov.sc
2941,mypsx.net
2942,net.mt
2943,sc.ug
2944,serveblog.net
2945,com.ps
2946,edu.ci
2947,iwate.jp
2948,org.af
2949,org.kw
2950,suwalki.pl
2951,tv.it
2952,us-east4.hosted.app
2953,cprapid.com
2954,dyndns-home.com
2955,org.je
2956,pd.it
2957,powiat.pl
2958,sdmntprnznorth.oaiusercontent.com
2959,vt.it
2960,ac.mw
2961,axa
2962,cumbria.sch.uk
2963,emrnotebooks-prod.ap-southeast-1.amazonaws.com
2964,execute-api.eu-south-1.amazonaws.com
2965,mil.ve
2966,org.lv
2967,org.ly
2968,ts.r.appspot.com
2969,addon.code.run
2970,cn.it
2971,co.je
2972,gouv.ml
2973,gov.kn
2974,hiroshima.jp
2975,tv.tr
2976,dealer
2977,hk.com
2978,lib.mn.us
2979,mma
2980,org.ug
2981,vfs.cloud9.us-east-2.amazonaws.com
2982,com.lr
2983,execute-api.il-central-1.amazonaws.com
2984,mie.jp
2985,service.gov.scot
2986,swidnica.pl
2987,ac.zm
2988,lib.wi.us
2989,palermo.it
2990,supabase.in
2991,theshop.jp
2992,venezia.it
2993,calabria.it
2994,edu.ye
2995,is-a-geek.com
2996,mil.gt
2997,mil.pe
2998,northeurope.azurecontainer.io
2999,s3-website-ap-southeast-2.amazonaws.com
3000,seat
3001,edu.sl
3002,firewall-gateway.de
3003,sells-it.net
3004,xn--mgbab2bd
3005,dsmynas.org
3006,europe-north2.run.app
3007,execute-api.af-south-1.amazonaws.com
3008,murmansk.su
3009,notts.sch.uk
3010,s3-us-gov-east-1.amazonaws.com
3011,s3.dualstack.ap-northeast-2.amazonaws.com
3012,ap-south-2.elb.amazonaws.com
3013,cloud-ip.cc
3014,deno.net
3015,dns-cloud.net
3016,homeunix.net
3017,jaworzno.pl
3018,mb.it
3019,ufcfan.org
3020,boleslawiec.pl
3021,jgora.pl
3022,vscode-bnqcmmcvdtaanmtc.devinapps.com
3023,akita.jp
3024,hermes
3025,idv.hk
3026,nu.ca
3027,office-on-the.net
3028,open
3029,ryukyu
3030,schaeffler
3031,us-gov-east-1.elasticbeanstalk.com
3032,dsmynas.net
3033,mc.it
3034,n-yorks.sch.uk
3035,notebook.ap-southeast-1.sagemaker.aws
3036,sch.ir
3037,servemp3.com
3038,wielun.pl
3039,yamagata.jp
3040,de-2.tst.site
3041,dyndns-free.com
3042,odo.br
3043,org.bb
3044,s3.dualstack.ap-southeast-3.amazonaws.com
3045,abruzzo.it
3046,dnsfor.me
3047,hackney.sch.uk
3048,is-by.us
3049,notebook.us-west-2.sagemaker.aws
3050,gov.to
3051,info.np
3052,me.ke
3053,med.pl
3054,tcp4.me
3055,up.in
3056,xn--12c1fe0br.xn--o3cw4h
3057,xn--3bst00m
3058,au-2.platformsh.site
3059,heteml.net
3060,ismaili
3061,nysa.pl
3062,org.mm
3063,xn--fiqz9s
3064,aq.it
3065,ingress-erytho.ewp.live
3066,k12.ky.us
3067,press.ma
3068,s3-fips.dualstack.us-west-1.amazonaws.com
3069,southeastasia.azurecontainer.io
3070,xn--io0a7i.cn
3071,cambs.sch.uk
3072,dfirma.pl
3073,gov.lc
3074,ishikawa.jp
3075,nl.eu.org
3076,toyama.jp
3077,travel.pl
3078,wigan.sch.uk
3079,co.mu
3080,livorno.it
3081,net.eg
3082,org.im
3083,sa.ngrok.io
3084,saga.jp
3085,xn--node
3086,aomori.jp
3087,bsb.br
3088,gov.ss
3089,hackclub.app
3090,jio
3091,mil.bd
3092,oita.jp
3093,oslo.no
3094,psc.br
3095,xn--h3cuzk1di.xn--o3cw4h
3096,aco
3097,auth-fips.us-east-1.amazoncognito.com
3098,bristol.sch.uk
3099,com.uz
3100,com.vu
3101,crown
3102,hanoi.vn
3103,in-maa-1.linodeobjects.com
3104,mil.ng
3105,nov.ru
3106,servebolt.cloud
3107,you2.pl
3108,edu.bt
3109,info.bd
3110,sa-saopaulo-1.oci.customer-oci.com
3111,xn--90amc.xn--p1acf
3112,12hp.de
3113,cloudns.asia
3114,com.ss
3115,gb
3116,gov.dm
3117,klodzko.pl
3118,lib.me.us
3119,org.hn
3120,s3-accesspoint.us-east-2.amazonaws.com
3121,va3.snowflake.app
3122,europe-west9.run.app
3123,idf.il
3124,nodes.k8s.fr-par.scw.cloud
3125,org.bz
3126,pi.it
3127,worcs.sch.uk
3128,auth.eu-west-3.amazoncognito.com
3129,io.kr
3130,ss.it
3131,xn--i1b6b1a6a2e
3132,is-certified.com
3133,mil.kr
3134,mocha.app
3135,reit
3136,serveminecraft.net
3137,web.ve
3138,an.it
3139,av.it
3140,eu-west-3.awsapprunner.com
3141,ppg.br
3142,pr.leg.br
3143,xn--4dbrk0ce
3144,xn--czrs0t
3145,asia-southeast2.run.app
3146,cluster-cd9gq48ben0u.us-east-1.rds.amazonaws.com
3147,kagoshima.jp
3148,org.ee
3149,org.et
3150,rdy.jp
3151,wakayama.jp
3152,wloclawek.pl
3153,curitiba.br
3154,ehime.jp
3155,from-ca.com
3156,novara.it
3157,parma.it
3158,serveftp.org
3159,so.gov.pl
3160,tottori.jp
3161,allfinanz
3162,eu.int
3163,fukui.jp
3164,heyflow.site
3165,kpn
3166,se.net
3167,so.it
3168,stargard.pl
3169,tula.su
3170,us-chicago-1.oraclecloudapps.com
3171,adachi.tokyo.jp
3172,cq9wpyzaf3kv.us-east-1.rds.amazonaws.com
3173,cr.it
3174,creditunion
3175,delta
3176,dnsup.net
3177,dyndns.dappnode.io
3178,execute-api.us-gov-east-1.amazonaws.com
3179,go.leg.br
3180,gov.gi
3181,kustanai.su
3182,lambda-url.eu-north-1.on.aws
3183,leadpages.co
3184,mazowsze.pl
3185,sci.eg
3186,tarnobrzeg.pl
3187,zabc.net
3188,cechire.com
3189,coop.py
3190,fool.jp
3191,jcloud.kz
3192,or.it
3193,s3.dualstack.me-south-1.amazonaws.com
3194,s3.dualstack.sa-east-1.amazonaws.com
3195,teva
3196,va.snowflake.app
3197,abc.br
3198,auth.ap-south-1.amazoncognito.com
3199,bn.it
3200,catania.it
3201,com.lc
3202,edgeapp.net
3203,fot.br
3204,gov.ls
3205,lowicz.pl
3206,me.in
3207,omg.lol
3208,s3-fips.dualstack.us-east-2.amazonaws.com
3209,sanok.pl
3210,xii.jp
3211,bedzin.pl
3212,bio.br
3213,cagliari.it
3214,dyndns-at-work.com
3215,dyndns-work.com
3216,k12.wy.us
3217,noip.us
3218,nt.edu.au
3219,ug.gov.pl
3220,anz
3221,boo.jp
3222,eu-frankfurt-1.oraclecloudapps.com
3223,fc.it
3224,fe.it
3225,fm.br
3226,malbork.pl
3227,medecin.fr
3228,msk.su
3229,s3-fips.us-east-2.amazonaws.com
3230,s3.dualstack.eu-north-1.amazonaws.com
3231,shop.hu
3232,bolt.hu
3233,c10.us-east-1.airflow.amazonaws.com
3234,emp.br
3235,europe-west12.run.app
3236,myrdbx.io
3237,pz.it
3238,routingthecloud.net
3239,skr.jp
3240,termez.su
3241,w-staticblitz.com
3242,cbmeg89ew43m.us-west-1.rds.amazonaws.com
3243,com.ht
3244,et.r.appspot.com
3245,ham-radio-op.net
3246,mn.it
3247,moo.jp
3248,my-gateway.de
3249,ostroleka.pl
3250,s3-accesspoint.us-east-1.amazonaws.com
3251,towerhamlets.sch.uk
3252,us.ngrok.io
3253,v.ua
3254,barsy.support
3255,eurodir.ru
3256,id-cgk-1.linodeobjects.com
3257,kicks-ass.org
3258,net-freaks.com
3259,s3-website.ap-east-1.amazonaws.com
3260,turek.pl
3261,apigee.io
3262,ca-west-1.elb.amazonaws.com
3263,com.bt
3264,damnserver.com
3265,eastasia.azurecontainer.io
3266,eu-south-1.elasticbeanstalk.com
3267,id.repl.co
3268,lc.it
3269,mango
3270,mx-queretaro-1.oci.customer-oci.com
3271,mysecuritycamera.com
3272,pro.in
3273,s3-website.eu-west-2.amazonaws.com
3274,us-4.magentosite.cloud
3275,af-south-1.elasticbeanstalk.com
3276,asia-southeast1.hosted.app
3277,ba.it
3278,biz.my
3279,gov.nl
3280,lib.ca.us
3281,net.pa
3282,net.sb
3283,call
3284,cbmqljx60hvs.us-east-1.rds.amazonaws.com
3285,cl4lkxa8ho2c.eu-west-1.rds.amazonaws.com
3286,e-sussex.sch.uk
3287,from-pr.com
3288,gorlice.pl
3289,lib.la.us
3290,myaddr.io
3291,org.mw
3292,pe.leg.br
3293,project.space
3294,static.hf.space
3295,we.bs
3296,camwfbeqje3o.us-east-1.rds.amazonaws.com
3297,execute-api.me-central-1.amazonaws.com
3298,gmo
3299,gov.fk
3300,jcb
3301,panel.gg
3302,te.it
3303,tv.bo
3304,w-corp-staticblitz.com
3305,watches
3306,bl.it
3307,cn-north-1.eb.amazonaws.com.cn
3308,co.gy
3309,lewisham.sch.uk
3310,olawa.pl
3311,pi.leg.br
3312,protonet.io
3313,rag-cloud.hosteur.com
3314,square7.ch
3315,stockport.sch.uk
3316,thruhere.net
3317,um.gov.pl
3318,us.eu.org
3319,xn--hxt814e
3320,xn--nqv7f
3321,abbvie
3322,azwesteurope.snowflake.app
3323,edu.mz
3324,japaneast.azurecontainer.io
3325,leics.sch.uk
3326,me-south-1.elasticbeanstalk.com
3327,nom.co
3328,sv.it
3329,tech.orange
3330,us-a1.magentosite.cloud
3331,xn--od0alg.cn
3332,ap-southeast-4.elb.amazonaws.com
3333,ch.trendhosting.cloud
3334,cyhknnsj7t4g.us-east-1.rds.amazonaws.com
3335,doesntexist.com
3336,pol.tr
3337,sc.tz
3338,si.it
3339,yahoo
3340,zgierz.pl
3341,chuunnkg0pxf.us-east-1.rds.amazonaws.com
3342,chxlborl850s.us-east-1.rds.amazonaws.com
3343,coop.np
3344,cz.it
3345,fg.it
3346,kutno.pl
3347,net.bw
3348,org.bt
3349,rc.it
3350,rich
3351,securitytactics.com
3352,servebbs.com
3353,server-on.net
3354,tochigi.jp
3355,c8nx1fwpe67q.us-east-1.rds.amazonaws.com
3356,cmtsoyazvgoe.eu-west-1.rds.amazonaws.com
3357,juegos
3358,k12.ne.us
3359,ketrzyn.pl
3360,net.jo
3361,prvcy.page
3362,salvador.br
3363,tmp.br
3364,uh-oh.jp
3365,xn--kpry57d
3366,balena-devices.com
3367,cgyutqvogqaf.us-east-1.rds.amazonaws.com
3368,cloudns.us
3369,cluster028.hosting.ovh.net
3370,cpu3q596meej.rds.cn-north-1.amazonaws.com.cn
3371,cqdd3meiuw4v.us-east-1.rds.amazonaws.com
3372,edu.la
3373,from-de.com
3374,is.it
3375,org.al
3376,rs.webaccel.jp
3377,s3.ap-south-2.amazonaws.com
3378,spb.su
3379,www.digitaloceanspaces.com
3380,c8s6jufr6wh8.us-east-2.rds.amazonaws.com
3381,ciscofreak.com
3382,cnweffabmxwb.us-east-1.rds.amazonaws.com
3383,com.cv
3384,cph2trgoirg2.eu-west-1.rds.amazonaws.com
3385,crzl3ripxpvl.eu-west-3.rds.amazonaws.com
3386,csllc0swmufw.eu-west-1.rds.amazonaws.com
3387,durham.sch.uk
3388,edu.tm
3389,istmein.de
3390,lambda-url.ap-east-1.on.aws
3391,lib.nj.us
3392,nalchik.su
3393,tokushima.jp
3394,toray
3395,walsall.sch.uk
3396,xn--qxam
3397,akamaized-staging.net
3398,ap.it
3399,ch4mwk6xffcj.us-east-1.rds.amazonaws.com
3400,co.fk
3401,com.tt
3402,cpicoccq8yo5.us-west-2.rds.amazonaws.com
3403,cxhae8zfzrwq.eu-west-1.rds.amazonaws.com
3404,freight.aero
3405,gob.pk
3406,gov.mr
3407,lomza.pl
3408,mat.br
3409,mx-central-1.elb.amazonaws.com
3410,riik.ee
3411,servehalflife.com
3412,smart
3413,westus2.azurecontainer.io
3414,www.compute-1.amazonaws.com
3415,xn--55qx5d.xn--j6w193g
3416,aberdeen.sch.uk
3417,ancona.it
3418,c5suaezlw7t3.us-east-1.rds.amazonaws.com
3419,c61.us-east-1.airflow.amazonaws.com
3420,c6rhkodfxytn.us-east-1.rds.amazonaws.com
3421,ceoe0s5ipjaq.us-east-1.rds.amazonaws.com
3422,cfipykvuspbv.us-east-1.rds.amazonaws.com
3423,cim.br
3424,coc7r4ugyubq.us-east-1.rds.amazonaws.com
3425,com.sd
3426,cva1jc694jc2.us-east-1.rds.amazonaws.com
3427,eu-4.evennode.com
3428,far.br
3429,gov.ck
3430,im.it
3431,leeds.sch.uk
3432,legnica.pl
3433,mt.leg.br
3434,quicksytes.com
3435,rec.br
3436,vicenza.it
3437,vladimir.ru
3438,beds.sch.uk
3439,cdel8ktctk9o.us-east-1.rds.amazonaws.com
3440,cgbcaygiz2vl.us-east-1.rds.amazonaws.com
3441,chdhuvrupnlh.us-east-1.rds.amazonaws.com
3442,ciyea6jnlbux.us-east-1.rds.amazonaws.com
3443,ckrzp1dsrgts.us-east-1.rds.amazonaws.com
3444,coop.ar
3445,coventry.sch.uk
3446,dyndns-at-home.com
3447,from-mo.com
3448,li.it
3449,org.so
3450,sch.sa
3451,va2.snowflake.app
3452,auth.eu-north-1.amazoncognito.com
3453,azeastus2prod.snowflake.app
3454,blogdns.com
3455,c1jbzhhrdloi.us-east-1.rds.amazonaws.com
3456,c7fehu6segex.us-east-1.rds.amazonaws.com
3457,ckfrzagkynlt.us-east-1.rds.amazonaws.com
3458,cnqphliu94gk.us-east-2.rds.amazonaws.com
3459,cqhrsy4dxtj1.us-east-1.rds.amazonaws.com
3460,ctpbrjab6xmb.us-east-2.rds.amazonaws.com
3461,cuneo.it
3462,k12.ak.us
3463,karpacz.pl
3464,mil.nz
3465,ms.it
3466,rn.leg.br
3467,w-sussex.sch.uk
3468,xn--ngbc5azd
3469,c7jk1tvdcuko.eu-west-1.rds.amazonaws.com
3470,c8kqom7d1lo8.us-east-1.rds.amazonaws.com
3471,caumhy5jgr2t.us-west-2.rds.amazonaws.com
3472,ceompoikc8x8.us-east-1.rds.amazonaws.com
3473,ciibknggnxvn.eu-west-1.rds.amazonaws.com
3474,crvd7du0g9gq.eu-west-3.rds.amazonaws.com
3475,cvcyykuw1tjd.us-east-1.rds.amazonaws.com
3476,derby.sch.uk
3477,homeftp.net
3478,lib.il.us
3479,my-firewall.org
3480,myhome-server.de
3481,nn.r.appspot.com
3482,pisz.pl
3483,wiki.br
3484,xn--unup4y
3485,aig
3486,ap.ngrok.io
3487,c1iltfxs4rs4.us-east-1.rds.amazonaws.com
3488,cbi9zrun9tjx.eu-west-3.rds.amazonaws.com
3489,cmxmharfbfcl.us-east-1.rds.amazonaws.com
3490,cw3ayoifbxqi.us-east-1.rds.amazonaws.com
3491,czcrw6ft9di6.eu-west-1.rds.amazonaws.com
3492,edu.ht
3493,edu.me
3494,ibxos.it
3495,jp.eu.org
3496,olkusz.pl
3497,read
3498,s3-accesspoint.us-west-2.amazonaws.com
3499,sampa.br
3500,sener
3501,tp.it
3502,us-west-2.compute.amazonaws.com
3503,workspace-manager-api.builder.code.com
3504,xn--fjq720a
3505,asia-south1.run.app
3506,ceduk4mufl3u.us-east-1.rds.amazonaws.com
3507,ciwvbga9wcke.us-east-1.rds.amazonaws.com
3508,ckemdril2joe.eu-west-1.rds.amazonaws.com
3509,cko6xbaxcfkz.us-east-1.rds.amazonaws.com
3510,cl0yi1rdpmue.us-east-1.rds.amazonaws.com
3511,clz4hcld7q4o.eu-central-1.rds.amazonaws.com
3512,cnhn34izquqj.eu-west-1.rds.amazonaws.com
3513,cqfkviwyhpyf.us-east-1.rds.amazonaws.com
3514,dojin.com
3515,du.r.appspot.com
3516,fr-1.platformsh.site
3517,gov.ee
3518,info.az
3519,j.layershift.co.uk
3520,lib.ee
3521,miyazaki.jp
3522,nagasaki.jp
3523,s3-website-sa-east-1.amazonaws.com
3524,s3.dualstack.eu-west-3.amazonaws.com
3525,szkola.pl
3526,walmart
3527,xn--xhq521b
3528,agro.pl
3529,alpha-myqnapcloud.com
3530,ap-east-1.elasticbeanstalk.com
3531,com.gn
3532,cqqrk70sjayu.us-east-1.rds.amazonaws.com
3533,cvue3hyvonn5.us-east-1.rds.amazonaws.com
3534,dep.no
3535,is-a-geek.org
3536,net.cy
3537,org.bh
3538,val.run
3539,c1izal6eoloy.us-east-1.rds.amazonaws.com
3540,c5owfivg7yed.us-east-1.rds.amazonaws.com
3541,c6lqso2cm305.eu-west-1.rds.amazonaws.com
3542,ch.it
3543,cxi8us4ygbyh.us-east-1.rds.amazonaws.com
3544,czuqfnvh03vk.us-east-1.rds.amazonaws.com
3545,hepforge.org
3546,info.ke
3547,lib.tx.us
3548,matrix.jp
3549,net.im
3550,pin
3551,ricoh
3552,secure
3553,sos.pl
3554,vig
3555,xn--kprw13d
3556,123hjemmeside.dk
3557,aberdeenshire.sch.uk
3558,azeastus2prodshard2.snowflake.app
3559,bieszczady.pl
3560,ccnodyrfkole.eu-west-1.rds.amazonaws.com
3561,crdqucb2ywwx.us-east-1.rds.amazonaws.com
3562,daa.jp
3563,is-a-geek.net
3564,islington.sch.uk
3565,lo.it
3566,mit
3567,net.om
3568,net.tn
3569,newham.sch.uk
3570,org.la
3571,servecounterstrike.com
3572,augustow.pl
3573,barnet.sch.uk
3574,broke-it.net
3575,camden.sch.uk
3576,cefotjcmqbgo.us-east-1.rds.amazonaws.com
3577,ckef2fefnwcu.us-east-1.rds.amazonaws.com
3578,cthm4npce5cz.eu-west-1.rds.amazonaws.com
3579,europe-southwest1.run.app
3580,forumz.info
3581,from-va.com
3582,it.eu.org
3583,iz.hr
3584,latina.it
3585,pescara.it
3586,tche.br
3587,ulsan.kr
3588,cb.it
3589,cbcxn5o9vprc.us-east-1.rds.amazonaws.com
3590,cc.ks.us
3591,cdaztqk6ldow.eu-west-1.rds.amazonaws.com
3592,cm0umyqzbnhy.us-west-2.rds.amazonaws.com
3593,com.kp
3594,cremona.it
3595,csozsbukurwf.us-west-2.rds.amazonaws.com
3596,czaixlahflpc.us-east-1.rds.amazonaws.com
3597,ditchyourip.com
3598,ent.platform.sh
3599,execute-api.ap-south-2.amazonaws.com
3600,ikano
3601,k12.tn.us
3602,manaus.br
3603,museum.no
3604,org.dz
3605,org.ky
3606,pp.se
3607,pu.it
3608,s3-website.cn-north-1.amazonaws.com.cn
3609,vix.br
3610,asia-east2.run.app
3611,c2sdzkupvvzq.us-east-1.rds.amazonaws.com
3612,c5i4wtmqkod2.us-east-1.rds.amazonaws.com
3613,ciao.jp
3614,gov.ms
3615,hidns.co
3616,icbc
3617,jcloud-ver-jpc.ik-server.com
3618,lug.org.uk
3619,malaysiawest.azurecontainer.io
3620,ostrowiec.pl
3621,parliament.nz
3622,reggioemilia.it
3623,uk.eu.org
3624,xn--rhqv96g
3625,australiaeast.azurecontainer.io
3626,ca7y0nhelzqc.us-east-1.rds.amazonaws.com
3627,can.re
3628,ch.eu.org
3629,cloudjiffy.net
3630,craft.me
3631,ctw4p8wfthyv.us-east-1.rds.amazonaws.com
3632,hiv
3633,info.ec
3634,krasnodar.su
3635,mail.pl
3636,net.fj
3637,net.ir
3638,nyat.app
3639,radio.am
3640,rimini.it
3641,shopselect.net
3642,woodside
3643,akdn
3644,bing
3645,blogsite.org
3646,bolton.sch.uk
3647,c748hjz2gdy4.us-east-1.rds.amazonaws.com
3648,cc.il.us
3649,ch6kpnfcmztf.eu-central-1.rds.amazonaws.com
3650,cigtalm2lnz0.us-east-1.rds.amazonaws.com
3651,ckfpt7z960ad.us-east-1.rds.amazonaws.com
3652,cko03qzsqzhc.us-east-1.rds.amazonaws.com
3653,cpa492ithpia.us-east-1.rds.amazonaws.com
3654,doomdns.org
3655,dudley.sch.uk
3656,e2b.app
3657,framer.ai
3658,id.ir
3659,ie.snowflake.app
3660,rn.it
3661,s3-fips.us-west-1.amazonaws.com
3662,seg.ar
3663,suzuki
3664,uzhgorod.ua
3665,yun
3666,bnr.la
3667,bridgestone
3668,c54bzbnawm0f.us-east-1.rds.amazonaws.com
3669,c8pylb1nlpvv.ap-southeast-1.rds.amazonaws.com
3670,c9pxjgrv7vhh.us-east-1.rds.amazonaws.com
3671,cfeq6ofh7zdr.us-west-2.rds.amazonaws.com
3672,cvuud3fsxuqo.us-east-1.rds.amazonaws.com
3673,dyn-o-saur.com
3674,greenwich.sch.uk
3675,hasura-app.io
3676,i.ph
3677,musica.ar
3678,my-wan.de
3679,nico
3680,pay
3681,pictet
3682,simple-url.com
3683,tank.jp
3684,www.elb.amazonaws.com
3685,5g.in
3686,ac.sz
3687,arkhangelsk.su
3688,at.it
3689,c5pv1cenec9x.us-east-1.rds.amazonaws.com
3690,c7gtoot68eho.eu-central-1.rds.amazonaws.com
3691,c7yb5ortfpkg.us-west-2.rds.amazonaws.com
3692,c8jkdhekomem.us-east-1.rds.amazonaws.com
3693,cdikefl1pzex.eu-west-1.rds.amazonaws.com
3694,co418cfw14tt.us-east-1.rds.amazonaws.com
3695,cw4bibl6svrq.eu-west-1.rds.amazonaws.com
3696,edu.bs
3697,edu.sn
3698,from-ct.com
3699,from-nc.com
3700,issmarterthanyou.com
3701,localtonet.com
3702,monash
3703,pc.pl
3704,point2this.com
3705,richmond.sch.uk
3706,s3.dualstack.us-gov-west-1.amazonaws.com
3707,cb1jeczpsqcw.us-east-1.rds.amazonaws.com
3708,ccaucxobpew9.eu-central-1.rds.amazonaws.com
3709,ch32qppgshlz.us-east-1.rds.amazonaws.com
3710,chips.jp
3711,cjtip3nhxyf3.us-west-1.rds.amazonaws.com
3712,clyzowbq4izr.us-east-1.rds.amazonaws.com
3713,cmgr3ztoer7o.us-east-1.rds.amazonaws.com
3714,cn2wmyuvmuu5.us-west-2.rds.amazonaws.com
3715,como.it
3716,cqkhj3w9usdx.eu-west-1.rds.amazonaws.com
3717,cxy1uvrwvxqc.eu-west-1.rds.amazonaws.com
3718,eu-central-1.compute.amazonaws.com
3719,geekgalaxy.com
3720,hu.net
3721,jc.neen.it
3722,k12.nv.us
3723,lambda-url.eu-west-3.on.aws
3724,nu.it
3725,paas.hosted-by-previder.com
3726,pages.torproject.net
3727,rs.leg.br
3728,to.leg.br
3729,vlog.br
3730,website-us-lax-1.linodeobjects.com
3731,ar.it
3732,c5ldfca1ixz9.us-west-1.rds.amazonaws.com
3733,c6xsuqgsawm9.us-east-1.rds.amazonaws.com
3734,com.ci
3735,cqzjwntckuid.us-east-1.rds.amazonaws.com
3736,crzaeumaannj.af-south-1.rds.amazonaws.com
3737,cygnvanvfbsx.us-west-2.rds.amazonaws.com
3738,daemon.panel.gg
3739,int.eu.org
3740,is-an-engineer.com
3741,is-found.org
3742,isa-geek.net
3743,k12.nh.us
3744,mt.it
3745,pfizer
3746,rj.leg.br
3747,s3-website.cn-northwest-1.amazonaws.com.cn
3748,studio.eu-central-1.sagemaker.aws
3749,ustka.pl
3750,am.in
3751,biz.in
3752,cbuqm0ljpfgq.us-east-1.rds.amazonaws.com
3753,cjdozvavskcr.us-east-1.rds.amazonaws.com
3754,cloudns.cc
3755,com.gy
3756,csyecf4uuch0.us-east-1.rds.amazonaws.com
3757,ctqje89ebden.us-west-2.rds.amazonaws.com
3758,cv0hc3yh3oaz.us-east-1.rds.amazonaws.com
3759,cvb1rjfllvqw.us-east-1.rds.amazonaws.com
3760,cxnhztfxqxxb.eu-west-1.rds.amazonaws.com
3761,docs
3762,dvrcam.info
3763,emergent.host
3764,from-dc.com
3765,halfmoon.jp
3766,hereford.sch.uk
3767,homesecuritypc.com
3768,is-a-caterer.com
3769,kepno.pl
3770,lebork.pl
3771,like
3772,netflix
3773,now-dns.net
3774,statebank
3775,target
3776,a465-9q4k.cloudera.site
3777,ag.it
3778,appengine.flow.ch
3779,basicserver.io
3780,bielawa.pl
3781,ch7bxuzgecfg.us-west-2.rds.amazonaws.com
3782,co.ro
3783,ctiknrmwdohg.us-east-1.rds.amazonaws.com
3784,cv0ce0o4ubdv.us-east-1.rds.amazonaws.com
3785,cwssdsm1xwlh.eu-west-1.rds.amazonaws.com
3786,hicam.net
3787,it.kr
3788,labeling.us-west-2.sagemaker.aws
3789,llp
3790,myspreadshop.de
3791,olecko.pl
3792,priv.pl
3793,ravpage.co.il
3794,s3-ap-northeast-2.amazonaws.com
3795,s3-object-lambda.us-west-2.amazonaws.com
3796,tm.pl
3797,web.lk
3798,wjg.jp
3799,au.ngrok.io
3800,br.it
3801,brighton-hove.sch.uk
3802,c1oy02osaped.ap-southeast-2.rds.amazonaws.com
3803,c7xya2xc1qgt.ap-northeast-1.rds.amazonaws.com
3804,ca9nojftmei4.us-east-1.rds.amazonaws.com
3805,cabmpfipwbxo.eu-central-1.rds.amazonaws.com
3806,cagtoz8gl0p1.us-east-1.rds.amazonaws.com
3807,ccza3w92en8v.us-west-2.rds.amazonaws.com
3808,cebto6rqwnlk.us-west-1.rds.amazonaws.com
3809,ci1lucrrgnjc.us-east-1.rds.amazonaws.com
3810,cihrql2qmuly.eu-central-1.rds.amazonaws.com
3811,com.bs
3812,cufto4yp2h96.ap-southeast-1.rds.amazonaws.com
3813,cwyhf4hskrao.us-east-1.rds.amazonaws.com
3814,definima.net
3815,eun.eg
3816,from-ny.net
3817,gmx
3818,homeunix.org
3819,kochi.jp
3820,leicester.sch.uk
3821,lib.mo.us
3822,manchester.sch.uk
3823,net.kw
3824,nl-ams-1.linodeobjects.com
3825,pe.it
3826,s3.dualstack.us-gov-east-1.amazonaws.com
3827,tm.ro
3828,aju.br
3829,barsy.in
3830,co.bz
3831,cpugxbn8bswu.us-east-1.rds.amazonaws.com
3832,crb6hzo2lfp0.eu-central-1.rds.amazonaws.com
3833,cts1jcjzuuep.us-east-1.rds.amazonaws.com
3834,cttsbzryxsus.us-west-2.rds.amazonaws.com
3835,cvmkmss8mrrp.us-east-1.rds.amazonaws.com
3836,element--q-y-u-aj-a-g-nx-io.quipelements.com
3837,expo.app
3838,from-ia.com
3839,gets-it.net
3840,live-on.net
3841,mond.jp
3842,nike
3843,pgw.jp
3844,pt.it
3845,read-books.org
3846,rgr.jp
3847,somerset.sch.uk
3848,tameside.sch.uk
3849,at.eu.org
3850,blogsyte.com
3851,bv
3852,ccwgniwt3oej.us-west-1.rds.amazonaws.com
3853,cdn.cloudflareanycast.net
3854,convex.site
3855,dynathome.net
3856,ethos14-prod-deu6.dev.adobeaemcloud.com
3857,ilawa.pl
3858,jelastic.team
3859,lecco.it
3860,lhr1.vultrobjects.com
3861,mil.do
3862,myeffect.net
3863,netgamers.jp
3864,org.az
3865,org.lk
3866,ro.it
3867,vv.it
3868,camtpqapkp8e.eu-central-1.rds.amazonaws.com
3869,ccm4znshguam.us-east-1.rds.amazonaws.com
3870,co.bi
3871,cpgwzd6a0kgg.ap-southeast-1.rds.amazonaws.com
3872,crqp1b6rwesj.eu-central-1.rds.amazonaws.com
3873,cu3atcged568.us-east-2.rds.amazonaws.com
3874,execute-api.eu-central-2.amazonaws.com
3875,francecentral.azurecontainer.io
3876,from-ms.com
3877,gov.tj
3878,home.dyndns.org
3879,lundbeck
3880,pruszkow.pl
3881,s3.ca-west-1.amazonaws.com
3882,s3.dualstack.eu-south-2.amazonaws.com
3883,treviso.it
3884,westus.azurecontainer.io
3885,xn--e1a4c
3886,cbf8b5wjg2im.eu-west-1.rds.amazonaws.com
3887,chambagri.fr
3888,chwmgbg0ai2r.us-east-1.rds.amazonaws.com
3889,cjg2hn5het4v.eu-west-1.rds.amazonaws.com
3890,cjrqialspnfc.us-east-1.rds.amazonaws.com
3891,codlowychhai.us-east-1.rds.amazonaws.com
3892,eu-6.magentosite.cloud
3893,europe-west6.run.app
3894,fhs.no
3895,flop.jp
3896,in.eu.org
3897,org.gn
3898,org.lr
3899,sakura.tv
3900,vp4.me
3901,xn--y9a3aq
3902,114.xmit.co
3903,asia-northeast3.run.app
3904,c7n36innur5h.ap-southeast-1.rds.amazonaws.com
3905,cbudxwbpmxhu.us-east-1.rds.amazonaws.com
3906,cleverapps.io
3907,co.gg
3908,crakdo903fjj.eu-west-1.rds.amazonaws.com
3909,ctzupcpmphrj.us-west-2.rds.amazonaws.com
3910,demon.nl
3911,diskstation.org
3912,edu.bb
3913,from-pa.com
3914,heiyu.space
3915,ibm
3916,is-a-bulls-fan.com
3917,is-very-good.org
3918,likescandy.com
3919,lolipopmc.jp
3920,mragowo.pl
3921,myspreadshop.co.uk
3922,org.ba
3923,pupu.jp
3924,ravenna.it
3925,sheffield.sch.uk
3926,ta.it
3927,tsk.tr
3928,web.pk
3929,x443.pw
3930,agric.za
3931,al.leg.br
3932,cbfm3csed21v.eu-central-1.rds.amazonaws.com
3933,co.cm
3934,co5l5s7ubp3a.us-east-1.rds.amazonaws.com
3935,ctxqgmlbwtky.us-east-1.rds.amazonaws.com
3936,de5.net
3937,editorx.io
3938,game.tw
3939,is-a-guru.com
3940,jampa.br
3941,jelastic.dogado.eu
3942,mil.cl
3943,mil.jo
3944,myddns.rocks
3945,nissan
3946,objects.lpg.cloudscale.ch
3947,objects.rma.cloudscale.ch
3948,oldham.sch.uk
3949,org.ae
3950,prod3.snowflake.app
3951,s3-website.ap-northeast-2.amazonaws.com
3952,wandsworth.sch.uk
3953,westus3.azurecontainer.io
3954,whm.fr-par.scw.cloud
3955,arezzo.it
3956,at.kunden.ortsinfo.at
3957,bir.ru
3958,ch49aky3t7cy.eu-central-1.rds.amazonaws.com
3959,chupuzogrp30.us-east-1.rds.amazonaws.com
3960,fldrv.com
3961,jp-osa-1.linodeobjects.com
3962,lel.br
3963,lukow.pl
3964,prod1.snowflake.app
3965,rsc.contentproxy9.cz
3966,sandcats.io
3967,sejny.pl
3968,soundcast.me
3969,us.reclaim.cloud
3970,xn--54b7fta0cc
3971,ap-northeast-1.compute.amazonaws.com
3972,at.futurecms.at
3973,caxias.br
3974,cdxlqbnnljfw.ap-northeast-1.rds.amazonaws.com
3975,ce0jqcxxcf9z.eu-west-1.rds.amazonaws.com
3976,chicappa.jp
3977,cib0qssrdyjb.us-east-1.rds.amazonaws.com
3978,clvqvaxkvhvk.us-east-1.rds.amazonaws.com
3979,cwtn9d74cy6v.eu-central-1.rds.amazonaws.com
3980,go.dyndns.org
3981,in.futurecms.at
3982,is-a-photographer.com
3983,is-local.org
3984,ju.mp
3985,mil.za
3986,mircloud.host
3987,notebook.us-east-2.sagemaker.aws
3988,opencraft.hosting
3989,s3-website.eu-west-1.amazonaws.com
3990,s3.ap-southeast-4.amazonaws.com
3991,sch.qa
3992,sm.ua
3993,vps-host.net
3994,whoswho
3995,aliases121.com
3996,bhz.br
3997,c10.us-west-2.airflow.amazonaws.com
3998,cf36tnyrpwaf.eu-central-1.rds.amazonaws.com
3999,ckkwtpay82c6.us-east-1.rds.amazonaws.com
4000,cmjbw5rswojp.us-east-1.rds.amazonaws.com
4001,cozvpzzwfjsc.eu-west-2.rds.amazonaws.com
4002,croydon.sch.uk
4003,cvfyftyfo3k7.eu-west-3.rds.amazonaws.com
4004,cw1v94cdm7ik.us-east-1.rds.amazonaws.com
4005,dnsdojo.net
4006,dynserv.org
4007,firewall-gateway.com
4008,from-la.net
4009,goiania.br
4010,haringey.sch.uk
4011,hidns.vip
4012,j.scaleforce.net
4013,jelenia-gora.pl
4014,ma.leg.br
4015,mil.uy
4016,mobi.ng
4017,modx.dev
4018,my.eu.org
4019,net.ly
4020,nikolaev.ua
4021,on.crisp.email
4022,org.gy
4023,podzone.org
4024,ssl.origin.cdn77-secure.org
4025,swinoujscie.pl
4026,vanguard
4027,vpndns.net
4028,wixstudio.io
4029,ams1.vultrobjects.com
4030,api.br
4031,auth.sa-east-1.amazoncognito.com
4032,cable-modem.org
4033,cmpiymfjingy.eu-west-1.rds.amazonaws.com
4034,cmrxbejzr5ux.us-east-1.rds.amazonaws.com
4035,cmxjqsq1ff1o.us-east-1.rds.amazonaws.com
4036,com.gl
4037,com.ki
4038,com.so
4039,cydyixefygaw.us-east-1.rds.amazonaws.com
4040,emrstudio-prod.us-east-1.amazonaws.com
4041,lamborghini
4042,mil.bo
4043,org.vc
4044,rag-cloud-ch.hosteur.com
4045,s-lanark.sch.uk
4046,s3-eu-north-1.amazonaws.com
4047,s3.dualstack.ap-southeast-5.amazonaws.com
4048,star
4049,stoke.sch.uk
4050,tv.in
4051,us.in
4052,ba.leg.br
4053,brasilia.me
4054,c1ldabd6xbtl.us-east-1.rds.amazonaws.com
4055,cba
4056,chmawzpfjyng.us-east-1.rds.amazonaws.com
4057,cloud-ip.biz
4058,cnblqiskmkkv.us-west-2.rds.amazonaws.com
4059,com.ml
4060,com.sc
4061,covh9t8ry0k1.eu-west-1.rds.amazonaws.com
4062,cutotesuzr1k.us-east-1.rds.amazonaws.com
4063,cz69atwiaakd.ap-northeast-1.rds.amazonaws.com
4064,cznpofghpstv.us-east-2.rds.amazonaws.com
4065,dd-dns.de
4066,jls-sto3.elastx.net
4067,lapy.pl
4068,lib.ny.us
4069,merton.sch.uk
4070,mil.by
4071,myphotos.cc
4072,ne.tz
4073,niteroi.br
4074,saloon.jp
4075,vfs.cloud9.ap-northeast-1.amazonaws.com
4076,c17.us-east-1.airflow.amazonaws.com
4077,c9hrttasmi1h.us-east-1.rds.amazonaws.com
4078,cc.ga.us
4079,cc.ia.us
4080,cds9uxubvys5.us-east-1.rds.amazonaws.com
4081,chirurgiens-dentistes-en-france.fr
4082,chtkqz3kc848.us-east-1.rds.amazonaws.com
4083,com.mu
4084,conve8wiukdv.us-east-1.rds.amazonaws.com
4085,from-tx.com
4086,is-slick.com
4087,jls-sto2.elastx.net
4088,jnj
4089,joinville.br
4090,name.np
4091,net.cu
4092,org.kg
4093,ostroda.pl
4094,piacenza.it
4095,pomorze.pl
4096,tashkent.su
4097,trust
4098,udi.br
4099,web.val.run
4100,wolomin.pl
4101,barsy.online
4102,but.jp
4103,c5x5hycgdkii.us-east-1.rds.amazonaws.com
4104,c62yvutgycdl.eu-west-1.rds.amazonaws.com
4105,cbmuittvt2tm.us-east-1.rds.amazonaws.com
4106,cluster-c69auj4uphxa.us-east-1.rds.amazonaws.com
4107,cptfwz6h9sxb.us-east-1.rds.amazonaws.com
4108,cq4l3iit6da7.us-east-1.rds.amazonaws.com
4109,cr6qzgsjn4qe.eu-west-1.rds.amazonaws.com
4110,cuok0hcpg6cn.us-east-1.rds.amazonaws.com
4111,cuudzr7pgeql.us-east-1.rds.amazonaws.com
4112,dix.asia
4113,dr.in
4114,dyndns-mail.com
4115,edu.mg
4116,element--jd-g-aj-ac35-es.quipelements.com
4117,gmail
4118,medway.sch.uk
4119,minato.tokyo.jp
4120,naklo.pl
4121,nerdpol.ovh
4122,no-ip.ca
4123,rivne.ua
4124,salerno.it
4125,sjc.br
4126,sp.it
4127,stufftoread.com
4128,turystyka.pl
4129,vb.it
4130,appchizi.com
4131,caxkh09sn5qx.us-west-2.rds.amazonaws.com
4132,cb01jjlzwp3x.eu-central-1.rds.amazonaws.com
4133,cbg.ru
4134,ccokuxmxc3cq.us-east-1.rds.amazonaws.com
4135,ceyfwneycsgc.us-east-1.rds.amazonaws.com
4136,cfv3whgeybkp.eu-west-1.rds.amazonaws.com
4137,cizuwttiohdu.us-east-1.rds.amazonaws.com
4138,cmjjw9xkh7hl.eu-central-1.rds.amazonaws.com
4139,co.ni
4140,cpserver.com
4141,ctligt1tla11.eu-west-1.rds.amazonaws.com
4142,cux26buzfyvm.us-east-1.rds.amazonaws.com
4143,danang.vn
4144,dyn-vpn.de
4145,fortal.br
4146,george
4147,gov.ki
4148,harrow.sch.uk
4149,hobby-site.com
4150,homesecuritymac.com
4151,info.in
4152,kingston.sch.uk
4153,konskowola.pl
4154,mypets.ws
4155,net.az
4156,org.sy
4157,po.gov.pl
4158,s3.dualstack.cn-north-1.amazonaws.com.cn
4159,sc.kr
4160,sr.it
4161,unusualperson.com
4162,wokingham.sch.uk
4163,biella.it
4164,bihar.in
4165,c1cdqxl54xni.us-east-1.rds.amazonaws.com
4166,campinas.br
4167,cb68ic62ma7x.us-east-1.rds.amazonaws.com
4168,cc51u9ivpdft.us-east-1.rds.amazonaws.com
4169,ccwd8z71hwbq.us-east-1.rds.amazonaws.com
4170,chmwv3vdc1eo.eu-west-1.rds.amazonaws.com
4171,ciramzo7ygbe.eu-west-1.rds.amazonaws.com
4172,clpt7xtqi3ia.eu-west-1.rds.amazonaws.com
4173,cluster020.hosting.ovh.net
4174,cluster031.hosting.ovh.net
4175,cmtffnqrifea.eu-west-1.rds.amazonaws.com
4176,co.ca
4177,cpnnbtwc39eb.eu-west-1.rds.amazonaws.com
4178,cththxcyulrc.us-east-1.rds.amazonaws.com
4179,culjnwfc4lnm.eu-central-1.rds.amazonaws.com
4180,cxcwxld8mwiw.eu-west-1.rds.amazonaws.com
4181,dscloud.mobi
4182,dyndns-blog.com
4183,ens.tn
4184,from-ar.com
4185,is-a-blogger.com
4186,lambda-url.ap-southeast-3.on.aws
4187,lima.zone
4188,swidnik.pl
4189,xnbay.com
4190,aaa
4191,ap.gov.pl
4192,c3pz81t6jnu5.sa-east-1.rds.amazonaws.com
4193,c9fkfouerok3.ca-central-1.rds.amazonaws.com
4194,cfjxjvkhkzws.us-east-1.rds.amazonaws.com
4195,cgbgtd68kgse.eu-central-1.rds.amazonaws.com
4196,ci3fjjj3fklo.eu-west-1.rds.amazonaws.com
4197,cluster100.hosting.ovh.net
4198,cmlilpbqvd03.us-east-1.rds.amazonaws.com
4199,cs0w4jx3mrry.us-east-2.rds.amazonaws.com
4200,cv2v1x9rnu4c.eu-central-1.rds.amazonaws.com
4201,cwikgb27tggo.eu-west-1.rds.amazonaws.com
4202,cy1t2lzs4kts.us-east-1.rds.amazonaws.com
4203,cz6fe8dnuxf9.us-west-2.rds.amazonaws.com
4204,czeladz.pl
4205,czudmzij5mwe.eu-central-1.rds.amazonaws.com
4206,des.br
4207,dnsdojo.org
4208,edu.lc
4209,experts-comptables.fr
4210,gog.pk
4211,info.tn
4212,lecce.it
4213,name.my
4214,nra
4215,opensocial.site
4216,org.sd
4217,pb.leg.br
4218,plock.pl
4219,ri.it
4220,ro.leg.br
4221,s3-object-lambda.ap-southeast-1.amazonaws.com
4222,samsung
4223,serveexchange.com
4224,shopware.store
4225,solihull.sch.uk
4226,tatamotors
4227,transfer-webapp.us-east-1.on.aws
4228,varese.it
4229,vc.it
4230,afl
4231,blogdns.net
4232,c8goyiyokfu1.us-east-1.rds.amazonaws.com
4233,cah6cmyuenc8.us-east-1.rds.amazonaws.com
4234,canva.run
4235,cbrzfvainwli.eu-central-1.rds.amazonaws.com
4236,ckuqmpxnylpg.us-west-2.rds.amazonaws.com
4237,clacntogwogy.eu-central-1.rds.amazonaws.com
4238,cn0fsnenmw0j.eu-west-1.rds.amazonaws.com
4239,ctanzpr9jact.ap-south-1.rds.amazonaws.com
4240,cto31bn8upl5.us-west-2.rds.amazonaws.com
4241,cxyomoqoulqi.us-east-1.rds.amazonaws.com
4242,czq11cg6pehf.us-east-1.rds.amazonaws.com
4243,czwkvwkmyvbd.sa-east-1.rds.amazonaws.com
4244,draydns.de
4245,edu.bi
4246,from-mi.com
4247,gru.br
4248,homeunix.com
4249,in.ngrok.io
4250,k12.ks.us
4251,kg.kr
4252,lcube-server.de
4253,oops.jp
4254,opal.ne.jp
4255,powys.sch.uk
4256,privatelink.snowflake.app
4257,s3-website.ca-central-1.amazonaws.com
4258,s3.dualstack.ap-east-1.amazonaws.com
4259,selfip.biz
4260,taranto.it
4261,theatre
4262,williamhill
4263,ap-mumbai-1.oraclecloudapps.com
4264,c0i43vqt07of.us-west-2.rds.amazonaws.com
4265,c0ucmfaorzii.us-east-1.rds.amazonaws.com
4266,c16e6akg2k6f.eu-west-1.rds.amazonaws.com
4267,c30gs08iwwbf.us-east-1.rds.amazonaws.com
4268,c7rapj7k8fhk.eu-west-1.rds.amazonaws.com
4269,calderdale.sch.uk
4270,caxtjsgfau3v.us-east-1.rds.amazonaws.com
4271,cb8hgb2hqteo.eu-west-1.rds.amazonaws.com
4272,ccsvs55gflqe.us-east-1.rds.amazonaws.com
4273,cdelxoozhque.eu-central-1.rds.amazonaws.com
4274,ceru3h1ft6r5.eu-central-1.rds.amazonaws.com
4275,cluster-cjuoc4lvinz0.us-west-2.rds.amazonaws.com
4276,cmusfwn1xcmf.us-east-1.rds.amazonaws.com
4277,co.site
4278,crzpecgmahwk.us-east-2.rds.amazonaws.com
4279,csejrxotwmes.ap-northeast-1.rds.amazonaws.com
4280,doesntexist.org
4281,hitachi
4282,is-saved.org
4283,kilo.jp
4284,northants.sch.uk
4285,pa.leg.br
4286,pgafan.net
4287,pl.eu.org
4288,rep.kp
4289,szczytno.pl
4290,uwu.ai
4291,xn--j1adp.xn--p1acf
4292,zarow.pl
4293,c3j1mjwf0etc.eu-central-1.rds.amazonaws.com
4294,ccweu7vx2tfr.eu-central-1.rds.amazonaws.com
4295,clrh5siebdbu.us-east-1.rds.amazonaws.com
4296,clrvmxpyqrmd.ap-southeast-2.rds.amazonaws.com
4297,cluster-ro-chguk0xfyw7u.us-east-1.rds.amazonaws.com
4298,coiybbeprpv8.us-east-1.rds.amazonaws.com
4299,cw8s9ac6kjzj.eu-west-1.rds.amazonaws.com
4300,delhi.in
4301,discover
4302,dnsiskinky.com
4303,erni
4304,ex.futurecms.at
4305,hisamitsu
4306,kanazawa.ishikawa.jp
4307,laquila.it
4308,messina.it
4309,nom.fr
4310,ntdll.top
4311,pomorskie.pl
4312,sassari.it
4313,the.br
4314,xn--mgberp4a5d4ar
4315,zero
4316,arvanedge.ir
4317,at.in.futurecms.at
4318,be.eu.org
4319,c5dkpb8m7btb.us-east-1.rds.amazonaws.com
4320,c8ow2ymsuvvd.us-east-1.rds.amazonaws.com
4321,ca9kcfi3hpqt.us-east-1.rds.amazonaws.com
4322,cc72p13qnya1.us-east-1.rds.amazonaws.com
4323,chfc5t8atewz.eu-west-1.rds.amazonaws.com
4324,cjagwnkyqk3l.us-east-1.rds.amazonaws.com
4325,cluster-chguk0xfyw7u.us-east-1.rds.amazonaws.com
4326,cluster-cnxilbn4jtk5.eu-west-1.rds.amazonaws.com
4327,cluster-cr30kecsysuc.us-east-1.rds.amazonaws.com
4328,cp6ukqgw6qvw.ap-southeast-2.rds.amazonaws.com
4329,cvvg7hnqcnrw.eu-west-1.rds.amazonaws.com
4330,diskstation.eu
4331,edin.sch.uk
4332,edu.vu
4333,exnet.su
4334,homeftp.org
4335,is-a-rockstar.com
4336,net.ge
4337,nov.su
4338,sandwell.sch.uk
4339,sch.ly
4340,vfs.cloud9.us-west-2.amazonaws.com
4341,vladikavkaz.ru
4342,xn--1qqw23a
4343,bolivia.bo
4344,c7tukymsxt77.eu-west-1.rds.amazonaws.com
4345,ca-toronto-1.oci.customer-oci.com
4346,cadt8abhruu2.eu-west-1.rds.amazonaws.com
4347,caijygvgrdwc.us-west-1.rds.amazonaws.com
4348,cbbicd6ntdmu.us-east-1.rds.amazonaws.com
4349,ccemuycd3ofn.eu-west-1.rds.amazonaws.com
4350,chi9lgpwbbsi.us-west-2.rds.amazonaws.com
4351,cjfjsn7qb3vt.ap-south-1.rds.amazonaws.com
4352,cluster-clrh5siebdbu.us-east-1.rds.amazonaws.com
4353,cluster-cpka0mtf6w1l.us-east-1.rds.amazonaws.com
4354,cqt1dhadllde.us-east-1.rds.amazonaws.com
4355,czxo4kiihsfz.us-east-1.rds.amazonaws.com
4356,from-sc.com
4357,go.it
4358,heliohost.us
4359,hlx.live
4360,iserv.host
4361,jab.br
4362,lt.it
4363,me.kr
4364,mil.gh
4365,ngrok.pro
4366,public-inquiry.uk
4367,servesarcasm.com
4368,sj
4369,slz.br
4370,wegrow.pl
4371,xn--12cfi8ixb8l.xn--o3cw4h
4372,xn--imr513n
4373,auspost
4374,belem.br
4375,bom
4376,book
4377,c3wiac608n5l.eu-central-1.rds.amazonaws.com
4378,c75irghosddi.us-east-1.rds.amazonaws.com
4379,cebk2xkoszzg.us-east-1.rds.amazonaws.com
4380,cgfpbdwqwadg.eu-west-1.rds.amazonaws.com
4381,ciktv5obopv6.us-east-1.rds.amazonaws.com
4382,cn.in
4383,co.dk
4384,com.io
4385,cu0qml6ncyhw.us-east-1.rds.amazonaws.com
4386,cv620e8awitt.eu-central-1.rds.amazonaws.com
4387,czoqxvus1z1f.us-west-2.rds.amazonaws.com
4388,deta.app
4389,got
4390,gr.it
4391,greater.jp
4392,iamallama.com
4393,info.bo
4394,jls-sto1.elastx.net
4395,lib.pa.us
4396,limanowa.pl
4397,me-dubai-1.oci.customer-oci.com
4398,net.bn
4399,nhlfan.net
4400,obninsk.su
4401,publ.cv
4402,rovno.ua
4403,servegame.org
4404,softbank
4405,taveusercontent.com
4406,webadorsite.com
4407,york.sch.uk
4408,zakopane.pl
4409,2-d.jp
4410,blogdns.org
4411,c0xzlo6s7duc.us-west-2.rds.amazonaws.com
4412,c76ps4ojyfwu.us-west-2.rds.amazonaws.com
4413,cbsizktduxob.us-east-1.rds.amazonaws.com
4414,cjcljgwjghre.us-west-2.rds.amazonaws.com
4415,cjjhogpjvrmb.us-west-1.rds.amazonaws.com
4416,clan.rip
4417,clbwffbnugtf.us-west-2.rds.amazonaws.com
4418,cletfhuczvop.us-east-2.rds.amazonaws.com
4419,cmxayu6oary4.us-east-1.rds.amazonaws.com
4420,cr4srzjojz4v.eu-west-1.rds.amazonaws.com
4421,cr6mu6q8i8bo.sa-east-1.rds.amazonaws.com
4422,crooygdi1dkt.eu-west-1.rds.amazonaws.com
4423,cs3v2ailr4l4.us-east-1.rds.amazonaws.com
4424,csdgvvxe5dze.ap-southeast-1.rds.amazonaws.com
4425,cvazd5xqwxzl.eu-west-1.rds.amazonaws.com
4426,czaqbe0wugwr.us-east-1.rds.amazonaws.com
4427,czm9gad6m4bg.us-east-1.rds.amazonaws.com
4428,det.br
4429,dev.futurecms.at
4430,eufrankfurt.snowflake.app
4431,fi.eu.org
4432,fr-par-1.baremetal.scw.cloud
4433,hu.eu.org
4434,is-a-techie.com
4435,jp.ngrok.io
4436,lib.fl.us
4437,mazeplay.com
4438,net.la
4439,no.it
4440,protection
4441,r.cdn77.net
4442,rr.leg.br
4443,ven.it
4444,vologda.su
4445,bashkiria.ru
4446,bromley.sch.uk
4447,cc.tx.us
4448,ccustsheyekk.eu-central-1.rds.amazonaws.com
4449,cezu73z2i2io.us-west-2.rds.amazonaws.com
4450,couchpotatofries.org
4451,ctc4iy2wdjec.us-east-1.rds.amazonaws.com
4452,ctsjcbajyipp.us-east-2.rds.amazonaws.com
4453,cttct71jg07z.eu-central-1.rds.amazonaws.com
4454,cuisinella
4455,customer.speedpartner.de
4456,czjcpkg6ytqm.us-east-1.rds.amazonaws.com
4457,endoftheinternet.org
4458,from-ne.com
4459,from-wi.com
4460,gkp.pk
4461,incheon.kr
4462,is-an-accountant.com
4463,k12.il
4464,mods.jp
4465,mydissent.net
4466,on-vapor.com
4467,phone
4468,rdv9rfcqjq.code.run
4469,rg.it
4470,shropshire.sch.uk
4471,ukwest.azurecontainer.io
4472,vip.jelastic.cloud
4473,website-eu-central-1.linodeobjects.com
4474,at.ex.futurecms.at
4475,base.ec
4476,c1.us-west-2.airflow.amazonaws.com
4477,c6.us-east-1.airflow.amazonaws.com
4478,c73.us-east-1.airflow.amazonaws.com
4479,c9in3mi8kiok.us-east-1.rds.amazonaws.com
4480,cardiff.sch.uk
4481,cbk2oy2kvnth.us-east-1.rds.amazonaws.com
4482,cgact3hzyljr.us-east-2.rds.amazonaws.com
4483,chnwpz3ihizb.us-east-1.rds.amazonaws.com
4484,ciean0huuvrb.us-east-1.rds.amazonaws.com
4485,cluster-cz47ijh0hgmb.us-east-1.rds.amazonaws.com
4486,cluster030.hosting.ovh.net
4487,cmp8tvaubtvo.eu-central-1.rds.amazonaws.com
4488,cpurfha2jivv.eu-west-1.rds.amazonaws.com
4489,cskiyowydgkq.us-west-2.rds.amazonaws.com
4490,csq0obdy3h8l.eu-west-1.rds.amazonaws.com
4491,cwfywvqobtqs.eu-west-1.rds.amazonaws.com
4492,cwt3j862dm7s.us-west-2.rds.amazonaws.com
4493,cximjwpvivut.us-east-1.rds.amazonaws.com
4494,cyh6yveriqpg.ap-southeast-2.rds.amazonaws.com
4495,cztrq6ed5ewk.eu-west-1.rds.amazonaws.com
4496,element--xd-j-aj-a-n5-jbi.quipelements.com
4497,emrappui-prod.us-west-2.amazonaws.com
4498,endofinternet.net
4499,foz.br
4500,from-il.com
4501,jele.io
4502,kagawa.jp
4503,lib.nh.us
4504,lodi.it
4505,lubartow.pl
4506,mil.no
4507,mini
4508,mymediapc.net
4509,noticeable.news
4510,on-aptible.com
4511,org.cv
4512,s3.pl-waw.scw.cloud
4513,servebbs.org
4514,servehumour.com
4515,tr.it
4516,vivo
4517,0am.jp
4518,aquarelle
4519,bbs.tr
4520,bexley.sch.uk
4521,bitter.jp
4522,bt.it
4523,c14.eu-west-1.airflow.amazonaws.com
4524,c1wa2co2q5vb.us-east-1.rds.amazonaws.com
4525,c3rou25ghesj.eu-west-1.rds.amazonaws.com
4526,c3ru8ckm5iuo.us-east-1.rds.amazonaws.com
4527,c5omyw4cyesf.ap-southeast-2.rds.amazonaws.com
4528,c6zslgzxz6oy.eu-west-1.rds.amazonaws.com
4529,c7wxzo1mdrho.us-east-1.rds.amazonaws.com
4530,cagai10zorvl.us-east-1.rds.amazonaws.com
4531,case
4532,ce6vhec8zzrn.eu-central-1.rds.amazonaws.com
4533,ceyk9c6aqt3m.us-east-1.rds.amazonaws.com
4534,cfxrzcqfqu7j.eu-west-3.rds.amazonaws.com
4535,cgauft9vseph.us-east-1.rds.amazonaws.com
4536,cloudns.club
4537,cluster023.hosting.ovh.net
4538,con9oc8ojm2z.us-west-2.rds.amazonaws.com
4539,cro0okm2me4a.us-east-1.rds.amazonaws.com
4540,ctifxqvhvoml.us-east-1.rds.amazonaws.com
4541,ctkx9vyo5i15.ca-west-1.rds.amazonaws.com
4542,ctqr1pvaesqt.eu-west-1.rds.amazonaws.com
4543,cuh58mejvfoo.eu-west-1.rds.amazonaws.com
4544,cw2u8uz9ppsd.eu-west-1.rds.amazonaws.com
4545,cxd73ultyzvf.ap-southeast-2.rds.amazonaws.com
4546,cxvokhbfbmmf.us-west-2.rds.amazonaws.com
4547,cyfbz7r2qgb0.us-east-1.rds.amazonaws.com
4548,cypfdsi0fsj4.ap-northeast-1.rds.amazonaws.com
4549,daegu.kr
4550,doncaster.sch.uk
4551,ee.eu.org
4552,eu-amsterdam-1.oraclecloudapps.com
4553,europe-west8.run.app
4554,filegear.me
4555,from-fl.com
4556,iobb.net
4557,is-leet.com
4558,is-very-evil.org
4559,karaganda.su
4560,lu.eu.org
4561,nat.cu
4562,on-forge.com
4563,org.me
4564,ownprovider.com
4565,prod2.snowflake.app
4566,s3-website-us-gov-west-1.amazonaws.com
4567,static-access.net
4568,tecnologia.bo
4569,tunk.org
4570,vercelli.it
4571,wpdevcloud.com
4572,xn--90a1af.xn--p1acf
4573,xn--fiq64b
4574,xn--h1ahn.xn--p1acf
4575,zhitomir.ua
4576,arab
4577,asti.it
4578,baidu
4579,c0snfjtnuos1.us-west-2.rds.amazonaws.com
4580,c72o6squo8vr.us-east-2.rds.amazonaws.com
4581,ca8le6cbqhp2.af-south-1.rds.amazonaws.com
4582,cc.or.us
4583,ckgl73vtalts.eu-west-1.rds.amazonaws.com
4584,coaex1b02dtm.eu-central-1.rds.amazonaws.com
4585,crbshcllhljo.ap-northeast-1.rds.amazonaws.com
4586,culchfayh9yn.us-east-1.rds.amazonaws.com
4587,cuplrk7q1pwr.us-east-2.rds.amazonaws.com
4588,czq64yy4gn11.us-east-1.rds.amazonaws.com
4589,dyn.ddnss.de
4590,es.eu.org
4591,fnd.br
4592,from-md.com
4593,game-host.org
4594,is-a-republican.com
4595,lima-city.at
4596,mel.cloudlets.com.au
4597,myaddr.tools
4598,nflfan.org
4599,nom.pe
4600,not.br
4601,raindrop.jp
4602,s3-website.eu-west-3.amazonaws.com
4603,si.eu.org
4604,stackit.run
4605,zagan.pl
4606,app.render.com
4607,better-than.tv
4608,boldlygoingnowhere.org
4609,broadway
4610,c18jydecdaor.eu-central-1.rds.amazonaws.com
4611,c1ca462uc1pb.us-east-1.rds.amazonaws.com
4612,c4v4oarbwnyb.us-east-1.rds.amazonaws.com
4613,c68.us-east-1.airflow.amazonaws.com
4614,c6vn6d9bucec.us-east-1.rds.amazonaws.com
4615,caqg9atamgze.eu-central-1.rds.amazonaws.com
4616,cdfxyzj7jlip.us-east-1.rds.amazonaws.com
4617,cepzeqlr7oiv.us-west-2.rds.amazonaws.com
4618,chx70tjhcdp9.us-east-1.rds.amazonaws.com
4619,cixybzxn9nrs.us-west-2.rds.amazonaws.com
4620,cjz7ulo3eun8.rds.cn-north-1.amazonaws.com.cn
4621,clo5ieeqlvb9.eu-central-1.rds.amazonaws.com
4622,cmwfkrmwkmyp.ap-south-1.rds.amazonaws.com
4623,cmxnhkgdmcp4.us-east-1.rds.amazonaws.com
4624,co.az
4625,co.business
4626,cobo8vikanhg.us-east-1.rds.amazonaws.com
4627,cosenza.it
4628,cp05qwusb63a.eu-central-1.rds.amazonaws.com
4629,cqf2mpbmddin.us-east-1.rds.amazonaws.com
4630,cr6xy6zbxoks.eu-west-1.rds.amazonaws.com
4631,cupdsjk3fdtw.us-east-1.rds.amazonaws.com
4632,cuuuvi7xhm1i.ap-south-1.rds.amazonaws.com
4633,cw6gnv3f8tzw.eu-west-1.rds.amazonaws.com
4634,cy7ioc0ug681.us-east-1.rds.amazonaws.com
4635,cyi9hwykclnu.eu-central-1.rds.amazonaws.com
4636,cytfveifermd.ap-northeast-1.rds.amazonaws.com
4637,czty0tkfhsqc.us-west-2.rds.amazonaws.com
4638,czxijnxvmf3f.eu-central-1.rds.amazonaws.com
4639,dr.tr
4640,dundeecity.sch.uk
4641,dyndns-wiki.com
4642,emrnotebooks-prod.us-west-2.amazonaws.com
4643,eu-west-1.compute.amazonaws.com
4644,fm.it
4645,from-ma.com
4646,ie.eu.org
4647,is-a-green.com
4648,is-a-nurse.com
4649,littlestar.jp
4650,myspreadshop.net
4651,net.ck
4652,potager.org
4653,s3.dualstack.cn-northwest-1.amazonaws.com.cn
4654,se.eu.org
4655,slough.sch.uk
4656,synology-diskstation.de
4657,x.mythic-beasts.com
4658,ylcu-atmi.cloudera.site
4659,c19.eu-west-1.airflow.amazonaws.com
4660,c2b67mbvjdhs.ap-south-1.rds.amazonaws.com
4661,c3gosdsnejti.us-east-1.rds.amazonaws.com
4662,c6t9wgur1ahf.eu-central-1.rds.amazonaws.com
4663,c70q0c2iygyy.us-east-1.rds.amazonaws.com
4664,c8cpnspedn7x.eu-central-1.rds.amazonaws.com
4665,c93qzvmabqo2.us-east-1.rds.amazonaws.com
4666,caexm62l5mfh.us-east-1.rds.amazonaws.com
4667,cal0p8p6eaji.us-east-1.rds.amazonaws.com
4668,cbo64i2ea289.us-east-1.rds.amazonaws.com
4669,cbsfcyc1pzo7.eu-central-1.rds.amazonaws.com
4670,ccto6s26sr6a.us-east-1.rds.amazonaws.com
4671,cfurbqdsjlhf.us-east-1.rds.amazonaws.com
4672,cho7zwl6ukmp.eu-west-1.rds.amazonaws.com
4673,cjc8sgipcvyz.us-east-1.rds.amazonaws.com
4674,cloudns.cx
4675,cn-northwest-1.eb.amazonaws.com.cn
4676,cnyun8s77bng.us-east-1.rds.amazonaws.com
4677,com.cw
4678,con46igds3mh.us-east-2.rds.amazonaws.com
4679,cry4mm8oozz8.us-east-2.rds.amazonaws.com
4680,cs66qa8x35b0.us-west-2.rds.amazonaws.com
4681,cszcccba0pz0.eu-west-1.rds.amazonaws.com
4682,cz47ijh0hgmb.us-east-1.rds.amazonaws.com
4683,edgesuite-staging.net
4684,enterprisecloud.nu
4685,eu.encoway.cloud
4686,for-more.biz
4687,is-lost.org
4688,krasnik.pl
4689,lezajsk.pl
4690,likes-pie.com
4691,mints.ne.jp
4692,myaddr.dev
4693,mysecuritycamera.org
4694,ota.tokyo.jp
4695,oxa.cloud
4696,oy.lc
4697,penza.su
4698,ri.us
4699,room
4700,s3.dualstack.af-south-1.amazonaws.com
4701,sadist.jp
4702,servebbs.net
4703,skoczow.pl
4704,sochi.su
4705,squares.net
4706,swindon.sch.uk
4707,udine.it
4708,uk0.bigv.io
4709,unicloud.pl
4710,us-south1.run.app
4711,veterinaire.fr
4712,a.prod.fastly.net
4713,ac.ls
4714,alt.za
4715,arte.bo
4716,bbc
4717,c1kmammasv1t.us-east-1.rds.amazonaws.com
4718,c2sqjjs0cdgx.us-east-2.rds.amazonaws.com
4719,c3.eu-central-1.airflow.amazonaws.com
4720,c5whjxravc7m.us-east-1.rds.amazonaws.com
4721,can0fqjankz3.eu-central-1.rds.amazonaws.com
4722,cd0sgeqw6nk0.ap-southeast-2.rds.amazonaws.com
4723,cht6qxio1ozl.us-east-1.rds.amazonaws.com
4724,cj2udntufrqb.eu-west-1.rds.amazonaws.com
4725,cl.it
4726,cl6zzeei0ljx.us-east-1.rds.amazonaws.com
4727,cluster021.hosting.ovh.net
4728,cmfwly73fcar.eu-west-1.rds.amazonaws.com
4729,cmtcmmlqwkgv.eu-central-1.rds.amazonaws.com
4730,coyrqjznk4fc.us-east-1.rds.amazonaws.com
4731,cp6ms8gs3vna.eu-central-1.rds.amazonaws.com
4732,cpzcaa7trx7j.us-west-2.rds.amazonaws.com
4733,cshcjxq5baq6.us-east-1.rds.amazonaws.com
4734,cuvlabigub7d.eu-central-1.rds.amazonaws.com
4735,emrnotebooks-prod.us-west-1.amazonaws.com
4736,emrstudio-prod.us-west-2.amazonaws.com
4737,for-the.biz
4738,gov.mu
4739,grosseto.it
4740,hobby-site.org
4741,internet.in
4742,is-a-teacher.com
4743,isa-geek.com
4744,lib.co.us
4745,lib.va.us
4746,neat-url.com
4747,net.fk
4748,on-fleek.app
4749,oristano.it
4750,runs.onstackit.cloud
4751,s3.dualstack.ap-northeast-3.amazonaws.com
4752,sumomo.ne.jp
4753,swiebodzin.pl
4754,tuva.su
4755,x0.to
4756,xen.prgmr.com
4757,yamaguchi.jp
4758,ap-east-2.elb.amazonaws.com
4759,biz.pk
4760,c00cjdctgjd4.us-east-1.rds.amazonaws.com
4761,c11.eu-west-1.airflow.amazonaws.com
4762,c2mqcdd2lesy.us-east-2.rds.amazonaws.com
4763,c43pn9dxaudj.us-east-1.rds.amazonaws.com
4764,c5m3o6dii4sk.us-east-2.rds.amazonaws.com
4765,c6qb8ouygjgq.us-east-1.rds.amazonaws.com
4766,cbgf3f13hxtb.us-east-2.rds.amazonaws.com
4767,ccwbo6cbozas.us-east-1.rds.amazonaws.com
4768,cd00hdcqm2tz.us-east-1.rds.amazonaws.com
4769,chsirwpp4lhw.eu-central-1.rds.amazonaws.com
4770,cincmfu0rake.eu-west-1.rds.amazonaws.com
4771,ckwbtd9inmcz.us-east-1.rds.amazonaws.com
4772,clw60xpdk63p.us-east-1.rds.amazonaws.com
4773,co9s9uta175p.ap-southeast-2.rds.amazonaws.com
4774,crgnafi4tkpd.eu-central-1.rds.amazonaws.com
4775,crjeipgedmbj.us-east-1.rds.amazonaws.com
4776,csc2xbcvyza4.us-east-1.rds.amazonaws.com
4777,cxkjww6crpig.ap-southeast-2.rds.amazonaws.com
4778,cxmvgmfdxgbk.us-east-2.rds.amazonaws.com
4779,endofinternet.org
4780,health-carereform.com
4781,is-cool.dev
4782,labeling.us-east-1.sagemaker.aws
4783,lambeth.sch.uk
4784,mielno.pl
4785,off.ai
4786,ovh-fr-2.platformsh.site
4787,pointto.us
4788,pt.eu.org
4789,ru.eu.org
4790,sew
4791,sport.hu
4792,studio.af-south-1.sagemaker.aws
4793,svn-repos.de
4794,ts.it
4795,typedream.app
4796,under.jp
4797,us-east-2.compute.amazonaws.com
4798,velvet.jp
4799,wm.gateway.dev
4800,xn--j1aef.xn--p1acf
4801,aosta.it
4802,at-band-camp.net
4803,at.ex.ortsinfo.at
4804,atl.jelastic.vps-host.net
4805,auth.ap-east-1.amazoncognito.com
4806,c0xedmp2j6fj.eu-west-1.rds.amazonaws.com
4807,c20w85q2wugt.ca-central-1.rds.amazonaws.com
4808,c5co4yqyodxe.us-east-1.rds.amazonaws.com
4809,c5wgcec8ugsx.us-west-2.rds.amazonaws.com
4810,caffeine.xyz
4811,caserta.it
4812,cdn77-storage.com
4813,cecltavfyujl.us-west-2.rds.amazonaws.com
4814,cjfk11ewohxq.eu-west-1.rds.amazonaws.com
4815,cmfydxrklw15.us-east-1.rds.amazonaws.com
4816,cpjzxpcbttj7.us-west-2.rds.amazonaws.com
4817,cu6ap7r15chm.us-west-1.rds.amazonaws.com
4818,cwme0cy59c3n.us-east-1.rds.amazonaws.com
4819,cwpfvbcw9xsf.us-east-1.rds.amazonaws.com
4820,cyj7yrjvajnh.ap-southeast-2.rds.amazonaws.com
4821,czoowmoo8oih.eu-west-1.rds.amazonaws.com
4822,czpaipc2hj5o.us-east-1.rds.amazonaws.com
4823,czuu4cgiuvm8.ap-southeast-2.rds.amazonaws.com
4824,de-1.platformsh.site
4825,dyndns1.de
4826,es-mad-1.linodeobjects.com
4827,firewall-gateway.net
4828,hacca.jp
4829,imperia.it
4830,is-uberleet.com
4831,kaszuby.pl
4832,lib.ky.us
4833,lucas.nom.br
4834,nl-1.platformsh.site
4835,o365.cloud.nospamproxy.com
4836,ovh-fr-1.platformsh.site
4837,podhale.pl
4838,podlasie.pl
4839,polkowice.pl
4840,pru
4841,przeworsk.pl
4842,selfip.info
4843,studio.ap-south-1.sagemaker.aws
4844,toyota.aichi.jp
4845,us-sanjose-1.oraclecloudapps.com
4846,vfs.cloud9.eu-central-1.amazonaws.com
4847,viterbo.it
4848,xn--xkc2dl3a5ee0h
4849,ally
4850,ap-southeast-6.elb.amazonaws.com
4851,c0.eu-central-1.airflow.amazonaws.com
4852,c14d5lvyi1sr.eu-central-1.rds.amazonaws.com
4853,c1oaq8e6embf.eu-central-1.rds.amazonaws.com
4854,c43.us-east-1.airflow.amazonaws.com
4855,c6r8nddb4ndr.us-east-1.rds.amazonaws.com
4856,cacqssvvfgpz.us-east-1.rds.amazonaws.com
4857,caqxdcmdaetr.us-east-1.rds.amazonaws.com
4858,ccvme6mq4xgo.us-east-1.rds.amazonaws.com
4859,cdb413uihgsj.eu-west-1.rds.amazonaws.com
4860,cdwe42ai6iby.us-east-1.rds.amazonaws.com
4861,cek7gleraxyg.us-east-1.rds.amazonaws.com
4862,cfq9j1he5xhv.eu-central-1.rds.amazonaws.com
4863,chrqtasmdvd9.us-east-1.rds.amazonaws.com
4864,cjnhuuj83rdp.eu-west-1.rds.amazonaws.com
4865,cl4kgmghudit.eu-central-1.rds.amazonaws.com
4866,cluster-cz0anjtc1pjt.rds.cn-northwest-1.amazonaws.com.cn
4867,cmpfsaz1qdeq.us-east-2.rds.amazonaws.com
4868,cpdczmqr5vc6.us-east-1.rds.amazonaws.com
4869,cpsezj4g1jln.us-east-1.rds.amazonaws.com
4870,cqust0a80bgr.ap-southeast-2.rds.amazonaws.com
4871,crjxc697huyx.us-west-1.rds.amazonaws.com
4872,cviqyk4aoccc.eu-west-1.rds.amazonaws.com
4873,cvjjvc7a5xyp.eu-central-1.rds.amazonaws.com
4874,czappyht3za7.us-east-1.rds.amazonaws.com
4875,drive
4876,extraspace
4877,fi.cloudplatform.fi
4878,from-nd.com
4879,gov.ml
4880,gov.nr
4881,hk.org
4882,hotel.lk
4883,is-a-linux-user.org
4884,is-a-patsfan.org
4885,me.eu.org
4886,medusajs.app
4887,mil.np
4888,mil.py
4889,pn.it
4890,poivron.org
4891,pordenone.it
4892,s3-ap-east-1.amazonaws.com
4893,salud.bo
4894,scrapper-site.net
4895,sorocaba.br
4896,southafricanorth.azurecontainer.io
4897,umso.co
4898,vfs.cloud9.eu-west-2.amazonaws.com
4899,woltlab-demo.com
4900,xn--80ao21a
4901,1kapp.com
4902,alessandria.it
4903,am.br
4904,ap-sydney-1.oci.customer-oci.com
4905,asso.eu.org
4906,belluno.it
4907,bialowieza.pl
4908,c03o0m4iunus.us-east-1.rds.amazonaws.com
4909,c20.eu-west-1.airflow.amazonaws.com
4910,c25.eu-west-1.airflow.amazonaws.com
4911,c2dinwtclh36.us-west-2.rds.amazonaws.com
4912,c2j584ignfty.us-east-1.rds.amazonaws.com
4913,c5wowso6sg1d.us-east-1.rds.amazonaws.com
4914,c6y0nnbraxyx.us-east-1.rds.amazonaws.com
4915,c90bfvcdzphk.us-east-1.rds.amazonaws.com
4916,cc0zx61maynt.us-east-1.rds.amazonaws.com
4917,ccbkouwplqn5.us-east-1.rds.amazonaws.com
4918,cdu828s0fpyp.eu-west-1.rds.amazonaws.com
4919,ce55shuqrgwv.us-west-2.rds.amazonaws.com
4920,ckdbxokbbjho.us-east-1.rds.amazonaws.com
4921,cluster003.hosting.ovh.net
4922,cluster027.hosting.ovh.net
4923,cozx1taazjju.us-east-1.rds.amazonaws.com
4924,cp4tftdt5ypq.ap-south-1.rds.amazonaws.com
4925,csgsenqbnq8p.us-east-1.rds.amazonaws.com
4926,cvkrhcog15na.eu-central-1.rds.amazonaws.com
4927,cwtfkdto2mkg.us-east-1.rds.amazonaws.com
4928,cxb9ojepgchh.us-west-2.rds.amazonaws.com
4929,cxiohzsouj0t.us-east-1.rds.amazonaws.com
4930,cznpj54qiwxc.us-east-1.rds.amazonaws.com
4931,cztvpxd3ddot.us-east-1.rds.amazonaws.com
4932,czww4fkfraym.us-east-2.rds.amazonaws.com
4933,dattolocal.com
4934,es.leg.br
4935,eu-1.evennode.com
4936,execute-api.ap-northeast-3.amazonaws.com
4937,from-id.com
4938,from-me.org
4939,from-ok.com
4940,is-not-certified.com
4941,lib.sc.us
4942,lpusercontent.com
4943,minisite.ms
4944,org.mv
4945,pvt.ge
4946,sc.leg.br
4947,shimane.jp
4948,siracusa.it
4949,southcentralus.azurecontainer.io
4950,southwark.sch.uk
4951,stalowa-wola.pl
4952,sunnyday.jp
4953,teo.br
4954,tor1.digitaloceanspaces.com
4955,utsunomiya.tochigi.jp
4956,vfs.cloud9.ap-southeast-1.amazonaws.com
4957,vfs.cloud9.eu-west-1.amazonaws.com
4958,website-us-east-1.linodeobjects.com
4959,au.eu.org
4960,auth.eu-south-1.amazoncognito.com
4961,business.in
4962,c10wioo4qur0.eu-west-1.rds.amazonaws.com
4963,c3s6kcc604jr.us-east-1.rds.amazonaws.com
4964,c5628iigm439.us-east-1.rds.amazonaws.com
4965,cadys4wluppj.ap-northeast-2.rds.amazonaws.com
4966,cbl3rdridmu6.us-east-1.rds.amazonaws.com
4967,cbwk46uo07x4.us-east-1.rds.amazonaws.com
4968,cg6tiel4bguv.us-west-1.rds.amazonaws.com
4969,cjg9nxlet8ii.us-east-1.rds.amazonaws.com
4970,ck26bpyv7v8p.eu-west-1.rds.amazonaws.com
4971,cki7bjfaixsb.us-east-1.rds.amazonaws.com
4972,ckjtt9iagpas.eu-west-1.rds.amazonaws.com
4973,cl8mna1t247k.ap-northeast-1.rds.amazonaws.com
4974,cluster029.hosting.ovh.net
4975,cpaybedk4ynl.us-east-1.rds.amazonaws.com
4976,cqcz3cgbsgjo.ap-northeast-1.rds.amazonaws.com
4977,cswi1mrf5hw2.us-east-2.rds.amazonaws.com
4978,ctigia2egpee.us-west-2.rds.amazonaws.com
4979,cu4zwzomoyj9.us-east-1.rds.amazonaws.com
4980,cx39f1owh4fk.us-east-1.rds.amazonaws.com
4981,cykgoct0zxpk.us-east-1.rds.amazonaws.com
4982,cyvrearvgfsn.us-east-1.rds.amazonaws.com
4983,dontexist.net
4984,edu.pg
4985,ethos15-prod-deu6.dev.adobeaemcloud.com
4986,from-mn.com
4987,grayjayleagues.com
4988,hippy.jp
4989,holy.jp
4990,is-a-anarchist.com
4991,is-a-chef.net
4992,is-a-landscaper.com
4993,is-a-musician.com
4994,is-gone.com
4995,is-very-nice.org
4996,isa-geek.org
4997,laspezia.it
4998,londrina.br
4999,lv.eu.org
5000,net.cm
5001,notebook.sa-east-1.sagemaker.aws
5002,perso.sn
5003,qsl.br
5004,s3-website.ap-south-2.amazonaws.com
5005,s3-website.ap-southeast-3.amazonaws.com
5006,s3.dualstack.me-central-1.amazonaws.com
5007,smtp.magentosite.cloud
5008,tgory.pl
5009,trafford.sch.uk
5010,twmail.org
5011,webhop.info
5012,wirral.sch.uk
5013,wm.r.appspot.com
5014,12hp.ch
5015,69.xmit.co
5016,a1.cloudera.site
5017,babymilk.jp
5018,beskidy.pl
5019,brent.sch.uk
5020,brindisi.it
5021,bss.design
5022,c0fxtg711cwo.us-east-1.rds.amazonaws.com
5023,c12.eu-west-1.airflow.amazonaws.com
5024,c20.us-east-1.airflow.amazonaws.com
5025,c22tau82ab1l.eu-central-1.rds.amazonaws.com
5026,c5.ap-southeast-2.airflow.amazonaws.com
5027,ca.eu.org
5028,cal
5029,cbgfynx3dyky.us-east-1.rds.amazonaws.com
5030,cckpctv00wdz.eu-central-1.rds.amazonaws.com
5031,ccuwuwsbvvmf.us-east-1.rds.amazonaws.com
5032,cdqtrlmmh9pv.eu-west-1.rds.amazonaws.com
5033,cg8i37zig3x4.us-west-1.rds.amazonaws.com
5034,chase
5035,ckpkz8anyrl1.us-east-1.rds.amazonaws.com
5036,cprleic2gnlf.us-east-1.rds.amazonaws.com
5037,cqjxylongii1.eu-central-1.rds.amazonaws.com
5038,crvdw26edexc.us-east-1.rds.amazonaws.com
5039,csqntwtopx9u.us-east-1.rds.amazonaws.com
5040,cti4uyokzxrk.us-east-2.rds.amazonaws.com
5041,cturbvsembci.us-east-1.rds.amazonaws.com
5042,cvvr1iacqrig.us-east-1.rds.amazonaws.com
5043,de.eu.org
5044,dontexist.org
5045,dot
5046,edu.ao
5047,from-nj.com
5048,geo.br
5049,gv.ao
5050,ia.ve
5051,ingress-florina.ewp.live
5052,is-a-chef.com
5053,jeez.jp
5054,kurume.fukuoka.jp
5055,lib.ar.us
5056,mil.mm
5057,miniserver.com
5058,mlbfan.org
5059,net.nr
5060,net.so
5061,net.vc
5062,northcentralus.azurecontainer.io
5063,nottingham.sch.uk
5064,org.ht
5065,saga.saga.jp
5066,warrington.sch.uk
5067,wien.funkfeuer.at
5068,xn--o1ac.xn--90a3ac
5069,yonezawa.yamagata.jp
5070,avellino.it
5071,boomla.net
5072,c11.us-east-1.airflow.amazonaws.com
5073,c14.us-east-1.airflow.amazonaws.com
5074,c15.us-east-1.airflow.amazonaws.com
5075,c5.us-west-2.airflow.amazonaws.com
5076,c5xpmfqwcbio.eu-west-1.rds.amazonaws.com
5077,c7ka8wkaqfgq.us-east-1.rds.amazonaws.com
5078,c7t5xg8njfi3.us-east-1.rds.amazonaws.com
5079,c9ma0cyykqzd.us-west-2.rds.amazonaws.com
5080,cbjdsowgbjot.eu-west-2.rds.amazonaws.com
5081,cbjqq0scqje7.us-west-2.rds.amazonaws.com
5082,cbokpjksvisc.eu-central-1.rds.amazonaws.com
5083,cc.mi.us
5084,cc9ftppy35ab.us-east-2.rds.amazonaws.com
5085,cd5rnxzrl4ym.us-east-1.rds.amazonaws.com
5086,cegpgia0blc4.us-east-1.rds.amazonaws.com
5087,ceriais8waoy.us-east-1.rds.amazonaws.com
5088,cfaq2o4yqq9e.us-east-1.rds.amazonaws.com
5089,cfmjwkci7bid.us-east-1.rds.amazonaws.com
5090,cheeaumwmto2.ap-east-1.rds.amazonaws.com
5091,choqv16ofaet.ap-southeast-1.rds.amazonaws.com
5092,cltfzvmqddzk.us-east-1.rds.amazonaws.com
5093,cluster-cw3ayoifbxqi.us-east-1.rds.amazonaws.com
5094,co.mg
5095,codespot.com
5096,cqbyrbkqbpyt.us-west-2.rds.amazonaws.com
5097,cqm2c8waofyb.us-east-2.rds.amazonaws.com
5098,cr7whbeixfnb.us-west-2.rds.amazonaws.com
5099,crbmrmiocipl.us-west-2.rds.amazonaws.com
5100,ct02k6y28n68.sa-east-1.rds.amazonaws.com
5101,cudvih7hr83q.ap-south-1.rds.amazonaws.com
5102,cugpyqjmaxzw.eu-west-1.rds.amazonaws.com
5103,cymtcuefr8vs.eu-west-1.rds.amazonaws.com
5104,cynv1cdhfu1c.us-gov-west-1.rds.amazonaws.com
5105,cywvkcfivgg4.eu-central-1.rds.amazonaws.com
5106,czdwhhaxrsx3.us-east-1.rds.amazonaws.com
5107,czeqb45xpmuo.us-east-2.rds.amazonaws.com
5108,czfjsx0qjrlx.eu-west-1.rds.amazonaws.com
5109,czymqggekcvh.us-west-2.rds.amazonaws.com
5110,ebiz.tw
5111,edogawa.tokyo.jp
5112,element-e-w-j-aj-a-hh-o-xa.quipelements.com
5113,execute-api.ca-west-1.amazonaws.com
5114,from-nv.com
5115,from-wv.com
5116,ingress-daribow.ewp.live
5117,is-a-celticsfan.org
5118,is-a-chef.org
5119,is-a-knight.org
5120,is-a-liberal.com
5121,iserv.dev
5122,maringa.br
5123,mil.qa
5124,nis.za
5125,org.om
5126,org.sb
5127,s3-website.eu-south-2.amazonaws.com
5128,s3-website.sa-east-1.amazonaws.com
5129,saves-the-whales.com
5130,sellsyourhome.org
5131,studio.ap-southeast-2.sagemaker.aws
5132,tm.se
5133,user.srcf.net
5134,vfs.cloud9.ap-northeast-2.amazonaws.com
5135,vfs.cloud9.ap-southeast-2.amazonaws.com
5136,vfs.cloud9.eu-north-1.amazonaws.com
5137,www.ro
5138,6g.in
5139,bolzano.it
5140,busan.kr
5141,buy
5142,buyshouses.net
5143,c0.eu-west-1.airflow.amazonaws.com
5144,c391d0qsenpy.ap-southeast-1.rds.amazonaws.com
5145,c4b01rilegjy.eu-west-1.rds.amazonaws.com
5146,c4ssk4zwib5u.eu-west-1.rds.amazonaws.com
5147,c4tkkvqovu7m.us-east-1.rds.amazonaws.com
5148,c5o8y6w0gp8y.ap-southeast-1.rds.amazonaws.com
5149,c74o0qgw239b.eu-central-1.rds.amazonaws.com
5150,caonroky8ci1.us-west-2.rds.amazonaws.com
5151,cc37pxlq6dhe.ap-southeast-2.rds.amazonaws.com
5152,ccupalh7mdab.us-east-1.rds.amazonaws.com
5153,cdyznwm6q5h8.eu-west-1.rds.amazonaws.com
5154,cgpk03exbugu.eu-west-3.rds.amazonaws.com
5155,chkweekm4xjq.us-east-1.rds.amazonaws.com
5156,cik4hzqtp0xp.us-east-1.rds.amazonaws.com
5157,cjbptzpppeus.eu-west-1.rds.amazonaws.com
5158,ckotgrprkh32.us-east-1.rds.amazonaws.com
5159,cl1yslawpb0p.sa-east-1.rds.amazonaws.com
5160,cluster-cssf529m8anw.us-east-1.rds.amazonaws.com
5161,cluster-ro-cp1iltlyjptb.us-east-1.rds.amazonaws.com
5162,cnpwrcis4zlu.eu-central-1.rds.amazonaws.com
5163,com.mg
5164,copj3yxftjzm.us-east-1.rds.amazonaws.com
5165,cpljspzj8fdt.eu-central-1.rds.amazonaws.com
5166,cpmbpfrymrwx.eu-west-1.rds.amazonaws.com
5167,cq9j6hwycwwc.us-east-1.rds.amazonaws.com
5168,cqgcr1kyikte.ap-southeast-1.rds.amazonaws.com
5169,cqlpwu3nasvo.us-east-2.rds.amazonaws.com
5170,crmsbbvmmxls.us-west-2.rds.amazonaws.com
5171,crnwi2lpkjnm.us-west-2.rds.amazonaws.com
5172,crydyuvmz7eu.ap-northeast-1.rds.amazonaws.com
5173,cv2y7jw8samv.eu-central-1.rds.amazonaws.com
5174,cv4km2mukkfs.us-east-1.rds.amazonaws.com
5175,cve2oumecl5m.eu-central-1.rds.amazonaws.com
5176,czces2c6aly3.us-east-1.rds.amazonaws.com
5177,czvxkoyupsni.us-east-1.rds.amazonaws.com
5178,dk.eu.org
5179,for-our.info
5180,from-hi.com
5181,from-mt.com
5182,from.tv
5183,ftpaccess.cc
5184,girly.jp
5185,halton.sch.uk
5186,hotmail
5187,is-a-financialadvisor.com
5188,is-a-hard-worker.com
5189,is-a-llama.com
5190,is-a-therapist.com
5191,is-an-anarchist.com
5192,is-very-sweet.org
5193,itv
5194,k8s.nl-ams.scw.cloud
5195,lbhf.sch.uk
5196,lotto
5197,mil.lv
5198,org.ps
5199,ravendb.cloud
5200,s3-fips.dualstack.us-gov-east-1.amazonaws.com
5201,s3-object-lambda.ap-northeast-1.amazonaws.com
5202,sas
5203,srv.us
5204,storage.supabase.co
5205,sutton.sch.uk
5206,uk.in
5207,urown.cloud
5208,voting
5209,warmia.pl
5210,xn--mgbaam7a8h
5211,xn--mgbca7dzdo
5212,xn--ngbrx
5213,4u.com
5214,apps-1and1.net
5215,beta.wmcloud.org
5216,c13.eu-west-1.airflow.amazonaws.com
5217,c1pakrc0hy8q.us-east-1.rds.amazonaws.com
5218,c24.eu-west-1.airflow.amazonaws.com
5219,c3m4uskiuq7j.us-east-2.rds.amazonaws.com
5220,c4.eu-central-1.airflow.amazonaws.com
5221,ca9548ozyc3n.sa-east-1.rds.amazonaws.com
5222,cb0tpadasiac.us-east-1.rds.amazonaws.com
5223,cbtancuqdvgi.us-east-1.rds.amazonaws.com
5224,ccbuqcb8fckn.eu-west-1.rds.amazonaws.com
5225,cclzrk2kyztf.us-east-1.rds.amazonaws.com
5226,cdnundui438v.us-east-1.rds.amazonaws.com
5227,ce1vkb8kl6wt.eu-central-1.rds.amazonaws.com
5228,ce2uxyfngnvy.us-east-2.rds.amazonaws.com
5229,cexvitcxbkio.us-east-1.rds.amazonaws.com
5230,cf8i2vabjshw.eu-west-1.rds.amazonaws.com
5231,chwxpsesn11p.ap-northeast-1.rds.amazonaws.com
5232,ciyvzg2p3emf.us-east-1.rds.amazonaws.com
5233,cj5hw1oke8xi.us-east-1.rds.amazonaws.com
5234,cj8yu64ke08s.us-east-2.rds.amazonaws.com
5235,cjg68ueo2vqq.us-west-2.rds.amazonaws.com
5236,ck9xbxjlb3j8.eu-central-1.rds.amazonaws.com
5237,ckwxjgfnm9v1.us-east-1.rds.amazonaws.com
5238,cm8iah8snxvi.ap-northeast-1.rds.amazonaws.com
5239,cnphbdyaeijy.us-east-1.rds.amazonaws.com
5240,cnutjll99gyg.us-east-1.rds.amazonaws.com
5241,co.bd
5242,cpwcheztbotg.us-east-1.rds.amazonaws.com
5243,cqdbebuej4tj.us-east-1.rds.amazonaws.com
5244,crdwf7mng4uf.us-east-1.rds.amazonaws.com
5245,crwcrttlddd3.us-east-2.rds.amazonaws.com
5246,crwiagojkp5g.us-east-1.rds.amazonaws.com
5247,csk3qlsuyavd.eu-west-1.rds.amazonaws.com
5248,ct80gimie0zq.us-east-1.rds.amazonaws.com
5249,ctzpuarfmacr.eu-west-1.rds.amazonaws.com
5250,cuj7xh5hd1yh.us-east-1.rds.amazonaws.com
5251,cuw29smsxsd6.us-east-1.rds.amazonaws.com
5252,cx1liprupfta.eu-central-1.rds.amazonaws.com
5253,cx8wyc84gqxm.us-east-1.rds.amazonaws.com
5254,czpqtaipuqwd.us-east-1.rds.amazonaws.com
5255,czyhmf6byfs9.us-east-1.rds.amazonaws.com
5256,dyndns-pics.com
5257,eating-organic.net
5258,edu.ls
5259,feira.br
5260,from-sd.com
5261,from-tn.com
5262,gok.pk
5263,gotpantheon.com
5264,gwangju.kr
5265,havering.sch.uk
5266,ingress-haven.ewp.live
5267,ipiranga
5268,is-a-democrat.com
5269,is-a-student.com
5270,is-an-artist.com
5271,kartuzy.pl
5272,l-o-g-i-n.de
5273,media.hu
5274,misconfused.org
5275,monza.it
5276,nordkapp.no
5277,notebook.eu-central-1.sagemaker.aws
5278,org.iq
5279,org.kp
5280,ot.it
5281,s3-website.ap-northeast-3.amazonaws.com
5282,secondary.services.clever-cloud.com
5283,sells-for-less.com
5284,wios.gov.pl
5285,writesthisblog.com
5286,zgorzelec.pl
5287,2ix.at
5288,ashgabad.su
5289,audnedaln.no
5290,buyshop.jp
5291,c0.us-east-1.airflow.amazonaws.com
5292,c1.eu-west-1.airflow.amazonaws.com
5293,c1kc25fc8rpv.ap-northeast-1.rds.amazonaws.com
5294,c2wemy4cskfe.us-east-1.rds.amazonaws.com
5295,c3kugs6q6ag4.eu-west-1.rds.amazonaws.com
5296,c5.eu-west-1.airflow.amazonaws.com
5297,c7lxmgv6flw0.us-east-1.rds.amazonaws.com
5298,c7zpet65r6rw.af-south-1.rds.amazonaws.com
5299,cbab06jjvawz.us-west-1.rds.amazonaws.com
5300,cbd6wez1yeru.us-east-1.rds.amazonaws.com
5301,cdp0jcz6qsyb.eu-central-1.rds.amazonaws.com
5302,cgxxcldfpfww.us-east-1.rds.amazonaws.com
5303,cjzsa9yyqe4o.ap-northeast-1.rds.amazonaws.com
5304,ckmk10ec5m4o.us-east-1.rds.amazonaws.com
5305,ckz4ockyguwq.sa-east-1.rds.amazonaws.com
5306,cluster-cey6nrazrsaq.us-east-1.rds.amazonaws.com
5307,cndmcrdq9hie.us-west-1.rds.amazonaws.com
5308,cnihkb9iug0l.eu-central-1.rds.amazonaws.com
5309,com.st
5310,coulumjpmjqp.us-east-1.rds.amazonaws.com
5311,cowohpza4ycg.us-west-1.rds.amazonaws.com
5312,cp1iltlyjptb.us-east-1.rds.amazonaws.com
5313,cp22ch8zvym8.us-east-1.rds.amazonaws.com
5314,cr2oyc466aa2.us-east-1.rds.amazonaws.com
5315,csd2ntk9fgl5.us-east-2.rds.amazonaws.com
5316,csgd9lnxarwx.us-east-2.rds.amazonaws.com
5317,ctdwweqzdlqw.eu-central-1.rds.amazonaws.com
5318,ctii4eckdp8m.us-east-2.rds.amazonaws.com
5319,cu9v2l7djgxb.ap-southeast-2.rds.amazonaws.com
5320,cutqowegfncc.eu-west-3.rds.amazonaws.com
5321,cwwjfndaswaa.rds.cn-north-1.amazonaws.com.cn
5322,cz.eu.org
5323,eek.jp
5324,eileanansiar.sch.uk
5325,es-1.axarnet.cloud
5326,est-mon-blogueur.com
5327,framer.media
5328,from-wa.com
5329,hull.sch.uk
5330,in-the-band.net
5331,ingatlan.hu
5332,int.in
5333,is-a-cpa.com
5334,k12.vi
5335,law.za
5336,notebook.ap-southeast-2.sagemaker.aws
5337,notebook.eu-west-2.sagemaker.aws
5338,ownip.net
5339,pagespeedmobilizer.com
5340,privatizehealthinsurance.net
5341,ro.eu.org
5342,s3-object-lambda.eu-central-1.amazonaws.com
5343,se.leg.br
5344,stuff-4-sale.org
5345,ternopil.ua
5346,tr.eu.org
5347,verbania.it
5348,vfs.cloud9.ap-east-1.amazonaws.com
5349,airport.aero
5350,c0.cloudera.site
5351,c018wii42ikw.us-east-1.rds.amazonaws.com
5352,c12.us-west-2.airflow.amazonaws.com
5353,c1wigi0i8ah2.us-east-2.rds.amazonaws.com
5354,c2okog9xjj8j.eu-central-1.rds.amazonaws.com
5355,c35.us-east-1.airflow.amazonaws.com
5356,c36xwmqgk3op.eu-central-1.rds.amazonaws.com
5357,c5.airflow.eu-central-1.on.aws
5358,c56.us-east-1.airflow.amazonaws.com
5359,c5ys40moeax6.eu-central-1.rds.amazonaws.com
5360,c62.us-east-1.airflow.amazonaws.com
5361,c8.eu-central-1.airflow.amazonaws.com
5362,c8dhqqs5gwnq.eu-west-1.rds.amazonaws.com
5363,c8wybfsomhig.eu-central-1.rds.amazonaws.com
5364,cam34olfuexz.eu-central-1.rds.amazonaws.com
5365,cbdinjtllsd7.ap-northeast-1.rds.amazonaws.com
5366,cbh9z6ndylwh.eu-central-1.rds.amazonaws.com
5367,ccdhgttrlu1l.us-west-2.rds.amazonaws.com
5368,cdaqa0socyj5.ap-northeast-1.rds.amazonaws.com
5369,cdhz3x5erjta.us-east-2.rds.amazonaws.com
5370,ce9mwe3migvi.eu-west-2.rds.amazonaws.com
5371,ceiyllvpqvxq.ap-southeast-2.rds.amazonaws.com
5372,cfy3v3w5jwrj.us-west-2.rds.amazonaws.com
5373,cl04acac6b23.ap-southeast-3.rds.amazonaws.com
5374,cluster-cc0zx61maynt.us-east-1.rds.amazonaws.com
5375,cmbfb1ea7i6t.us-east-1.rds.amazonaws.com
5376,cmczo9wiials.ap-east-1.rds.amazonaws.com
5377,codebuilder.dev-builder.code.com
5378,compupdfdo1u.us-east-1.rds.amazonaws.com
5379,coop.in
5380,cr60jfpagazc.ap-southeast-4.rds.amazonaws.com
5381,cshrsvjxr1tf.us-east-1.rds.amazonaws.com
5382,cssf529m8anw.us-east-1.rds.amazonaws.com
5383,cuiaba.br
5384,cvrnuk9giyhp.us-west-2.rds.amazonaws.com
5385,cwukizgdklgw.us-east-1.rds.amazonaws.com
5386,cz6bfrhxq5mr.us-east-1.rds.amazonaws.com
5387,czh3aw5gkhfk.us-west-2.rds.amazonaws.com
5388,emrappui-prod.us-east-1.amazonaws.com
5389,enna.it
5390,est-a-la-maison.com
5391,execute-api.ap-southeast-4.amazonaws.com
5392,fr-par-1.linodeobjects.com
5393,from-ga.com
5394,from-in.com
5395,from-oh.com
5396,from-or.com
5397,furukawa.miyagi.jp
5398,is-a-cubicle-slave.com
5399,is-a-doctor.com
5400,is-a-hunter.com
5401,is-a-painter.com
5402,isla.pr
5403,jambyl.su
5404,maceio.br
5405,mtr
5406,net.gy
5407,nom.pl
5408,nowaruda.pl
5409,official.academy
5410,org.ai
5411,paas.datacenter.fi
5412,polandcentral.azurecontainer.io
5413,rep.br
5414,riopreto.br
5415,sa-saopaulo-1.oraclecloudapps.com
5416,u2-local.xnbay.com
5417,wow
5418,2ix.ch
5419,ap-sydney-1.oraclecloudapps.com
5420,asahikawa.hokkaido.jp
5421,asso.nc
5422,bmd.br
5423,c1gv3vtg6fms.us-east-1.rds.amazonaws.com
5424,c22.us-east-1.airflow.amazonaws.com
5425,c2pvluaomss2.eu-central-1.rds.amazonaws.com
5426,c4lgdfedgbcq.eu-central-1.rds.amazonaws.com
5427,c5ka8ku84g44.us-east-1.rds.amazonaws.com
5428,c6vnis9ttdzi.us-east-1.rds.amazonaws.com
5429,c7.ap-southeast-2.airflow.amazonaws.com
5430,c8f1etvvyj25.eu-west-1.rds.amazonaws.com
5431,c8wb4mr4tnbu.us-west-2.rds.amazonaws.com
5432,cahu01t3fmln.us-east-1.rds.amazonaws.com
5433,cbaie114hqye.eu-central-1.rds.amazonaws.com
5434,cbeheax7mcy0.us-east-1.rds.amazonaws.com
5435,cd.eu.org
5436,cf2802kwof9o.eu-central-1.rds.amazonaws.com
5437,cfwssisop3r7.us-east-1.rds.amazonaws.com
5438,cgi43rlhsjjk.us-east-1.rds.amazonaws.com
5439,ci.it
5440,cidq6akia3ur.us-east-1.rds.amazonaws.com
5441,cigvbamk5eel.us-west-2.rds.amazonaws.com
5442,cjw1ufgglr1m.eu-west-3.rds.amazonaws.com
5443,ckaafwa9umbz.ap-southeast-1.rds.amazonaws.com
5444,claiayegcx2a.eu-west-1.rds.amazonaws.com
5445,cluster024.hosting.ovh.net
5446,co2zoxwhjoyw.eu-central-1.rds.amazonaws.com
5447,com.sn
5448,com.ug
5449,cpslmao02wkq.us-west-2.rds.amazonaws.com
5450,cqsjli7cxlf3.ap-southeast-2.rds.amazonaws.com
5451,csgsvlbmohjw.us-east-1.rds.amazonaws.com
5452,ctyos06ye7t4.eu-west-1.rds.amazonaws.com
5453,cv6awg9pwyfd.us-west-2.rds.amazonaws.com
5454,cvgsz7erwdgj.us-west-2.rds.amazonaws.com
5455,cvrzfvatfine.us-east-1.rds.amazonaws.com
5456,cw4exmrmbkao.us-east-1.rds.amazonaws.com
5457,cwtiijyqjgvu.us-west-1.rds.amazonaws.com
5458,cy7pmcvz9013.us-east-2.rds.amazonaws.com
5459,cyvf5rkezucs.eu-west-1.rds.amazonaws.com
5460,czboobi7ell6.eu-west-1.rds.amazonaws.com
5461,czijpxum5el7.us-east-1.rds.amazonaws.com
5462,czwgbrhygi9q.af-south-1.rds.amazonaws.com
5463,ecn.br
5464,edu.pr
5465,eu-2.evennode.com
5466,for-better.biz
5467,from-az.net
5468,from-ky.com
5469,from-nh.com
5470,from-nm.com
5471,golffan.us
5472,gsm.pl
5473,idrett.no
5474,inc.hk
5475,is-a-bookkeeper.com
5476,is-a-conservative.com
5477,is-a-libertarian.com
5478,is-a-socialist.com
5479,is-a-soxfan.org
5480,is-an-actress.com
5481,is-into-cartoons.com
5482,is-into-games.com
5483,ivory.ne.jp
5484,k12.vt.us
5485,msd
5486,nab
5487,net.uz
5488,niigata.niigata.jp
5489,nishikatsura.yamanashi.jp
5490,notebook.ap-south-1.sagemaker.aws
5491,notebook.ca-central-1.sagemaker.aws
5492,org.am
5493,org.sl
5494,pharmacien.fr
5495,ping
5496,recife.br
5497,s3-accesspoint.eu-west-1.amazonaws.com
5498,space-to-rent.com
5499,suzuka.mie.jp
5500,tlon.network
5501,us-1.evennode.com
5502,us-2.evennode.com
5503,us-east-1.experiments.sagemaker.aws
5504,wfv4wg5nxk.code.run
5505,act.au
5506,angry.jp
5507,auth.ap-northeast-2.amazoncognito.com
5508,auth.ap-southeast-3.amazoncognito.com
5509,beats
5510,c1uwx0opvgfp.us-east-1.rds.amazonaws.com
5511,c1xqei8mzvfv.us-east-1.rds.amazonaws.com
5512,c29.us-east-1.airflow.amazonaws.com
5513,c3vgskabjest.us-east-1.rds.amazonaws.com
5514,c5cmkfla8jqh.us-east-1.rds.amazonaws.com
5515,c7qs0is6gpd3.us-east-1.rds.amazonaws.com
5516,c9yn6yehj1hj.us-east-2.rds.amazonaws.com
5517,ca.reclaim.cloud
5518,cafhava1vt3d.us-east-1.rds.amazonaws.com
5519,cbejz3lya2ua.us-west-2.rds.amazonaws.com
5520,cbi4g0a28sdv.us-east-1.rds.amazonaws.com
5521,cc.ok.us
5522,cdklvyoppmbj.us-east-1.rds.amazonaws.com
5523,cdodoguedhqt.us-west-2.rds.amazonaws.com
5524,cfaob3mblryl.us-east-1.rds.amazonaws.com
5525,cfwsleeabzwn.us-west-2.rds.amazonaws.com
5526,clkk04a6075t.us-east-1.rds.amazonaws.com
5527,clxavwplchhx.us-west-2.rds.amazonaws.com
5528,cmqmhlepiovl.us-east-1.rds.amazonaws.com
5529,com.kunden.ortsinfo.at
5530,cqqzxdzgqkuk.eu-central-1.rds.amazonaws.com
5531,csvwq1vejf7k.us-east-1.rds.amazonaws.com
5532,cvge6a6ek4i1.us-east-1.rds.amazonaws.com
5533,cvoaa6qgsb69.us-east-1.rds.amazonaws.com
5534,cvudycajv8ru.us-east-1.rds.amazonaws.com
5535,cxgl5kxcj59t.eu-west-1.rds.amazonaws.com
5536,cxki0h7a94tf.ap-southeast-2.rds.amazonaws.com
5537,ec2-e-236-94-153.compute-1.amazonaws.com
5538,ec2-e-236-94-245.compute-1.amazonaws.com
5539,enf.br
5540,est-le-patron.com
5541,eu-4.magentosite.cloud
5542,execute-api.ap-southeast-5.amazonaws.com
5543,fentiger.mythic-beasts.com
5544,fire
5545,freeboxos.com
5546,from-ut.com
5547,hiho.jp
5548,ingress-baronn.ewp.live
5549,is-a-player.com
5550,is-into-cars.com
5551,kviteseid.no
5552,mil.zw
5553,ng.eu.org
5554,notebook.ap-northeast-1.sagemaker.aws
5555,nz.eu.org
5556,omuta.fukuoka.jp
5557,operaunite.com
5558,pavia.it
5559,pimienta.org
5560,pinb.gov.pl
5561,qa2.com
5562,s3.dualstack.ap-south-2.amazonaws.com
5563,u2.xnbay.com
5564,uk.oxa.cloud
5565,uzs.gov.pl
5566,w-berks.sch.uk
5567,webspace.rocks
5568,webthings.io
5569,xn--80au.xn--90a3ac
5570,214.xmit.co
5571,a.se
5572,al.eu.org
5573,bg.eu.org
5574,c0o1nwr51w7o.us-east-1.rds.amazonaws.com
5575,c1kja8aotrmb.us-east-1.rds.amazonaws.com
5576,c1ukuqm28kx5.ap-northeast-1.rds.amazonaws.com
5577,c3.eu-west-1.airflow.amazonaws.com
5578,c33.us-west-2.airflow.amazonaws.com
5579,c41.us-east-1.airflow.amazonaws.com
5580,c45rglqxzfyf.ap-southeast-2.rds.amazonaws.com
5581,c91drlz5bf9j.us-east-1.rds.amazonaws.com
5582,c9ltmghk3q6m.us-east-1.rds.amazonaws.com
5583,c9sjfnmbw1cc.us-east-1.rds.amazonaws.com
5584,c9xk52wypr08.ca-central-1.rds.amazonaws.com
5585,ca1bhyzucjj3.us-east-1.rds.amazonaws.com
5586,cc.fl.us
5587,cdzunuw84imw.us-east-1.rds.amazonaws.com
5588,cewguunewlj3.us-east-1.rds.amazonaws.com
5589,cherkasy.ua
5590,chjwvaphb51v.us-east-2.rds.amazonaws.com
5591,churrpcfxkeo.eu-west-1.rds.amazonaws.com
5592,cjly0hgxjpzf.us-west-2.rds.amazonaws.com
5593,cluster010.hosting.ovh.net
5594,cmru0dqvclhn.eu-west-1.rds.amazonaws.com
5595,co.bb
5596,cpxshvufpwbj.us-east-1.rds.amazonaws.com
5597,crcgxffa3k0p.us-east-1.rds.amazonaws.com
5598,croigu00us4p.us-east-1.rds.amazonaws.com
5599,ctgdgeidmrz8.eu-west-1.rds.amazonaws.com
5600,cufm4mo8i1hf.us-east-1.rds.amazonaws.com
5601,cveenknek8dd.us-east-1.rds.amazonaws.com
5602,cvfvqxzlk0hw.us-east-1.rds.amazonaws.com
5603,cwpw8hoynq4a.ap-southeast-2.rds.amazonaws.com
5604,cx2nx1ff5krw.eu-west-1.rds.amazonaws.com
5605,cx8utjrmr4eg.us-east-1.rds.amazonaws.com
5606,cxtj1vaauuix.ap-southeast-2.rds.amazonaws.com
5607,cyhamo42iqiz.us-east-1.rds.amazonaws.com
5608,cyk9r2mgamz3.us-east-1.rds.amazonaws.com
5609,czpmfjwvtj5r.eu-central-1.rds.amazonaws.com
5610,czwy6qiecoed.us-east-1.rds.amazonaws.com
5611,dev-myqnapcloud.com
5612,edu.kp
5613,edu.ml
5614,from-ak.com
5615,from-al.com
5616,from-wy.com
5617,fujisawa.kanagawa.jp
5618,gr.eu.org
5619,grajewo.pl
5620,ingress-earth.ewp.live
5621,int.ar
5622,is-a-bruinsfan.org
5623,is-a-personaltrainer.com
5624,is-an-entertainer.com
5625,joy
5626,knx-server.net
5627,komaki.aichi.jp
5628,kr.eu.org
5629,ltd.hk
5630,mt.eu.org
5631,myspreadshop.it
5632,name.hr
5633,nordeste-idc.saveincloud.net
5634,northamerica-northeast2.run.app
5635,org.bn
5636,org.pr
5637,piw.gov.pl
5638,rackmaze.com
5639,redbridge.sch.uk
5640,s3-website.af-south-1.amazonaws.com
5641,s3-website.eu-central-2.amazonaws.com
5642,secret.jp
5643,skien.no
5644,starachowice.pl
5645,us-central-1.triton.zone
5646,us.tst.site
5647,vfs.cloud9.us-west-1.amazonaws.com
5648,vic.au
5649,wafflecell.com
5650,wn.r.appspot.com
5651,zachpomor.pl
5652,a2.cloudera.site
5653,aarp
5654,aktyubinsk.su
5655,barueri.br
5656,blackburn.sch.uk
5657,c13.us-west-2.airflow.amazonaws.com
5658,c21.us-east-1.airflow.amazonaws.com
5659,c2pn3file1hz.us-east-1.rds.amazonaws.com
5660,c38.us-east-1.airflow.amazonaws.com
5661,c3qqhu3oxmui.eu-west-2.rds.amazonaws.com
5662,c67x09o1ibed.us-east-2.rds.amazonaws.com
5663,c7880xx04wef.ap-northeast-1.rds.amazonaws.com
5664,c89lczeayvcf.us-west-2.rds.amazonaws.com
5665,c94os8sae87i.us-east-1.rds.amazonaws.com
5666,ca-toronto-1.oraclecloudapps.com
5667,cab5rpbqrxqi.us-west-2.rds.amazonaws.com
5668,cah5hm1p76et.us-east-1.rds.amazonaws.com
5669,caibdhvxlhjk.us-east-1.rds.amazonaws.com
5670,ce.leg.br
5671,cecaq8catkah.us-east-2.rds.amazonaws.com
5672,cf7iflqpiq7n.eu-west-1.rds.amazonaws.com
5673,chernivtsi.ua
5674,chk9boa0rabx.us-east-1.rds.amazonaws.com
5675,cj226486chcx.us-east-2.rds.amazonaws.com
5676,cj42e2kyibrh.us-east-1.rds.amazonaws.com
5677,cjgjbi7tf0at.eu-central-1.rds.amazonaws.com
5678,cluster-c1au2g4h8niy.us-west-2.rds.amazonaws.com
5679,clxbej0t3mcq.eu-west-1.rds.amazonaws.com
5680,co.am
5681,coevlgkj3ccp.us-west-1.rds.amazonaws.com
5682,cozyhlufqrb3.ap-northeast-2.rds.amazonaws.com
5683,cqnecychbqqn.us-east-1.rds.amazonaws.com
5684,csbygjs5kdir.us-west-2.rds.amazonaws.com
5685,csizfenjr5xt.us-west-2.rds.amazonaws.com
5686,cspw0tgj32bi.us-east-1.rds.amazonaws.com
5687,ctcbaja17yj5.eu-west-1.rds.amazonaws.com
5688,ctgxd1kleod0.ap-south-1.rds.amazonaws.com
5689,cva0vpel6bk0.us-east-1.rds.amazonaws.com
5690,cwpqoxntdozg.eu-central-1.rds.amazonaws.com
5691,cwr4qiyoob3r.us-east-1.rds.amazonaws.com
5692,cxkyzzsnnlbp.us-east-1.rds.amazonaws.com
5693,cynwik0utwlr.eu-west-1.rds.amazonaws.com
5694,cz4lsbnwubdn.us-east-1.rds.amazonaws.com
5695,demo.magentosite.cloud
5696,dh.bytemark.co.uk
5697,est-a-la-masion.com
5698,freebox-os.com
5699,from-co.net
5700,from-vt.com
5701,gea
5702,gran.no
5703,independent-inquiry.uk
5704,ingress-comporellon.ewp.live
5705,is-a-designer.com
5706,is-a-nascarfan.com
5707,is-into-anime.com
5708,is-very-bad.org
5709,kasugai.aichi.jp
5710,lib.ks.us
5711,lovepop.jp
5712,lt.ua
5713,me-dubai-1.oraclecloudapps.com
5714,mediatech.by
5715,mlb
5716,mokuren.ne.jp
5717,molise.it
5718,net.bz
5719,net.gn
5720,opoczno.pl
5721,org.lc
5722,org.mn
5723,otsu.shiga.jp
5724,phutho.vn
5725,plymouth.sch.uk
5726,pvh.br
5727,readmyblog.org
5728,renfrewshire.sch.uk
5729,rovigo.it
5730,rulez.jp
5731,s3-object-lambda.ca-central-1.amazonaws.com
5732,s3-website.ap-southeast-1.amazonaws.com
5733,sagamihara.kanagawa.jp
5734,sells-for-u.com
5735,stada
5736,streamlitapp.com
5737,teaches-yoga.com
5738,tec.ve
5739,teramo.it
5740,aland.fi
5741,ap-tokyo-1.oraclecloudapps.com
5742,bi.it
5743,bukhara.su
5744,c1.us-east-1.airflow.amazonaws.com
5745,c10.us-east-2.airflow.amazonaws.com
5746,c16.eu-west-1.airflow.amazonaws.com
5747,c1cm2qmwcnp9.us-east-2.rds.amazonaws.com
5748,c1czz2vr0cc1.us-west-2.rds.amazonaws.com
5749,c1vsbbleflbk.us-east-1.rds.amazonaws.com
5750,c38m822w479e.us-east-1.rds.amazonaws.com
5751,c3ocgmsck9ll.eu-west-1.rds.amazonaws.com
5752,c5ceqkem6d56.us-east-2.rds.amazonaws.com
5753,c5co7te0pyjh.eu-west-1.rds.amazonaws.com
5754,c5gack8ko1x9.us-east-1.rds.amazonaws.com
5755,c5sgymqmmztf.us-east-1.rds.amazonaws.com
5756,c7c6uyma0oqq.us-west-2.rds.amazonaws.com
5757,c8.airflow.eu-central-1.on.aws
5758,campobasso.it
5759,catanzaro.it
5760,cbqg06cyc0pi.eu-central-1.rds.amazonaws.com
5761,cc1gc9xek3zj.eu-central-1.rds.amazonaws.com
5762,ccqf75oo4ipa.eu-west-1.rds.amazonaws.com
5763,ccqygz2fsxa9.us-east-1.rds.amazonaws.com
5764,cdkkms2wm0mh.eu-central-1.rds.amazonaws.com
5765,cduduni4pihb.ap-northeast-1.rds.amazonaws.com
5766,cdusy8ie49t9.eu-west-1.rds.amazonaws.com
5767,ceve1e4hsypo.us-east-1.rds.amazonaws.com
5768,cfjqkaocaqde.us-east-1.rds.amazonaws.com
5769,cfnofcagbjpc.eu-west-1.rds.amazonaws.com
5770,cfw8isoq4gxl.us-east-1.rds.amazonaws.com
5771,cg9bt5dygmo9.ap-southeast-1.rds.amazonaws.com
5772,chiyoda.tokyo.jp
5773,cicgjzis4kvz.us-east-1.rds.amazonaws.com
5774,cidcapjumt3j.us-west-2.rds.amazonaws.com
5775,cilcbmzcsusm.us-east-1.rds.amazonaws.com
5776,cl4w4moumkwn.us-west-2.rds.amazonaws.com
5777,cl62kiuuiv4e.eu-west-1.rds.amazonaws.com
5778,clakuohewjv0.us-west-2.rds.amazonaws.com
5779,clhktnvd818j.ap-northeast-1.rds.amazonaws.com
5780,clhstiznsagt.us-east-2.rds.amazonaws.com
5781,cluster-cz4thyeoz1pw.us-east-1.rds.amazonaws.com
5782,cluster011.hosting.ovh.net
5783,clvpcuuv7vhh.eu-west-1.rds.amazonaws.com
5784,clxaafbhfiry.us-east-1.rds.amazonaws.com
5785,cmtbf03hggju.ap-southeast-2.rds.amazonaws.com
5786,cn9aswbs1y89.us-east-1.rds.amazonaws.com
5787,cnh9iydva4qk.eu-central-1.rds.amazonaws.com
5788,cnpqjmuijatk.us-west-2.rds.amazonaws.com
5789,cofjezurshf7.us-east-1.rds.amazonaws.com
5790,coi62ecyn4ar.us-east-1.rds.amazonaws.com
5791,cpfbdyciryj8.eu-central-1.rds.amazonaws.com
5792,cpsgkec2cydi.ap-south-1.rds.amazonaws.com
5793,cq3s24e0uqmc.us-east-1.rds.amazonaws.com
5794,cqfezvnvnxlo.us-east-1.rds.amazonaws.com
5795,cte5mkqenclu.us-east-1.rds.amazonaws.com
5796,cveyomgg0b4m.us-west-2.rds.amazonaws.com
5797,cvozfxaf2re3.ap-northeast-1.rds.amazonaws.com
5798,cwuboubcekxo.us-east-1.rds.amazonaws.com
5799,cwv4uv2al61e.ap-southeast-2.rds.amazonaws.com
5800,cwywrlsultbx.us-west-2.rds.amazonaws.com
5801,cx0qsu9jqwpz.us-east-1.rds.amazonaws.com
5802,deca.jp
5803,emrnotebooks-prod.eu-west-1.amazonaws.com
5804,epson
5805,fem.jp
5806,flog.br
5807,from-ri.com
5808,global.replit.dev
5809,heptapod-foss.services.clever-cloud.com
5810,hr.eu.org
5811,is.eu.org
5812,jele.cloud
5813,khmelnytskyi.ua
5814,lovesick.jp
5815,lt.eu.org
5816,n-somerset.sch.uk
5817,nom.mg
5818,northumberland.sch.uk
5819,ogawa.saitama.jp
5820,ogori.fukuoka.jp
5821,oita.oita.jp
5822,org.ki
5823,ostrowwlkp.pl
5824,panasonic
5825,pid
5826,poole.sch.uk
5827,prime
5828,s3-object-lambda.ap-southeast-2.amazonaws.com
5829,s3-object-lambda.eu-west-2.amazonaws.com
5830,salford.sch.uk
5831,sch.zm
5832,seven
5833,sopot.pl
5834,st-helens.sch.uk
5835,studio.ca-central-1.sagemaker.aws
5836,sweetpepper.org
5837,taxi.br
5838,tottori.tottori.jp
5839,vs.it
5840,westminster.sch.uk
5841,xn--41a.xn--p1acf
5842,xn--55qx5d.hk
5843,xn--d1alf
5844,xn--g2xx48c
5845,12hp.at
5846,16-b.it
5847,216.xmit.co
5848,a8.cloudera.site
5849,ac.leg.br
5850,agrigento.it
5851,akashi.hyogo.jp
5852,ap-4.magentosite.cloud
5853,c0rtobvhsnsa.ap-south-1.rds.amazonaws.com
5854,c100i6cw4uef.eu-west-1.rds.amazonaws.com
5855,c12kuunjx3us.us-west-2.rds.amazonaws.com
5856,c17.us-west-2.airflow.amazonaws.com
5857,c1ehihri0djp.eu-central-1.rds.amazonaws.com
5858,c1qesaa8sf4p.ap-south-1.rds.amazonaws.com
5859,c1wgedlidfmz.us-east-1.rds.amazonaws.com
5860,c20.us-west-2.airflow.amazonaws.com
5861,c2xrdwytvqbd.ap-northeast-1.rds.amazonaws.com
5862,c36.us-east-1.airflow.amazonaws.com
5863,c4lcsf0fdkmv.us-east-1.rds.amazonaws.com
5864,c5kmmkuc6pl7.us-east-1.rds.amazonaws.com
5865,c6eg9rff7sql.us-east-1.rds.amazonaws.com
5866,c72m8k6gouy0.us-west-2.rds.amazonaws.com
5867,c75nrnnbeomv.eu-west-1.rds.amazonaws.com
5868,c8gzjytlagaq.us-east-1.rds.amazonaws.com
5869,c8hnvedyye5t.us-east-1.rds.amazonaws.com
5870,c8p86i6eobvw.us-east-1.rds.amazonaws.com
5871,c9oacyuq8vce.ap-south-1.rds.amazonaws.com
5872,cakczvnyv44d.us-east-1.rds.amazonaws.com
5873,car8c0yefva5.us-east-1.rds.amazonaws.com
5874,casino.hu
5875,cattqecsp3fb.ap-northeast-1.rds.amazonaws.com
5876,cavrdktkqvoq.eu-west-1.rds.amazonaws.com
5877,cbgoe2w66t6k.us-east-1.rds.amazonaws.com
5878,cbjaadw3mzlo.eu-west-1.rds.amazonaws.com
5879,cbqrgl8ihy2b.us-east-1.rds.amazonaws.com
5880,cbzmljrl2h4a.us-east-1.rds.amazonaws.com
5881,cd24idyh6rum.us-east-2.rds.amazonaws.com
5882,cd2r2knr3pcl.us-east-2.rds.amazonaws.com
5883,cdfs6oano1zu.us-east-1.rds.amazonaws.com
5884,cdoca06yc7n1.us-west-2.rds.amazonaws.com
5885,ce7xztepe8an.us-east-1.rds.amazonaws.com
5886,cess1cbgtmkx.us-west-2.rds.amazonaws.com
5887,cey6nrazrsaq.us-east-1.rds.amazonaws.com
5888,cf8yykb4d1qt.ap-southeast-2.rds.amazonaws.com
5889,cfmntnmpfyxc.us-east-1.rds.amazonaws.com
5890,cfnxx61ulngz.us-west-2.rds.amazonaws.com
5891,cfyo4aiv2ckq.ap-southeast-2.rds.amazonaws.com
5892,cg8agyhx8ytm.eu-central-1.rds.amazonaws.com
5893,cgbhuu46kvvz.us-east-1.rds.amazonaws.com
5894,ch46i2mekhvc.ca-central-1.rds.amazonaws.com
5895,cie8rtjdu55y.us-east-1.rds.amazonaws.com
5896,cip1e5uds13y.us-west-2.rds.amazonaws.com
5897,cjn5yfnuxsli.us-east-1.rds.amazonaws.com
5898,cjsakmdlldkm.ap-south-1.rds.amazonaws.com
5899,cksio5e53dyb.us-east-1.rds.amazonaws.com
5900,cl60tc49p19e.us-east-1.rds.amazonaws.com
5901,clcyqq60c8pa.us-east-1.rds.amazonaws.com
5902,clh2c5yz2jzr.us-gov-west-1.rds.amazonaws.com
5903,clj7lmrdwarn.eu-central-1.rds.amazonaws.com
5904,clsgock4q360.ap-northeast-1.rds.amazonaws.com
5905,cluster-ccnr175zwpbs.us-east-1.rds.amazonaws.com
5906,clxbaf0cnjgd.us-east-1.rds.amazonaws.com
5907,cncj8a3luxsu.ap-south-1.rds.amazonaws.com
5908,cnx8otw0i2ca.us-west-2.rds.amazonaws.com
5909,co9dq1lvylm6.us-east-1.rds.amazonaws.com
5910,cogxlb8tctw7.us-east-1.rds.amazonaws.com
5911,consulado.st
5912,cos8twjlljyh.eu-west-2.rds.amazonaws.com
5913,coupon
5914,cperxc8ubs44.us-east-1.rds.amazonaws.com
5915,cpnvbiprtf2s.us-east-1.rds.amazonaws.com
5916,cqitisklnbmx.eu-west-1.rds.amazonaws.com
5917,crap.jp
5918,crwsois00jyr.us-east-1.rds.amazonaws.com
5919,csepcxj7tekq.eu-central-1.rds.amazonaws.com
5920,csnsv8w8p2im.us-west-1.rds.amazonaws.com
5921,ct0f1i9kihbp.ap-northeast-2.rds.amazonaws.com
5922,ct1pquttntx2.eu-west-1.rds.amazonaws.com
5923,ct84a4cagiwq.us-east-1.rds.amazonaws.com
5924,ctiw8dniabxe.us-east-1.rds.amazonaws.com
5925,ctx3qriwbdbn.us-east-1.rds.amazonaws.com
5926,cudkwkrlusa9.us-east-1.rds.amazonaws.com
5927,cugle4d1ud9n.eu-west-1.rds.amazonaws.com
5928,cv2vqexvldgk.us-west-2.rds.amazonaws.com
5929,cv7jemgi4yur.us-east-1.rds.amazonaws.com
5930,cveglkd7alln.us-west-2.rds.amazonaws.com
5931,cw06cuy5owfq.eu-west-1.rds.amazonaws.com
5932,cwrrrlmido7u.us-east-2.rds.amazonaws.com
5933,cx1qupikbabs.eu-central-1.rds.amazonaws.com
5934,cxp5nbhldzcg.us-east-2.rds.amazonaws.com
5935,cxpragv1qxpp.eu-central-1.rds.amazonaws.com
5936,cxrakjr5rfzo.us-east-1.rds.amazonaws.com
5937,cxrrkgqxb8oj.eu-central-1.rds.amazonaws.com
5938,cxsuzd8u0fpw.us-east-1.rds.amazonaws.com
5939,cygtvmusohlg.us-east-1.rds.amazonaws.com
5940,cyhwuxxlmniw.af-south-1.rds.amazonaws.com
5941,cz06cmcoye2i.eu-west-1.rds.amazonaws.com
5942,cz6mty6zhfxl.eu-west-1.rds.amazonaws.com
5943,ddl.fr-par.scw.cloud
5944,edu.cv
5945,emrappui-prod.eu-central-1.amazonaws.com
5946,ethos43-prod-va7.dev.adobeaemcloud.com
5947,ferrara.it
5948,frosinone.it
5949,gov.cd
5950,heavy.jp
5951,ichihara.chiba.jp
5952,il.eu.org
5953,is-a-candidate.org
5954,is-a-lawyer.com
5955,is-with-theband.com
5956,isa-hockeynut.com
5957,knowsitall.info
5958,leitungsen.de
5959,lugansk.ua
5960,mail-box.ne.jp
5961,matera.it
5962,matsuyama.ehime.jp
5963,mil.mg
5964,nerima.tokyo.jp
5965,net.kh
5966,net.tm
5967,nikita.jp
5968,njs.jelastic.vps-host.net
5969,no.eu.org
5970,ny-2.paas.massivegrid.net
5971,org.sh
5972,pgfog.com
5973,prd.mg
5974,sabae.fukui.jp
5975,seika.kyoto.jp
5976,sex.pl
5977,sk.eu.org
5978,studio.eu-north-1.sagemaker.aws
5979,szex.hu
5980,targi.pl
5981,trapani.it
5982,xn--wgbl6a
5983,zamami.okinawa.jp
5984,zp.gov.pl
5985,am.leg.br
5986,amagasaki.hyogo.jp
5987,aomori.aomori.jp
5988,arakawa.tokyo.jp
5989,auth.af-south-1.amazoncognito.com
5990,auth.eu-central-2.amazoncognito.com
5991,b0.cloudera.site
5992,bcn
5993,biz.mw
5994,blr1.vultrobjects.com
5995,bradford.sch.uk
5996,c07l9uavwl1l.us-east-2.rds.amazonaws.com
5997,c0vkquicxxuo.ap-northeast-1.rds.amazonaws.com
5998,c126ekgcq7n6.us-east-1.rds.amazonaws.com
5999,c166keccwl19.ap-south-1.rds.amazonaws.com
6000,c17tvkfxkhjg.eu-west-1.rds.amazonaws.com
6001,c1h24nqeiby8.us-west-2.rds.amazonaws.com
6002,c25.us-east-1.airflow.amazonaws.com
6003,c2or38xueb9k.us-east-1.rds.amazonaws.com
6004,c2w68dwvyton.us-east-1.rds.amazonaws.com
6005,c32.us-west-2.airflow.amazonaws.com
6006,c4ju6amue06n.us-east-1.rds.amazonaws.com
6007,c4nrlz1j6k9y.eu-west-1.rds.amazonaws.com
6008,c560mg4kujyq.us-east-1.rds.amazonaws.com
6009,c58.airflow.us-east-1.on.aws
6010,c5dpepehphen.ca-central-1.rds.amazonaws.com
6011,c5frjfts5av2.us-east-1.rds.amazonaws.com
6012,c5lfrcxiizya.us-east-1.rds.amazonaws.com
6013,c64.us-east-1.airflow.amazonaws.com
6014,c81666i8u1qi.us-east-1.rds.amazonaws.com
6015,c8n7gzuehgcp.us-east-1.rds.amazonaws.com
6016,c8t24aiwiyel.us-east-1.rds.amazonaws.com
6017,c98us4es6woh.eu-west-1.rds.amazonaws.com
6018,c9cqw800koh2.us-east-1.rds.amazonaws.com
6019,c9nseaxm8uyr.eu-west-1.rds.amazonaws.com
6020,c9oq8gam2s5y.us-east-1.rds.amazonaws.com
6021,c9sl1jduhxmo.us-east-1.rds.amazonaws.com
6022,ca2pqujqmzz7.eu-central-1.rds.amazonaws.com
6023,capgrukwdozk.eu-west-1.rds.amazonaws.com
6024,casiizhkpsrn.us-east-1.rds.amazonaws.com
6025,cawcykzn6ymu.us-east-1.rds.amazonaws.com
6026,cbdkth5h1s17.eu-west-1.rds.amazonaws.com
6027,cbehq7sgpqij.us-east-1.rds.amazonaws.com
6028,cbpbtqecw7qf.eu-west-1.rds.amazonaws.com
6029,cbubbysvhwra.us-east-1.rds.amazonaws.com
6030,cby52rkoyoom.us-west-2.rds.amazonaws.com
6031,ccdho5vioifz.us-west-1.rds.amazonaws.com
6032,ccpz32ca2s9f.us-west-2.rds.amazonaws.com
6033,cdm7r2qiijsl.us-east-1.rds.amazonaws.com
6034,cdnrwgfkapon.eu-west-1.rds.amazonaws.com
6035,cdwmkyyu4qqq.us-east-2.rds.amazonaws.com
6036,cdxrrugyxtud.us-east-1.rds.amazonaws.com
6037,ceg9rzdg0xea.eu-central-1.rds.amazonaws.com
6038,cegdpwrddufr.us-east-1.rds.amazonaws.com
6039,cexarzszk9y6.us-east-1.rds.amazonaws.com
6040,cezbjlszdsze.us-east-2.rds.amazonaws.com
6041,cfay6coufw7b.us-west-1.rds.amazonaws.com
6042,cfgy0iu02i2y.eu-west-1.rds.amazonaws.com
6043,cfw0m2i40xbr.us-east-1.rds.amazonaws.com
6044,chc4yeasooc2.ap-south-1.rds.amazonaws.com
6045,chdhlx1shvy5.us-east-1.rds.amazonaws.com
6046,chzvsv7yqgx4.us-east-1.rds.amazonaws.com
6047,cibmhnq0mj9f.us-east-1.rds.amazonaws.com
6048,cjcg60s4wskp.us-east-1.rds.amazonaws.com
6049,cjdln0mdyuu4.us-east-1.rds.amazonaws.com
6050,cjkyscysgwrs.us-east-1.rds.amazonaws.com
6051,cjs9q8ghqygi.eu-west-1.rds.amazonaws.com
6052,cka7eelkriiq.us-east-1.rds.amazonaws.com
6053,ckv3fsdxh3s3.us-east-1.rds.amazonaws.com
6054,cl06oosgqgh5.us-east-1.rds.amazonaws.com
6055,cloudns.pw
6056,cluster-czrs8kj4isg7.us-east-1.rds.amazonaws.com
6057,cluster005.hosting.ovh.net
6058,cluster007.hosting.ovh.net
6059,clyq08m2kqqg.eu-west-1.rds.amazonaws.com
6060,cmey8uxhffuw.eu-west-1.rds.amazonaws.com
6061,cmihhwabjmtz.us-east-1.rds.amazonaws.com
6062,cmlmjzbluapr.ap-southeast-1.rds.amazonaws.com
6063,cnginqbhdswa.us-east-1.rds.amazonaws.com
6064,cntmpk5blkil.eu-west-1.rds.amazonaws.com
6065,co.network
6066,co7nnxjemaql.us-east-1.rds.amazonaws.com
6067,cocotte.jp
6068,com.gp
6069,coong8bjx3kv.ap-southeast-2.rds.amazonaws.com
6070,coxgwniei5yi.us-east-1.rds.amazonaws.com
6071,cp5qntaveaso.us-east-1.rds.amazonaws.com
6072,cpaymy6eej1b.us-east-1.rds.amazonaws.com
6073,cpesknf31cab.us-east-1.rds.amazonaws.com
6074,cpwyft9lfzwd.eu-west-1.rds.amazonaws.com
6075,cq1sfqnzz18w.us-east-1.rds.amazonaws.com
6076,cqacl9xeqyzk.us-west-2.rds.amazonaws.com
6077,cqgdgutatl2w.ap-southeast-1.rds.amazonaws.com
6078,cqii1tqisqya.eu-central-1.rds.amazonaws.com
6079,cqzp5oy3emzd.eu-central-1.rds.amazonaws.com
6080,crjhyvjjscci.eu-central-1.rds.amazonaws.com
6081,crku1479nrhg.eu-central-1.rds.amazonaws.com
6082,crmj9tu6ylhr.us-west-2.rds.amazonaws.com
6083,crom6vdxzewz.us-east-1.rds.amazonaws.com
6084,ct2nrkgsyhbm.us-east-1.rds.amazonaws.com
6085,ct44eo2gmx1f.eu-central-1.rds.amazonaws.com
6086,ct8ascue8ffl.eu-central-1.rds.amazonaws.com
6087,ctia4y8k8rg4.eu-central-1.rds.amazonaws.com
6088,ctle1tsx9bf0.eu-west-1.rds.amazonaws.com
6089,ctncqqhwiioe.eu-west-2.rds.amazonaws.com
6090,cu99ajoncziq.rds.cn-north-1.amazonaws.com.cn
6091,cuqdzevxkt6z.us-east-1.rds.amazonaws.com
6092,cuszhlyvps6t.eu-west-1.rds.amazonaws.com
6093,cuuukbyspbls.ap-northeast-1.rds.amazonaws.com
6094,cvors3xnaz2e.us-east-1.rds.amazonaws.com
6095,cvxyioz4gah1.us-east-1.rds.amazonaws.com
6096,cwh1dp8v8jcl.us-east-2.rds.amazonaws.com
6097,cxtvzetyd8ff.us-west-2.rds.amazonaws.com
6098,cy30unzdtzge.eu-west-1.rds.amazonaws.com
6099,cydvzxyqlemk.eu-west-1.rds.amazonaws.com
6100,cygwxx8cu4m9.us-east-1.rds.amazonaws.com
6101,cyon.link
6102,cyyaq9hevxij.us-east-1.rds.amazonaws.com
6103,czenulr3qz06.eu-west-1.rds.amazonaws.com
6104,czw2w2uiyk18.us-east-1.rds.amazonaws.com
6105,dell
6106,dnp
6107,dynvpn.de
6108,edu.bj
6109,embaixada.st
6110,fhsk.se
6111,final
6112,forgot.her.name
6113,futurehosting.at
6114,groks-the.info
6115,health.vn
6116,imamat
6117,ind.er
6118,is-a-good.dev
6119,is-an-actor.com
6120,karelia.su
6121,kfh
6122,kill.jp
6123,lambda-url.af-south-1.on.aws
6124,leczna.pl
6125,lego
6126,linkyard.cloud
6127,loginline.services
6128,logoip.com
6129,me-central2.run.app
6130,messwithdns.com
6131,mil.er
6132,mk.eu.org
6133,mmafan.biz
6134,mx-queretaro-1.oraclecloudapps.com
6135,myforum.community
6136,net.lr
6137,net.lv
6138,noop.app
6139,now-dns.org
6140,perma.jp
6141,ribeirao.br
6142,s3-website.dualstack.ap-southeast-4.amazonaws.com
6143,s3-website.eu-south-1.amazonaws.com
6144,s3-website.us-west-1.amazonaws.com
6145,savona.it
6146,shinjuku.tokyo.jp
6147,stat.no
6148,studio.ap-northeast-1.sagemaker.aws
6149,terni.it
6150,tonami.toyama.jp
6151,tr.no
6152,tselinograd.su
6153,video.hu
6154,witd.gov.pl
6155,wlocl.pl
6156,xn--h1aliz.xn--p1acf
6157,xn--s9brj9c
6158,29.xmit.co
6159,akkeshi.hokkaido.jp
6160,arts.ro
6161,atl1.digitaloceanspaces.com
6162,auth.il-central-1.amazoncognito.com
6163,az-westeurope-1.magentosite.cloud
6164,blog.bo
6165,bury.sch.uk
6166,c1aass4cq8pb.eu-central-1.rds.amazonaws.com
6167,c1sk6y2ygsqw.eu-central-1.rds.amazonaws.com
6168,c1wnhx6zbjq8.us-east-2.rds.amazonaws.com
6169,c27tcaewa6oz.eu-west-1.rds.amazonaws.com
6170,c2eanxt3vgho.eu-west-1.rds.amazonaws.com
6171,c2jrevllti8z.us-east-2.rds.amazonaws.com
6172,c2wlfqevgpbn.us-east-1.rds.amazonaws.com
6173,c3c3vrme4xsr.eu-central-1.rds.amazonaws.com
6174,c3slfblewad8.eu-central-1.rds.amazonaws.com
6175,c5w3qxi39u50.us-east-1.rds.amazonaws.com
6176,c81vyp0nh5bp.eu-central-1.rds.amazonaws.com
6177,c86dwymt9wi3.us-west-2.rds.amazonaws.com
6178,c9a8i4uiysrt.eu-west-2.rds.amazonaws.com
6179,cbe6yco0yix4.eu-central-1.rds.amazonaws.com
6180,cbgzuwlv28dk.us-east-1.rds.amazonaws.com
6181,cbjwzhval3v7.ap-southeast-1.rds.amazonaws.com
6182,cboc8swue9x4.ap-southeast-2.rds.amazonaws.com
6183,cboqialoj27b.us-east-2.rds.amazonaws.com
6184,cbrhbkungfsv.us-east-1.rds.amazonaws.com
6185,cc9ch9y0ouz4.us-east-1.rds.amazonaws.com
6186,ccauapmkeewd.eu-west-1.rds.amazonaws.com
6187,ccihyhxtw31f.us-east-1.rds.amazonaws.com
6188,cclnqaqxbwuz.rds.cn-north-1.amazonaws.com.cn
6189,ccwxxmijh9en.us-east-1.rds.amazonaws.com
6190,ccx22mkqqfk0.us-east-1.rds.amazonaws.com
6191,cd2eocppo3dv.eu-central-1.rds.amazonaws.com
6192,cd3jls1a7igh.ap-northeast-1.rds.amazonaws.com
6193,cdumm3greyyh.us-west-2.rds.amazonaws.com
6194,cekqsmenfey1.us-east-1.rds.amazonaws.com
6195,cemztrzsb1pp.us-east-1.rds.amazonaws.com
6196,cerzjzr6yv6p.us-east-1.rds.amazonaws.com
6197,cet4aqqmdry7.us-east-1.rds.amazonaws.com
6198,ceztjz2fnczx.ap-northeast-1.rds.amazonaws.com
6199,cfjzrfcbcmn1.eu-central-1.rds.amazonaws.com
6200,cg2j8km8et83.eu-central-1.rds.amazonaws.com
6201,cgln8qjiruq2.eu-central-1.rds.amazonaws.com
6202,ch8awmsik328.ca-central-1.rds.amazonaws.com
6203,chhchqbck5eb.us-west-2.rds.amazonaws.com
6204,chwiqysyebm8.eu-west-1.rds.amazonaws.com
6205,ci2hd7o8ckrz.eu-west-1.rds.amazonaws.com
6206,ci4tfakbphwv.eu-west-1.rds.amazonaws.com
6207,cii3e1gflwom.us-west-2.rds.amazonaws.com
6208,cjnpa8vo2unk.us-east-1.rds.amazonaws.com
6209,cksp8b8qlhyn.us-east-1.rds.amazonaws.com
6210,ckwhyjehev5t.us-east-1.rds.amazonaws.com
6211,clnuv1kaqdix.us-west-2.rds.amazonaws.com
6212,cloudns.eu
6213,cluster-cqegfto4egks.us-east-2.rds.amazonaws.com
6214,cluster-crdccmzu4qbl.us-east-1.rds.amazonaws.com
6215,clwu4wecmfn5.eu-west-1.rds.amazonaws.com
6216,cmfzynwnbhzf.us-west-2.rds.amazonaws.com
6217,cmjxtfhah4v6.eu-west-1.rds.amazonaws.com
6218,cnqa00ykuik6.eu-west-1.rds.amazonaws.com
6219,cnukweisidd7.us-west-2.rds.amazonaws.com
6220,cobhvmdkq1ij.eu-central-1.rds.amazonaws.com
6221,coczsrhen0ud.ca-central-1.rds.amazonaws.com
6222,coh8qw4ksqy4.us-east-1.rds.amazonaws.com
6223,coinhflushaq.eu-west-1.rds.amazonaws.com
6224,com.futurecms.at
6225,conevxgbqpss.us-west-2.rds.amazonaws.com
6226,cp6uugic4wk3.us-east-1.rds.amazonaws.com
6227,cpkljovfty0e.us-east-1.rds.amazonaws.com
6228,cqiwmkbgceqm.us-east-1.rds.amazonaws.com
6229,crecgnft0fk0.us-east-1.rds.amazonaws.com
6230,crkqm5aziapx.eu-west-1.rds.amazonaws.com
6231,crow2i86ko2u.eu-central-1.rds.amazonaws.com
6232,cs8tccsuzgbg.eu-central-1.rds.amazonaws.com
6233,csmov4uhkd3v.eu-west-1.rds.amazonaws.com
6234,cso79usizhr6.ap-southeast-2.rds.amazonaws.com
6235,csugmwq6k1pj.eu-central-1.rds.amazonaws.com
6236,ctcnhblio8vx.us-east-1.rds.amazonaws.com
6237,cu43j8etasyk.us-east-1.rds.amazonaws.com
6238,cuijivdvtf3r.us-east-2.rds.amazonaws.com
6239,cusbuiyw0wno.us-east-1.rds.amazonaws.com
6240,cw5jjakvvsdt.eu-central-1.rds.amazonaws.com
6241,cwjcgtf4sxoc.ap-southeast-2.rds.amazonaws.com
6242,cxbp3nu3b8gd.us-east-1.rds.amazonaws.com
6243,cxpnh1ukzdll.eu-west-1.rds.amazonaws.com
6244,cy.eu.org
6245,czai0se6u1l7.us-east-1.rds.amazonaws.com
6246,czcgrgwappu2.eu-west-1.rds.amazonaws.com
6247,czcosmyo4mk4.us-east-2.rds.amazonaws.com
6248,dds
6249,emrappui-prod.ap-south-1.amazonaws.com
6250,ethos47-prod-va7.dev.adobeaemcloud.com
6251,ethos54-prod-va7.dev.adobeaemcloud.com
6252,fly
6253,fm.user.fm
6254,fuettertdasnetz.de
6255,georgia.su
6256,hakuba.nagano.jp
6257,handcrafted.jp
6258,hughes
6259,instances.spawn.cc
6260,iwata.shizuoka.jp
6261,joetsu.niigata.jp
6262,kita.tokyo.jp
6263,koshigaya.saitama.jp
6264,lambda-url.ap-northeast-3.on.aws
6265,lambda-url.me-south-1.on.aws
6266,lib.ut.us
6267,m.se
6268,me.eg
6269,me.so
6270,natal.br
6271,ne.ke
6272,net.pr
6273,net.vu
6274,ngrok.pizza
6275,oracle
6276,org.ag
6277,org.bi
6278,org.uz
6279,pages.gay
6280,pro.ec
6281,rackmaze.net
6282,red.sv
6283,s2cb-uf6d.cloudera.site
6284,s3-object-lambda.us-west-1.amazonaws.com
6285,sandvikcoromant
6286,se-sto-1.linodeobjects.com
6287,shared.lcl.dev
6288,shinagawa.tokyo.jp
6289,social.br
6290,song
6291,starostwo.gov.pl
6292,stc
6293,studio.ap-northeast-2.sagemaker.aws
6294,ts.gateway.dev
6295,u.se
6296,us-west-2.experiments.sagemaker.aws
6297,vapor.cloud
6298,walter
6299,xn--mgbai9azgqp6j
6300,64-b.it
6301,analytics-gateway.us-east-1.amazonaws.com
6302,anglesey.sch.uk
6303,app.paywhirl.com
6304,arendal.no
6305,auth.me-central-1.amazoncognito.com
6306,barsyonline.com
6307,bathnes.sch.uk
6308,bergen.no
6309,bostik
6310,browsersafetymark.io
6311,c0cixceidvey.us-east-1.rds.amazonaws.com
6312,c0z00e8kqc1o.us-east-1.rds.amazonaws.com
6313,c18.us-east-1.airflow.amazonaws.com
6314,c1kemk68snu7.eu-west-1.rds.amazonaws.com
6315,c1qthjjvyj4c.eu-central-1.rds.amazonaws.com
6316,c20nvkmqvkjp.eu-central-1.rds.amazonaws.com
6317,c37.us-east-1.airflow.amazonaws.com
6318,c3as48ksmttm.us-east-1.rds.amazonaws.com
6319,c4yxhpb0bdja.eu-west-2.rds.amazonaws.com
6320,c7xnadfbjq6v.af-south-1.rds.amazonaws.com
6321,c7yks4mfle4i.eu-west-1.rds.amazonaws.com
6322,c8.ap-southeast-2.airflow.amazonaws.com
6323,c97l69btp7w4.us-east-2.rds.amazonaws.com
6324,c9kgmqy0kkdc.ap-south-1.rds.amazonaws.com
6325,cafev0vfpv6n.ap-southeast-1.rds.amazonaws.com
6326,cagvloxilrmz.eu-central-1.rds.amazonaws.com
6327,cakzbgy0yqju.eu-west-1.rds.amazonaws.com
6328,cbcswow6uvwe.eu-west-1.rds.amazonaws.com
6329,cbhbkjoyst5k.us-west-2.rds.amazonaws.com
6330,cbriunlvtcct.us-east-1.rds.amazonaws.com
6331,ccf9t0eeel7h.ap-southeast-1.rds.amazonaws.com
6332,ccffecm8fzza.eu-west-1.rds.amazonaws.com
6333,ccpm0neibalv.us-east-1.rds.amazonaws.com
6334,ccq1h44hsl9p.sa-east-1.rds.amazonaws.com
6335,cdn77-ssl.net
6336,cdv8zeq3kq97.us-east-2.rds.amazonaws.com
6337,ceofkjrpzdlh.ap-southeast-2.rds.amazonaws.com
6338,cf2vfadqvkuh.ap-southeast-2.rds.amazonaws.com
6339,cfiiw2m847ys.us-east-1.rds.amazonaws.com
6340,cggzusmnvjvk.ap-northeast-1.rds.amazonaws.com
6341,cgmpveinzdw9.eu-west-1.rds.amazonaws.com
6342,cgukppq7uxqu.us-east-1.rds.amazonaws.com
6343,ch24eo460fb6.us-east-1.rds.amazonaws.com
6344,chaky2k6quxo.us-east-1.rds.amazonaws.com
6345,chesbspa2jbg.us-west-2.rds.amazonaws.com
6346,chisqwueo4eb.ap-northeast-1.rds.amazonaws.com
6347,chowder.jp
6348,chpgczbhu7py.ap-southeast-2.rds.amazonaws.com
6349,ci2omjdhg27g.us-west-2.rds.amazonaws.com
6350,ciamaor7tzom.us-west-2.rds.amazonaws.com
6351,cj44sgmoumjq.eu-central-1.rds.amazonaws.com
6352,cjvp7zzhmm2a.eu-central-1.rds.amazonaws.com
6353,cjwrswaefcmx.us-west-2.rds.amazonaws.com
6354,ckd5xqtdjlq9.us-east-1.rds.amazonaws.com
6355,ckhoiikqqmbu.us-east-1.rds.amazonaws.com
6356,ckjj8sysinsv.us-east-1.rds.amazonaws.com
6357,ckmbqkkyywhs.us-west-2.rds.amazonaws.com
6358,ckxeyhtmzmsv.us-east-1.rds.amazonaws.com
6359,claobvmwbcxc.eu-central-1.rds.amazonaws.com
6360,clejsgwiog0d.ap-southeast-2.rds.amazonaws.com
6361,cljtka1vf7zs.us-west-2.rds.amazonaws.com
6362,clriiwqahxvo.us-east-1.rds.amazonaws.com
6363,clujrqoqkzvy.ap-east-1.rds.amazonaws.com
6364,cluster-cxbqtofyxhp2.us-east-1.rds.amazonaws.com
6365,cmhlbxzclke0.ap-southeast-2.rds.amazonaws.com
6366,cn8e8zmkfvpo.us-east-1.rds.amazonaws.com
6367,co.ci
6368,co.lc
6369,co.place
6370,co.st
6371,com.bm
6372,com.to
6373,cotj2sppsvpf.eu-west-1.rds.amazonaws.com
6374,coysnirf4qya.us-east-1.rds.amazonaws.com
6375,cpdcv9goahay.us-east-2.rds.amazonaws.com
6376,cqf3r155owj9.eu-west-2.rds.amazonaws.com
6377,cqqenaiibwjg.us-east-1.rds.amazonaws.com
6378,cqt3nnpuzkhg.us-east-1.rds.amazonaws.com
6379,crqe6osseg7s.us-east-1.rds.amazonaws.com
6380,crr1siqeyhcu.eu-west-1.rds.amazonaws.com
6381,crscq6fz8c2l.us-east-1.rds.amazonaws.com
6382,crzwsqbau1iw.us-east-1.rds.amazonaws.com
6383,csqbpnp7rnjn.us-west-1.rds.amazonaws.com
6384,ctak2qw24swz.eu-west-1.rds.amazonaws.com
6385,ctcnkj4ptjxg.ap-northeast-1.rds.amazonaws.com
6386,cts5cdmhhmu6.ap-southeast-2.rds.amazonaws.com
6387,cunvjmw3mxmq.us-east-1.rds.amazonaws.com
6388,cuom2wqtms8l.us-east-1.rds.amazonaws.com
6389,cv2q22kyentk.us-east-1.rds.amazonaws.com
6390,cv7jje8jzpy9.us-east-1.rds.amazonaws.com
6391,cvbtoq42z2a8.eu-west-1.rds.amazonaws.com
6392,cvkjdctv2tzx.ap-southeast-2.rds.amazonaws.com
6393,cvnqbz5logex.eu-west-1.rds.amazonaws.com
6394,cwbiivthvsgd.us-west-2.rds.amazonaws.com
6395,cwdmpbr6pga6.eu-west-1.rds.amazonaws.com
6396,cxdiuc58wj9s.eu-central-1.rds.amazonaws.com
6397,cxdxwnz7beim.us-east-1.rds.amazonaws.com
6398,czao0npz6bhe.us-east-1.rds.amazonaws.com
6399,czmg0gak85r5.eu-central-1.rds.amazonaws.com
6400,czqxhk2axri1.us-west-2.rds.amazonaws.com
6401,drammen.no
6402,dt.r.appspot.com
6403,edu.gi
6404,er.in
6405,gov.sh
6406,himi.toyama.jp
6407,homedepot
6408,hotel
6409,ingress-alpha.ewp.live
6410,intl.tn
6411,jpmorgan
6412,kashima.saga.jp
6413,khanhhoa.vn
6414,lincoln
6415,mtn
6416,namaste.jp
6417,name.eg
6418,nanto.toyama.jp
6419,net.ai
6420,net.hn
6421,net.ps
6422,notebook.eu-north-1.sagemaker.aws
6423,ntr.br
6424,s3-website.fr-par.scw.cloud
6425,s3.dualstack.ap-southeast-4.amazonaws.com
6426,s3.dualstack.eu-central-2.amazonaws.com
6427,safe
6428,salvo.code.run
6429,school.ge
6430,sekd1.beebyteapp.io
6431,soc.srcf.net
6432,sohu
6433,sondrio.it
6434,studio.eu-west-3.sagemaker.aws
6435,tomika.gifu.jp
6436,travel.in
6437,trentino.it
6438,ubs
6439,vinnytsia.ua
6440,wl.gateway.dev
6441,wmekm.vps.myjino.ru
6442,xmit.dev
6443,yali.mythic-beasts.com
6444,abkhazia.su
6445,argyll-bute.sch.uk
6446,auth.ap-southeast-5.amazoncognito.com
6447,bona.jp
6448,bozen.it
6449,c0jl7dykqzne.eu-west-1.rds.amazonaws.com
6450,c1.eu-central-1.airflow.amazonaws.com
6451,c1iiqs6cyglq.eu-west-1.rds.amazonaws.com
6452,c2bzosdvb1bg.us-west-2.rds.amazonaws.com
6453,c32.us-east-1.airflow.amazonaws.com
6454,c3znzejcnw82.us-east-1.rds.amazonaws.com
6455,c4.us-west-2.airflow.amazonaws.com
6456,c5.eu-central-1.airflow.amazonaws.com
6457,c52.us-east-1.airflow.amazonaws.com
6458,c54.airflow.us-east-1.on.aws
6459,c54kokyqm8bk.us-east-1.rds.amazonaws.com
6460,c6l2qwwykd9n.us-east-1.rds.amazonaws.com
6461,c7g2askomjem.eu-west-1.rds.amazonaws.com
6462,c7q24u2k84jf.eu-west-1.rds.amazonaws.com
6463,c8sgliztznuf.eu-west-1.rds.amazonaws.com
6464,c9egrgjdr0n2.us-east-1.rds.amazonaws.com
6465,c9k8qck2gemz.eu-central-1.rds.amazonaws.com
6466,c9syiamu2b43.eu-west-1.rds.amazonaws.com
6467,ca780g8q4dwl.us-east-1.rds.amazonaws.com
6468,can57nnoztef.us-east-1.rds.amazonaws.com
6469,cb3yhxjbfifz.ap-southeast-2.rds.amazonaws.com
6470,cbncqotn9wal.eu-central-1.rds.amazonaws.com
6471,cboeo9zthzjg.eu-central-1.rds.amazonaws.com
6472,cbspxq7f10bt.eu-west-1.rds.amazonaws.com
6473,cbtqlxohmqaj.us-east-1.rds.amazonaws.com
6474,cbwnxa9wzylh.eu-central-1.rds.amazonaws.com
6475,cc.va.us
6476,cc5z9bpskbmx.us-west-2.rds.amazonaws.com
6477,ce6b81rqz0tq.us-east-2.rds.amazonaws.com
6478,chasuq2epesq.us-east-1.rds.amazonaws.com
6479,chmsps6stxhz.ap-southeast-1.rds.amazonaws.com
6480,chzzajfvmzaf.eu-west-1.rds.amazonaws.com
6481,cistron.nl
6482,cjakeyie2boj.eu-west-1.rds.amazonaws.com
6483,ck4xqbmygipl.us-east-1.rds.amazonaws.com
6484,ckommwu6reul.eu-west-1.rds.amazonaws.com
6485,clj0mlnnpfhb.eu-central-1.rds.amazonaws.com
6486,cm2greiepn8a.eu-west-1.rds.amazonaws.com
6487,cm9lq84o1hx0.ap-east-1.rds.amazonaws.com
6488,cmxspavqbhto.us-west-2.rds.amazonaws.com
6489,cmzlxrrsqh4g.us-east-1.rds.amazonaws.com
6490,cno6ugwxivib.us-east-1.rds.amazonaws.com
6491,cnppaoid4s9n.us-east-1.rds.amazonaws.com
6492,co6udm9cs5fc.us-east-1.rds.amazonaws.com
6493,com.ms
6494,com.mw
6495,cp32pezhdbzw.eu-central-1.rds.amazonaws.com
6496,cpn1umbta86e.ap-northeast-1.rds.amazonaws.com
6497,cs.in
6498,cshbabohudru.us-west-2.rds.amazonaws.com
6499,cshuke8c2wmm.us-east-1.rds.amazonaws.com
6500,cuwwq2rxknbx.us-west-2.rds.amazonaws.com
6501,cvtkkhl1dujx.eu-central-1.rds.amazonaws.com
6502,cwhurymkolzj.rds.cn-north-1.amazonaws.com.cn
6503,cxdeo2wm7owf.us-west-2.rds.amazonaws.com
6504,cxfsukwt7lc8.eu-west-1.rds.amazonaws.com
6505,cxgtdvte3k1y.eu-central-1.rds.amazonaws.com
6506,cxhvj3vbwmjt.us-east-1.rds.amazonaws.com
6507,cxmcme6s208c.ap-northeast-1.rds.amazonaws.com
6508,cyftdwqrbbr7.us-east-1.rds.amazonaws.com
6509,cyga02eel5fw.us-east-1.rds.amazonaws.com
6510,cyoqrv7dkndj.us-east-1.rds.amazonaws.com
6511,cyxgey0scqec.us-east-1.rds.amazonaws.com
6512,cz4thyeoz1pw.us-east-1.rds.amazonaws.com
6513,czmn7heuidba.eu-west-1.rds.amazonaws.com
6514,cznbsbxi5mtd.ap-southeast-2.rds.amazonaws.com
6515,czsrwr38rep8.ap-south-1.rds.amazonaws.com
6516,czwoekg48o4f.eu-west-1.rds.amazonaws.com
6517,dubai
6518,emrnotebooks-prod.eu-south-1.amazonaws.com
6519,emrnotebooks-prod.us-east-2.amazonaws.com
6520,fst.br
6521,fuchu.tokyo.jp
6522,gitapp.si
6523,hakodate.hokkaido.jp
6524,hartlepool.sch.uk
6525,hoplix.shop
6526,il-central-1.elasticbeanstalk.com
6527,infiniti
6528,int.ni
6529,iruma.saitama.jp
6530,kaisei.kanagawa.jp
6531,kasuya.fukuoka.jp
6532,mafelo.net
6533,marriott
6534,nec
6535,net.jm
6536,net.ms
6537,nishiawakura.okayama.jp
6538,notebook-fips.us-west-2.sagemaker.aws
6539,o0o0.jp
6540,otsuka
6541,p01--dockerhub123--rwtbfjn49l7k.code.run
6542,perspecta.cloud
6543,postgres.snowflake.app
6544,ragusa.it
6545,rogers
6546,rotherham.sch.uk
6547,sa-vinhedo-1.oraclecloudapps.com
6548,small-web.org
6549,tahara.aichi.jp
6550,transfer-webapp.eu-west-1.on.aws
6551,trd.br
6552,weblike.jp
6553,xerox
6554,yenbai.vn
6555,za.bz
6556,zara
6557,43.xmit.co
6558,57.xmit.co
6559,alp1.ae.flow.ch
6560,analytics-gateway.eu-west-1.amazonaws.com
6561,ap-osaka-1.oraclecloudapps.com
6562,ap-southeast-2.compute.amazonaws.com
6563,auth.me-south-1.amazoncognito.com
6564,babia-gora.pl
6565,biz.ls
6566,brand.se
6567,builtwithdark.com
6568,c1.ap-east-1.airflow.amazonaws.com
6569,c16lnyeffzwo.us-east-2.rds.amazonaws.com
6570,c1m8o0oouojt.eu-central-1.rds.amazonaws.com
6571,c2jh2llfp4xe.eu-central-1.rds.amazonaws.com
6572,c3.eu-west-2.airflow.amazonaws.com
6573,c33.us-east-1.airflow.amazonaws.com
6574,c5goues4cyei.eu-west-1.rds.amazonaws.com
6575,c75ij5mkxh1l.ap-northeast-1.rds.amazonaws.com
6576,c7tess0ijs8o.us-west-1.rds.amazonaws.com
6577,c8.us-east-2.airflow.amazonaws.com
6578,c87fcdcqejgc.us-west-2.rds.amazonaws.com
6579,c8fyzncpf9tv.us-east-1.rds.amazonaws.com
6580,c8xgiy2qojem.us-east-1.rds.amazonaws.com
6581,c9.airflow.us-east-1.on.aws
6582,c9.eu-west-1.airflow.amazonaws.com
6583,cawtjjw7tnwv.us-west-2.rds.amazonaws.com
6584,cbj4jyyxsczf.us-east-1.rds.amazonaws.com
6585,cbrg6dvwruzr.us-west-2.rds.amazonaws.com
6586,cbzwztcxfluc.eu-west-1.rds.amazonaws.com
6587,cc.la.us
6588,cc.wa.us
6589,ccu9uzk5tdwo.us-east-2.rds.amazonaws.com
6590,cdlpxby51avm.us-east-1.rds.amazonaws.com
6591,cdzauzpmxqhc.us-east-1.rds.amazonaws.com
6592,ce4wstgykwtv.ca-west-1.rds.amazonaws.com
6593,ceovmzzpybck.us-east-1.rds.amazonaws.com
6594,cfabnjtehl1h.us-east-1.rds.amazonaws.com
6595,chom8s26at2s.us-east-1.rds.amazonaws.com
6596,cizvjak6neys.us-east-1.rds.amazonaws.com
6597,cizyi0cu5zdc.us-west-2.rds.amazonaws.com
6598,ckzbzhcvozkq.ap-southeast-1.rds.amazonaws.com
6599,clbrakhg5eq4.ap-northeast-1.rds.amazonaws.com
6600,cluster-ckd2evw9znz4.us-east-2.rds.amazonaws.com
6601,cluster013.hosting.ovh.net
6602,cmjol4pqkvcg.eu-west-1.rds.amazonaws.com
6603,cmom3ccnimnj.eu-central-1.rds.amazonaws.com
6604,cn6wq0gi2rhb.us-east-1.rds.amazonaws.com
6605,cna1mhwwabzj.eu-central-1.rds.amazonaws.com
6606,cnmsw2yiu4dc.us-east-1.rds.amazonaws.com
6607,co.cl
6608,com.bi
6609,cpigms8gecyk.ap-northeast-1.rds.amazonaws.com
6610,cpkse0ow29sf.us-east-1.rds.amazonaws.com
6611,cptgctqzoixs.us-east-1.rds.amazonaws.com
6612,cqv76bp7gpf9.eu-west-1.rds.amazonaws.com
6613,cr30kecsysuc.us-east-1.rds.amazonaws.com
6614,crcuqiuqkp6e.ap-south-1.rds.amazonaws.com
6615,csf2wqyc27ft.us-east-1.rds.amazonaws.com
6616,cssv1am0oncn.us-east-1.rds.amazonaws.com
6617,ct2ejl0ay6mk.us-east-1.rds.amazonaws.com
6618,ctk4bjae260x.us-west-2.rds.amazonaws.com
6619,ctylo1zf43pk.eu-central-1.rds.amazonaws.com
6620,cvuqchmlqs0s.us-east-1.rds.amazonaws.com
6621,cw2k9m356fun.eu-west-1.rds.amazonaws.com
6622,cwoyzkgxesjm.us-east-1.rds.amazonaws.com
6623,cydmi3dexthy.us-east-1.rds.amazonaws.com
6624,development.run
6625,edu.sb
6626,eu-west-1.experiments.sagemaker.aws
6627,greta.fr
6628,higashishirakawa.gifu.jp
6629,huissier-justice.fr
6630,ichikai.tochigi.jp
6631,jll
6632,knightpoint.systems
6633,kr.it
6634,lanxess
6635,lib.ct.us
6636,lomo.jp
6637,lynx.mythic-beasts.com
6638,mishima.fukushima.jp
6639,nagaoka.niigata.jp
6640,net.ag
6641,ngo.lk
6642,north-kazakhstan.su
6643,notebook.eu-west-3.sagemaker.aws
6644,on-the-web.tv
6645,org.bs
6646,osakasayama.osaka.jp
6647,playit.plus
6648,po.it
6649,potenza.it
6650,prd.fr
6651,rawa-maz.pl
6652,rt.ht
6653,ryd.wafaicloud.com
6654,s3-accesspoint.dualstack.us-east-1.amazonaws.com
6655,s3-object-lambda.eu-north-1.amazonaws.com
6656,s3.dualstack.il-central-1.amazonaws.com
6657,sa-santiago-1.oci.customer-oci.com
6658,shibuya.tokyo.jp
6659,stavanger.no
6660,stjordal.no
6661,studio.us-gov-east-1.sagemaker.aws
6662,test-iserv.de
6663,tm.za
6664,trondheim.no
6665,typo3server.info
6666,uk-gov-london-1.oraclegovcloudapps.uk
6667,us-east-2.experiments.sagemaker.aws
6668,wif.gov.pl
6669,wodzislaw.pl
6670,xbox
6671,1337.pictures
6672,147.xmit.co
6673,32-b.it
6674,analytics-gateway.eu-central-1.amazonaws.com
6675,analytics-gateway.us-east-2.amazonaws.com
6676,atsugi.kanagawa.jp
6677,bin.nom.br
6678,biz.ng
6679,bloomberg
6680,c18.eu-west-1.airflow.amazonaws.com
6681,c2.ap-northeast-1.airflow.amazonaws.com
6682,c23.eu-west-1.airflow.amazonaws.com
6683,c2h8a8e1kemn.us-east-1.rds.amazonaws.com
6684,c3ou1asxchkg.us-east-1.rds.amazonaws.com
6685,c3y6ymyu45te.us-east-1.rds.amazonaws.com
6686,c4azvhdjznx5.ap-southeast-2.rds.amazonaws.com
6687,c4m79mfgzux3.eu-west-1.rds.amazonaws.com
6688,c6.eu-central-1.airflow.amazonaws.com
6689,c65.us-east-1.airflow.amazonaws.com
6690,c69.us-east-1.airflow.amazonaws.com
6691,c7ckkekg8mhq.us-east-1.rds.amazonaws.com
6692,c8d1uowgj9mm.eu-west-1.rds.amazonaws.com
6693,c8ezqf0soax2.us-east-1.rds.amazonaws.com
6694,c8kqt4bgwqvu.eu-central-1.rds.amazonaws.com
6695,c8nceukignnq.us-east-1.rds.amazonaws.com
6696,c9igyguq307h.us-west-2.rds.amazonaws.com
6697,ca-montreal-1.oraclecloudapps.com
6698,cbiwfhdhafmt.eu-central-1.rds.amazonaws.com
6699,cc09ri71djin.eu-west-1.rds.amazonaws.com
6700,ccraht9pqdkm.us-east-1.rds.amazonaws.com
6701,cf7wxfgtgflh.eu-west-1.rds.amazonaws.com
6702,cgevunlz3bfz.eu-west-1.rds.amazonaws.com
6703,chhqc6brhgdg.us-east-1.rds.amazonaws.com
6704,chofu.tokyo.jp
6705,cipkvaemkuiq.us-east-1.rds.amazonaws.com
6706,cloca2oeshws.us-east-1.rds.amazonaws.com
6707,cluster-cfgmkucy0g1y.us-east-1.rds.amazonaws.com
6708,cluster-cilcbmzcsusm.us-east-1.rds.amazonaws.com
6709,cluster002.hosting.ovh.net
6710,cmeep8hwwlid.rds.cn-north-1.amazonaws.com.cn
6711,cmj4kxckxh8l.ap-northeast-1.rds.amazonaws.com
6712,cnncyf63deya.ap-south-1.rds.amazonaws.com
6713,cnzsrgvf9wfe.us-east-1.rds.amazonaws.com
6714,cnztda11gnab.us-east-1.rds.amazonaws.com
6715,co.technology
6716,cokvi1ksntcs.us-east-2.rds.amazonaws.com
6717,com.nr
6718,com.vi
6719,conwy.sch.uk
6720,coo9t9zodk2w.eu-west-1.rds.amazonaws.com
6721,cp2zrln4x1b5.ap-southeast-1.rds.amazonaws.com
6722,cpka0mtf6w1l.us-east-1.rds.amazonaws.com
6723,cq69e0ke6wut.us-east-1.rds.amazonaws.com
6724,cq89ebstflh6.us-east-1.rds.amazonaws.com
6725,crkcysks6a2s.us-west-2.rds.amazonaws.com
6726,crotone.it
6727,csqd5wqzfyds.eu-west-2.rds.amazonaws.com
6728,cssfcns0ke8y.us-east-1.rds.amazonaws.com
6729,ctp3s9vnmfvm.rds.cn-northwest-1.amazonaws.com.cn
6730,ctwdqltv781p.us-east-1.rds.amazonaws.com
6731,culq4gkm84da.us-east-1.rds.amazonaws.com
6732,cunrwcwlndpt.us-east-1.rds.amazonaws.com
6733,cut89tloaq8d.us-east-2.rds.amazonaws.com
6734,cuvygqiq4jrg.us-east-1.rds.amazonaws.com
6735,cvvweumqtj2b.us-east-1.rds.amazonaws.com
6736,cw1iq07nhvqe.us-east-1.rds.amazonaws.com
6737,cx84qiqeo968.us-east-1.rds.amazonaws.com
6738,cxdt9qjgj5lb.us-east-1.rds.amazonaws.com
6739,cyotsr5zkj1l.us-east-1.rds.amazonaws.com
6740,cyw5ymuchgdb.us-east-1.rds.amazonaws.com
6741,czed0mx8lqiw.rds.cn-north-1.amazonaws.com.cn
6742,czflflmav9ud.us-east-1.rds.amazonaws.com
6743,czgsdbhemp3o.eu-central-1.rds.amazonaws.com
6744,czwd8hhozewj.us-east-1.rds.amazonaws.com
6745,de.trendhosting.cloud
6746,demo.jelastic.com
6747,dlugoleka.pl
6748,dray-dns.de
6749,dvr
6750,en.it
6751,ezproxy.kuleuven.be
6752,folkebibl.no
6753,gcpuscentral1.snowflake.app
6754,gifu.gifu.jp
6755,gov.km
6756,haiduong.vn
6757,hikone.shiga.jp
6758,inf.cu
6759,ip6.arpa
6760,jdevcloud.com
6761,lib.ne.us
6762,me.tz
6763,mediatech.dev
6764,mint
6765,nba
6766,nc.tr
6767,net.rw
6768,nic.pg
6769,ns.jm
6770,oncilla.mythic-beasts.com
6771,org.ck
6772,org.se
6773,oya.to
6774,per.la
6775,portsmouth.sch.uk
6776,rieti.it
6777,s3-accesspoint.ap-southeast-2.amazonaws.com
6778,s3.dualstack.ca-west-1.amazonaws.com
6779,sa-bogota-1.oraclecloudapps.com
6780,smile
6781,studio.ap-southeast-3.sagemaker.aws
6782,studio.me-central-1.sagemaker.aws
6783,taa.it
6784,tawaramoto.nara.jp
6785,trento.it
6786,ueda.nagano.jp
6787,us-east5.hosted.app
6788,us-west-1.compute.amazonaws.com
6789,utwente.io
6790,vfs.cloud9.ca-central-1.amazonaws.com
6791,vfs.cloud9.eu-west-3.amazonaws.com
6792,waltham.sch.uk
6793,xn--o1ach.xn--90a3ac
6794,4lima.at
6795,4lima.ch
6796,a0.cloudera.site
6797,a3.cloudera.site
6798,a7.cloudera.site
6799,activetrail.biz
6800,analytics-gateway.us-west-2.amazonaws.com
6801,ap.leg.br
6802,australiasoutheast.azurecontainer.io
6803,auth-fips.us-west-2.amazoncognito.com
6804,auth.ap-southeast-7.amazoncognito.com
6805,azwestus2.snowflake.app
6806,bashkiria.su
6807,biz.mv
6808,blackpool.sch.uk
6809,boxfuse.io
6810,bplaced.de
6811,bryansk.su
6812,c1.airflow.eu-central-1.on.aws
6813,c17.eu-west-1.airflow.amazonaws.com
6814,c2.airflow.us-east-2.on.aws
6815,c22.airflow.us-east-1.on.aws
6816,c28.us-east-1.airflow.amazonaws.com
6817,c28.us-west-2.airflow.amazonaws.com
6818,c2xpd1jbjpcg.ap-northeast-1.rds.amazonaws.com
6819,c4.cn-northwest-1.airflow.amazonaws.com.cn
6820,c4.us-east-1.airflow.amazonaws.com
6821,c51.us-east-1.airflow.amazonaws.com
6822,c53.us-east-1.airflow.amazonaws.com
6823,c5j5ef5iitge.us-east-1.rds.amazonaws.com
6824,c7.eu-west-1.airflow.amazonaws.com
6825,c8f9beqnrfoc.us-east-1.rds.amazonaws.com
6826,c8l2jvejsfdm.ap-southeast-2.rds.amazonaws.com
6827,c9s88s8qub0c.ap-southeast-1.rds.amazonaws.com
6828,cb6miqy8qk68.eu-west-1.rds.amazonaws.com
6829,cbi4ss4u8s71.eu-west-1.rds.amazonaws.com
6830,cbn
6831,cc.id.us
6832,cc.nc.us
6833,cdjwhuard5xm.eu-west-1.rds.amazonaws.com
6834,ce3znwszxqoz.ap-southeast-1.rds.amazonaws.com
6835,ceq85buxdkhh.eu-central-1.rds.amazonaws.com
6836,cgxzpjo72wl0.ap-southeast-2.rds.amazonaws.com
6837,chs2usa82qye.us-east-1.rds.amazonaws.com
6838,cirujwszqupe.us-east-1.rds.amazonaws.com
6839,cjgtwedfjx9q.eu-west-1.rds.amazonaws.com
6840,cjjdqtxprd6u.us-east-1.rds.amazonaws.com
6841,cjzbrpzbebzn.eu-west-3.rds.amazonaws.com
6842,cliociy00tt2.ap-southeast-1.rds.amazonaws.com
6843,cloudns.info
6844,cluster-c4lcsf0fdkmv.us-east-1.rds.amazonaws.com
6845,cluster-c6lemq82a5fe.us-east-1.rds.amazonaws.com
6846,cluster-ci2pfveuge6m.us-east-1.rds.amazonaws.com
6847,cluster-ro-cz4thyeoz1pw.us-east-1.rds.amazonaws.com
6848,cluster014.hosting.ovh.net
6849,cly6g0kyenug.us-east-1.rds.amazonaws.com
6850,coenb3hegnd8.eu-central-1.rds.amazonaws.com
6851,com.pf
6852,crnhd9w2viiv.us-east-1.rds.amazonaws.com
6853,cspm3azhmuqw.us-east-1.rds.amazonaws.com
6854,ctthmo0g5viy.us-east-2.rds.amazonaws.com
6855,cuueyh3crhqw.eu-west-1.rds.amazonaws.com
6856,cv22oyg84521.us-east-1.rds.amazonaws.com
6857,cvvdx8ntsf1t.us-west-2.rds.amazonaws.com
6858,cwhysgs6c5co.us-east-1.rds.amazonaws.com
6859,cyz6i2s2kyeo.ap-south-1.rds.amazonaws.com
6860,czsyomi6enh7.eu-west-1.rds.amazonaws.com
6861,czuemogkgc4x.us-west-2.rds.amazonaws.com
6862,czwi2k0vuwgg.us-east-1.rds.amazonaws.com
6863,czyiuqeexk0d.us-east-1.rds.amazonaws.com
6864,edu.sc
6865,emrnotebooks-prod.ca-central-1.amazonaws.com
6866,ethos20-prod-wa1.dev.adobeaemcloud.com
6867,ethos40-prod-va7.dev.adobeaemcloud.com
6868,fermo.it
6869,fr-1.paas.massivegrid.net
6870,gov.kp
6871,hotel.hu
6872,info.ls
6873,ise.mie.jp
6874,kawanishi.yamagata.jp
6875,la1-plenit.com
6876,matsumoto.nagano.jp
6877,mil.ni
6878,minokamo.gifu.jp
6879,moto
6880,mydns.bz
6881,n-ayrshire.sch.uk
6882,net.gg
6883,noor.jp
6884,org.cu
6885,org.km
6886,org.mg
6887,org.tm
6888,pabianice.pl
6889,palmas.br
6890,pch.pg
6891,pepper.jp
6892,pg.in
6893,rbkc.sch.uk
6894,res.aero
6895,s3-accesspoint.dualstack.us-west-2.amazonaws.com
6896,s3-object-lambda.eu-west-1.amazonaws.com
6897,santoandre.br
6898,scrapping.cc
6899,sdmntprjapaneastdr.oaiusercontent.com
6900,seto.aichi.jp
6901,shichikashuku.miyagi.jp
6902,studio.us-west-1.sagemaker.aws
6903,traeumtgerade.de
6904,us-west-1.experiments.sagemaker.aws
6905,websozai.jp
6906,wiw.gov.pl
6907,xn--c1avg.xn--p1acf
6908,xn--wgbh1c
6909,yodobashi
6910,yokkaichi.mie.jp
6911,115.xmit.co
6912,68.xmit.co
6913,anjo.aichi.jp
6914,ap-melbourne-1.oraclecloudapps.com
6915,ap-seoul-1.oci.customer-oci.com
6916,asker.no
6917,azerbaijan.su
6918,barrel-of-knowledge.info
6919,biz.at
6920,c0.ap-southeast-2.airflow.amazonaws.com
6921,c01.kr
6922,c1.ap-northeast-1.airflow.amazonaws.com
6923,c1.ap-southeast-2.airflow.amazonaws.com
6924,c1.eu-west-2.airflow.amazonaws.com
6925,c1eg2jqxwglj.us-east-2.rds.amazonaws.com
6926,c1wn6fema6r2.us-east-2.rds.amazonaws.com
6927,c1z4grldwc3e.eu-central-1.rds.amazonaws.com
6928,c2.us-west-1.airflow.amazonaws.com
6929,c20.airflow.us-east-1.on.aws
6930,c29.us-west-2.airflow.amazonaws.com
6931,c31.us-east-1.airflow.amazonaws.com
6932,c3bg4450zvkn.eu-west-1.rds.amazonaws.com
6933,c3c2dib1syvf.us-west-2.rds.amazonaws.com
6934,c3vugop69wkc.eu-west-1.rds.amazonaws.com
6935,c3wee4u0kqvh.ap-east-1.rds.amazonaws.com
6936,c42.airflow.us-east-1.on.aws
6937,c44.us-east-1.airflow.amazonaws.com
6938,c4x86kb9nokp.us-east-1.rds.amazonaws.com
6939,c55.airflow.us-east-1.on.aws
6940,c7.airflow.us-west-2.on.aws
6941,c7.eu-central-1.airflow.amazonaws.com
6942,c76did4wkouo.us-west-2.rds.amazonaws.com
6943,c8.airflow.eu-west-3.on.aws
6944,c966u6m8cvjc.eu-west-1.rds.amazonaws.com
6945,caahldtqr2eu.us-east-1.rds.amazonaws.com
6946,cadcrbpzz8xc.us-east-1.rds.amazonaws.com
6947,cbogo04ogakm.us-east-1.rds.amazonaws.com
6948,cc.al.us
6949,cc5bjro1gvpb.eu-central-1.rds.amazonaws.com
6950,ccmldsizsbeg.eu-west-1.rds.amazonaws.com
6951,ccv1yfdsinkp.ap-south-1.rds.amazonaws.com
6952,cdasgkue2rqn.eu-west-1.rds.amazonaws.com
6953,ceigugt3o1oy.eu-west-2.rds.amazonaws.com
6954,ceyqjrklhgbw.ap-southeast-1.rds.amazonaws.com
6955,cg2f0e5c3dw1.us-west-2.rds.amazonaws.com
6956,cgcfq2givzxu.eu-west-1.rds.amazonaws.com
6957,cgl4hkoqgfyg.eu-west-1.rds.amazonaws.com
6958,chieti.it
6959,ci2pfveuge6m.us-east-1.rds.amazonaws.com
6960,cinrkeoej1vh.us-gov-east-1.rds.amazonaws.com
6961,civuh9mv2cha.us-east-1.rds.amazonaws.com
6962,cj0cih66wtdo.eu-west-1.rds.amazonaws.com
6963,cjfn8cpe3otr.us-east-1.rds.amazonaws.com
6964,ckgkiczodrny.us-west-2.rds.amazonaws.com
6965,cksttqvbsvv7.us-east-1.rds.amazonaws.com
6966,cl8q46yg23lx.ap-southeast-2.rds.amazonaws.com
6967,cloudsite.builders
6968,cmsz241itecr.eu-west-1.rds.amazonaws.com
6969,cn3hcvhb0pyc.eu-central-1.rds.amazonaws.com
6970,cn9ejsjmmppn.us-west-2.rds.amazonaws.com
6971,cnmtwoilldtg.us-east-2.rds.amazonaws.com
6972,cnosksgsira5.us-east-1.rds.amazonaws.com
6973,cnwy0s6ikl66.us-east-2.rds.amazonaws.com
6974,cotifsaom4mv.us-east-1.rds.amazonaws.com
6975,cp0hmqf4ujyb.us-west-2.rds.amazonaws.com
6976,cpb9ydy8i8hh.us-east-1.rds.amazonaws.com
6977,cpk2s28yewye.us-east-1.rds.amazonaws.com
6978,cppvemlrwgip.us-east-1.rds.amazonaws.com
6979,cpxu7nsxeqkz.eu-west-3.rds.amazonaws.com
6980,crffi2x795yl.eu-west-1.rds.amazonaws.com
6981,cro2giwg0vu8.ap-southeast-1.rds.amazonaws.com
6982,crqxpkunhbiu.us-east-1.rds.amazonaws.com
6983,csln6o5xguzr.us-east-1.rds.amazonaws.com
6984,cte6m4fyixqd.eu-west-1.rds.amazonaws.com
6985,cujr03owbcaz.us-east-1.rds.amazonaws.com
6986,cvgva7dmo5hg.us-west-2.rds.amazonaws.com
6987,cvuceso6621l.us-west-2.rds.amazonaws.com
6988,cvvt4rifawl8.ap-south-1.rds.amazonaws.com
6989,cxamoiq20wl6.ap-southeast-2.rds.amazonaws.com
6990,cxksgjfvfxna.us-east-1.rds.amazonaws.com
6991,cxm6cu0kuy8c.us-west-2.rds.amazonaws.com
6992,cy50w0mu81xq.us-east-1.rds.amazonaws.com
6993,cz0ljdijxock.us-east-1.rds.amazonaws.com
6994,czychqgqsybc.eu-central-1.rds.amazonaws.com
6995,domain-rbx-shopopop-customers.services.clever-cloud.com
6996,east-kazakhstan.su
6997,fra.appwrite.run
6998,froya.no
6999,gov.ec
7000,haiphong.vn
7001,her.jp
7002,higashiosaka.osaka.jp
7003,in.ni
7004,ingress-bonde.ewp.live
7005,izu.shizuoka.jp
7006,kashima.ibaraki.jp
7007,kawagoe.saitama.jp
7008,kisarazu.chiba.jp
7009,kropyvnytskyi.ua
7010,lib.or.us
7011,liverpool.sch.uk
7012,lp.dev
7013,me-jeddah-1.oraclecloudapps.com
7014,mein-iserv.de
7015,mil.kh
7016,mil.sy
7017,mino.gifu.jp
7018,morioka.iwate.jp
7019,mydns.tw
7020,nalchik.ru
7021,net.al
7022,niimi.okayama.jp
7023,nsw.au
7024,ogata.akita.jp
7025,okazaki.aichi.jp
7026,penne.jp
7027,roros.no
7028,s3-accesspoint.eu-central-2.amazonaws.com
7029,s3-website.me-south-1.amazonaws.com
7030,s3.isk01.sakurastorage.jp
7031,sakaiminato.tottori.jp
7032,sebastopol.ua
7033,setagaya.tokyo.jp
7034,shioya.tochigi.jp
7035,sumida.tokyo.jp
7036,tagawa.fukuoka.jp
7037,tech.ec
7038,undo.jp
7039,us-east-1.triton.zone
7040,verse.jp
7041,xn--90azh.xn--90a3ac
7042,xn--h2brj9c8c
7043,172.xmit.co
7044,able
7045,ac.ni
7046,angus.sch.uk
7047,antigos.nom.br
7048,app--app--8qmsmc78mcn9.code.run
7049,apps.lair.io
7050,arte
7051,asso.dz
7052,babyblue.jp
7053,bestbuy
7054,bracknell-forest.sch.uk
7055,c1.airflow.us-west-2.on.aws
7056,c12ygmwmeokv.me-central-1.rds.amazonaws.com
7057,c15.us-west-2.airflow.amazonaws.com
7058,c17.airflow.us-west-2.on.aws
7059,c2.ap-southeast-1.airflow.amazonaws.com
7060,c21.us-west-2.airflow.amazonaws.com
7061,c26.us-west-2.airflow.amazonaws.com
7062,c2anvpxmu6hr.ca-central-1.rds.amazonaws.com
7063,c3.airflow.eu-central-1.on.aws
7064,c3k4u2rqmbpc.us-east-1.rds.amazonaws.com
7065,c3yaieukilke.us-west-2.rds.amazonaws.com
7066,c4okaqiwzbkj.eu-central-1.rds.amazonaws.com
7067,c4osmay5mkz0.eu-west-1.rds.amazonaws.com
7068,c54wkuqewr1h.us-east-1.rds.amazonaws.com
7069,c551rnkyqpr2.us-east-1.rds.amazonaws.com
7070,c58gc4gqegna.us-west-2.rds.amazonaws.com
7071,c5iq80komoki.eu-west-1.rds.amazonaws.com
7072,c66.us-east-1.airflow.amazonaws.com
7073,c6mkbuzeqxcs.us-east-1.rds.amazonaws.com
7074,c7.airflow.eu-west-2.on.aws
7075,c786soicicbm.ap-south-1.rds.amazonaws.com
7076,c7ue4q6s81nq.eu-central-1.rds.amazonaws.com
7077,c9.eu-central-1.airflow.amazonaws.com
7078,c9iaa0eeg8il.eu-west-1.rds.amazonaws.com
7079,c9kwia468jfv.eu-west-1.rds.amazonaws.com
7080,ca.in
7081,caerno51tmia.us-east-1.rds.amazonaws.com
7082,cakxhvklz2e7.eu-central-1.rds.amazonaws.com
7083,can1apsamvx5.us-east-1.rds.amazonaws.com
7084,caracal.mythic-beasts.com
7085,cay2zd047tbc.us-west-2.rds.amazonaws.com
7086,cbh5cmlr3nxh.eu-central-1.rds.amazonaws.com
7087,cblqpr9bcuu1.us-west-2.rds.amazonaws.com
7088,cbsccyvi7hky.us-east-1.rds.amazonaws.com
7089,cbt3ivtowfeu.ap-southeast-2.rds.amazonaws.com
7090,ccfv4th2zrdq.us-east-1.rds.amazonaws.com
7091,ccmnvafenpc7.eu-west-1.rds.amazonaws.com
7092,ccnr175zwpbs.us-east-1.rds.amazonaws.com
7093,ccxwsfsvcr2e.us-east-1.rds.amazonaws.com
7094,cd4qm0wglwxf.eu-west-1.rds.amazonaws.com
7095,ce8ecdopsfu3.ca-central-1.rds.amazonaws.com
7096,cehx2h44ljgc.eu-west-1.rds.amazonaws.com
7097,ceredigion.sch.uk
7098,cfe8syekwlpk.us-east-1.rds.amazonaws.com
7099,cfyblnbpoulh.sa-east-1.rds.amazonaws.com
7100,cggoe6lo8itd.ap-southeast-1.rds.amazonaws.com
7101,cgjjjryvn5oj.us-gov-east-1.rds.amazonaws.com
7102,cgl20kzvcleh.us-east-1.rds.amazonaws.com
7103,cgt0q2ma2xdd.us-west-2.rds.amazonaws.com
7104,ch80qs6uy064.us-east-1.rds.amazonaws.com
7105,chafis52tgul.ap-northeast-1.rds.amazonaws.com
7106,chalr5zzsv9q.eu-west-1.rds.amazonaws.com
7107,chdw189o3adx.us-east-1.rds.amazonaws.com
7108,cherkassy.ua
7109,chikuzen.fukuoka.jp
7110,chqokqigmac0.us-east-1.rds.amazonaws.com
7111,citi
7112,cji26muqmhqq.eu-central-1.rds.amazonaws.com
7113,ckaj4asztmnx.eu-west-1.rds.amazonaws.com
7114,ckdk29evkbvk.eu-west-1.rds.amazonaws.com
7115,ckf5e97eodsl.us-east-1.rds.amazonaws.com
7116,ckl46ggsaw8o.us-east-1.rds.amazonaws.com
7117,ckn3cjwi47zo.eu-central-1.rds.amazonaws.com
7118,ckrebhkwraac.us-west-2.rds.amazonaws.com
7119,ckvwm9e7h088.ap-northeast-1.rds.amazonaws.com
7120,ckzssqzwp626.eu-west-2.rds.amazonaws.com
7121,clhvbqs6xkmc.eu-central-1.rds.amazonaws.com
7122,clickcmkikvh.eu-central-1.rds.amazonaws.com
7123,clqqm2suwlnz.us-east-2.rds.amazonaws.com
7124,clr4xxfzothw.ap-south-1.rds.amazonaws.com
7125,cluster-cmczo9wiials.ap-east-1.rds.amazonaws.com
7126,cluster-cnkaca04ykep.us-east-2.rds.amazonaws.com
7127,cluster015.hosting.ovh.net
7128,cly8htt7soy7.us-east-1.rds.amazonaws.com
7129,cnmkk2wi6ytt.ap-south-1.rds.amazonaws.com
7130,cnoai4ko4l2p.us-east-1.rds.amazonaws.com
7131,cnp0y6sscqpi.ap-southeast-1.rds.amazonaws.com
7132,cnryq7q9cv45.ap-southeast-2.rds.amazonaws.com
7133,cnzlkghpnhp3.eu-west-1.rds.amazonaws.com
7134,co.gl
7135,cobkfokshaur.ca-central-1.rds.amazonaws.com
7136,com.in.futurecms.at
7137,coqoeexa6gn5.eu-west-1.rds.amazonaws.com
7138,cp8d7zzkmyl1.us-east-2.rds.amazonaws.com
7139,cqjkd3uvjk0a.eu-central-1.rds.amazonaws.com
7140,cqjokeimqr43.us-east-1.rds.amazonaws.com
7141,cqpews08m22e.us-east-1.rds.amazonaws.com
7142,cqwnaoh8aydq.us-west-2.rds.amazonaws.com
7143,cranky.jp
7144,crdccmzu4qbl.us-east-1.rds.amazonaws.com
7145,crdy5eydhyfe.us-east-1.rds.amazonaws.com
7146,crfvzwf9nktu.us-east-1.rds.amazonaws.com
7147,crog1f5foj2c.sa-east-1.rds.amazonaws.com
7148,crovsm5xwccb.us-east-1.rds.amazonaws.com
7149,cs3d0nvduzlb.eu-central-1.rds.amazonaws.com
7150,cs7ykokiqfi6.us-east-1.rds.amazonaws.com
7151,csmiiiclfpjz.eu-central-1.rds.amazonaws.com
7152,cssm5lx26qhs.eu-central-1.rds.amazonaws.com
7153,ct44cg2mkrok.us-east-1.rds.amazonaws.com
7154,ct75zifgbwzj.ap-southeast-2.rds.amazonaws.com
7155,ct9xjrykjv04.us-east-1.rds.amazonaws.com
7156,ctga0kocc94y.us-east-1.rds.amazonaws.com
7157,ctoigw844kpa.eu-central-1.rds.amazonaws.com
7158,cuxguagyghk4.eu-central-1.rds.amazonaws.com
7159,cv2kowqy8zy7.us-west-2.rds.amazonaws.com
7160,cvgmngjvhrxx.us-east-2.rds.amazonaws.com
7161,cw7kou2wuvmw.us-west-2.rds.amazonaws.com
7162,cwotmwrlhc7f.us-east-1.rds.amazonaws.com
7163,cwqu88dcgk8k.eu-west-1.rds.amazonaws.com
7164,cwruymwb1cwh.ap-northeast-1.rds.amazonaws.com
7165,cwy33jtjzpy8.us-west-2.rds.amazonaws.com
7166,cx143xdfq8wo.eu-central-1.rds.amazonaws.com
7167,cxsnwmsliqgh.us-east-1.rds.amazonaws.com
7168,cy52eqsgafau.us-east-1.rds.amazonaws.com
7169,cy9qwugmsfe0.us-east-1.rds.amazonaws.com
7170,cyameyauiwal.eu-west-1.rds.amazonaws.com
7171,cymdg8hxygp8.us-east-1.rds.amazonaws.com
7172,cyznv5hu7wjv.us-east-2.rds.amazonaws.com
7173,cz9zas4a09vt.us-east-1.rds.amazonaws.com
7174,czzwv1scmejl.ap-northeast-1.rds.amazonaws.com
7175,daito.osaka.jp
7176,domain-par-clevercloud-admin-customers.services.clever-cloud.com
7177,ebetsu.hokkaido.jp
7178,element--jb-n-aj-a-z14no.quipelements.com
7179,emrnotebooks-prod.ap-southeast-2.amazonaws.com
7180,ethos13-prod-wa1.dev.adobeaemcloud.com
7181,ethos14-prod-va7.dev.adobeaemcloud.com
7182,fin.tn
7183,floppy.jp
7184,fujieda.shizuoka.jp
7185,fxd6-2a7z.cloudera.site
7186,gobo.wakayama.jp
7187,groks-this.info
7188,hirakata.osaka.jp
7189,iwate.iwate.jp
7190,kaga.ishikawa.jp
7191,kawaiishop.jp
7192,kia
7193,kirklees.sch.uk
7194,kofu.yamanashi.jp
7195,kongsberg.no
7196,kwpsp.gov.pl
7197,mil.hn
7198,minamiuonuma.niigata.jp
7199,mincom.tn
7200,moriguchi.osaka.jp
7201,mutual.ar
7202,mydbserver.com
7203,nagasaki.nagasaki.jp
7204,naha.okinawa.jp
7205,narita.chiba.jp
7206,net.dz
7207,ninhbinh.vn
7208,notebook-fips.ca-west-1.sagemaker.aws
7209,numazu.shizuoka.jp
7210,nz.basketball
7211,org.sn
7212,pagexl.com
7213,principe.st
7214,priv.hu
7215,qld.au
7216,s3-accesspoint.eu-central-1.amazonaws.com
7217,s3-deprecated.eu-west-1.amazonaws.com
7218,safety
7219,seek
7220,sgp2.vultrobjects.com
7221,shopware.shop
7222,studio.cn-north-1.sagemaker.com.cn
7223,suita.osaka.jp
7224,switzerlandnorth.azurecontainer.io
7225,tomi.nagano.jp
7226,transfer-webapp.us-west-2.on.aws
7227,upper.jp
7228,us-west3.run.app
7229,v.bg
7230,vaporcloud.io
7231,xn--4gbrim
7232,yachiyo.chiba.jp
7233,yahiko.niigata.jp
7234,yusuhara.kochi.jp
7235,zaporizhzhe.ua
7236,123hjemmeside.no
7237,180r.com
7238,215.xmit.co
7239,4.at
7240,adobeaemcloud.net
7241,adygeya.su
7242,anani.br
7243,apps-1and1.com
7244,asso.mc
7245,ato.br
7246,beppu.oita.jp
7247,bjabnwj9ttd1syvmzybg-elasticsearch.services.clever-cloud.com
7248,booking
7249,c10.eu-west-1.airflow.amazonaws.com
7250,c10u1abcn0ty.us-east-1.rds.amazonaws.com
7251,c14sco8us0rj.us-east-2.rds.amazonaws.com
7252,c18.us-west-2.airflow.amazonaws.com
7253,c1eo0sy4klpq.us-east-1.rds.amazonaws.com
7254,c2.us-west-2.airflow.amazonaws.com
7255,c22.eu-west-1.airflow.amazonaws.com
7256,c2tnomxiypaq.eu-central-1.rds.amazonaws.com
7257,c3.ap-northeast-1.airflow.amazonaws.com
7258,c35tids6tkol.us-east-1.rds.amazonaws.com
7259,c3aw4wg4o6j7.us-east-2.rds.amazonaws.com
7260,c3ep574nkkhg.eu-central-1.rds.amazonaws.com
7261,c3k2aywy2zvx.eu-west-1.rds.amazonaws.com
7262,c4.airflow.eu-central-1.on.aws
7263,c4.airflow.eu-west-3.on.aws
7264,c41esq20caps.us-east-1.rds.amazonaws.com
7265,c45q6486w9aj.us-east-1.rds.amazonaws.com
7266,c4e7kehun6kr.us-east-1.rds.amazonaws.com
7267,c4ldcvfpokqd.us-east-1.rds.amazonaws.com
7268,c4mh1xr32bka.eu-west-1.rds.amazonaws.com
7269,c5.ap-south-1.airflow.amazonaws.com
7270,c5.eu-west-2.airflow.amazonaws.com
7271,c50.us-east-1.airflow.amazonaws.com
7272,c56m4eyemjwg.us-west-2.rds.amazonaws.com
7273,c5idpgzbavht.us-east-2.rds.amazonaws.com
7274,c5wilrwhzgm9.us-east-1.rds.amazonaws.com
7275,c6.us-west-2.airflow.amazonaws.com
7276,c6o4ctlw53yf.us-east-1.rds.amazonaws.com
7277,c6vwmyqaf8ha.us-east-1.rds.amazonaws.com
7278,c70.airflow.us-east-1.on.aws
7279,c7ayacwyk40g.us-east-1.rds.amazonaws.com
7280,c7iscturzbsa.ap-southeast-2.rds.amazonaws.com
7281,c7mr6ygbnamv.eu-west-1.rds.amazonaws.com
7282,c8.us-west-1.airflow.amazonaws.com
7283,c8eqwssfo3ht.us-east-1.rds.amazonaws.com
7284,c8herrlfmesp.us-east-1.rds.amazonaws.com
7285,c9csbsjzxa5g.us-east-1.rds.amazonaws.com
7286,c9okdan1texf.us-east-2.rds.amazonaws.com
7287,c9pcbi4abhax.us-west-2.rds.amazonaws.com
7288,c9sse46mqlsj.us-east-1.rds.amazonaws.com
7289,ca5c8mkyixbj.us-east-1.rds.amazonaws.com
7290,caan42x3ktsp.us-east-1.rds.amazonaws.com
7291,cadio8mkypa8.us-east-1.rds.amazonaws.com
7292,can178es1n60.eu-west-1.rds.amazonaws.com
7293,canadacentral.azurecontainer.io
7294,carplcjexieg.eu-central-1.rds.amazonaws.com
7295,cb08is2kkaip.af-south-1.rds.amazonaws.com
7296,cb2eimcemzie.eu-central-1.rds.amazonaws.com
7297,cbacssqespdr.eu-west-1.rds.amazonaws.com
7298,cbbsigxdpuiv.us-west-2.rds.amazonaws.com
7299,cbe7mtbvwi2d.us-east-1.rds.amazonaws.com
7300,ccex40jgdand.us-east-2.rds.amazonaws.com
7301,ccmivshfauz2.us-east-2.rds.amazonaws.com
7302,ccqidd9hh0jt.ap-northeast-1.rds.amazonaws.com
7303,cctigggf2z1v.us-east-1.rds.amazonaws.com
7304,cctxekjqzjx5.eu-west-2.rds.amazonaws.com
7305,ccwdj2k1j79r.us-east-1.rds.amazonaws.com
7306,cdbxsnt2penv.us-east-1.rds.amazonaws.com
7307,ce5kkkk88myk.us-east-1.rds.amazonaws.com
7308,cea0ofhnox0p.us-west-2.rds.amazonaws.com
7309,cefurkcf6qae.us-west-2.rds.amazonaws.com
7310,cf0s6gcqiuuw.us-east-1.rds.amazonaws.com
7311,cfa
7312,cffifsext9iy.us-west-2.rds.amazonaws.com
7313,cfklwykxwo8m.us-east-2.rds.amazonaws.com
7314,cfmy88og23jj.eu-central-1.rds.amazonaws.com
7315,cfoymu977oyb.us-east-1.rds.amazonaws.com
7316,cfubft0usgtw.us-east-1.rds.amazonaws.com
7317,cfw68a6y0vsg.eu-west-1.rds.amazonaws.com
7318,cg1zzocyovfz.us-east-1.rds.amazonaws.com
7319,cgtbl0k2i6pq.us-east-1.rds.amazonaws.com
7320,cguqqmi4ku27.us-east-1.rds.amazonaws.com
7321,ch1bkjptrwce.us-east-1.rds.amazonaws.com
7322,ch8y0kufphs0.us-east-1.rds.amazonaws.com
7323,chg4imu08c07.eu-central-1.rds.amazonaws.com
7324,chkombc3yd8w.ap-northeast-1.rds.amazonaws.com
7325,chmo2qyye0g9.ap-northeast-1.rds.amazonaws.com
7326,chnbft2fqvbu.us-east-1.rds.amazonaws.com
7327,cho06yqw2qam.eu-central-1.rds.amazonaws.com
7328,chrnpviuq2yf.us-east-1.rds.amazonaws.com
7329,chuo.fukuoka.jp
7330,chzwvtzxdzee.eu-west-1.rds.amazonaws.com
7331,cimthqgeybhv.us-east-1.rds.amazonaws.com
7332,ciyoi8sgnlrq.us-west-2.rds.amazonaws.com
7333,cj1ty4yypnve.us-west-2.rds.amazonaws.com
7334,cj8ysckasjz6.eu-west-1.rds.amazonaws.com
7335,cjassqk88cym.ap-south-1.rds.amazonaws.com
7336,cjbwjkyvry7u.us-east-1.rds.amazonaws.com
7337,cjnuzjyyrrqr.us-east-2.rds.amazonaws.com
7338,cjoyzwrsllhi.sa-east-1.rds.amazonaws.com
7339,cjw4eg8cmyii.us-east-1.rds.amazonaws.com
7340,ck3g1nc0buqv.us-west-2.rds.amazonaws.com
7341,ck6bvmu6mhmq.us-east-1.rds.amazonaws.com
7342,ck9vxlo91pqo.us-east-1.rds.amazonaws.com
7343,ckdpefsnchwj.ap-southeast-2.rds.amazonaws.com
7344,cl0zinojztud.eu-west-3.rds.amazonaws.com
7345,cl202u4g6et8.us-east-1.rds.amazonaws.com
7346,cl6iw66qyu09.eu-west-1.rds.amazonaws.com
7347,clayoiq84t09.eu-west-1.rds.amazonaws.com
7348,clcm4imuq31c.us-west-1.rds.amazonaws.com
7349,cleacciqc37u.eu-central-1.rds.amazonaws.com
7350,clgqya6ssx49.us-east-1.rds.amazonaws.com
7351,clmqgu9ycinl.eu-central-1.rds.amazonaws.com
7352,cloudycluster.net
7353,cluster-c8c7kz0txzvf.us-east-1.rds.amazonaws.com
7354,cluster-ceorxcnmjtfm.us-east-1.rds.amazonaws.com
7355,cluster-cfigai0mmgds.us-east-1.rds.amazonaws.com
7356,cluster-chasuq2epesq.us-east-1.rds.amazonaws.com
7357,cluster-cjnuzjyyrrqr.us-east-2.rds.amazonaws.com
7358,cluster-csyecf4uuch0.us-east-1.rds.amazonaws.com
7359,cluster006.hosting.ovh.net
7360,clwq6nwnzlrf.ap-southeast-2.rds.amazonaws.com
7361,cmbzg7svwmcd.eu-west-1.rds.amazonaws.com
7362,cmf0qgspms0k.ap-southeast-2.rds.amazonaws.com
7363,cmossdkguata.ap-south-1.rds.amazonaws.com
7364,cmothvngqj77.us-east-1.rds.amazonaws.com
7365,cmv9y50bec6h.eu-central-1.rds.amazonaws.com
7366,cn5yujemlmli.ap-northeast-1.rds.amazonaws.com
7367,cng6sig46k0a.rds.cn-northwest-1.amazonaws.com.cn
7368,cnincjvqgxft.eu-west-2.rds.amazonaws.com
7369,cnyey48gsx0t.us-east-1.rds.amazonaws.com
7370,co.pn
7371,coibuez95clo.eu-west-1.rds.amazonaws.com
7372,coksmabx91md.us-east-1.rds.amazonaws.com
7373,combn2bpj7ul.us-east-1.rds.amazonaws.com
7374,cp4kua2omn6g.us-east-2.rds.amazonaws.com
7375,cpb5vcnawmwp.sa-east-1.rds.amazonaws.com
7376,cpdh0ubqj9ug.ca-central-1.rds.amazonaws.com
7377,cpkw6fldr2km.eu-west-1.rds.amazonaws.com
7378,cpy0ksiogf8i.eu-central-1.rds.amazonaws.com
7379,cqglugpm0bk6.eu-central-1.rds.amazonaws.com
7380,cqhj8ok6pruz.eu-central-1.rds.amazonaws.com
7381,cqjy9n14dmkd.us-east-1.rds.amazonaws.com
7382,cqykrhdbnmai.us-east-1.rds.amazonaws.com
7383,cqyuly2geldo.us-east-2.rds.amazonaws.com
7384,cre8kugu07hp.us-east-1.rds.amazonaws.com
7385,crec2w8wgv2w.us-east-2.rds.amazonaws.com
7386,cres68mvncab.us-east-2.rds.amazonaws.com
7387,crfpropw4rpt.us-east-1.rds.amazonaws.com
7388,crq8soyms5wg.us-east-1.rds.amazonaws.com
7389,crxsuhmme14o.ap-south-1.rds.amazonaws.com
7390,crxvyttxgad7.eu-west-1.rds.amazonaws.com
7391,cry1nvgg7whi.us-east-1.rds.amazonaws.com
7392,crzcvk1k6as3.eu-central-1.rds.amazonaws.com
7393,crzp29qk3yh9.us-west-2.rds.amazonaws.com
7394,cs6asfvetfly.ap-southeast-2.rds.amazonaws.com
7395,cslk1zodesuj.us-east-1.rds.amazonaws.com
7396,csvkx4kty8fi.us-east-1.rds.amazonaws.com
7397,csw0e7bazu95.eu-central-1.rds.amazonaws.com
7398,ct2kum1nqdno.us-east-1.rds.amazonaws.com
7399,ct8imocq2ry5.us-east-1.rds.amazonaws.com
7400,ctikg2qycnac.us-east-2.rds.amazonaws.com
7401,ctqicwsq2fke.ap-northeast-1.rds.amazonaws.com
7402,ctqsauqy2jfq.eu-west-1.rds.amazonaws.com
7403,ctwa8iky88ah.us-east-1.rds.amazonaws.com
7404,cv0aq3eeidfr.ap-east-1.rds.amazonaws.com
7405,cv2o4idla2k9.us-east-1.rds.amazonaws.com
7406,cvdrldyzoucr.us-east-2.rds.amazonaws.com
7407,cvdwssdyilwc.eu-central-1.rds.amazonaws.com
7408,cveoo2gyw4wz.eu-central-1.rds.amazonaws.com
7409,cvierzpre5gg.us-west-2.rds.amazonaws.com
7410,cvqtnm6ocoam.us-east-1.rds.amazonaws.com
7411,cwaeet3u7urb.ap-northeast-1.rds.amazonaws.com
7412,cxbuw4svuuvx.eu-west-2.rds.amazonaws.com
7413,cxqsz6bim5p1.eu-west-1.rds.amazonaws.com
7414,cy44tcehf4yf.us-east-1.rds.amazonaws.com
7415,cyavqappa5st.eu-west-1.rds.amazonaws.com
7416,cybhbd7kwfv3.us-east-1.rds.amazonaws.com
7417,cycuyzdcbrru.us-east-1.rds.amazonaws.com
7418,cz6xdi042u2n.us-west-2.rds.amazonaws.com
7419,czoahdspnnfk.us-east-1.rds.amazonaws.com
7420,czqkiujk6vms.af-south-1.rds.amazonaws.com
7421,czs64om0sldd.sa-east-1.rds.amazonaws.com
7422,czvw5e04tkk9.us-east-1.rds.amazonaws.com
7423,czvwzrleqmiu.us-east-1.rds.amazonaws.com
7424,czyue2eacaod.us-east-2.rds.amazonaws.com
7425,deci.jp
7426,domain-par-clevercloud-warp10-customers.services.clever-cloud.com
7427,domain-par-total-flex-customers.services.clever-cloud.com
7428,element--t-p-v-aj-a9-r-er-p.quipelements.com
7429,emrnotebooks-prod.eu-west-2.amazonaws.com
7430,emrnotebooks-prod.me-south-1.amazonaws.com
7431,ethos53-prod-va7.dev.adobeaemcloud.com
7432,froland.no
7433,fujiyoshida.yamanashi.jp
7434,fylkesbibl.no
7435,grozny.ru
7436,hida.gifu.jp
7437,hiraya.nagano.jp
7438,hitachiota.ibaraki.jp
7439,hokuto.yamanashi.jp
7440,icp1.io
7441,il-jerusalem-1.oraclecloudapps.com
7442,imabari.ehime.jp
7443,inagi.tokyo.jp
7444,ind.tn
7445,intuit
7446,itoman.okinawa.jp
7447,jprs
7448,k12.ec
7449,karacol.su
7450,kawagoe.mie.jp
7451,kirovograd.ua
7452,koriyama.fukushima.jp
7453,kurashiki.okayama.jp
7454,kvalsund.no
7455,lib.vt.us
7456,lima-city.ch
7457,memset.net
7458,miasta.pl
7459,milton-keynes.sch.uk
7460,misaki.okayama.jp
7461,mishima.shizuoka.jp
7462,miyako.fukuoka.jp
7463,monza-brianza.it
7464,mytis.ru
7465,nagano.nagano.jp
7466,naka.hiroshima.jp
7467,net.gp
7468,net.ki
7469,net.st
7470,nfl
7471,nogata.fukuoka.jp
7472,nom.ni
7473,notebook.us-west-1.sagemaker.aws
7474,nuoro.it
7475,nyanta.jp
7476,ocelot.mythic-beasts.com
7477,ojiya.niigata.jp
7478,org.ss
7479,ota.gunma.jp
7480,own.pm
7481,paas.massivegrid.com
7482,praxi
7483,s3-accesspoint.ap-southeast-1.amazonaws.com
7484,s3-object-lambda.eu-west-3.amazonaws.com
7485,sakahogi.gifu.jp
7486,samukawa.kanagawa.jp
7487,shimonoseki.yamaguchi.jp
7488,swedencentral.azurecontainer.io
7489,toda.saitama.jp
7490,togo.aichi.jp
7491,toshima.tokyo.jp
7492,toyonaka.osaka.jp
7493,tsuru.yamanashi.jp
7494,vana
7495,vps.mcdir.ru
7496,wanouchi.gifu.jp
7497,wrexham.sch.uk
7498,xn--2scrj9c
7499,xn--clchc0ea0b2g2a9gcd
7500,xn--mgba3a4f16a
7501,yalta.ua
7502,yokoshibahikari.chiba.jp
7503,1.bg
7504,2038.io
7505,a4.cloudera.site
7506,agano.niigata.jp
7507,aid.pl
7508,alibaba
7509,amami.kagoshima.jp
7510,amli.no
7511,apka-tt8z.cloudera.site
7512,ascot.sch.uk
7513,ashoro.hokkaido.jp
7514,biz.ni
7515,bluebite.io
7516,bu.no
7517,bunkyo.tokyo.jp
7518,c06yflsmm3w2.ap-southeast-2.rds.amazonaws.com
7519,c0mkhrz0vein.eu-central-1.rds.amazonaws.com
7520,c0qjcecdnn9b.eu-west-1.rds.amazonaws.com
7521,c146ws0q8iw6.eu-west-1.rds.amazonaws.com
7522,c14i040sw8ea.eu-central-1.rds.amazonaws.com
7523,c14qioikumtl.us-east-1.rds.amazonaws.com
7524,c1hbaxxssipu.us-east-1.rds.amazonaws.com
7525,c1iao3p8lupb.eu-west-2.rds.amazonaws.com
7526,c1kiwy6gitfq.us-east-1.rds.amazonaws.com
7527,c1ogmka40g6l.us-east-1.rds.amazonaws.com
7528,c1ooyaouw08j.eu-west-1.rds.amazonaws.com
7529,c1vzrrmefrkr.us-east-1.rds.amazonaws.com
7530,c1was5bz4qoh.us-east-2.rds.amazonaws.com
7531,c1yei6ysiz0z.ap-southeast-1.rds.amazonaws.com
7532,c27r1sb52wfk.ap-southeast-2.rds.amazonaws.com
7533,c2o9zjuub8c4.eu-west-1.rds.amazonaws.com
7534,c2zyqamewa6g.eu-west-1.rds.amazonaws.com
7535,c3.airflow.us-west-2.on.aws
7536,c34ueyciwtqc.eu-central-1.rds.amazonaws.com
7537,c39c4q3t0hqg.eu-west-1.rds.amazonaws.com
7538,c3aic206mn2i.us-east-2.rds.amazonaws.com
7539,c3cv3jq5ejzh.us-east-1.rds.amazonaws.com
7540,c3dsmlzkblyu.us-east-1.rds.amazonaws.com
7541,c3ias82s839e.eu-west-1.rds.amazonaws.com
7542,c3iiyumkzhr9.eu-west-1.rds.amazonaws.com
7543,c3ioszd4xd0m.us-east-1.rds.amazonaws.com
7544,c3soi0eq6a66.us-east-1.rds.amazonaws.com
7545,c3wpxhjybnb3.us-east-2.rds.amazonaws.com
7546,c40.us-east-1.airflow.amazonaws.com
7547,c4b6sksom44y.us-east-1.rds.amazonaws.com
7548,c4gyihrrdjnh.us-east-2.rds.amazonaws.com
7549,c4qvktit9jo6.us-east-1.rds.amazonaws.com
7550,c4vpe4bn8wt2.eu-central-1.rds.amazonaws.com
7551,c538te3ysrq6.us-east-1.rds.amazonaws.com
7552,c54zqlfh2wxb.us-west-2.rds.amazonaws.com
7553,c56.airflow.us-east-1.on.aws
7554,c5bhuqzuehwz.us-east-1.rds.amazonaws.com
7555,c5eemo0c8wbp.eu-west-1.rds.amazonaws.com
7556,c5eru93pfsb4.us-west-2.rds.amazonaws.com
7557,c5ggqs6goydu.us-east-1.rds.amazonaws.com
7558,c5odtpd2rkqq.us-west-2.rds.amazonaws.com
7559,c5w046gua4ag.us-east-1.rds.amazonaws.com
7560,c6.us-east-2.airflow.amazonaws.com
7561,c6kcv4pfguos.us-west-2.rds.amazonaws.com
7562,c6nwshm5wfek.us-east-1.rds.amazonaws.com
7563,c6st97ft45e5.us-east-1.rds.amazonaws.com
7564,c6t74lmlbdwq.us-east-2.rds.amazonaws.com
7565,c7.ca-central-1.airflow.amazonaws.com
7566,c73e4dwozhpc.rds.cn-north-1.amazonaws.com.cn
7567,c76giqissz9b.us-east-2.rds.amazonaws.com
7568,c7brik7kebbw.eu-west-1.rds.amazonaws.com
7569,c7coyukaitn4.eu-west-1.rds.amazonaws.com
7570,c7e4smy6c8iq.eu-west-1.rds.amazonaws.com
7571,c7ez6ndh60ch.ap-southeast-2.rds.amazonaws.com
7572,c7jznxmyivop.ap-southeast-2.rds.amazonaws.com
7573,c7mzd0bwbhck.us-east-1.rds.amazonaws.com
7574,c7skugsaazmf.ap-northeast-1.rds.amazonaws.com
7575,c7ycnokewc1j.us-east-1.rds.amazonaws.com
7576,c7z8whilmdso.us-west-2.rds.amazonaws.com
7577,c8iaf2ww5pd1.us-east-1.rds.amazonaws.com
7578,c8xhnlkpkrvk.us-east-1.rds.amazonaws.com
7579,c9.ca-central-1.airflow.amazonaws.com
7580,c92g8ou8s7y9.us-east-2.rds.amazonaws.com
7581,c988k0qcgo7s.eu-central-1.rds.amazonaws.com
7582,c9au8kwmu0pj.eu-west-1.rds.amazonaws.com
7583,c9i4uswfa97s.us-west-2.rds.amazonaws.com
7584,c9inp25fpjyo.us-east-1.rds.amazonaws.com
7585,c9pokufqbcc0.us-east-1.rds.amazonaws.com
7586,c9qnjjjav2va.us-east-1.rds.amazonaws.com
7587,c9sacqmqwku4.us-east-2.rds.amazonaws.com
7588,c9zbvs6kiph1.us-west-2.rds.amazonaws.com
7589,ca0ojrgyus4w.eu-west-2.rds.amazonaws.com
7590,ca5kaa6owmsb.us-east-1.rds.amazonaws.com
7591,ca69emwq9y3j.sa-east-1.rds.amazonaws.com
7592,ca6wqit72w4h.us-east-1.rds.amazonaws.com
7593,caasdky2kodl.us-west-2.rds.amazonaws.com
7594,cab4gnnpg2h2.eu-west-1.rds.amazonaws.com
7595,cacs98qc0cen.eu-west-1.rds.amazonaws.com
7596,cahfrinq2le1.us-east-1.rds.amazonaws.com
7597,cahhvwub61p9.us-east-1.rds.amazonaws.com
7598,calquu9v7fpt.ap-southeast-2.rds.amazonaws.com
7599,caoymi6yjvhu.eu-west-1.rds.amazonaws.com
7600,carrzzsnpqan.us-east-1.rds.amazonaws.com
7601,caxrexloenv6.ap-southeast-2.rds.amazonaws.com
7602,cb8eqak0au5z.us-east-1.rds.amazonaws.com
7603,cbg6a6caicpg.eu-central-1.rds.amazonaws.com
7604,cbggwmw6ya7t.us-east-1.rds.amazonaws.com
7605,cbky8zpcl10w.us-east-1.rds.amazonaws.com
7606,cbm8soucailj.eu-west-1.rds.amazonaws.com
7607,cbmykmiwk80h.eu-west-1.rds.amazonaws.com
7608,cbsooyae39gg.eu-central-1.rds.amazonaws.com
7609,cbuy4y6lzmol.us-east-1.rds.amazonaws.com
7610,ccao0gq3rmnu.us-west-2.rds.amazonaws.com
7611,ccb8zpkgogsp.us-east-2.rds.amazonaws.com
7612,cceippir44p8.eu-west-3.rds.amazonaws.com
7613,ccffoolxovje.eu-central-1.rds.amazonaws.com
7614,cchgjyq0rbi5.us-east-1.rds.amazonaws.com
7615,ccitol0o8dsi.us-west-2.rds.amazonaws.com
7616,cclsftvh41nn.ap-southeast-2.rds.amazonaws.com
7617,ccppchmyhhio.eu-central-1.rds.amazonaws.com
7618,ccptcjvxz7iu.us-east-1.rds.amazonaws.com
7619,ccqs4d4thgtg.us-east-1.rds.amazonaws.com
7620,ccs4b0xpbdj3.eu-central-1.rds.amazonaws.com
7621,ccwqfbqp93ee.us-west-2.rds.amazonaws.com
7622,cd3kq3vnz9nd.us-east-1.rds.amazonaws.com
7623,cd8m2e0wa2o8.us-west-2.rds.amazonaws.com
7624,cdc08si025kf.ap-northeast-1.rds.amazonaws.com
7625,cdjl9rrv2ice.af-south-1.rds.amazonaws.com
7626,cdosbagh9lzn.eu-west-1.rds.amazonaws.com
7627,cdsoaacc6wqq.af-south-1.rds.amazonaws.com
7628,cdu09ifkqbtp.us-east-1.rds.amazonaws.com
7629,cdxetegimlve.eu-central-1.rds.amazonaws.com
7630,cea4omspzjjj.us-east-1.rds.amazonaws.com
7631,cegckudtan9b.us-west-2.rds.amazonaws.com
7632,cei8ta1ocg2f.us-east-1.rds.amazonaws.com
7633,ceoeaqvq2tyw.ap-south-1.rds.amazonaws.com
7634,ceorxcnmjtfm.us-east-1.rds.amazonaws.com
7635,cesbluqqkkfs.us-east-1.rds.amazonaws.com
7636,cesipwc2fysd.eu-west-1.rds.amazonaws.com
7637,ceviq8e4qvvf.us-east-1.rds.amazonaws.com
7638,cewgejyh8yi5.us-east-2.rds.amazonaws.com
7639,cezmudhbqtqu.us-east-1.rds.amazonaws.com
7640,cf2bts4olywz.us-east-2.rds.amazonaws.com
7641,cf2mqoqimgd6.us-east-2.rds.amazonaws.com
7642,cf4q8eeeep69.me-central-1.rds.amazonaws.com
7643,cfbd0d7c4vag.af-south-1.rds.amazonaws.com
7644,cfcnuznmbhes.eu-central-1.rds.amazonaws.com
7645,cfcok64quam3.us-east-1.rds.amazonaws.com
7646,cfcpowsmuoth.us-east-1.rds.amazonaws.com
7647,cfg5tfk5qker.ap-south-1.rds.amazonaws.com
7648,cfkpv2xagc0q.us-east-1.rds.amazonaws.com
7649,cfqeoicc26s3.us-east-1.rds.amazonaws.com
7650,cfriycyegyrx.eu-central-1.rds.amazonaws.com
7651,cftizze9bxw9.us-east-1.rds.amazonaws.com
7652,cfviaqqhxts3.eu-west-1.rds.amazonaws.com
7653,cfw0syuwiagp.us-west-2.rds.amazonaws.com
7654,cfwu6ai24vv9.eu-west-1.rds.amazonaws.com
7655,cfy6sco24rkf.us-east-2.rds.amazonaws.com
7656,cg124pexcccu.ap-south-1.rds.amazonaws.com
7657,cg4uoan8hrkv.ap-northeast-1.rds.amazonaws.com
7658,cg5i54gjbdku.eu-central-1.rds.amazonaws.com
7659,cgecqjoittan.ap-southeast-2.rds.amazonaws.com
7660,cggdgclfyvys.ap-northeast-2.rds.amazonaws.com
7661,cgirs175vbj6.me-south-1.rds.amazonaws.com
7662,cgn1tpf1szgr.us-east-1.rds.amazonaws.com
7663,cgnuydzjuqi0.us-west-2.rds.amazonaws.com
7664,cgz94cyx449t.eu-west-1.rds.amazonaws.com
7665,ch1xdq1i6cut.ap-southeast-2.rds.amazonaws.com
7666,ch4mimy0yasp.us-east-1.rds.amazonaws.com
7667,ch5zz8zt17pj.us-east-1.rds.amazonaws.com
7668,chbviwrsipbs.us-east-1.rds.amazonaws.com
7669,cheimr1hmrio.us-east-1.rds.amazonaws.com
7670,cherjbeeornf.us-east-1.rds.amazonaws.com
7671,chhaomtkxh1z.us-east-1.rds.amazonaws.com
7672,chjmlyruuhp2.eu-central-1.rds.amazonaws.com
7673,chmywrgvdgpt.eu-central-1.rds.amazonaws.com
7674,chq8squy6nor.us-east-2.rds.amazonaws.com
7675,chsu6eqoid7p.eu-west-3.rds.amazonaws.com
7676,chuo.yamanashi.jp
7677,chus266oe8kc.us-east-1.rds.amazonaws.com
7678,chuzllsdbtb4.eu-west-1.rds.amazonaws.com
7679,chvlwjitiyq6.eu-west-1.rds.amazonaws.com
7680,chxc1wugdyk6.eu-central-1.rds.amazonaws.com
7681,cid8mebnklmv.eu-central-1.rds.amazonaws.com
7682,cifuixevpwdc.us-east-1.rds.amazonaws.com
7683,cihwhnuxihop.eu-west-1.rds.amazonaws.com
7684,cilckq9ttxyi.eu-central-1.rds.amazonaws.com
7685,cilqfwlksv8l.eu-west-1.rds.amazonaws.com
7686,city.hu
7687,civqpeqceldr.eu-west-1.rds.amazonaws.com
7688,cj08skms2k1q.il-central-1.rds.amazonaws.com
7689,cj0em6yoi3i4.us-east-2.rds.amazonaws.com
7690,cj3czsnpm10o.us-west-2.rds.amazonaws.com
7691,cj5bg70ev4kq.ap-east-1.rds.amazonaws.com
7692,cj5hctirnuiy.sa-east-1.rds.amazonaws.com
7693,cjcmy4yimgy1.us-east-2.rds.amazonaws.com
7694,cje4ygsmstiu.us-east-2.rds.amazonaws.com
7695,cjeykca0e06e.eu-central-1.rds.amazonaws.com
7696,cjffalil2s4r.ap-northeast-1.rds.amazonaws.com
7697,cjibeklwhz1a.us-east-1.rds.amazonaws.com
7698,cjlkfjyaynof.us-east-1.rds.amazonaws.com
7699,cjqy22cfpodz.ca-central-1.rds.amazonaws.com
7700,cjrgrlrhlhey.us-west-2.rds.amazonaws.com
7701,cjsgg00gkqbj.eu-central-1.rds.amazonaws.com
7702,cju0ssmauxxf.us-east-1.rds.amazonaws.com
7703,cjvgxk24f0vy.us-east-1.rds.amazonaws.com
7704,cjvuigiilksy.us-east-1.rds.amazonaws.com
7705,cjwznfbhthnn.us-east-1.rds.amazonaws.com
7706,ck8vztszkyc1.ap-southeast-2.rds.amazonaws.com
7707,ck8wfcbv7zrk.eu-west-1.rds.amazonaws.com
7708,cka5x2aensk6.eu-central-1.rds.amazonaws.com
7709,ckc3ezbgvdf3.us-west-2.rds.amazonaws.com
7710,ckigfnjy9qnz.ap-southeast-2.rds.amazonaws.com
7711,ckkzotpzqzko.us-west-2.rds.amazonaws.com
7712,ckqxrmwmsj3w.us-east-2.rds.amazonaws.com
7713,ckyvntd8qe2u.eu-central-1.rds.amazonaws.com
7714,clem6oyg6rj6.us-east-1.rds.amazonaws.com
7715,clg2eogcmm0g.us-east-2.rds.amazonaws.com
7716,clgqmu4uqzvu.us-east-1.rds.amazonaws.com
7717,clipm9hyz6vl.eu-central-1.rds.amazonaws.com
7718,cliu2dftsggy.us-east-1.rds.amazonaws.com
7719,clj74gjkyzs8.us-east-1.rds.amazonaws.com
7720,clje46xicgg2.eu-west-1.rds.amazonaws.com
7721,clljcre7m0ms.us-west-1.rds.amazonaws.com
7722,clsjrvewtwgn.us-east-1.rds.amazonaws.com
7723,cluhtgo2gfi7.ap-southeast-2.rds.amazonaws.com
7724,cluster-ccicwxkhpqwc.us-west-1.rds.amazonaws.com
7725,cluster-ce7gg2eo7hdc.us-east-1.rds.amazonaws.com
7726,cluster-cfubft0usgtw.us-east-1.rds.amazonaws.com
7727,cluyq2ywye20.eu-west-1.rds.amazonaws.com
7728,clykue8esuhw.us-east-1.rds.amazonaws.com
7729,clzugpwpocav.us-east-1.rds.amazonaws.com
7730,cm5kk46o8wc5.us-east-1.rds.amazonaws.com
7731,cmcqo73m2d3s.us-east-1.rds.amazonaws.com
7732,cmfquaegoz5s.us-east-1.rds.amazonaws.com
7733,cmoh82sehqge.eu-west-1.rds.amazonaws.com
7734,cms6sexlsz1f.eu-west-1.rds.amazonaws.com
7735,cmy5wso2nwyu.eu-central-1.rds.amazonaws.com
7736,cn0wxnkvpvcb.ap-south-1.rds.amazonaws.com
7737,cn28yoqc4iz0.eu-west-1.rds.amazonaws.com
7738,cn2ic4kc2slz.us-west-2.rds.amazonaws.com
7739,cnitcgssqkvo.ap-southeast-2.rds.amazonaws.com
7740,cnl26yqh7kkd.us-east-2.rds.amazonaws.com
7741,cnnxd6fsdca6.eu-west-1.rds.amazonaws.com
7742,cnqowacdi9qj.us-east-2.rds.amazonaws.com
7743,cnr5niz0ctpt.us-west-2.rds.amazonaws.com
7744,cnrx14jz3mw1.us-east-2.rds.amazonaws.com
7745,cnsek66oip2r.ca-central-1.rds.amazonaws.com
7746,cntzelnqq2xl.us-east-2.rds.amazonaws.com
7747,co.ag
7748,co2tbrd0fgcj.us-east-1.rds.amazonaws.com
7749,co46fwzab7bh.eu-west-1.rds.amazonaws.com
7750,co4ntmww2mfq.us-east-1.rds.amazonaws.com
7751,co85rlbkh7ji.us-east-2.rds.amazonaws.com
7752,com.gu
7753,coquekhs6hqo.us-east-1.rds.amazonaws.com
7754,corbmrftwf5i.eu-west-3.rds.amazonaws.com
7755,cordkxtwa4wa.us-east-2.rds.amazonaws.com
7756,cox18uta313k.ap-northeast-1.rds.amazonaws.com
7757,cp3ayqd1nhcf.us-west-2.rds.amazonaws.com
7758,cp4qqoywcmgv.us-west-2.rds.amazonaws.com
7759,cpaooqeyyixi.ap-southeast-1.rds.amazonaws.com
7760,cpikiuy5lkgx.us-west-2.rds.amazonaws.com
7761,cpjqacigorku.eu-west-1.rds.amazonaws.com
7762,cpjrey4w4qff.us-east-1.rds.amazonaws.com
7763,cpkiug19lziz.ap-southeast-2.rds.amazonaws.com
7764,cpofhqzhkjj4.ap-southeast-2.rds.amazonaws.com
7765,cptqgcmh4znq.us-east-1.rds.amazonaws.com
7766,cpvnvtp1qcr0.eu-central-1.rds.amazonaws.com
7767,cpyzdfowmvxq.us-east-1.rds.amazonaws.com
7768,cq0feczoltr0.us-east-1.rds.amazonaws.com
7769,cq4wldw2ohg9.eu-central-1.rds.amazonaws.com
7770,cq74vpeofnq2.us-east-1.rds.amazonaws.com
7771,cqegfto4egks.us-east-2.rds.amazonaws.com
7772,cqfqxclbtati.eu-central-1.rds.amazonaws.com
7773,cqgjiunanffb.us-west-2.rds.amazonaws.com
7774,cqiypips6yic.eu-central-1.rds.amazonaws.com
7775,cqjyuicplext.us-east-2.rds.amazonaws.com
7776,cqqfhejv8rcx.eu-west-1.rds.amazonaws.com
7777,cqqj2t8dlsch.us-east-2.rds.amazonaws.com
7778,cqxmwmqo0cvi.us-east-1.rds.amazonaws.com
7779,cqy1aougowzz.ap-southeast-2.rds.amazonaws.com
7780,craoo400wv4a.eu-west-1.rds.amazonaws.com
7781,crcbou2gfh7t.us-east-1.rds.amazonaws.com
7782,crf48vknvqu3.us-east-1.rds.amazonaws.com
7783,criymuk6k95x.eu-west-1.rds.amazonaws.com
7784,crj3uqjzuvo8.us-west-2.rds.amazonaws.com
7785,crkqoyyqc549.us-east-2.rds.amazonaws.com
7786,crllphxsvxqy.us-east-1.rds.amazonaws.com
7787,crlp9zvgk5ii.us-east-2.rds.amazonaws.com
7788,crpim9961lbo.eu-west-1.rds.amazonaws.com
7789,crrzhd4kidjj.us-east-1.rds.amazonaws.com
7790,crugcuy8qh8t.us-east-1.rds.amazonaws.com
7791,crvumpzr2plf.ap-south-1.rds.amazonaws.com
7792,cs8cphl1vkog.eu-central-1.rds.amazonaws.com
7793,cs9ciblsvi1j.rds.cn-north-1.amazonaws.com.cn
7794,csbglvc8av31.eu-west-2.rds.amazonaws.com
7795,cskeo7aa10cz.eu-central-1.rds.amazonaws.com
7796,cskty03baxia.eu-west-1.rds.amazonaws.com
7797,csma40kk2brs.us-east-1.rds.amazonaws.com
7798,csmf2mou4wk0.us-east-1.rds.amazonaws.com
7799,cstmr6hpy4u8.ap-southeast-2.rds.amazonaws.com
7800,cswhhpco7wgj.eu-west-1.rds.amazonaws.com
7801,csxefd75nb4r.ap-southeast-2.rds.amazonaws.com
7802,ct0c4kow0ita.us-east-1.rds.amazonaws.com
7803,ct2kvfcqxgoi.us-east-1.rds.amazonaws.com
7804,ct3hfiiqqtrh.eu-west-2.rds.amazonaws.com
7805,ct76kltt0vjz.us-gov-west-1.rds.amazonaws.com
7806,ctaiz1f2vad4.us-east-1.rds.amazonaws.com
7807,ctao4lj7t9ec.us-east-1.rds.amazonaws.com
7808,ctcsa2qouikd.ap-south-1.rds.amazonaws.com
7809,ctkamcmugliq.us-west-2.rds.amazonaws.com
7810,ctoa826u2psq.eu-west-1.rds.amazonaws.com
7811,ctoy0coeyvhn.eu-west-1.rds.amazonaws.com
7812,ctq5tmrvvanl.ap-northeast-1.rds.amazonaws.com
7813,ctvtlpcuqo5t.us-west-2.rds.amazonaws.com
7814,ctzlr33ddzvm.us-east-1.rds.amazonaws.com
7815,cudv8v2wzptl.ap-northeast-1.rds.amazonaws.com
7816,cugln9x4zsyk.us-east-1.rds.amazonaws.com
7817,cuh7uydk7ccn.us-gov-west-1.rds.amazonaws.com
7818,cv2ynho9ukiq.us-west-2.rds.amazonaws.com
7819,cv4ca64a4o81.us-east-1.rds.amazonaws.com
7820,cv8ak48i6oni.eu-central-1.rds.amazonaws.com
7821,cvad6ttrejhd.us-west-2.rds.amazonaws.com
7822,cvakgcqa63oz.eu-central-2.rds.amazonaws.com
7823,cvbwh0inbdv7.us-gov-west-1.rds.amazonaws.com
7824,cvce4om0gzgf.us-east-1.rds.amazonaws.com
7825,cvcmukak85p1.eu-west-1.rds.amazonaws.com
7826,cvegqk8ssdnb.ap-southeast-2.rds.amazonaws.com
7827,cvetqrh3nigo.us-east-1.rds.amazonaws.com
7828,cvg2c0e0sx55.us-west-2.rds.amazonaws.com
7829,cvgzktldn9gt.eu-central-1.rds.amazonaws.com
7830,cvhua8vtw6ud.us-east-1.rds.amazonaws.com
7831,cvi5burehuim.us-east-1.rds.amazonaws.com
7832,cvk1gvwcga0t.eu-central-1.rds.amazonaws.com
7833,cvkrwm6slds0.us-east-1.rds.amazonaws.com
7834,cvoigu8yica8.us-east-1.rds.amazonaws.com
7835,cvoiuwm0qv2d.eu-west-1.rds.amazonaws.com
7836,cvom8msgox4c.us-gov-east-1.rds.amazonaws.com
7837,cvplipyfcndy.ap-southeast-2.rds.amazonaws.com
7838,cvqqeued1clx.us-east-1.rds.amazonaws.com
7839,cvrfivafxnms.us-east-1.rds.amazonaws.com
7840,cvuq2828m52e.us-west-2.rds.amazonaws.com
7841,cvvehyjos1w8.eu-west-1.rds.amazonaws.com
7842,cw2zistqkyqm.ap-northeast-1.rds.amazonaws.com
7843,cw6ezinq2jk3.eu-west-1.rds.amazonaws.com
7844,cwc5no5yotnb.eu-west-2.rds.amazonaws.com
7845,cwepqgqa9qiq.us-east-2.rds.amazonaws.com
7846,cwflxyf6t4g4.eu-west-1.rds.amazonaws.com
7847,cwftaoyfsoih.eu-west-1.rds.amazonaws.com
7848,cwhmmgx74m5v.us-east-1.rds.amazonaws.com
7849,cwhrwl7jcha0.sa-east-1.rds.amazonaws.com
7850,cwmd7xkjydei.us-east-1.rds.amazonaws.com
7851,cwoejcgvdbt8.us-east-1.rds.amazonaws.com
7852,cwogqeljlqur.af-south-1.rds.amazonaws.com
7853,cwrdrxmyi6ug.us-east-1.rds.amazonaws.com
7854,cwsjysekxpst.us-west-1.rds.amazonaws.com
7855,cwuydsncrepz.us-east-1.rds.amazonaws.com
7856,cwwpbs2h0max.sa-east-1.rds.amazonaws.com
7857,cwyj7ybfuifp.eu-central-1.rds.amazonaws.com
7858,cx3lxp14oxnx.us-east-1.rds.amazonaws.com
7859,cx3ndbncjj49.us-west-2.rds.amazonaws.com
7860,cxa2ka4wisrf.eu-west-1.rds.amazonaws.com
7861,cxckieig54ok.us-east-1.rds.amazonaws.com
7862,cxeoqay6esme.eu-central-1.rds.amazonaws.com
7863,cxgxk641jgjr.eu-central-1.rds.amazonaws.com
7864,cxlthtnj9z9z.us-east-1.rds.amazonaws.com
7865,cxma2q046lz2.eu-west-1.rds.amazonaws.com
7866,cxoeugeeue3u.eu-west-1.rds.amazonaws.com
7867,cxrcamf6exzc.us-east-1.rds.amazonaws.com
7868,cxuchfg7uplk.ap-southeast-1.rds.amazonaws.com
7869,cy958dwsakje.us-west-2.rds.amazonaws.com
7870,cyamxellebja.eu-central-1.rds.amazonaws.com
7871,cydrggy4vokb.us-east-1.rds.amazonaws.com
7872,cygconh6pxj7.us-east-1.rds.amazonaws.com
7873,cygomo7ery1y.eu-central-1.rds.amazonaws.com
7874,cyjevphfibhe.us-east-2.rds.amazonaws.com
7875,cyjko0krjhju.us-east-1.rds.amazonaws.com
7876,cyjyvps1zqu7.ap-southeast-2.rds.amazonaws.com
7877,cyx2qkj2cfst.us-east-1.rds.amazonaws.com
7878,cz4gav0crp42.us-east-2.rds.amazonaws.com
7879,cz82au84e4yd.us-east-2.rds.amazonaws.com
7880,czaui4e6a3c8.eu-west-1.rds.amazonaws.com
7881,czcgkxkl5jvi.us-east-1.rds.amazonaws.com
7882,cze0msw8it2l.eu-central-1.rds.amazonaws.com
7883,cze3yy9wkda9.us-east-1.rds.amazonaws.com
7884,czio4qucogya.eu-west-1.rds.amazonaws.com
7885,czk4ug5x4st7.us-west-2.rds.amazonaws.com
7886,czksq4k2e470.us-east-1.rds.amazonaws.com
7887,czmggq6ggrmr.sa-east-1.rds.amazonaws.com
7888,czww2kkwe37i.us-west-2.rds.amazonaws.com
7889,dagestan.ru
7890,del1.vultrobjects.com
7891,domain-par-partouche-customers.services.clever-cloud.com
7892,e-renfrew.sch.uk
7893,e.id
7894,edu.st
7895,emerck
7896,emrnotebooks-prod.ap-northeast-1.amazonaws.com
7897,eu-west-2.experiments.sagemaker.aws
7898,falkirk.sch.uk
7899,fastly-terrarium.com
7900,firm.ro
7901,gitpage.si
7902,go.biz.ng
7903,goto.nagasaki.jp
7904,gouv.km
7905,grainger
7906,grozny.su
7907,haibara.shizuoka.jp
7908,hashbang.sh
7909,here-for-more.info
7910,hidaka.saitama.jp
7911,ichikawa.chiba.jp
7912,info.eg
7913,info.et
7914,izumisano.osaka.jp
7915,jaguar
7916,japanwest.azurecontainer.io
7917,jeju.kr
7918,kai.yamanashi.jp
7919,kalmykia.su
7920,kaluga.su
7921,kamakura.kanagawa.jp
7922,kobierzyce.pl
7923,kuji.iwate.jp
7924,laz.it
7925,lima-city.rocks
7926,lpl
7927,mfql.cryptonomic.net
7928,mil.ae
7929,mimoza.jp
7930,name.qa
7931,net.am
7932,net.iq
7933,net.je
7934,net.lc
7935,nnic.np
7936,nodes.k8s.nl-ams.scw.cloud
7937,norton
7938,nyuzen.toyama.jp
7939,onza.mythic-beasts.com
7940,org.ye
7941,p01--mlflow--jzknhfqkxn84.code.run
7942,per.kh
7943,peterborough.sch.uk
7944,prof.ec
7945,rdb.fr-par.scw.cloud
7946,rel.pl
7947,rome.it
7948,s3-accesspoint.dualstack.eu-north-1.amazonaws.com
7949,s3-accesspoint.dualstack.eu-south-1.amazonaws.com
7950,s3-website.ap-northeast-1.amazonaws.com
7951,sakae.chiba.jp
7952,saku.nagano.jp
7953,schoolbus.jp
7954,shingo.aomori.jp
7955,shop.paywhirl.com
7956,showa.fukushima.jp
7957,staging.devinapps.com
7958,suli.hu
7959,tab
7960,taketa.oita.jp
7961,tm.dz
7962,togliatti.su
7963,toyosato.shiga.jp
7964,travel.np
7965,tsu.mie.jp
7966,uozu.toyama.jp
7967,ups
7968,v-info.info
7969,vfs.cloud9.ap-south-1.amazonaws.com
7970,vm.bytemark.co.uk
7971,wakefield.sch.uk
7972,weather
7973,web.do
7974,yamamoto.miyagi.jp
7975,yokote.akita.jp
7976,yonabaru.okinawa.jp
7977,yotsukaido.chiba.jp
7978,0j0.jp
7979,103.xmit.co
7980,181.xmit.co
7981,3.bg
7982,a6.cloudera.site
7983,abashiri.hokkaido.jp
7984,ac.fk
7985,aetna
7986,aioi.hyogo.jp
7987,aoki.nagano.jp
7988,aol
7989,asahi.yamagata.jp
7990,askvoll.no
7991,aso.kumamoto.jp
7992,asso.ci
7993,author
7994,balashov.su
7995,barsy.net
7996,benevento.it
7997,biz.bb
7998,c0.eu-west-3.airflow.amazonaws.com
7999,c05zcgdimelr.eu-west-1.rds.amazonaws.com
8000,c0fuk5kq9lno.us-east-1.rds.amazonaws.com
8001,c0kx5bhygadp.eu-west-1.rds.amazonaws.com
8002,c0lomxsgbmtk.us-east-1.rds.amazonaws.com
8003,c0mcj2horu6u.us-east-1.rds.amazonaws.com
8004,c0ogueqsdimp.eu-central-1.rds.amazonaws.com
8005,c0rzljrqybia.us-east-1.rds.amazonaws.com
8006,c0varcybwn49.us-east-1.rds.amazonaws.com
8007,c0wjzrxtrwvo.us-east-1.rds.amazonaws.com
8008,c0xt5dijvnyu.us-east-2.rds.amazonaws.com
8009,c10m6em26oo5.us-east-1.rds.amazonaws.com
8010,c11.us-west-2.airflow.amazonaws.com
8011,c14eusoquxyz.ap-northeast-1.rds.amazonaws.com
8012,c1bfv0q9wfug.us-east-1.rds.amazonaws.com
8013,c1dxloksni19.us-east-2.rds.amazonaws.com
8014,c1e0cy6uggj5.eu-central-1.rds.amazonaws.com
8015,c1faq8oq4c99.ap-southeast-2.rds.amazonaws.com
8016,c1g6gsmwymn1.us-east-1.rds.amazonaws.com
8017,c1kq6ymki6qi.us-east-1.rds.amazonaws.com
8018,c1mkw6e4ye8m.us-east-1.rds.amazonaws.com
8019,c1nk0puaqr8v.us-east-1.rds.amazonaws.com
8020,c1nqzebigks9.eu-west-1.rds.amazonaws.com
8021,c1o4mcokipv3.ap-northeast-1.rds.amazonaws.com
8022,c1ogrd8zbqr3.us-east-1.rds.amazonaws.com
8023,c1omznntnihc.ca-central-1.rds.amazonaws.com
8024,c1to6hbypbqq.eu-central-1.rds.amazonaws.com
8025,c2.ap-southeast-2.airflow.amazonaws.com
8026,c2.eu-west-2.airflow.amazonaws.com
8027,c23.airflow.us-west-2.on.aws
8028,c23.us-east-1.airflow.amazonaws.com
8029,c242dg9ywwcy.us-east-1.rds.amazonaws.com
8030,c2c2uckbtzvn.us-east-1.rds.amazonaws.com
8031,c2druhsjgyfh.eu-west-1.rds.amazonaws.com
8032,c2gzxzvp1inr.us-east-1.rds.amazonaws.com
8033,c30.us-east-1.airflow.amazonaws.com
8034,c34soa6u6qcy.us-east-2.rds.amazonaws.com
8035,c3a6syyqqc3u.eu-central-1.rds.amazonaws.com
8036,c3d1xoyjxsak.us-east-1.rds.amazonaws.com
8037,c3eq6caoa1xx.ap-southeast-2.rds.amazonaws.com
8038,c3fbxzbufwtk.us-east-1.rds.amazonaws.com
8039,c3k6skaocuq8.us-east-1.rds.amazonaws.com
8040,c3mwiu6cchfs.eu-west-1.rds.amazonaws.com
8041,c3onlmdtof0g.us-east-1.rds.amazonaws.com
8042,c3oqgyyuevsj.eu-west-1.rds.amazonaws.com
8043,c3s4eaqkm3lm.eu-west-1.rds.amazonaws.com
8044,c3snygmrxdvg.us-west-2.rds.amazonaws.com
8045,c3v7auitj5xn.eu-west-1.rds.amazonaws.com
8046,c3vcojkjp9yx.us-east-1.rds.amazonaws.com
8047,c3ya2m20wlqs.us-east-1.rds.amazonaws.com
8048,c41glau6csmi.eu-central-1.rds.amazonaws.com
8049,c47soyaqi9g1.us-east-1.rds.amazonaws.com
8050,c4nc4fji4kmj.us-east-1.rds.amazonaws.com
8051,c4ncgkm0c52p.us-east-1.rds.amazonaws.com
8052,c4sawzcd1yun.us-west-2.rds.amazonaws.com
8053,c4sdb8gxxvan.us-east-1.rds.amazonaws.com
8054,c506wgc0ar8w.us-east-2.rds.amazonaws.com
8055,c51jtskkyl6y.us-east-2.rds.amazonaws.com
8056,c52suaq2ohng.eu-west-1.rds.amazonaws.com
8057,c55kcrsens3m.ca-central-1.rds.amazonaws.com
8058,c58eomqacki8.ap-southeast-1.rds.amazonaws.com
8059,c5aygauswgna.ap-northeast-1.rds.amazonaws.com
8060,c5cqpxvxelia.us-east-1.rds.amazonaws.com
8061,c5cu6m4wutzs.sa-east-1.rds.amazonaws.com
8062,c5eu6wuwu1xu.eu-central-1.rds.amazonaws.com
8063,c5hufon5nhzm.ap-southeast-2.rds.amazonaws.com
8064,c5iqa026i6kk.eu-central-1.rds.amazonaws.com
8065,c5k0eqyamo7j.eu-west-1.rds.amazonaws.com
8066,c5psx8ktvq5b.eu-west-1.rds.amazonaws.com
8067,c5r1xdonm4gv.eu-central-1.rds.amazonaws.com
8068,c5rjikg9qtax.ap-northeast-1.rds.amazonaws.com
8069,c5unjkfmkerv.us-east-1.rds.amazonaws.com
8070,c5w10lafpeed.eu-west-1.rds.amazonaws.com
8071,c5yokx1vralk.eu-west-1.rds.amazonaws.com
8072,c5z0vtay1duy.ap-northeast-1.rds.amazonaws.com
8073,c5z4mzg1a4xf.us-east-1.rds.amazonaws.com
8074,c66cshdm8tnp.us-west-2.rds.amazonaws.com
8075,c69krkqtt6n6.sa-east-1.rds.amazonaws.com
8076,c6cipe8chuer.us-east-1.rds.amazonaws.com
8077,c6dpgwgcagrv.us-west-2.rds.amazonaws.com
8078,c6ijwnvf7qh6.ap-south-1.rds.amazonaws.com
8079,c6kfxqn1nf0p.eu-west-1.rds.amazonaws.com
8080,c6pzmchnx7tn.us-east-1.rds.amazonaws.com
8081,c6x4ssonuiye.eu-west-1.rds.amazonaws.com
8082,c6xuzjedpuet.eu-west-1.rds.amazonaws.com
8083,c6yfwyhdt1xo.eu-central-1.rds.amazonaws.com
8084,c71.us-east-1.airflow.amazonaws.com
8085,c74mswy4ew9f.us-east-2.rds.amazonaws.com
8086,c74qsmc0gf01.us-east-1.rds.amazonaws.com
8087,c75.us-east-1.airflow.amazonaws.com
8088,c78iqws0aizp.us-east-2.rds.amazonaws.com
8089,c7afx3tolpht.ap-northeast-1.rds.amazonaws.com
8090,c7aueuao6ewo.ap-northeast-1.rds.amazonaws.com
8091,c7cyacisey2e.us-east-2.rds.amazonaws.com
8092,c7gaaylhvxtt.ap-south-1.rds.amazonaws.com
8093,c7kzykfotw36.eu-west-1.rds.amazonaws.com
8094,c7mgayckabhu.ap-southeast-2.rds.amazonaws.com
8095,c7mw4oowmwur.us-west-1.rds.amazonaws.com
8096,c7qk2w6q6akn.eu-central-1.rds.amazonaws.com
8097,c7ujvuzktoay.ap-southeast-2.rds.amazonaws.com
8098,c7v6dhgcbmco.us-east-1.rds.amazonaws.com
8099,c7win5ixxuik.us-east-1.rds.amazonaws.com
8100,c7xk6j8uplks.eu-west-1.rds.amazonaws.com
8101,c7zee41je9ln.us-east-1.rds.amazonaws.com
8102,c7zxo1jkprf8.us-east-1.rds.amazonaws.com
8103,c896yi6mkgjq.us-east-1.rds.amazonaws.com
8104,c8eov9ydxvhd.us-east-1.rds.amazonaws.com
8105,c8hcs7qhfotg.us-east-1.rds.amazonaws.com
8106,c8lc7cegv4du.us-east-1.rds.amazonaws.com
8107,c8um5km9jvh7.ap-northeast-1.rds.amazonaws.com
8108,c8wu2w1ypfjt.ap-northeast-1.rds.amazonaws.com
8109,c920mea60yh3.us-west-2.rds.amazonaws.com
8110,c9auyy6wae9l.eu-west-1.rds.amazonaws.com
8111,c9bbtp6pbkwp.eu-west-1.rds.amazonaws.com
8112,c9cozip87996.ap-northeast-1.rds.amazonaws.com
8113,c9emkpqkquso.us-east-2.rds.amazonaws.com
8114,c9eoo8y0ubt6.eu-central-1.rds.amazonaws.com
8115,c9kn3mefevin.us-east-1.rds.amazonaws.com
8116,c9leaigky8ai.us-east-1.rds.amazonaws.com
8117,c9lqauf1jaap.ca-central-1.rds.amazonaws.com
8118,c9oas6ugubbj.eu-west-1.rds.amazonaws.com
8119,c9uowiieeuz5.us-east-2.rds.amazonaws.com
8120,ca3ee6kjgfaa.us-east-1.rds.amazonaws.com
8121,ca3o0yeuw4yu.us-east-1.rds.amazonaws.com
8122,ca7ke2gc4kph.us-east-1.rds.amazonaws.com
8123,cadauvnkrnku.us-west-2.rds.amazonaws.com
8124,cadhvnu35zzr.us-east-1.rds.amazonaws.com
8125,cahhc0uersqv.eu-central-1.rds.amazonaws.com
8126,cal8j6i528si.eu-west-1.rds.amazonaws.com
8127,cankhoinjc4n.eu-central-1.rds.amazonaws.com
8128,cantho.vn
8129,canwgeonjf5a.eu-west-1.rds.amazonaws.com
8130,cao5mddkn5d6.eu-west-2.rds.amazonaws.com
8131,caoeddwjyhpa.ap-southeast-1.rds.amazonaws.com
8132,caqugo6acbs0.us-west-2.rds.amazonaws.com
8133,cawzq3nzqci1.us-east-1.rds.amazonaws.com
8134,cax23mmvlb88.us-west-1.rds.amazonaws.com
8135,caxie6c6qc6u.us-east-1.rds.amazonaws.com
8136,cazasozzmhju.us-east-2.rds.amazonaws.com
8137,cazuumqj7m0y.us-east-1.rds.amazonaws.com
8138,cb42ywna03dz.eu-west-2.rds.amazonaws.com
8139,cb48c4g6wpyx.rds.cn-northwest-1.amazonaws.com.cn
8140,cb4uga8yqnuf.eu-central-1.rds.amazonaws.com
8141,cb6oux0efv4u.eu-west-1.rds.amazonaws.com
8142,cb8uiy6aex30.ap-northeast-1.rds.amazonaws.com
8143,cba9fprkwxs8.ap-northeast-1.rds.amazonaws.com
8144,cbam0eeka2e7.me-south-1.rds.amazonaws.com
8145,cbbrnhy0qjvh.us-east-1.rds.amazonaws.com
8146,cbce36oemola.ap-southeast-2.rds.amazonaws.com
8147,cbdkgnnd5i5t.eu-central-1.rds.amazonaws.com
8148,cbifllxecd3z.eu-west-3.rds.amazonaws.com
8149,cbiw88mmkpxp.eu-west-1.rds.amazonaws.com
8150,cbjwpqfxxl2v.ap-south-1.rds.amazonaws.com
8151,cblxp9tbssmh.us-east-1.rds.amazonaws.com
8152,cbm2ys2y4om3.eu-central-1.rds.amazonaws.com
8153,cbmagwuo2ahb.us-east-2.rds.amazonaws.com
8154,cbn0qfukwc7r.us-east-2.rds.amazonaws.com
8155,cbo6my8y8gzi.eu-west-1.rds.amazonaws.com
8156,cbojy2n73unt.us-east-1.rds.amazonaws.com
8157,cbsqeyyos9ig.sa-east-1.rds.amazonaws.com
8158,cbssrs3px2jp.us-west-2.rds.amazonaws.com
8159,cbupyoymhozu.ca-central-1.rds.amazonaws.com
8160,cby8fkig5srl.eu-central-1.rds.amazonaws.com
8161,cc.oh.us
8162,cc8f7pxpubx5.us-east-1.rds.amazonaws.com
8163,cc9oxe0kllfp.eu-west-1.rds.amazonaws.com
8164,ccf3wi1h0pbn.us-east-2.rds.amazonaws.com
8165,cciusk4yll4s.us-west-1.rds.amazonaws.com
8166,ccizmschkd6s.eu-west-3.rds.amazonaws.com
8167,ccubh7p6ukia.us-east-2.rds.amazonaws.com
8168,ccy39l0sttqf.us-west-1.rds.amazonaws.com
8169,cczcxxahglxs.ap-south-1.rds.amazonaws.com
8170,cd28qo606bqn.us-west-2.rds.amazonaws.com
8171,cd2uaumo80c3.ap-southeast-2.rds.amazonaws.com
8172,cd2wybgbbayb.us-east-1.rds.amazonaws.com
8173,cd8mk28mqj1o.ap-northeast-1.rds.amazonaws.com
8174,cda7xnnzluyq.ap-southeast-2.rds.amazonaws.com
8175,cdb2vqeoa4kx.us-east-1.rds.amazonaws.com
8176,cdcq4ugwysed.ap-southeast-2.rds.amazonaws.com
8177,cdcukmrgbn8z.us-east-2.rds.amazonaws.com
8178,cdcveqkpvo5f.us-east-1.rds.amazonaws.com
8179,cdefgq7nkv9v.us-east-1.rds.amazonaws.com
8180,cdgr5ovqubpb.ap-southeast-2.rds.amazonaws.com
8181,cdjt7ddu8ml3.eu-west-1.rds.amazonaws.com
8182,cdmxiswwr6ku.us-gov-west-1.rds.amazonaws.com
8183,cdpbrtvp7bjf.us-west-1.rds.amazonaws.com
8184,cdqsq2dn5ecy.ap-southeast-1.rds.amazonaws.com
8185,cds8e64e2wdx.eu-central-1.rds.amazonaws.com
8186,cdtgx0lik4p4.us-east-1.rds.amazonaws.com
8187,cdu8pkstfsxy.eu-west-1.rds.amazonaws.com
8188,cdvkkexz70xq.us-east-1.rds.amazonaws.com
8189,cdwicgs44mh0.eu-west-1.rds.amazonaws.com
8190,cdygm2b5bc57.us-east-1.rds.amazonaws.com
8191,cdygu6pnnurl.us-west-2.rds.amazonaws.com
8192,cdykmm64ybcc.eu-west-3.rds.amazonaws.com
8193,ce1psikb3dtm.us-east-1.rds.amazonaws.com
8194,ce7lzz2ypuvq.ap-southeast-2.rds.amazonaws.com
8195,cekegjpzygnx.us-east-2.rds.amazonaws.com
8196,celragynm0bm.us-east-1.rds.amazonaws.com
8197,cem59j7n3r1o.us-east-2.rds.amazonaws.com
8198,cem6htz5cai4.eu-west-1.rds.amazonaws.com
8199,cepcuge2y71w.us-east-1.rds.amazonaws.com
8200,ceqrwlegk5lf.eu-west-1.rds.amazonaws.com
8201,cevijjdfh4ct.us-east-1.rds.amazonaws.com
8202,cevmo6cus9yw.us-east-1.rds.amazonaws.com
8203,cewpeinz2qzp.us-west-2.rds.amazonaws.com
8204,cf0q8ms6kd70.us-east-2.rds.amazonaws.com
8205,cf0wc20g86vq.us-west-1.rds.amazonaws.com
8206,cf2ypv7asnpi.us-east-1.rds.amazonaws.com
8207,cf47bc9czd8a.us-west-2.rds.amazonaws.com
8208,cf7ozbtf4iyw.eu-central-1.rds.amazonaws.com
8209,cf9qwahoxh9i.eu-west-1.rds.amazonaws.com
8210,cfcoz27g1qll.us-west-2.rds.amazonaws.com
8211,cfdgbo1icdvz.ca-central-1.rds.amazonaws.com
8212,cfdwi1thqprf.us-east-1.rds.amazonaws.com
8213,cffgkxoepu1i.us-east-1.rds.amazonaws.com
8214,cfgltldtxzrh.us-east-1.rds.amazonaws.com
8215,cfgodw60ynps.us-east-1.rds.amazonaws.com
8216,cfhleoayls1t.eu-west-1.rds.amazonaws.com
8217,cfhow4dtmkm6.us-east-1.rds.amazonaws.com
8218,cfi6as0qslco.us-east-2.rds.amazonaws.com
8219,cfn1bwcialtl.ap-southeast-2.rds.amazonaws.com
8220,cfqew6q0utn6.ap-southeast-2.rds.amazonaws.com
8221,cfsayswa27o9.us-east-1.rds.amazonaws.com
8222,cfsutggyimho.us-east-1.rds.amazonaws.com
8223,cfuwga4qmhc5.ap-south-1.rds.amazonaws.com
8224,cfwy4c444hdc.us-west-1.rds.amazonaws.com
8225,cfxhw49xurnq.us-east-1.rds.amazonaws.com
8226,cfxzf61qlx1n.eu-west-1.rds.amazonaws.com
8227,cfykwkcucig9.us-west-2.rds.amazonaws.com
8228,cgbohydophvl.us-east-1.rds.amazonaws.com
8229,cgevzlmnf3sy.us-west-2.rds.amazonaws.com
8230,cgm2fmd9z4lw.eu-west-1.rds.amazonaws.com
8231,cgn7qfmyt01e.us-east-1.rds.amazonaws.com
8232,cgqgd16wncbj.us-east-1.rds.amazonaws.com
8233,cgvoeiqy4tr1.us-east-1.rds.amazonaws.com
8234,cgz6hijf0oew.eu-west-1.rds.amazonaws.com
8235,cgzpqeg0xpnc.me-south-1.rds.amazonaws.com
8236,ch0gbey3uzo5.us-east-1.rds.amazonaws.com
8237,ch2yweskfvhv.us-east-2.rds.amazonaws.com
8238,ch7jfhtdahow.eu-west-1.rds.amazonaws.com
8239,ch8o0ys2m6bf.us-east-2.rds.amazonaws.com
8240,ch90idv6vzqr.us-east-1.rds.amazonaws.com
8241,ch9eb1lbbdxm.eu-central-1.rds.amazonaws.com
8242,chagqwjgrj9y.ap-northeast-1.rds.amazonaws.com
8243,chc4u6sg6waf.us-west-2.rds.amazonaws.com
8244,chcibdqur1ri.us-east-1.rds.amazonaws.com
8245,chdhizlpwqey.us-east-2.rds.amazonaws.com
8246,che8siy448dh.us-west-2.rds.amazonaws.com
8247,chgg06iqiely.us-east-2.rds.amazonaws.com
8248,chigasaki.kanagawa.jp
8249,chillout.jp
8250,chjbkbym7qtx.eu-west-2.rds.amazonaws.com
8251,chllaahpseuc.us-east-2.rds.amazonaws.com
8252,chlxzsjzvtme.eu-west-3.rds.amazonaws.com
8253,chm460iika3x.ap-northeast-1.rds.amazonaws.com
8254,chmm8k8iesit.ap-northeast-1.rds.amazonaws.com
8255,chocgosqcqem.eu-central-1.rds.amazonaws.com
8256,choeycyc5bpt.us-west-2.rds.amazonaws.com
8257,chpyccckk1c0.us-west-1.rds.amazonaws.com
8258,chu2gsiqgbnz.eu-central-1.rds.amazonaws.com
8259,chufhmw3tcc0.eu-west-1.rds.amazonaws.com
8260,chuo.tokyo.jp
8261,chuy0wyosy1k.eu-west-2.rds.amazonaws.com
8262,chzbaodd2mmt.us-east-1.rds.amazonaws.com
8263,chzofgvqzpeq.us-west-2.rds.amazonaws.com
8264,ci2bnvew0uuz.rds.cn-northwest-1.amazonaws.com.cn
8265,ci965odf7wdm.eu-west-2.rds.amazonaws.com
8266,ciaooa3rn2ch.ap-northeast-2.rds.amazonaws.com
8267,cicp5s3hq6d1.us-west-2.rds.amazonaws.com
8268,cidqu3jsspnx.us-east-1.rds.amazonaws.com
8269,cie7x5oujglo.us-east-1.rds.amazonaws.com
8270,cifkaueqqn44.us-east-1.rds.amazonaws.com
8271,cigyiuyoqm9j.us-west-2.rds.amazonaws.com
8272,cih94xwdmniv.us-west-2.rds.amazonaws.com
8273,cihulel1sksj.us-east-1.rds.amazonaws.com
8274,cij7i78iocvg.us-east-1.rds.amazonaws.com
8275,cijyhptgaoqv.eu-west-1.rds.amazonaws.com
8276,ciocrt9eynmy.eu-west-1.rds.amazonaws.com
8277,cioxv9gzck78.eu-central-1.rds.amazonaws.com
8278,cipo1tzcbvt6.us-east-1.rds.amazonaws.com
8279,cipqlpjpospu.eu-west-1.rds.amazonaws.com
8280,ciq6onf4jz7t.us-east-1.rds.amazonaws.com
8281,ciro7jsfts3j.eu-west-1.rds.amazonaws.com
8282,ciwsyrnj8dw9.us-east-1.rds.amazonaws.com
8283,ciwyubuxmqbs.us-east-1.rds.amazonaws.com
8284,ciz5i4mrokk5.ap-southeast-1.rds.amazonaws.com
8285,cizaeewe60jz.us-east-1.rds.amazonaws.com
8286,cj48yimogjmg.eu-west-1.rds.amazonaws.com
8287,cj4oa8yqmxgd.us-east-1.rds.amazonaws.com
8288,cj5njaetjm5l.us-west-2.rds.amazonaws.com
8289,cj6kqugqwy80.eu-west-1.rds.amazonaws.com
8290,cja32dm6nshs.eu-west-1.rds.amazonaws.com
8291,cjcws2zz5zyn.us-east-1.rds.amazonaws.com
8292,cjdcv1tszdw4.us-east-1.rds.amazonaws.com
8293,cjgi402i4eoa.ap-south-1.rds.amazonaws.com
8294,cjgtusv3nly9.ca-central-1.rds.amazonaws.com
8295,cjj49rfszxau.eu-central-1.rds.amazonaws.com
8296,cjkbkff39a8w.us-east-1.rds.amazonaws.com
8297,cjl6ycbhvpty.eu-west-1.rds.amazonaws.com
8298,cjla9yizrc5b.af-south-1.rds.amazonaws.com
8299,cjmyk4m6gwx0.eu-central-1.rds.amazonaws.com
8300,cjpfg726zzgo.us-west-2.rds.amazonaws.com
8301,cjpsiulmaido.ap-south-1.rds.amazonaws.com
8302,cjuncwwx7soi.us-east-1.rds.amazonaws.com
8303,cjvfn2xdamtg.us-west-2.rds.amazonaws.com
8304,cjwca6q8od7u.eu-west-1.rds.amazonaws.com
8305,cjwqu0ekizq2.af-south-1.rds.amazonaws.com
8306,ck0eehidy2lx.eu-west-1.rds.amazonaws.com
8307,ck66jel7p2ty.us-east-1.rds.amazonaws.com
8308,ckd6hkqzznj0.us-east-1.rds.amazonaws.com
8309,ckevtmy32mmb.ap-south-1.rds.amazonaws.com
8310,ckezvfrwtpoi.us-east-1.rds.amazonaws.com
8311,ckgr1nqpnvro.eu-central-1.rds.amazonaws.com
8312,ckmt0y79jwv8.eu-west-1.rds.amazonaws.com
8313,ckn1iqopsxes.us-west-1.rds.amazonaws.com
8314,ckqsje2jh6eg.us-east-1.rds.amazonaws.com
8315,cky8er0bxq1d.eu-west-1.rds.amazonaws.com
8316,ckzwvtbf3k5n.us-east-1.rds.amazonaws.com
8317,cl0864mguo4u.us-east-1.rds.amazonaws.com
8318,cl2kagqou6sx.eu-west-1.rds.amazonaws.com
8319,clcm1iuklabi.ap-southeast-1.rds.amazonaws.com
8320,cldj22bxod3i.us-east-1.rds.amazonaws.com
8321,clermqg3tlqg.eu-west-1.rds.amazonaws.com
8322,cleya6eabbu6.us-east-1.rds.amazonaws.com
8323,clg6ueqa40a3.us-east-2.rds.amazonaws.com
8324,clhgtn5y5gtq.eu-west-1.rds.amazonaws.com
8325,clig4kg4oljk.us-east-1.rds.amazonaws.com
8326,clks22822oq0.us-west-2.rds.amazonaws.com
8327,clkwyblorfvi.eu-central-1.rds.amazonaws.com
8328,cloa8isqcr1r.us-east-1.rds.amazonaws.com
8329,cloudapps.digital
8330,clqi2sakkoha.eu-central-1.rds.amazonaws.com
8331,cluiqflc9z82.eu-central-1.rds.amazonaws.com
8332,cluster-c7ycnokewc1j.us-east-1.rds.amazonaws.com
8333,cluster-cazuumqj7m0y.us-east-1.rds.amazonaws.com
8334,cluster-cbriunlvtcct.us-east-1.rds.amazonaws.com
8335,cluster-co0fpwqpitew.us-east-1.rds.amazonaws.com
8336,cluster-cxo2ua2um8hf.us-east-1.rds.amazonaws.com
8337,cluster-czz5s0kz4scl.eu-west-1.rds.amazonaws.com
8338,cluster130.hosting.ovh.net
8339,clw4gu0eeqd2.us-east-1.rds.amazonaws.com
8340,clxpkhrmizqp.eu-central-1.rds.amazonaws.com
8341,cm5yddry1w4t.us-east-1.rds.amazonaws.com
8342,cm7limgvopir.eu-west-1.rds.amazonaws.com
8343,cm7zluwq48jt.us-east-1.rds.amazonaws.com
8344,cmaiuhgktyht.us-east-1.rds.amazonaws.com
8345,cmfmnludp2bo.eu-central-1.rds.amazonaws.com
8346,cmlhbbsj6jgd.us-east-1.rds.amazonaws.com
8347,cmmpqxmz5kjg.us-east-1.rds.amazonaws.com
8348,cmrw3hevxzxl.me-south-1.rds.amazonaws.com
8349,cms1r67sdibc.us-east-1.rds.amazonaws.com
8350,cmtiw2qm01rv.us-east-1.rds.amazonaws.com
8351,cmwl9acdxphw.us-east-1.rds.amazonaws.com
8352,cmxw8ybqqdnr.eu-central-1.rds.amazonaws.com
8353,cmygpxdmeiq0.eu-central-1.rds.amazonaws.com
8354,cn0yucuken4t.us-east-2.rds.amazonaws.com
8355,cn4ggi80mkg7.us-east-1.rds.amazonaws.com
8356,cn6wyokcmpl9.me-central-1.rds.amazonaws.com
8357,cn7ju456dyzm.eu-central-1.rds.amazonaws.com
8358,cn8i6gcm68oo.us-west-2.rds.amazonaws.com
8359,cn8ztsqzz2wq.ap-northeast-1.rds.amazonaws.com
8360,cncxuhhrgjra.us-east-1.rds.amazonaws.com
8361,cngwf0b2kpmb.eu-west-1.rds.amazonaws.com
8362,cnioyoak44uk.us-east-1.rds.amazonaws.com
8363,cnmec20s6pyk.ap-southeast-2.rds.amazonaws.com
8364,cnmidcozfwpq.ap-southeast-2.rds.amazonaws.com
8365,cnq385rqxjlx.us-east-1.rds.amazonaws.com
8366,cnuro6yyivuq.eu-central-1.rds.amazonaws.com
8367,cnwmsecekkhe.us-west-2.rds.amazonaws.com
8368,co9c90brhtng.ap-southeast-2.rds.amazonaws.com
8369,coawp54r3xha.eu-west-1.rds.amazonaws.com
8370,coe56csgokii.us-west-2.rds.amazonaws.com
8371,coghclwvmbqm.eu-west-1.rds.amazonaws.com
8372,cohl2roy6t3c.us-east-2.rds.amazonaws.com
8373,cohxknctlyyk.us-east-1.rds.amazonaws.com
8374,cokjz1nxqidu.us-east-1.rds.amazonaws.com
8375,com.km
8376,conpjy5rbay0.us-east-1.rds.amazonaws.com
8377,contcun5gu1p.us-east-1.rds.amazonaws.com
8378,coolblog.jp
8379,copbcxl2qoyg.eu-west-1.rds.amazonaws.com
8380,cor1mjmldoin.eu-west-1.rds.amazonaws.com
8381,cos2im5ecaln.eu-west-1.rds.amazonaws.com
8382,cot8gqqsu9lr.us-east-1.rds.amazonaws.com
8383,covsr5ggdnmg.eu-west-2.rds.amazonaws.com
8384,cox1zm22u1sl.us-east-2.rds.amazonaws.com
8385,cp208ocece3q.us-east-2.rds.amazonaws.com
8386,cp2668q6sa7f.us-east-1.rds.amazonaws.com
8387,cp3nfosslxiq.eu-west-1.rds.amazonaws.com
8388,cp6ikuy2i271.us-west-1.rds.amazonaws.com
8389,cp7tmn6xpdwd.eu-west-1.rds.amazonaws.com
8390,cp8g8e04e9uk.us-east-1.rds.amazonaws.com
8391,cpa84me22k4q.us-west-2.rds.amazonaws.com
8392,cpcu42esk7yn.us-east-1.rds.amazonaws.com
8393,cpdgv9xw3ukk.ap-northeast-1.rds.amazonaws.com
8394,cph3jwxb2ymp.eu-central-1.rds.amazonaws.com
8395,cphl64yah16z.eu-west-1.rds.amazonaws.com
8396,cpifcruwmpix.eu-central-1.rds.amazonaws.com
8397,cpkuko0ieqmt.eu-central-1.rds.amazonaws.com
8398,cpojjgoxefjk.us-east-1.rds.amazonaws.com
8399,cppcnbelwd2s.ap-south-1.rds.amazonaws.com
8400,cpqyyw4yqb0b.us-west-2.rds.amazonaws.com
8401,cpuebgemvnrb.us-east-1.rds.amazonaws.com
8402,cpusassc4ic9.us-east-1.rds.amazonaws.com
8403,cpuyacy8cldx.eu-central-1.rds.amazonaws.com
8404,cpw6at6nmole.eu-central-1.rds.amazonaws.com
8405,cpwn16uwclv2.us-east-1.rds.amazonaws.com
8406,cpwqwuy2uhc0.us-east-2.rds.amazonaws.com
8407,cpxmg6quxzew.ap-southeast-1.rds.amazonaws.com
8408,cpxzkvptksfg.ap-southeast-2.rds.amazonaws.com
8409,cpyche3misqv.us-west-2.rds.amazonaws.com
8410,cq1y4kkoezeo.us-east-1.rds.amazonaws.com
8411,cq52i6eg8z4j.us-east-1.rds.amazonaws.com
8412,cqafl4myeeoe.eu-west-1.rds.amazonaws.com
8413,cqawsvfssqsx.eu-west-1.rds.amazonaws.com
8414,cqfqqo2oy69r.us-east-1.rds.amazonaws.com
8415,cqgjy4i7o7ml.us-east-1.rds.amazonaws.com
8416,cqkrd2bk0lrr.us-east-1.rds.amazonaws.com
8417,cqlldhpvr3yk.eu-west-1.rds.amazonaws.com
8418,cqmg1bbnvph6.us-west-2.rds.amazonaws.com
8419,cqnbywwaaxvo.eu-central-1.rds.amazonaws.com
8420,cqpvx3ougyic.us-east-1.rds.amazonaws.com
8421,cqryblsdrbcs.us-east-1.rds.amazonaws.com
8422,cqsxrgkev9nb.eu-west-1.rds.amazonaws.com
8423,cqxxxstlsyug.us-east-1.rds.amazonaws.com
8424,cr0w5cfgadle.eu-west-2.rds.amazonaws.com
8425,cr11ldvorshb.ca-central-1.rds.amazonaws.com
8426,cr2kuo8s2pde.eu-west-1.rds.amazonaws.com
8427,cr6cys4aq9c6.us-east-1.rds.amazonaws.com
8428,cr6owghmqlu7.us-east-1.rds.amazonaws.com
8429,crazj5wo2k5z.us-east-1.rds.amazonaws.com
8430,crexywfus7hg.ap-northeast-1.rds.amazonaws.com
8431,criiq6okyhsz.eu-central-1.rds.amazonaws.com
8432,criytjezgjge.us-east-2.rds.amazonaws.com
8433,crlfkhax5fvk.us-east-1.rds.amazonaws.com
8434,crlowiqc9uoe.us-west-2.rds.amazonaws.com
8435,crlxpo1x7g25.eu-west-2.rds.amazonaws.com
8436,crmww8wwau0v.eu-central-1.rds.amazonaws.com
8437,crpvzfsago7m.us-east-1.rds.amazonaws.com
8438,crpxpe0xrl9w.us-east-1.rds.amazonaws.com
8439,crqg0ok2qdho.us-east-1.rds.amazonaws.com
8440,crqw7dvggixb.us-east-2.rds.amazonaws.com
8441,crraqr0azyzn.us-west-2.rds.amazonaws.com
8442,crs0p1meo5bz.us-east-1.rds.amazonaws.com
8443,cruise
8444,crxpzixghlpz.us-west-2.rds.amazonaws.com
8445,cryyqar5gbed.us-east-1.rds.amazonaws.com
8446,cryzgoogxeae.us-east-2.rds.amazonaws.com
8447,cs4b8uts1ct5.us-west-2.rds.amazonaws.com
8448,cs6czahgdujc.us-east-1.rds.amazonaws.com
8449,cs9prv2qztyk.eu-west-1.rds.amazonaws.com
8450,cses45vxbwdz.eu-central-1.rds.amazonaws.com
8451,csfbtrnppmeu.eu-west-1.rds.amazonaws.com
8452,csffrl9jjaba.eu-central-1.rds.amazonaws.com
8453,cshoh24snvh7.eu-central-1.rds.amazonaws.com
8454,csnwtfumpnih.eu-central-1.rds.amazonaws.com
8455,cso01w4rnb6a.eu-central-1.rds.amazonaws.com
8456,cspavg9cqaci.eu-west-1.rds.amazonaws.com
8457,cspmljbyawvw.ap-northeast-1.rds.amazonaws.com
8458,cswnqrmcgv9e.us-west-2.rds.amazonaws.com
8459,csxabbobpouf.ap-south-1.rds.amazonaws.com
8460,csxmc04yyomn.us-east-1.rds.amazonaws.com
8461,csxnxlj9svck.sa-east-1.rds.amazonaws.com
8462,ct3ssykkxluh.us-east-1.rds.amazonaws.com
8463,ct4gvsstrosi.eu-west-3.rds.amazonaws.com
8464,cta2qoa8okyj.eu-west-1.rds.amazonaws.com
8465,ctbkbgyym82b.eu-central-1.rds.amazonaws.com
8466,ctbzlgxvysgh.us-east-1.rds.amazonaws.com
8467,ctcdlleqj5gd.us-west-2.rds.amazonaws.com
8468,ctd412gwnzbg.us-east-1.rds.amazonaws.com
8469,ctem2se225vj.us-east-2.rds.amazonaws.com
8470,cticssy4qylw.us-east-1.rds.amazonaws.com
8471,ctiptnznyj3s.ap-southeast-2.rds.amazonaws.com
8472,ctjzr3gdeisa.ca-central-1.rds.amazonaws.com
8473,ctkl7lpvd0im.eu-west-1.rds.amazonaws.com
8474,ctkwbtpvhkh8.eu-west-1.rds.amazonaws.com
8475,ctl0viuktqml.eu-central-1.rds.amazonaws.com
8476,ctocc00gyn2y.us-east-1.rds.amazonaws.com
8477,ctrz1j3c6j9m.eu-central-1.rds.amazonaws.com
8478,ctswigeisb8w.us-east-2.rds.amazonaws.com
8479,ctw22qaq42eo.us-east-2.rds.amazonaws.com
8480,ctythe8potu7.us-east-1.rds.amazonaws.com
8481,cu1o00o2aqlx.us-east-1.rds.amazonaws.com
8482,cu734be1sror.us-east-2.rds.amazonaws.com
8483,cu9wy13ucbg4.eu-central-1.rds.amazonaws.com
8484,cubcraquydin.us-east-2.rds.amazonaws.com
8485,cufompwcucob.rds.cn-north-1.amazonaws.com.cn
8486,cug3wobvsm7k.ap-southeast-2.rds.amazonaws.com
8487,cujzvopaiboj.us-east-1.rds.amazonaws.com
8488,cukktr8s3x1p.ap-southeast-2.rds.amazonaws.com
8489,cuoymxbobrmw.us-east-1.rds.amazonaws.com
8490,cus09rdm5dpz.eu-central-1.rds.amazonaws.com
8491,cutcxjjewrwg.eu-west-1.rds.amazonaws.com
8492,cuwm13r6zlts.us-gov-west-1.rds.amazonaws.com
8493,cuyxlqsv2dr6.us-east-1.rds.amazonaws.com
8494,cv44s6okuc96.eu-west-1.rds.amazonaws.com
8495,cvcz6z9mlego.us-east-1.rds.amazonaws.com
8496,cvemccw2mlyt.us-west-2.rds.amazonaws.com
8497,cviyaqhy8l9n.us-west-2.rds.amazonaws.com
8498,cvjklkoyfmka.ap-northeast-1.rds.amazonaws.com
8499,cvk8s7jc9wgw.us-east-1.rds.amazonaws.com
8500,cvkusk602fhw.eu-central-1.rds.amazonaws.com
8501,cvouaeg4idss.ap-south-1.rds.amazonaws.com
8502,cvq8nflymt3z.eu-central-1.rds.amazonaws.com
8503,cvqs6ymeshwi.eu-central-1.rds.amazonaws.com
8504,cvst8iaehkxf.us-east-1.rds.amazonaws.com
8505,cvu8wygsm0ss.ap-northeast-1.rds.amazonaws.com
8506,cvymyy04kyhl.eu-west-1.rds.amazonaws.com
8507,cw3o5byjsq4b.eu-west-1.rds.amazonaws.com
8508,cwelqymr9srw.us-east-1.rds.amazonaws.com
8509,cwjzve5tharq.us-east-1.rds.amazonaws.com
8510,cwnon3ixzzta.us-east-1.rds.amazonaws.com
8511,cwnueocuwnje.us-east-1.rds.amazonaws.com
8512,cwouildehtru.eu-central-1.rds.amazonaws.com
8513,cwozn3bq0gvw.eu-central-1.rds.amazonaws.com
8514,cwq7tjkua9qk.eu-central-1.rds.amazonaws.com
8515,cwrtijl6vot8.eu-west-1.rds.amazonaws.com
8516,cwtgtugmtsjy.us-east-1.rds.amazonaws.com
8517,cwvd8v1cvrpo.eu-west-1.rds.amazonaws.com
8518,cwyt7n3o8dgx.ap-northeast-1.rds.amazonaws.com
8519,cx1k5i7fwdav.af-south-1.rds.amazonaws.com
8520,cx2igoiyuifa.us-east-1.rds.amazonaws.com
8521,cx2mqeyeyewu.us-east-2.rds.amazonaws.com
8522,cx40cqow82st.ap-northeast-1.rds.amazonaws.com
8523,cx6cyu6yw44e.ap-southeast-2.rds.amazonaws.com
8524,cxblkncscapu.us-east-1.rds.amazonaws.com
8525,cxcewkiycwea.af-south-1.rds.amazonaws.com
8526,cxchxzblhoek.ap-southeast-2.rds.amazonaws.com
8527,cxcom4kici89.us-east-1.rds.amazonaws.com
8528,cxcuwyjfri4j.sa-east-1.rds.amazonaws.com
8529,cxkgc0siaeea.eu-west-1.rds.amazonaws.com
8530,cxnbupiytus2.eu-west-1.rds.amazonaws.com
8531,cxoea8g0i9hn.eu-west-2.rds.amazonaws.com
8532,cxrwjruykels.us-west-2.rds.amazonaws.com
8533,cxvevr7ci7iw.eu-west-1.rds.amazonaws.com
8534,cxvlwbjx27v2.us-east-1.rds.amazonaws.com
8535,cxw4uemiu3wq.eu-west-1.rds.amazonaws.com
8536,cxwa0qe2oy3w.us-east-1.rds.amazonaws.com
8537,cxwm2064eakg.us-east-1.rds.amazonaws.com
8538,cxydmdndgdv7.us-east-1.rds.amazonaws.com
8539,cxyjswuipkjs.ap-southeast-2.rds.amazonaws.com
8540,cyaaofkskcey.ap-northeast-1.rds.amazonaws.com
8541,cyahlw2hphkt.ap-southeast-2.rds.amazonaws.com
8542,cyb204wmag54.us-east-1.rds.amazonaws.com
8543,cyfmfra9waie.af-south-1.rds.amazonaws.com
8544,cyhkcnnkviec.us-east-1.rds.amazonaws.com
8545,cyklnogb0lgn.ap-south-1.rds.amazonaws.com
8546,cyneemogssnt.us-east-1.rds.amazonaws.com
8547,cypohb1bxdek.us-east-1.rds.amazonaws.com
8548,cyqbcj8whkke.eu-central-1.rds.amazonaws.com
8549,cyr5aqizpmc6.us-gov-west-1.rds.amazonaws.com
8550,cyufrafi0qhu.us-east-1.rds.amazonaws.com
8551,cyurfcbfygxj.us-east-1.rds.amazonaws.com
8552,cyv1pa0hhr2v.ap-southeast-2.rds.amazonaws.com
8553,cyvjuwgp3ntj.eu-west-1.rds.amazonaws.com
8554,cywfdvlssz16.us-west-2.rds.amazonaws.com
8555,cz05fnxptaha.us-east-1.rds.amazonaws.com
8556,cz3k0lsxvm9l.ap-northeast-1.rds.amazonaws.com
8557,cz6c22kqu9hr.ap-south-1.rds.amazonaws.com
8558,cz8kushgshkd.eu-central-1.rds.amazonaws.com
8559,cz8oy6y8c9dl.ap-northeast-1.rds.amazonaws.com
8560,cz8waoqiqz4p.ap-south-1.rds.amazonaws.com
8561,czanehhnfgf1.eu-central-1.rds.amazonaws.com
8562,czbsfpkprigw.us-east-1.rds.amazonaws.com
8563,czbvr9azmgbd.us-west-2.rds.amazonaws.com
8564,czcwa8uew49g.us-east-1.rds.amazonaws.com
8565,czeio2hloeu7.eu-west-1.rds.amazonaws.com
8566,czepqxe85pvq.us-west-2.rds.amazonaws.com
8567,czk4yyu26sfm.us-east-1.rds.amazonaws.com
8568,czraxvecoh5t.us-east-1.rds.amazonaws.com
8569,czss6jl86i0k.af-south-1.rds.amazonaws.com
8570,czsueqcamhpr.us-west-2.rds.amazonaws.com
8571,czuq2gcqqmtk.eu-west-3.rds.amazonaws.com
8572,czusowgkmxr5.ap-northeast-2.rds.amazonaws.com
8573,czvcjh7ccdhg.eu-central-1.rds.amazonaws.com
8574,czxhtnsxgily.us-west-2.rds.amazonaws.com
8575,dagestan.su
8576,dyn.cosidns.de
8577,edu.fm
8578,edu.gl
8579,edu.vg
8580,emrappui-prod.sa-east-1.amazonaws.com
8581,ethos52-prod-va7.dev.adobeaemcloud.com
8582,ethos56-prod-va7.dev.adobeaemcloud.com
8583,eu-west-2.compute.amazonaws.com
8584,fedex
8585,fla.no
8586,gap
8587,genting
8588,gov.pn
8589,grafana-dev.net
8590,gs.oslo.no
8591,id.cv
8592,ikeda.gifu.jp
8593,info.ni
8594,it1.eur.aruba.jenv-aruba.cloud
8595,jdf.br
8596,jeep
8597,jmp
8598,kamigori.hyogo.jp
8599,kaneyama.fukushima.jp
8600,khmelnitskiy.ua
8601,kiryu.gunma.jp
8602,kragero.no
8603,loginline.dev
8604,maizuru.kyoto.jp
8605,meloy.no
8606,minami-alps.yamanashi.jp
8607,mordovia.su
8608,murata.miyagi.jp
8609,musashino.tokyo.jp
8610,myspreadshop.fr
8611,myspreadshop.ie
8612,namie.fukushima.jp
8613,nara.nara.jp
8614,net.bh
8615,net.bs
8616,net.bt
8617,net.ex.ortsinfo.at
8618,nic.tj
8619,noda.iwate.jp
8620,notebook-fips.us-east-1.sagemaker.aws
8621,notodden.no
8622,org.ac
8623,osaki.miyagi.jp
8624,oshu.iwate.jp
8625,pinoko.jp
8626,pley.games
8627,pnc
8628,prudential
8629,pub.sa
8630,pyatigorsk.ru
8631,qydq-93mh.cloudera.site
8632,rauma.no
8633,rec.ro
8634,rygge.no
8635,s3-accesspoint.il-central-1.amazonaws.com
8636,s3-accesspoint.me-south-1.amazonaws.com
8637,sakura
8638,settsu.osaka.jp
8639,shibata.miyagi.jp
8640,shisui.chiba.jp
8641,staba.jp
8642,suedtirol.it
8643,syno-ds.de
8644,takatsuki.osaka.jp
8645,thainguyen.vn
8646,tmall
8647,torbay.sch.uk
8648,tourism.tn
8649,umi.fukuoka.jp
8650,usa.oita.jp
8651,venice.it
8652,versus.jp
8653,vivian.jp
8654,vnu8-sqze.cloudera.site
8655,wakkanai.hokkaido.jp
8656,websitebuilder.online
8657,windsurf.build
8658,www.oaiusercontent.com
8659,xn--c1avg.xn--90a3ac
8660,xn--fpcrj9c3d
8661,xn--otu796d
8662,xn--pgbs0dh
8663,xn--uc0atv.xn--j6w193g
8664,yamagata.yamagata.jp
8665,yoro.gifu.jp
8666,151.xmit.co
8667,achi.nagano.jp
8668,americanexpress
8669,ap-mumbai-1.oci.customer-oci.com
8670,armenia.su
8671,authgearapps.com
8672,azurecentralus.snowflake.app
8673,bosch
8674,bournemouth.sch.uk
8675,bronnoy.no
8676,c03sqrmrugw8.us-west-2.rds.amazonaws.com
8677,c0d9n8phsxwr.ca-central-1.rds.amazonaws.com
8678,c0o8f9qg10ma.us-east-1.rds.amazonaws.com
8679,c144sca0a8fk.us-east-2.rds.amazonaws.com
8680,c16o4smwkg5p.us-west-2.rds.amazonaws.com
8681,c16qprbs9yik.us-east-1.rds.amazonaws.com
8682,c18u6ysi8na8.us-east-2.rds.amazonaws.com
8683,c19.airflow.us-east-1.on.aws
8684,c1boghyhixeu.eu-central-1.rds.amazonaws.com
8685,c1d6dz4uls3q.ap-south-1.rds.amazonaws.com
8686,c1ei2skyspip.eu-west-1.rds.amazonaws.com
8687,c1o66akkugym.us-west-2.rds.amazonaws.com
8688,c1phxx0liqm4.eu-west-1.rds.amazonaws.com
8689,c1pr5hspesw6.eu-central-1.rds.amazonaws.com
8690,c1s6kei8cuus.ap-south-1.rds.amazonaws.com
8691,c1vsjxluyhum.us-east-1.rds.amazonaws.com
8692,c1w89kiquchf.us-east-1.rds.amazonaws.com
8693,c1wq2wq4avo2.us-east-2.rds.amazonaws.com
8694,c29gzbw0jdco.us-east-1.rds.amazonaws.com
8695,c2aonzsahbv3.ca-central-1.rds.amazonaws.com
8696,c2bok10lnnjc.us-west-1.rds.amazonaws.com
8697,c2buwwewoapc.us-west-2.rds.amazonaws.com
8698,c2ng8g840pwj.us-east-1.rds.amazonaws.com
8699,c2rrcnsxmoyt.eu-central-1.rds.amazonaws.com
8700,c2tzai3yevrk.ap-east-1.rds.amazonaws.com
8701,c368ucaqcp10.us-east-2.rds.amazonaws.com
8702,c3e6co64w0m8.eu-west-1.rds.amazonaws.com
8703,c3fezv1sz5ep.eu-central-1.rds.amazonaws.com
8704,c3g6oi2o4tzn.eu-west-1.rds.amazonaws.com
8705,c3giko46mbpi.eu-west-1.rds.amazonaws.com
8706,c3jauyxaixfy.ap-southeast-2.rds.amazonaws.com
8707,c3kevne7ldou.eu-west-1.rds.amazonaws.com
8708,c3o4jt8rlgmi.us-east-1.rds.amazonaws.com
8709,c3s2ygkwue33.ap-south-1.rds.amazonaws.com
8710,c3uwo0iekbx2.eu-west-1.rds.amazonaws.com
8711,c3xbawnk1hz1.eu-west-1.rds.amazonaws.com
8712,c403y6nrdexr.us-east-1.rds.amazonaws.com
8713,c42dkdenu1nd.us-east-1.rds.amazonaws.com
8714,c49le0e8deal.us-east-1.rds.amazonaws.com
8715,c4haw4wyij8p.us-east-1.rds.amazonaws.com
8716,c4jaw4uwkrpi.us-east-1.rds.amazonaws.com
8717,c4vgqi0icsvh.us-east-1.rds.amazonaws.com
8718,c4vy8cywgd3o.us-east-1.rds.amazonaws.com
8719,c4wppqjh62vk.eu-west-1.rds.amazonaws.com
8720,c502xxv4owqw.ap-southeast-1.rds.amazonaws.com
8721,c55gf01f6zeo.us-west-1.rds.amazonaws.com
8722,c56p73j5yqqy.eu-west-1.rds.amazonaws.com
8723,c5bztyadz8vr.ap-northeast-1.rds.amazonaws.com
8724,c5c2qqsu24u8.us-east-1.rds.amazonaws.com
8725,c5dk5735gpcj.us-east-2.rds.amazonaws.com
8726,c5iew4uko2f3.eu-central-1.rds.amazonaws.com
8727,c5ikd6bnv0bm.us-east-1.rds.amazonaws.com
8728,c5lpwayumzz5.eu-central-1.rds.amazonaws.com
8729,c5mkm204olmj.eu-west-1.rds.amazonaws.com
8730,c5nmmj2cwwzb.ca-central-1.rds.amazonaws.com
8731,c5u7v76m8cjx.us-east-1.rds.amazonaws.com
8732,c5uysqycqtna.us-east-2.rds.amazonaws.com
8733,c5wgk6uiwqmz.eu-west-2.rds.amazonaws.com
8734,c5wk40kog06u.ap-south-1.rds.amazonaws.com
8735,c5x0sxp5a3z9.eu-central-1.rds.amazonaws.com
8736,c5zmkg8kp0ku.us-west-2.rds.amazonaws.com
8737,c6b8otohjvox.ap-south-1.rds.amazonaws.com
8738,c6c8mifipr9d.us-west-2.rds.amazonaws.com
8739,c6cnyq5rebjx.us-east-1.rds.amazonaws.com
8740,c6movf0as8dr.eu-west-1.rds.amazonaws.com
8741,c70.us-east-1.airflow.amazonaws.com
8742,c76uosi0m8sx.us-west-2.rds.amazonaws.com
8743,c79s8j6avgjp.us-east-1.rds.amazonaws.com
8744,c7bb5vu7ihnf.eu-west-1.rds.amazonaws.com
8745,c7bo3utzo1a7.af-south-1.rds.amazonaws.com
8746,c7ekicu00wg8.eu-west-1.rds.amazonaws.com
8747,c7ga6gwyuija.us-east-1.rds.amazonaws.com
8748,c7iosywuol5f.ca-central-1.rds.amazonaws.com
8749,c7k0uowe8g60.eu-west-1.rds.amazonaws.com
8750,c7k4ag6q06di.eu-central-1.rds.amazonaws.com
8751,c7n9zl4yxegk.eu-west-1.rds.amazonaws.com
8752,c7ows20iyfmf.eu-west-1.rds.amazonaws.com
8753,c7uewoggcq8i.us-east-1.rds.amazonaws.com
8754,c7wu2wggs1jt.ap-northeast-1.rds.amazonaws.com
8755,c7zaeopewvte.eu-central-1.rds.amazonaws.com
8756,c8gq35awsv2d.us-east-2.rds.amazonaws.com
8757,c8izg5p7jgkz.ap-southeast-2.rds.amazonaws.com
8758,c8mv1chkw1hc.us-east-2.rds.amazonaws.com
8759,c8qchd6y1c4x.ca-central-1.rds.amazonaws.com
8760,c8rzuyoe25yh.ap-south-1.rds.amazonaws.com
8761,c8unw2oiej9p.us-west-2.rds.amazonaws.com
8762,c8z2maii0sq9.us-east-1.rds.amazonaws.com
8763,c902c6ie052x.us-east-2.rds.amazonaws.com
8764,c90csewm4oud.eu-central-1.rds.amazonaws.com
8765,c92wqamm6zz8.eu-west-2.rds.amazonaws.com
8766,c9a0iiweusrz.us-west-1.rds.amazonaws.com
8767,c9aak6c82de0.us-west-2.rds.amazonaws.com
8768,c9asyeayi4a6.us-east-1.rds.amazonaws.com
8769,c9emewwm4v0g.ap-northeast-1.rds.amazonaws.com
8770,c9fx0jqsmxxe.us-east-1.rds.amazonaws.com
8771,c9kqsgo86pop.us-east-2.rds.amazonaws.com
8772,c9mkq0u80l5y.ap-south-2.rds.amazonaws.com
8773,c9qwse8g2tw6.eu-central-1.rds.amazonaws.com
8774,c9xthsvajbdr.us-east-2.rds.amazonaws.com
8775,c9y2okomcvl4.ca-central-1.rds.amazonaws.com
8776,c9y440aeitft.eu-west-1.rds.amazonaws.com
8777,ca2wpgplrxib.eu-west-1.rds.amazonaws.com
8778,ca3d8xvr6k2i.eu-west-2.rds.amazonaws.com
8779,ca8ieib42zon.us-east-1.rds.amazonaws.com
8780,campinagrande.br
8781,cantfqlhzfwc.us-east-1.rds.amazonaws.com
8782,caowluxhzm5w.us-east-1.rds.amazonaws.com
8783,caravan
8784,casbegovipbp.us-east-1.rds.amazonaws.com
8785,cau9opmbtvfe.us-west-2.rds.amazonaws.com
8786,cb0sqesaayx2.us-west-2.rds.amazonaws.com
8787,cb4moiy4mxur.eu-central-1.rds.amazonaws.com
8788,cb6o4q22ww7y.us-east-2.rds.amazonaws.com
8789,cb7ps6pwwvi2.us-east-1.rds.amazonaws.com
8790,cb99ykcb71nl.ap-northeast-1.rds.amazonaws.com
8791,cb9ma1seo1ti.us-east-1.rds.amazonaws.com
8792,cbdayflkzdql.us-east-1.rds.amazonaws.com
8793,cbetxkdyhwsb.us-east-1.rds.amazonaws.com
8794,cbgbcnmoakef.us-west-2.rds.amazonaws.com
8795,cbjjyj8ec0wm.us-east-1.rds.amazonaws.com
8796,cbm66a4qa9hh.us-east-2.rds.amazonaws.com
8797,cbmt8iv7z26x.us-east-1.rds.amazonaws.com
8798,cbnefdyvhwva.ap-northeast-1.rds.amazonaws.com
8799,cbnllgdcitex.eu-central-1.rds.amazonaws.com
8800,cboncowyl56a.us-east-1.rds.amazonaws.com
8801,cbowy8iyu7x7.ca-central-1.rds.amazonaws.com
8802,cbpwg139wtyl.rds.cn-northwest-1.amazonaws.com.cn
8803,cbqs0gg2abfs.us-east-1.rds.amazonaws.com
8804,cbqzcpcwoeyk.eu-west-2.rds.amazonaws.com
8805,cbtdgnninbrf.ap-southeast-1.rds.amazonaws.com
8806,cbvts3gwaard.us-east-1.rds.amazonaws.com
8807,cc.nv.us
8808,cc1des73usvp.us-west-2.rds.amazonaws.com
8809,cc5hqz4kodkq.eu-central-1.rds.amazonaws.com
8810,cc7ot9sewkc6.eu-central-1.rds.amazonaws.com
8811,ccb0ewa0hakx.us-west-1.rds.amazonaws.com
8812,ccbwnxz3rmtw.us-west-2.rds.amazonaws.com
8813,cccawn3hqqnr.us-east-2.rds.amazonaws.com
8814,cce7qflofcqw.us-east-1.rds.amazonaws.com
8815,ccfk5m5b4beh.us-east-1.rds.amazonaws.com
8816,ccngbsxsi9hu.us-west-2.rds.amazonaws.com
8817,ccnpayaclpoc.us-west-2.rds.amazonaws.com
8818,ccpie4kccumz.eu-west-1.rds.amazonaws.com
8819,ccs6h0aqwprb.eu-central-1.rds.amazonaws.com
8820,ccsqomjgufb0.eu-west-1.rds.amazonaws.com
8821,ccztzq18dcnr.us-east-1.rds.amazonaws.com
8822,cd28i4k4otj8.eu-west-2.rds.amazonaws.com
8823,cd4ac6mwc5tv.us-east-2.rds.amazonaws.com
8824,cd7yjrbq7d8t.ap-northeast-3.rds.amazonaws.com
8825,cdaegtyugpkj.us-east-1.rds.amazonaws.com
8826,cdaoz8ws1fym.us-west-2.rds.amazonaws.com
8827,cdbfrlftc7r7.ap-northeast-1.rds.amazonaws.com
8828,cdco0soa8vuq.us-east-2.rds.amazonaws.com
8829,cdfww7m3ivou.eu-central-1.rds.amazonaws.com
8830,cdokm38kryts.us-east-1.rds.amazonaws.com
8831,cdooy4qjbzfh.sa-east-1.rds.amazonaws.com
8832,cdqmwqucgpih.eu-west-1.rds.amazonaws.com
8833,cdratgoefz2x.us-east-1.rds.amazonaws.com
8834,cds0uqwku3d3.eu-central-1.rds.amazonaws.com
8835,cds6ky22wgvl.us-west-2.rds.amazonaws.com
8836,cdsfst4h2epd.eu-west-2.rds.amazonaws.com
8837,cdv6ie6syrbt.us-west-2.rds.amazonaws.com
8838,cdydkuxu0d12.us-east-1.rds.amazonaws.com
8839,cdzattwpraez.ap-northeast-1.rds.amazonaws.com
8840,cefzrxspsrbu.us-east-1.rds.amazonaws.com
8841,cejbdi6kplrz.us-east-1.rds.amazonaws.com
8842,cek5vmlgnec2.us-east-1.rds.amazonaws.com
8843,ceppnzoynak9.us-east-2.rds.amazonaws.com
8844,ceubaegaikqi.eu-central-1.rds.amazonaws.com
8845,cevag22p0qcj.us-east-1.rds.amazonaws.com
8846,cevojj47ihox.eu-west-3.rds.amazonaws.com
8847,cexpnumsv3ui.eu-west-1.rds.amazonaws.com
8848,cezgylbyrs3a.us-east-1.rds.amazonaws.com
8849,cf4yuso6e751.us-east-1.rds.amazonaws.com
8850,cf8wwoausa96.us-east-1.rds.amazonaws.com
8851,cfbroabdbmxn.ap-southeast-2.rds.amazonaws.com
8852,cfcio8vrkwag.us-east-1.rds.amazonaws.com
8853,cfexp42nvtuu.eu-west-1.rds.amazonaws.com
8854,cffllyyfd4zr.us-east-1.rds.amazonaws.com
8855,cfgk8xm2fkee.us-east-2.rds.amazonaws.com
8856,cfo4ssy0ivx9.us-east-1.rds.amazonaws.com
8857,cfq242604pya.us-east-1.rds.amazonaws.com
8858,cfs2i2wacml1.us-east-2.rds.amazonaws.com
8859,cft7dx2bnzck.us-east-1.rds.amazonaws.com
8860,cftfae8p5o0q.eu-west-1.rds.amazonaws.com
8861,cfxal8xzs6hl.us-west-2.rds.amazonaws.com
8862,cfxyeiydwjyk.eu-west-1.rds.amazonaws.com
8863,cg7cflxmhp3n.us-east-1.rds.amazonaws.com
8864,cg8j5hbmrdxx.us-east-2.rds.amazonaws.com
8865,cgb6a4qe3zrc.us-east-1.rds.amazonaws.com
8866,cgcfpe16nqgx.us-east-1.rds.amazonaws.com
8867,cghoccsq2r9i.us-east-1.rds.amazonaws.com
8868,cginamupyv8l.eu-west-1.rds.amazonaws.com
8869,cgmef2gl4mko.sa-east-1.rds.amazonaws.com
8870,cgnsqeq24xdq.ap-south-1.rds.amazonaws.com
8871,cgpaxu8lyphh.us-east-1.rds.amazonaws.com
8872,cgsev9njv4vm.eu-central-1.rds.amazonaws.com
8873,cgyno4eliezv.eu-central-1.rds.amazonaws.com
8874,cgyxl2n4vyff.us-east-1.rds.amazonaws.com
8875,chasvnmo1vkb.eu-west-1.rds.amazonaws.com
8876,checgcsamfvo.sa-east-1.rds.amazonaws.com
8877,chemgmekeg5z.us-east-2.rds.amazonaws.com
8878,chesr737cuh8.us-east-1.rds.amazonaws.com
8879,cheu0wkm09m1.us-east-1.rds.amazonaws.com
8880,chgouwq22gms.rds.cn-northwest-1.amazonaws.com.cn
8881,chimkent.su
8882,chkvxiwzk6ry.us-east-2.rds.amazonaws.com
8883,chmncadadrsx.eu-central-1.rds.amazonaws.com
8884,chmxie4uegde.us-east-1.rds.amazonaws.com
8885,choshi.chiba.jp
8886,chowidqukak3.us-east-1.rds.amazonaws.com
8887,chqgz6rmgrww.us-east-1.rds.amazonaws.com
8888,chsy5jr8ulch.us-east-1.rds.amazonaws.com
8889,chu0iwmucbc7.us-east-2.rds.amazonaws.com
8890,chwqguqi6ny8.ap-southeast-1.rds.amazonaws.com
8891,chzyz3nej5d1.us-west-2.rds.amazonaws.com
8892,ci0w2cwooyy7.us-east-1.rds.amazonaws.com
8893,ci4asezcy0cu.us-east-1.rds.amazonaws.com
8894,ci8xwyulwtxn.ap-northeast-1.rds.amazonaws.com
8895,ciayd9pylnsp.us-east-1.rds.amazonaws.com
8896,ciblunnfpisb.ap-northeast-1.rds.amazonaws.com
8897,cic18r876mqn.eu-central-1.rds.amazonaws.com
8898,cicvhgxxghlw.us-east-1.rds.amazonaws.com
8899,cili4dlkpy1a.us-east-2.rds.amazonaws.com
8900,cioowmrypft4.eu-central-1.rds.amazonaws.com
8901,ciqdvvk7cl2b.us-east-1.rds.amazonaws.com
8902,ciqhon7ijibe.eu-west-1.rds.amazonaws.com
8903,circle
8904,cirgiobejyoj.eu-west-1.rds.amazonaws.com
8905,cirodnyg2uva.eu-west-1.rds.amazonaws.com
8906,cirrm3lkriyi.eu-west-3.rds.amazonaws.com
8907,cisf7xskjux4.us-east-2.rds.amazonaws.com
8908,ciupjputfirg.eu-west-3.rds.amazonaws.com
8909,ciyuqzjwkhw5.eu-west-3.rds.amazonaws.com
8910,ciz8vupzyqot.ap-south-1.rds.amazonaws.com
8911,ciz94userdwa.us-east-1.rds.amazonaws.com
8912,cj0gs8qsiylj.eu-central-1.rds.amazonaws.com
8913,cj86eskkko7l.eu-central-1.rds.amazonaws.com
8914,cjc4kykgklg5.eu-west-1.rds.amazonaws.com
8915,cjcxnnqx6mxq.eu-west-1.rds.amazonaws.com
8916,cjeaxxceb27f.ap-southeast-2.rds.amazonaws.com
8917,cjfunjosg83g.eu-central-1.rds.amazonaws.com
8918,cjicskwsuv1r.eu-west-1.rds.amazonaws.com
8919,cjkzwrhhgxck.eu-central-1.rds.amazonaws.com
8920,cjmaiqron4up.us-west-2.rds.amazonaws.com
8921,cjmwikmmg2zy.ap-southeast-2.rds.amazonaws.com
8922,cjmy4w8m8n9x.us-west-2.rds.amazonaws.com
8923,cjomuejd77k7.us-east-2.rds.amazonaws.com
8924,cjs6ko4yycs2.us-east-2.rds.amazonaws.com
8925,cjtsmqsfnhqm.us-east-1.rds.amazonaws.com
8926,cjujgiwi697y.eu-west-3.rds.amazonaws.com
8927,ck7gtsobjxz5.us-east-1.rds.amazonaws.com
8928,ck8oeeohqdea.us-east-1.rds.amazonaws.com
8929,ckcmeuqcivov.us-east-1.rds.amazonaws.com
8930,cko9txdivk2q.us-east-1.rds.amazonaws.com
8931,cksbrepkny8p.ap-northeast-1.rds.amazonaws.com
8932,ckyogmmdyrhf.us-east-1.rds.amazonaws.com
8933,cl04m6qe6web.us-east-1.rds.amazonaws.com
8934,cl0y6s8qmsts.us-east-1.rds.amazonaws.com
8935,cl5ygmcsxjyp.eu-central-1.rds.amazonaws.com
8936,cl8n2m6bvvyx.ap-northeast-1.rds.amazonaws.com
8937,cl8oiyiguqz7.us-east-1.rds.amazonaws.com
8938,clbtoupprusj.us-west-2.rds.amazonaws.com
8939,cllt9ibipmea.us-east-2.rds.amazonaws.com
8940,clpweldff3a8.ap-southeast-1.rds.amazonaws.com
8941,clsws02g4kjn.af-south-1.rds.amazonaws.com
8942,cluster-c18wkui88qvq.us-east-1.rds.amazonaws.com
8943,cluster-c1eo4qqe0v8e.us-east-1.rds.amazonaws.com
8944,cluster-c79ccsrd90dr.us-east-1.rds.amazonaws.com
8945,cluster-cfcio8vrkwag.us-east-1.rds.amazonaws.com
8946,cluster-clc0elgkrmtc.us-west-2.rds.amazonaws.com
8947,cluster-crqp1b6rwesj.eu-central-1.rds.amazonaws.com
8948,cluster-cvutd8iyp915.us-east-1.rds.amazonaws.com
8949,cluster-cwjukaidx8sh.us-west-2.rds.amazonaws.com
8950,cluster-ro-cfcio8vrkwag.us-east-1.rds.amazonaws.com
8951,cluster-ro-cicgjzis4kvz.us-east-1.rds.amazonaws.com
8952,cluster017.hosting.ovh.net
8953,cluster128.hosting.ovh.net
8954,cm1t23bzberh.af-south-1.rds.amazonaws.com
8955,cm3acnxtsbsi.us-east-1.rds.amazonaws.com
8956,cm4gqd4pktp2.us-west-2.rds.amazonaws.com
8957,cm6nhtndef87.eu-west-1.rds.amazonaws.com
8958,cm92tks0ufjo.eu-west-1.rds.amazonaws.com
8959,cma0ctd7eglm.ap-northeast-1.rds.amazonaws.com
8960,cmewihncvbil.eu-west-1.rds.amazonaws.com
8961,cmfg4seuomuy.us-east-1.rds.amazonaws.com
8962,cmgvtjy6foed.eu-central-1.rds.amazonaws.com
8963,cmnf7xvabpw0.us-east-1.rds.amazonaws.com
8964,cmnvnb81ejie.ap-south-1.rds.amazonaws.com
8965,cmqxb0bpkblz.us-east-1.rds.amazonaws.com
8966,cmrt89ypygps.us-east-1.rds.amazonaws.com
8967,cmu2vcqmvf7s.us-east-1.rds.amazonaws.com
8968,cmvsr0v4udnv.us-east-2.rds.amazonaws.com
8969,cmxo8q60mbjk.us-east-1.rds.amazonaws.com
8970,cn0mpptkgr6i.eu-central-1.rds.amazonaws.com
8971,cn848is0k93e.us-east-2.rds.amazonaws.com
8972,cn85jkjuutla.ap-east-1.rds.amazonaws.com
8973,cnbtg4azeov3.eu-west-1.rds.amazonaws.com
8974,cnbuehfbit4l.us-east-1.rds.amazonaws.com
8975,cnds3t306kbr.ap-south-1.rds.amazonaws.com
8976,cnenrlzfcqse.us-west-2.rds.amazonaws.com
8977,cngfztzfduyu.us-east-1.rds.amazonaws.com
8978,cngkxrzunblg.eu-central-1.rds.amazonaws.com
8979,cnhl08selspt.eu-west-1.rds.amazonaws.com
8980,cni64ggww6a0.us-east-1.rds.amazonaws.com
8981,cni9ilqa7gfn.us-east-1.rds.amazonaws.com
8982,cnkc0i4casey.eu-west-1.rds.amazonaws.com
8983,cnkgy6sktkoh.us-east-1.rds.amazonaws.com
8984,cnkuk2mc0uf9.eu-west-1.rds.amazonaws.com
8985,cnl10dfdnayw.eu-west-3.rds.amazonaws.com
8986,cnqikrlphrqy.us-east-2.rds.amazonaws.com
8987,cnrnjgoajlbd.eu-west-1.rds.amazonaws.com
8988,cns4qo6ckl9o.eu-west-1.rds.amazonaws.com
8989,cntlrfiuylk8.us-east-1.rds.amazonaws.com
8990,cnvhpvdpcegv.us-east-1.rds.amazonaws.com
8991,cnvjeywd5b2t.eu-west-1.rds.amazonaws.com
8992,cnwnj6ysiyro.af-south-1.rds.amazonaws.com
8993,cny242cg0lpx.us-west-2.rds.amazonaws.com
8994,cnzz2vlxz6hc.ap-southeast-2.rds.amazonaws.com
8995,co6kjwpkuacf.ap-northeast-1.rds.amazonaws.com
8996,coca7eppb91s.us-east-2.rds.amazonaws.com
8997,codulmbdztfg.eu-west-1.rds.amazonaws.com
8998,coido73bmr0m.eu-central-1.rds.amazonaws.com
8999,cokfr7wbabrt.eu-west-1.rds.amazonaws.com
9000,com.ex.futurecms.at
9001,comrzi7au2hp.us-east-1.rds.amazonaws.com
9002,cooxtrrosjo8.eu-west-1.rds.amazonaws.com
9003,coudrqfze1yv.eu-west-1.rds.amazonaws.com
9004,cox820w00qph.us-east-1.rds.amazonaws.com
9005,cp1poaplbqju.us-east-1.rds.amazonaws.com
9006,cp2tie7pv6yd.ap-southeast-2.rds.amazonaws.com
9007,cp6taxohe6or.us-east-1.rds.amazonaws.com
9008,cp824u0iub99.us-east-2.rds.amazonaws.com
9009,cp9jvsh9ikro.ap-northeast-1.rds.amazonaws.com
9010,cpcjbiaxbjko.us-east-1.rds.amazonaws.com
9011,cphadtlbeta2.us-east-1.rds.amazonaws.com
9012,cphhtmpmkamq.us-west-2.rds.amazonaws.com
9013,cpihxrwkz98i.us-east-1.rds.amazonaws.com
9014,cpixjmnqedvq.us-east-2.rds.amazonaws.com
9015,cpkak6eac0n4.eu-west-1.rds.amazonaws.com
9016,cpkcmyku2d5j.eu-central-1.rds.amazonaws.com
9017,cpmhro02yml1.ap-south-1.rds.amazonaws.com
9018,cpncfsmofcc3.ap-southeast-2.rds.amazonaws.com
9019,cppseu3rid1y.eu-central-1.rds.amazonaws.com
9020,cpq48aeykmcy.sa-east-1.rds.amazonaws.com
9021,cpt9vyt88iob.us-east-1.rds.amazonaws.com
9022,cpy44eiw0ddw.eu-central-1.rds.amazonaws.com
9023,cpyiymjvepkd.us-east-2.rds.amazonaws.com
9024,cpynzmlf221o.eu-central-1.rds.amazonaws.com
9025,cq1kj4laiegz.us-east-1.rds.amazonaws.com
9026,cq3ibrnuwpjd.ca-central-1.rds.amazonaws.com
9027,cq5w6kag61ip.us-east-1.rds.amazonaws.com
9028,cq8qzzngqw0q.eu-central-1.rds.amazonaws.com
9029,cqaeiouooxsz.eu-west-1.rds.amazonaws.com
9030,cqamhv0yoswu.us-east-1.rds.amazonaws.com
9031,cqcqvgug4leh.eu-west-1.rds.amazonaws.com
9032,cqcvas7xcrjo.eu-central-1.rds.amazonaws.com
9033,cqger35bxcwy.eu-west-2.rds.amazonaws.com
9034,cqid5hhf7rzo.us-east-2.rds.amazonaws.com
9035,cqmkbe2ul3bc.us-east-2.rds.amazonaws.com
9036,cqnul58igmbt.us-west-2.rds.amazonaws.com
9037,cqpnkj2pf7gc.ap-southeast-2.rds.amazonaws.com
9038,cqrnr8orevhu.eu-west-1.rds.amazonaws.com
9039,cqybxb0vwucd.us-east-1.rds.amazonaws.com
9040,cr2kcswskzrb.eu-central-1.rds.amazonaws.com
9041,cr2mgg8oafkd.ap-south-1.rds.amazonaws.com
9042,cr4kmqums1w4.eu-central-1.rds.amazonaws.com
9043,crbdzcisjjtn.us-east-1.rds.amazonaws.com
9044,crbz9updieir.ap-southeast-2.rds.amazonaws.com
9045,crcauqo2s1wt.eu-west-1.rds.amazonaws.com
9046,crcw6qcey9s5.eu-central-1.rds.amazonaws.com
9047,crczrfnipovy.ap-northeast-1.rds.amazonaws.com
9048,crecgu4o2r5x.us-west-2.rds.amazonaws.com
9049,crejs8hqqv91.us-east-1.rds.amazonaws.com
9050,crewweoeeudg.eu-central-1.rds.amazonaws.com
9051,crhtduc0gek1.ap-northeast-1.rds.amazonaws.com
9052,crid5vqensbm.eu-central-1.rds.amazonaws.com
9053,crikwmwqw7yb.eu-central-1.rds.amazonaws.com
9054,crlrm3ljzrur.us-west-2.rds.amazonaws.com
9055,crs3mwxjfjn2.us-east-1.rds.amazonaws.com
9056,crsgc4mkqe0t.us-west-2.rds.amazonaws.com
9057,crt1mk5bgr44.us-east-2.rds.amazonaws.com
9058,crtujalwlgzu.ap-northeast-2.rds.amazonaws.com
9059,cru88iisgiat.eu-west-1.rds.amazonaws.com
9060,cruaywwi0hq8.us-east-1.rds.amazonaws.com
9061,cryfwfjkfcq1.eu-central-1.rds.amazonaws.com
9062,cs25idc8vxlf.us-east-1.rds.amazonaws.com
9063,csal4vvsra9q.us-east-1.rds.amazonaws.com
9064,csefnebnxydm.eu-central-1.rds.amazonaws.com
9065,csehhrpmpfig.us-west-2.rds.amazonaws.com
9066,csjyckcycgip.us-east-1.rds.amazonaws.com
9067,csoybhqt1isf.eu-central-1.rds.amazonaws.com
9068,csw7nkkn5ldt.us-east-1.rds.amazonaws.com
9069,ct2glytghs0f.eu-west-1.rds.amazonaws.com
9070,ct824wyu6080.eu-west-1.rds.amazonaws.com
9071,ct99q04uab1h.ap-southeast-1.rds.amazonaws.com
9072,ctcgem068o2y.eu-west-1.rds.amazonaws.com
9073,cte08ow86x2v.eu-west-3.rds.amazonaws.com
9074,ctggiaiezyzf.us-east-1.rds.amazonaws.com
9075,ctt6y0bybcgo.us-east-1.rds.amazonaws.com
9076,cttqtbk9yyvx.us-east-1.rds.amazonaws.com
9077,ctuosyeoaoxc.us-west-2.rds.amazonaws.com
9078,cturvstqznfg.us-east-1.rds.amazonaws.com
9079,ctv6fychdwqw.eu-central-1.rds.amazonaws.com
9080,ctwsrr3hhqih.eu-central-1.rds.amazonaws.com
9081,ctya5igic7ei.us-gov-west-1.rds.amazonaws.com
9082,cubck4804m0f.us-east-1.rds.amazonaws.com
9083,cucgv8gzx1gq.us-west-2.rds.amazonaws.com
9084,cucpmdwa6olz.us-east-1.rds.amazonaws.com
9085,cuct6moduea4.eu-central-1.rds.amazonaws.com
9086,cucvacovy721.eu-central-1.rds.amazonaws.com
9087,cujupi6k4p3k.ap-northeast-1.rds.amazonaws.com
9088,cup9ap6gxnzl.us-east-1.rds.amazonaws.com
9089,cupy0g8ms8vp.us-east-1.rds.amazonaws.com
9090,cuspr3i0bitd.eu-central-1.rds.amazonaws.com
9091,cuuzbpkbindb.us-east-1.rds.amazonaws.com
9092,cuv9mwovt2ex.ap-southeast-1.rds.amazonaws.com
9093,cuvfnclthlej.us-east-1.rds.amazonaws.com
9094,cuwagvssswti.ap-southeast-2.rds.amazonaws.com
9095,cv1y8gazlruw.us-east-1.rds.amazonaws.com
9096,cv3hazgbsyhk.eu-central-1.rds.amazonaws.com
9097,cva5ukkyloik.us-east-1.rds.amazonaws.com
9098,cvck6cmwqube.eu-west-1.rds.amazonaws.com
9099,cvgocak02d23.ap-southeast-2.rds.amazonaws.com
9100,cvk0a8iainlz.eu-west-1.rds.amazonaws.com
9101,cvmosayeiepx.us-east-1.rds.amazonaws.com
9102,cvngn3ajnspb.eu-central-1.rds.amazonaws.com
9103,cvnk9vhsrvpg.us-east-1.rds.amazonaws.com
9104,cvnq2pwnbgii.eu-west-1.rds.amazonaws.com
9105,cvrj40kjo8aq.us-west-1.rds.amazonaws.com
9106,cvsv4fmxmnyk.sa-east-1.rds.amazonaws.com
9107,cvuom8cagdcx.ap-south-1.rds.amazonaws.com
9108,cvuq4us6w06c.us-west-2.rds.amazonaws.com
9109,cvxhgrewh3og.eu-central-1.rds.amazonaws.com
9110,cvxupcsl4v0f.eu-west-3.rds.amazonaws.com
9111,cvye0mgouvdr.eu-west-1.rds.amazonaws.com
9112,cvyei4gsqxv3.eu-central-1.rds.amazonaws.com
9113,cw8wpli6utfm.ap-south-1.rds.amazonaws.com
9114,cwcoyw8qixk3.us-east-1.rds.amazonaws.com
9115,cwftmf1xzgef.eu-west-1.rds.amazonaws.com
9116,cwjjr8qlp4t4.eu-west-1.rds.amazonaws.com
9117,cwq8y5lim1v9.us-west-2.rds.amazonaws.com
9118,cwv1nkfeghot.us-east-2.rds.amazonaws.com
9119,cx2iz8gxwv5f.eu-west-1.rds.amazonaws.com
9120,cx2ukwwk4ul8.us-east-1.rds.amazonaws.com
9121,cx7xvpewglz6.eu-central-1.rds.amazonaws.com
9122,cxbbn4or0uhf.us-east-1.rds.amazonaws.com
9123,cxd12dvarly2.eu-west-1.rds.amazonaws.com
9124,cxdmupco4hhj.eu-central-1.rds.amazonaws.com
9125,cxem06c2w24s.ap-northeast-1.rds.amazonaws.com
9126,cxi6ao2sm8ht.us-east-1.rds.amazonaws.com
9127,cxi6y60qawsc.us-east-1.rds.amazonaws.com
9128,cxj2xssby98l.us-east-1.rds.amazonaws.com
9129,cxko8k2kizlw.us-east-1.rds.amazonaws.com
9130,cxkzbf03cdep.ca-central-1.rds.amazonaws.com
9131,cxmwsuy2a4o8.us-east-1.rds.amazonaws.com
9132,cxqs0aeowwgf.us-east-1.rds.amazonaws.com
9133,cxrofol61qdq.us-east-1.rds.amazonaws.com
9134,cxy4y2ume7ul.eu-central-1.rds.amazonaws.com
9135,cy1uqs80i7c3.us-east-1.rds.amazonaws.com
9136,cy20tkpdberv.us-east-1.rds.amazonaws.com
9137,cy3dd5oiou0r.ap-northeast-1.rds.amazonaws.com
9138,cy4p3tfthnta.us-east-1.rds.amazonaws.com
9139,cygfbq4yhq8s.eu-central-1.rds.amazonaws.com
9140,cyjnbxomju27.eu-west-1.rds.amazonaws.com
9141,cykja3yek56z.eu-central-1.rds.amazonaws.com
9142,cykpfggnsjq4.ap-southeast-1.rds.amazonaws.com
9143,cyqywguy8hy9.us-east-1.rds.amazonaws.com
9144,cyteyichxbix.us-east-1.rds.amazonaws.com
9145,cyyuem4dkamy.us-east-2.rds.amazonaws.com
9146,cz2nvx6b5cqe.us-east-1.rds.amazonaws.com
9147,cz3wdqlbpjmr.us-east-2.rds.amazonaws.com
9148,cz4o8ui6kp0r.eu-west-1.rds.amazonaws.com
9149,cz62yayg85yw.eu-central-1.rds.amazonaws.com
9150,cz7nn8pm3ki8.us-east-1.rds.amazonaws.com
9151,czcocwwayntr.us-west-2.rds.amazonaws.com
9152,czcxrc5ulgwe.us-east-1.rds.amazonaws.com
9153,czfxdjhnrta6.us-east-1.rds.amazonaws.com
9154,czi8eusseiid.us-east-1.rds.amazonaws.com
9155,czj7bfsclcqm.ap-southeast-2.rds.amazonaws.com
9156,czlsuqbc6v0a.eu-west-1.rds.amazonaws.com
9157,czmh8psbqgxr.eu-west-1.rds.amazonaws.com
9158,czmya6minytn.us-east-1.rds.amazonaws.com
9159,czo08k6oiynw.us-east-2.rds.amazonaws.com
9160,czqmm8aei0u7.eu-west-2.rds.amazonaws.com
9161,cztrae6zmfk2.us-east-1.rds.amazonaws.com
9162,czu2cst7ax92.us-east-1.rds.amazonaws.com
9163,czugxc8denxq.us-east-1.rds.amazonaws.com
9164,czwsc0o0cpsh.af-south-1.rds.amazonaws.com
9165,czwywaaqu093.eu-west-1.rds.amazonaws.com
9166,domain-par-zileo-customers.services.clever-cloud.com
9167,dupont
9168,dyn-berlin.de
9169,eat
9170,ethos37-prod-va7.dev.adobeaemcloud.com
9171,ethos49-prod-va7.dev.adobeaemcloud.com
9172,eu-milan-1.oci.customer-oci.com
9173,fauske.no
9174,fidelity
9175,fuefuki.yamanashi.jp
9176,fukusaki.hyogo.jp
9177,germanynorth.azurecontainer.io
9178,gov.er
9179,hamar.no
9180,hanamaki.iwate.jp
9181,hasuda.saitama.jp
9182,herad.no
9183,hidaka.wakayama.jp
9184,himeji.hyogo.jp
9185,hirogawa.wakayama.jp
9186,hisayama.fukuoka.jp
9187,hyatt
9188,ibigawa.gifu.jp
9189,ikeda.fukui.jp
9190,info.at
9191,int.ru
9192,ip.linodeusercontent.com
9193,italynorth.azurecontainer.io
9194,itigo.jp
9195,izumo.shimane.jp
9196,juchoupapis.beget.app
9197,kaneyama.yamagata.jp
9198,karatsu.saga.jp
9199,kariwa.niigata.jp
9200,kazimierz-dolny.pl
9201,khakassia.su
9202,kosuge.yamanashi.jp
9203,kristiansund.no
9204,kuokgroup
9205,kvam.no
9206,lacaixa
9207,larvik.no
9208,law.pro
9209,lib.ak.us
9210,mandal.no
9211,mangyshlak.su
9212,marine.ru
9213,matsudo.chiba.jp
9214,mco.nom.br
9215,messerli.app
9216,mil.tt
9217,mil.zm
9218,mircloud.us
9219,mitsuke.niigata.jp
9220,nagatoro.saitama.jp
9221,nakaniikawa.toyama.jp
9222,namegawa.saitama.jp
9223,natori.miyagi.jp
9224,navoi.su
9225,nghean.vn
9226,nj98lkxft.localto.net
9227,nome.pt
9228,nomi.ishikawa.jp
9229,ohtawara.tochigi.jp
9230,onavstack.net
9231,org.gp
9232,ott
9233,oyamazaki.kyoto.jp
9234,ozora.hokkaido.jp
9235,plesk.page
9236,post.in
9237,resindevice.io
9238,ril
9239,rzgw.gov.pl
9240,s3-accesspoint.dualstack.us-east-2.amazonaws.com
9241,s3-accesspoint.eu-south-1.amazonaws.com
9242,s3-fips.dualstack.ca-central-1.amazonaws.com
9243,sa-vinhedo-1.oci.customer-oci.com
9244,sakae.nagano.jp
9245,sanda.hyogo.jp
9246,sc.ls
9247,shikama.miyagi.jp
9248,shop.ro
9249,siljan.no
9250,sokndal.no
9251,southamerica-west1.run.app
9252,square7.de
9253,square7.net
9254,support.site
9255,takashima.shiga.jp
9256,tama.tokyo.jp
9257,thurrock.sch.uk
9258,togitsu.nagasaki.jp
9259,tomigusuku.okinawa.jp
9260,troitsk.su
9261,uenohara.yamanashi.jp
9262,ukiha.fukuoka.jp
9263,umaji.kochi.jp
9264,upow.gov.pl
9265,uzh5-5zn8.cloudera.site
9266,vennesla.no
9267,vistablog.ir
9268,vladimir.su
9269,wakayama.wakayama.jp
9270,watson.jp
9271,webhosting64.transurl.nl
9272,wn.gateway.dev
9273,worse-than.tv
9274,xn--cck2b3b
9275,xn--mgba3a4f16a.ir
9276,xn--mgbayh7gpa
9277,xn--qxa6a
9278,yugawara.kanagawa.jp
9279,123siteweb.fr
9280,123website.nl
9281,15.xmit.co
9282,adygeya.ru
9283,aga.niigata.jp
9284,aikawa.kanagawa.jp
9285,ap-melbourne-1.oci.customer-oci.com
9286,asahi.toyama.jp
9287,askim.no
9288,awsapsoutheast1sg.snowflake.app
9289,backdrop.jp
9290,banamex
9291,bofa
9292,c1g4ok0gun3q.us-west-2.rds.amazonaws.com
9293,c1kqsskyks9m.ap-east-1.rds.amazonaws.com
9294,c1pux8gxsqjf.us-west-2.rds.amazonaws.com
9295,c1s8o0gwwvjt.eu-central-1.rds.amazonaws.com
9296,c2.eu-central-1.airflow.amazonaws.com
9297,c256g4oa0syv.us-east-2.rds.amazonaws.com
9298,c2fsk4ccydpi.us-east-1.rds.amazonaws.com
9299,c2ocw8xfgjzc.us-east-1.rds.amazonaws.com
9300,c300sk2mqcd8.af-south-1.rds.amazonaws.com
9301,c3cy826ayn33.us-east-2.rds.amazonaws.com
9302,c3d8n8cosrif.us-west-2.rds.amazonaws.com
9303,c3e0s8uow8mr.us-east-2.rds.amazonaws.com
9304,c3iks4ee69vx.us-east-1.rds.amazonaws.com
9305,c3rovt5x8unb.us-east-1.rds.amazonaws.com
9306,c3tisvlfhfmi.us-east-1.rds.amazonaws.com
9307,c3tjlhr0wvbs.us-east-1.rds.amazonaws.com
9308,c3wcaa5bd2gh.eu-central-1.rds.amazonaws.com
9309,c3wogc4of93r.eu-central-1.rds.amazonaws.com
9310,c3woi4ooyc5m.us-west-2.rds.amazonaws.com
9311,c42i2azremqp.ap-southeast-1.rds.amazonaws.com
9312,c4kure4wcfqe.eu-west-1.rds.amazonaws.com
9313,c4miptb7b6wv.us-east-2.rds.amazonaws.com
9314,c54ms2miypj8.eu-west-1.rds.amazonaws.com
9315,c56g08cmuzlg.eu-central-1.rds.amazonaws.com
9316,c56i0qsqs73z.us-east-1.rds.amazonaws.com
9317,c56llfz55rq8.eu-central-1.rds.amazonaws.com
9318,c596wch965bo.ap-northeast-1.rds.amazonaws.com
9319,c5aei0xpea5m.eu-central-1.rds.amazonaws.com
9320,c5mqa6660y2q.eu-central-1.rds.amazonaws.com
9321,c5s6g6mmudd6.eu-west-1.rds.amazonaws.com
9322,c5yu6gqm6knf.ca-central-1.rds.amazonaws.com
9323,c6.airflow.ap-northeast-1.on.aws
9324,c61g6y4xw9xa.us-east-1.rds.amazonaws.com
9325,c64ttqmwa3eb.us-east-1.rds.amazonaws.com
9326,c6lz1rrpsfaa.us-east-1.rds.amazonaws.com
9327,c6nkfb5kq2rv.us-east-1.rds.amazonaws.com
9328,c6oj3j8r48v4.eu-central-1.rds.amazonaws.com
9329,c6v3sshjfcsk.us-west-2.rds.amazonaws.com
9330,c7aye0wgarki.eu-central-1.rds.amazonaws.com
9331,c7e2a24aqkvn.af-south-1.rds.amazonaws.com
9332,c7hciniq9a5v.eu-west-1.rds.amazonaws.com
9333,c7i024q6c8r9.eu-central-1.rds.amazonaws.com
9334,c7yyau2wqfxw.us-west-2.rds.amazonaws.com
9335,c82mwtvzclkd.us-east-1.rds.amazonaws.com
9336,c84h6gmmmk18.us-east-1.rds.amazonaws.com
9337,c8np7yhpshgx.us-east-2.rds.amazonaws.com
9338,c8sdmcmuxke8.eu-west-1.rds.amazonaws.com
9339,c8tco6oa6dam.us-east-1.rds.amazonaws.com
9340,c96y4y0qyyhp.eu-west-1.rds.amazonaws.com
9341,c9c1qyuv1yld.us-east-1.rds.amazonaws.com
9342,c9eyeewkwfco.us-east-1.rds.amazonaws.com
9343,c9ias242spcz.us-east-1.rds.amazonaws.com
9344,c9mycq82kopt.us-east-1.rds.amazonaws.com
9345,c9nihazpuslw.rds.cn-northwest-1.amazonaws.com.cn
9346,c9ocmesv6aj6.us-east-1.rds.amazonaws.com
9347,ca98aiqk0kkd.us-east-1.rds.amazonaws.com
9348,cafgd1wkdmk2.ap-northeast-1.rds.amazonaws.com
9349,cajsaqxzjsop.us-west-1.rds.amazonaws.com
9350,caltanissetta.it
9351,capitalone
9352,capoo.jp
9353,caqz5gtnvahm.us-east-1.rds.amazonaws.com
9354,cb2vdwdpioyx.us-west-2.rds.amazonaws.com
9355,cb8e44kgmi3b.us-east-2.rds.amazonaws.com
9356,cb8lawgmrgex.us-east-1.rds.amazonaws.com
9357,cbcnpoyntsu7.us-east-1.rds.amazonaws.com
9358,cbeui3kiplsc.us-west-2.rds.amazonaws.com
9359,cbfhhyx1yg2w.us-west-2.rds.amazonaws.com
9360,cbg644i84nvc.eu-west-2.rds.amazonaws.com
9361,cbhqpdm3pqqn.eu-west-1.rds.amazonaws.com
9362,cbk6oocqwsh6.us-west-1.rds.amazonaws.com
9363,cbp5tlmecizi.us-east-1.rds.amazonaws.com
9364,cbrcvupi6x3j.ap-northeast-1.rds.amazonaws.com
9365,cbtlzdp9xsmd.eu-central-1.rds.amazonaws.com
9366,cbuuzuglgdof.eu-central-1.rds.amazonaws.com
9367,cbwehrhuanjk.ap-southeast-2.rds.amazonaws.com
9368,cbzkbikhfcx0.ap-northeast-1.rds.amazonaws.com
9369,ccdefmvnscqy.us-east-1.rds.amazonaws.com
9370,cchjswvtgpzs.eu-central-1.rds.amazonaws.com
9371,ccl0i6swkg0x.us-east-1.rds.amazonaws.com
9372,ccponwgqsq7c.us-west-2.rds.amazonaws.com
9373,cctt52pwnb14.us-east-1.rds.amazonaws.com
9374,cd0gvjmkvra0.eu-west-1.rds.amazonaws.com
9375,cd73eihzev33.us-east-2.rds.amazonaws.com
9376,cd9gq48ben0u.us-east-1.rds.amazonaws.com
9377,cdi4uwou25r2.eu-west-1.rds.amazonaws.com
9378,cdi7rdr8v7v1.eu-west-1.rds.amazonaws.com
9379,cdiaqsg0semz.us-east-2.rds.amazonaws.com
9380,cdoakcqcwpz2.ap-south-1.rds.amazonaws.com
9381,cdqo622k4yrb.us-east-1.rds.amazonaws.com
9382,cdu2suwmoyd8.eu-west-1.rds.amazonaws.com
9383,ce8ou2dnuw6o.us-east-1.rds.amazonaws.com
9384,cebmoqokmmy7.us-east-1.rds.amazonaws.com
9385,cebrfeyv4bgf.us-east-1.rds.amazonaws.com
9386,cedlx4mkbxdw.rds.cn-northwest-1.amazonaws.com.cn
9387,cejnnna94syt.eu-west-1.rds.amazonaws.com
9388,cemayd304ksb.us-west-2.rds.amazonaws.com
9389,ceoiknn0uwwn.us-west-2.rds.amazonaws.com
9390,cf0ocgs8qsl7.eu-central-1.rds.amazonaws.com
9391,cf8geqysmdbe.eu-central-1.rds.amazonaws.com
9392,cfcpkh35qv8c.eu-west-1.rds.amazonaws.com
9393,cfhruzwiwxib.us-east-1.rds.amazonaws.com
9394,cfitltmuyajs.us-gov-east-1.rds.amazonaws.com
9395,cfkbxtlx3xmz.us-west-2.rds.amazonaws.com
9396,cfo6o1pjgx4e.us-east-1.rds.amazonaws.com
9397,cfoau0qsqnga.eu-west-1.rds.amazonaws.com
9398,cfqrltes1q6r.eu-central-1.rds.amazonaws.com
9399,cfywl68srptc.eu-central-1.rds.amazonaws.com
9400,cgagp04jrbpp.us-west-2.rds.amazonaws.com
9401,cgamkvhpezkv.ca-central-1.rds.amazonaws.com
9402,cgbkzhrpb6wx.us-west-2.rds.amazonaws.com
9403,cgp02ocs4art.us-east-1.rds.amazonaws.com
9404,cgu0u0gckr0x.us-east-1.rds.amazonaws.com
9405,cgxvciyrin7y.us-west-2.rds.amazonaws.com
9406,cgy55eqvarec.us-east-1.rds.amazonaws.com
9407,ch8c4s244btt.sa-east-1.rds.amazonaws.com
9408,ch8sy6eqiqrp.us-east-1.rds.amazonaws.com
9409,chag2oewce9x.us-east-1.rds.amazonaws.com
9410,chaojya6qpc9.eu-central-1.rds.amazonaws.com
9411,chcm1ehi4bvk.eu-west-1.rds.amazonaws.com
9412,chds4zl5nyx3.ap-northeast-1.rds.amazonaws.com
9413,chi53eartgyl.us-east-1.rds.amazonaws.com
9414,chkgss2ce87n.us-west-2.rds.amazonaws.com
9415,chqq0fvs5afw.us-east-1.rds.amazonaws.com
9416,chxzssskmqrl.us-east-1.rds.amazonaws.com
9417,ci0jqqqm4wcz.eu-central-1.rds.amazonaws.com
9418,ci8fgq3oqedw.us-east-1.rds.amazonaws.com
9419,ci92fmna0i0g.ap-northeast-1.rds.amazonaws.com
9420,ci942a6qe6ho.us-east-1.rds.amazonaws.com
9421,ciakkdc6vurv.eu-central-1.rds.amazonaws.com
9422,cid6gksxqoy2.us-east-2.rds.amazonaws.com
9423,cipiaxdkel37.us-east-2.rds.amazonaws.com
9424,cipn3dww12lz.us-west-2.rds.amazonaws.com
9425,cipxpoq6w0fe.eu-west-1.rds.amazonaws.com
9426,cipyasuaw7x5.eu-west-1.rds.amazonaws.com
9427,cisphdiltkxf.us-east-1.rds.amazonaws.com
9428,ciuoxt1pxozn.ap-southeast-1.rds.amazonaws.com
9429,cixzyeb60vz3.ap-southeast-2.rds.amazonaws.com
9430,cj2qmy208jjn.us-east-1.rds.amazonaws.com
9431,cj68k6iy8kv8.us-west-2.rds.amazonaws.com
9432,cjcug8cgowo8.us-west-2.rds.amazonaws.com
9433,cjcxjcjik1pv.eu-west-1.rds.amazonaws.com
9434,cjhncsplawje.eu-central-1.rds.amazonaws.com
9435,cjksya0k0txl.us-east-1.rds.amazonaws.com
9436,cjlombdlh0lu.us-west-2.rds.amazonaws.com
9437,cjq00qymsun9.us-east-1.rds.amazonaws.com
9438,cjsg2cuayvqp.us-east-1.rds.amazonaws.com
9439,cjukyvdmzvc5.ap-southeast-1.rds.amazonaws.com
9440,cjvzutspw28p.eu-west-3.rds.amazonaws.com
9441,cjxhxy644o2e.us-east-2.rds.amazonaws.com
9442,cjxytvdn6yha.us-east-1.rds.amazonaws.com
9443,cjyd2bklw6mh.eu-west-3.rds.amazonaws.com
9444,cjyyj9km7dpf.us-west-2.rds.amazonaws.com
9445,ckbh7v8vj4kd.us-east-1.rds.amazonaws.com
9446,ckgdquxccbmh.us-east-1.rds.amazonaws.com
9447,ckkp7bzktfbr.us-west-2.rds.amazonaws.com
9448,ckuhdvz7arpi.sa-east-1.rds.amazonaws.com
9449,clcqw8gyyhj9.ap-northeast-1.rds.amazonaws.com
9450,clezguxgkzae.eu-west-1.rds.amazonaws.com
9451,clfkz1jmawe8.eu-west-1.rds.amazonaws.com
9452,clif0xf1lxlt.us-west-2.rds.amazonaws.com
9453,clnhhbkebfl1.us-west-2.rds.amazonaws.com
9454,clshriaeub0q.us-west-2.rds.amazonaws.com
9455,cluster-c0vl4meyxzv9.us-east-2.rds.amazonaws.com
9456,cluster-c2szvldnondp.us-east-1.rds.amazonaws.com
9457,cluster-c9ie8ooy8h3p.us-east-1.rds.amazonaws.com
9458,cluster-cbjx7mzcw06h.us-east-1.rds.amazonaws.com
9459,cluster-cgfrkorrhngg.eu-west-1.rds.amazonaws.com
9460,cluster-ro-ceplqtdjjmls.eu-west-1.rds.amazonaws.com
9461,cluster-ro-cnzvwmpaoqxq.us-east-1.rds.amazonaws.com
9462,clweqeo8u6zm.us-east-1.rds.amazonaws.com
9463,clyimkyicua5.ap-northeast-1.rds.amazonaws.com
9464,cm5v4sqsreji.us-east-1.rds.amazonaws.com
9465,cm7ausct4sm7.ap-northeast-1.rds.amazonaws.com
9466,cm9t95coukfw.ap-northeast-2.rds.amazonaws.com
9467,cmcx0f2qfrxl.us-east-1.rds.amazonaws.com
9468,cmjtwtmad2tq.eu-west-1.rds.amazonaws.com
9469,cmw8fcsrfdih.ap-northeast-1.rds.amazonaws.com
9470,cmzax9xrjuki.us-west-2.rds.amazonaws.com
9471,cn0ipe8hvpsy.us-west-2.rds.amazonaws.com
9472,cn4mk4wakom4.us-west-2.rds.amazonaws.com
9473,cn4ywuo4knjn.ap-northeast-1.rds.amazonaws.com
9474,cn52ug88pszm.ap-southeast-1.rds.amazonaws.com
9475,cn8hq0fshuea.eu-central-1.rds.amazonaws.com
9476,cnanjg2tsrw2.us-east-1.rds.amazonaws.com
9477,cnkzkc1pof6i.eu-west-1.rds.amazonaws.com
9478,cnm0iu8cky45.eu-west-1.rds.amazonaws.com
9479,cnotqmlrslru.ap-northeast-1.rds.amazonaws.com
9480,cnqa0i0iglo8.us-east-2.rds.amazonaws.com
9481,cnwmwnfvhpnh.us-east-1.rds.amazonaws.com
9482,cnzgbf9u2rwj.us-east-1.rds.amazonaws.com
9483,cnzrqyu47cwq.us-east-1.rds.amazonaws.com
9484,co04ytxx537s.us-east-1.rds.amazonaws.com
9485,coevq1zaazsh.us-east-2.rds.amazonaws.com
9486,coig2gmlakbk.ap-southeast-2.rds.amazonaws.com
9487,coop.mw
9488,coskpqvspcce.eu-central-1.rds.amazonaws.com
9489,cpcxaqczccnq.us-east-1.rds.amazonaws.com
9490,cpiketjiylxi.us-east-1.rds.amazonaws.com
9491,cpk066a60m56.us-east-1.rds.amazonaws.com
9492,cpkma2u2u1rk.us-east-1.rds.amazonaws.com
9493,cplh28jotwgi.ap-southeast-2.rds.amazonaws.com
9494,cpmcea6uy2ol.ap-northeast-1.rds.amazonaws.com
9495,cppsi7fmxjdu.us-west-2.rds.amazonaws.com
9496,cpqewqg62bnf.us-east-1.rds.amazonaws.com
9497,cpseqwcyoof5.eu-west-1.rds.amazonaws.com
9498,cpuhxhgrlrzi.ap-south-1.rds.amazonaws.com
9499,cpyg44koate6.eu-central-1.rds.amazonaws.com
9500,cq3p47q5w1cl.us-east-1.rds.amazonaws.com
9501,cq4fbqpxpyka.us-east-1.rds.amazonaws.com
9502,cqbyclcxzja0.us-east-1.rds.amazonaws.com
9503,cqcyopc01u9i.us-east-1.rds.amazonaws.com
9504,cqgoe5gpkllx.us-east-1.rds.amazonaws.com
9505,cqlnmsy89wb1.us-east-1.rds.amazonaws.com
9506,cqm14tce3mnp.eu-west-1.rds.amazonaws.com
9507,cqn0i0ok64z1.us-east-1.rds.amazonaws.com
9508,cqqoly6c5u1i.ap-northeast-1.rds.amazonaws.com
9509,cqtsetf1m27a.us-east-1.rds.amazonaws.com
9510,cr8me7sycet7.eu-west-2.rds.amazonaws.com
9511,crg3kyyjjoae.eu-west-1.rds.amazonaws.com
9512,crqe64ee4ln6.eu-central-1.rds.amazonaws.com
9513,cruc0eqyultn.eu-central-1.rds.amazonaws.com
9514,crwlhv2fnk7a.us-east-2.rds.amazonaws.com
9515,cs4fgifmz1jn.us-west-2.rds.amazonaws.com
9516,cs9mwqdiyprx.us-east-1.rds.amazonaws.com
9517,cspvapjcne1q.eu-west-1.rds.amazonaws.com
9518,ct1xctlegjvs.us-east-1.rds.amazonaws.com
9519,ct5lmvcllz0a.ap-northeast-1.rds.amazonaws.com
9520,ct69quojc157.us-west-2.rds.amazonaws.com
9521,ct9ufkfrugui.us-east-1.rds.amazonaws.com
9522,ctb5pxipnumf.us-east-1.rds.amazonaws.com
9523,ctjnpnwb0nss.eu-central-1.rds.amazonaws.com
9524,ctmm37h8lw1w.us-east-2.rds.amazonaws.com
9525,ctq2ew2sw4e9.us-east-1.rds.amazonaws.com
9526,ctq7bvkg1t4b.me-central-1.rds.amazonaws.com
9527,ctqs0qakokdw.us-east-1.rds.amazonaws.com
9528,ctxb3blher4j.eu-west-1.rds.amazonaws.com
9529,ctymuiko4xkl.ca-central-1.rds.amazonaws.com
9530,ctymwsszepp5.eu-west-2.rds.amazonaws.com
9531,cu0udns6c2fw.eu-west-1.rds.amazonaws.com
9532,cu21thytneyp.us-east-1.rds.amazonaws.com
9533,cuawjmzxnqsu.us-east-1.rds.amazonaws.com
9534,cudcqblmqapl.us-east-1.rds.amazonaws.com
9535,cuf1xlwbdqzu.us-west-2.rds.amazonaws.com
9536,cuohaxncomzh.eu-central-1.rds.amazonaws.com
9537,cv0nluykfyrc.eu-central-1.rds.amazonaws.com
9538,cv3cyftn9fqy.us-east-1.rds.amazonaws.com
9539,cv3nwxtdlbdk.us-east-2.rds.amazonaws.com
9540,cv63wto466dr.af-south-1.rds.amazonaws.com
9541,cvcn4wtqlq0b.us-west-2.rds.amazonaws.com
9542,cvdqv2dqavke.us-east-2.rds.amazonaws.com
9543,cvgnldtfr3fc.us-east-2.rds.amazonaws.com
9544,cvj90bcmxi1d.ap-southeast-2.rds.amazonaws.com
9545,cvkaceewobg0.eu-central-1.rds.amazonaws.com
9546,cvmwjvqbspgt.us-east-1.rds.amazonaws.com
9547,cvsqqgscckx2.eu-west-1.rds.amazonaws.com
9548,cvuo6mmggy8i.eu-central-1.rds.amazonaws.com
9549,cvxhn1f3ir36.ap-south-1.rds.amazonaws.com
9550,cw7jd6ok0yo1.eu-west-1.rds.amazonaws.com
9551,cwa2w1gsy2xy.rds.cn-northwest-1.amazonaws.com.cn
9552,cwgg2cjcbzyx.us-west-1.rds.amazonaws.com
9553,cwsiorleovb3.us-east-2.rds.amazonaws.com
9554,cx2lr8v3jjkg.us-east-1.rds.amazonaws.com
9555,cx4vdus1vcbg.us-east-2.rds.amazonaws.com
9556,cx6ucuolp8p9.us-east-1.rds.amazonaws.com
9557,cxbqtofyxhp2.us-east-1.rds.amazonaws.com
9558,cxckusuao6bq.eu-west-1.rds.amazonaws.com
9559,cxew622yihtk.us-east-2.rds.amazonaws.com
9560,cxg2osgywz2j.us-east-2.rds.amazonaws.com
9561,cxg30ia2wqgj.eu-west-1.rds.amazonaws.com
9562,cxgiosy8ylkz.us-east-2.rds.amazonaws.com
9563,cxgymqcwmwot.ap-northeast-1.rds.amazonaws.com
9564,cxnro7za8iji.us-west-1.rds.amazonaws.com
9565,cxo6iqzomdcb.eu-central-1.rds.amazonaws.com
9566,cxw0vmfouoz6.us-west-2.rds.amazonaws.com
9567,cxzhafpulgjf.eu-west-1.rds.amazonaws.com
9568,cyjeyetjowme.us-gov-west-1.rds.amazonaws.com
9569,cykrnlpchueh.us-east-1.rds.amazonaws.com
9570,cymc6jzh3egz.ap-southeast-2.rds.amazonaws.com
9571,cyuy2lyihcou.ca-central-1.rds.amazonaws.com
9572,cz22wuiq4ilq.ap-southeast-1.rds.amazonaws.com
9573,cz2wuotvo5lv.eu-central-1.rds.amazonaws.com
9574,cz5iuy2v2xyh.ap-southeast-2.rds.amazonaws.com
9575,czbls7hskesc.us-east-1.rds.amazonaws.com
9576,czdjkjvjaprk.eu-central-1.rds.amazonaws.com
9577,czk264mcu8xc.eu-west-1.rds.amazonaws.com
9578,czlsoqibkmtv.us-west-2.rds.amazonaws.com
9579,czmmaisuohwf.eu-west-1.rds.amazonaws.com
9580,czngtqbftxye.ca-central-1.rds.amazonaws.com
9581,czqsatu3ahem.eu-west-1.rds.amazonaws.com
9582,czrbrt45ulgh.us-east-1.rds.amazonaws.com
9583,cztsy0f3hbta.us-east-1.rds.amazonaws.com
9584,domain-par-proveance-customers.services.clever-cloud.com
9585,ed.ao
9586,edu.gn
9587,element--k-o-r-aj-a-y-h-e50.quipelements.com
9588,element--kf-r-aj-a-m-aia6.quipelements.com
9589,emrappui-prod.eu-west-1.amazonaws.com
9590,enscaled.sg
9591,ethos15-prod-va7.dev.adobeaemcloud.com
9592,ethos18-prod-nld2.dev.adobeaemcloud.com
9593,eu-west-3.compute.amazonaws.com
9594,eu.ex.ortsinfo.at
9595,europe-west10.run.app
9596,fantasyleague.cc
9597,fredrikstad.no
9598,fuji.shizuoka.jp
9599,fukagawa.hokkaido.jp
9600,funagata.yamagata.jp
9601,fuoisku.no
9602,gallo
9603,gentapps.com
9604,gosen.niigata.jp
9605,gyeonggi.kr
9606,ha.no
9607,haram.no
9608,higashiyoshino.nara.jp
9609,highland.sch.uk
9610,hirado.nagasaki.jp
9611,hl.no
9612,hm.no
9613,honbetsu.hokkaido.jp
9614,hosting-cluster.nl
9615,hotelwithflight.com
9616,ichikawamisato.yamanashi.jp
9617,ichinomiya.chiba.jp
9618,icm1.icp.net
9619,imdb
9620,inazawa.aichi.jp
9621,info.nr
9622,isteingeek.de
9623,ivanovo.su
9624,izumiotsu.osaka.jp
9625,jot
9626,kariya.aichi.jp
9627,kawara.fukuoka.jp
9628,kimino.wakayama.jp
9629,kitaaiki.nagano.jp
9630,kitayama.wakayama.jp
9631,klepp.no
9632,koga.fukuoka.jp
9633,komatsu.ishikawa.jp
9634,koya.wakayama.jp
9635,kurgan.su
9636,kurobe.toyama.jp
9637,kushimoto.wakayama.jp
9638,kusu.oita.jp
9639,leapcell.dev
9640,lenug.su
9641,lillehammer.no
9642,locus
9643,lodingen.no
9644,maif
9645,merthyr.sch.uk
9646,mifune.kumamoto.jp
9647,mihama.wakayama.jp
9648,miyada.nagano.jp
9649,miyota.nagano.jp
9650,mizunami.gifu.jp
9651,mobi.gp
9652,monitoring.hosting.ovh.net
9653,morotsuka.miyazaki.jp
9654,moss.no
9655,myfast.space
9656,myspreadshop.com.au
9657,mytuleap.com
9658,namerikawa.toyama.jp
9659,nanao.ishikawa.jp
9660,net.mo
9661,net.pt
9662,nishikawa.yamagata.jp
9663,nordreisa.no
9664,nore-og-uvdal.no
9665,nosegawa.nara.jp
9666,noticias.bo
9667,observablehq.cloud
9668,odawara.kanagawa.jp
9669,ogano.saitama.jp
9670,ogawara.miyagi.jp
9671,okutama.tokyo.jp
9672,omega
9673,omniwe.site
9674,osasco.br
9675,pesaro-urbino.it
9676,pokrovsk.su
9677,poniatowa.pl
9678,primetel.cloud
9679,pya.jp
9680,rwe
9681,s3-accesspoint.dualstack.ap-south-2.amazonaws.com
9682,s3-accesspoint.dualstack.ap-southeast-3.amazonaws.com
9683,s3-accesspoint.dualstack.cn-north-1.amazonaws.com.cn
9684,s3-accesspoint.dualstack.eu-south-2.amazonaws.com
9685,s3-accesspoint.dualstack.us-gov-west-1.amazonaws.com
9686,s3-accesspoint.eu-north-1.amazonaws.com
9687,s3-website.dualstack.ap-southeast-3.amazonaws.com
9688,s3-website.me-central-1.amazonaws.com
9689,samnanger.no
9690,sannohe.aomori.jp
9691,sanuki.kagawa.jp
9692,sasaguri.fukuoka.jp
9693,sefton.sch.uk
9694,sf.no
9695,shibecha.hokkaido.jp
9696,shimokitayama.nara.jp
9697,shiriuchi.hokkaido.jp
9698,shiroi.chiba.jp
9699,skygearapp.com
9700,soni.nara.jp
9701,southindia.azurecontainer.io
9702,sport.eg
9703,sumita.iwate.jp
9704,sunagawa.hokkaido.jp
9705,tachiarai.fukuoka.jp
9706,tachikawa.tokyo.jp
9707,taishi.osaka.jp
9708,tateyama.toyama.jp
9709,tonosho.kagawa.jp
9710,topaz.ne.jp
9711,toyama.toyama.jp
9712,toyohashi.aichi.jp
9713,tsumagoi.gunma.jp
9714,tur.ec
9715,twmail.cc
9716,ulvik.no
9717,vestby.no
9718,virgin
9719,wajima.ishikawa.jp
9720,watari.miyagi.jp
9721,webhosting123.transurl.nl
9722,www.azurecontainer.io
9723,xn--1ck2e1b
9724,xn--4it168d.jp
9725,xn--55qw42g
9726,xn--hkkinen-5wa.fi
9727,xn--jvr189m
9728,xn--mori-qsa.nz
9729,yaizu.shizuoka.jp
9730,yakumo.hokkaido.jp
9731,yamanouchi.nagano.jp
9732,yao.osaka.jp
9733,yasuoka.nagano.jp
9734,0t0.jp
9735,158.xmit.co
9736,37.xmit.co
9737,56.xmit.co
9738,aa.no
9739,airtel
9740,aizuwakamatsu.fukushima.jp
9741,ap-southeast-3.elasticbeanstalk.com
9742,aremark.no
9743,averoy.no
9744,b5cq-ap9u.cloudera.site
9745,baidar.no
9746,bardu.no
9747,bastos.nom.br
9748,binhduong.vn
9749,blush.jp
9750,c0fqkxmzt5wv.eu-central-1.rds.amazonaws.com
9751,c0tho2rgdtgw.us-east-2.rds.amazonaws.com
9752,c0ummozldgvb.us-east-1.rds.amazonaws.com
9753,c1oa668iq5t1.us-east-1.rds.amazonaws.com
9754,c1wki2womczg.eu-west-1.rds.amazonaws.com
9755,c2vocjiok6xv.us-east-1.rds.amazonaws.com
9756,c30emq2esfza.us-east-1.rds.amazonaws.com
9757,c3ao8y66es2l.us-east-2.rds.amazonaws.com
9758,c3cnizqmdpp0.us-east-1.rds.amazonaws.com
9759,c4hymnwj7adb.ap-southeast-1.rds.amazonaws.com
9760,c56uiiqioz7r.us-east-1.rds.amazonaws.com
9761,c5qeoibpvygo.eu-west-1.rds.amazonaws.com
9762,c5s5sqtq66cr.us-east-1.rds.amazonaws.com
9763,c5saaguge63v.eu-west-1.rds.amazonaws.com
9764,c5woq0aacicr.eu-west-1.rds.amazonaws.com
9765,c5ys8u8wa27o.af-south-1.rds.amazonaws.com
9766,c6.eu-west-2.airflow.amazonaws.com
9767,c67.us-east-1.airflow.amazonaws.com
9768,c6tdjmcqdg70.us-west-2.rds.amazonaws.com
9769,c7ai88ysq6lb.us-east-1.rds.amazonaws.com
9770,c7kqnfygxhbq.us-west-2.rds.amazonaws.com
9771,c7sowggocifb.us-east-2.rds.amazonaws.com
9772,c8umdjtwpjqr.us-east-1.rds.amazonaws.com
9773,c9.us-west-2.airflow.amazonaws.com
9774,c9go4ugkukwr.us-east-2.rds.amazonaws.com
9775,c9stng1p2nwy.us-east-1.rds.amazonaws.com
9776,c9wgku82ac6x.eu-west-1.rds.amazonaws.com
9777,ca0yru9uqhzn.rds.cn-northwest-1.amazonaws.com.cn
9778,caaxegp6dwii.ap-southeast-3.rds.amazonaws.com
9779,cajsaemsasnw.us-east-1.rds.amazonaws.com
9780,carboniaiglesias.it
9781,caviidnbyipw.eu-central-1.rds.amazonaws.com
9782,cbe4oumouenj.eu-central-1.rds.amazonaws.com
9783,cblpa0uz5dtc.af-south-1.rds.amazonaws.com
9784,cbmgdgfge4xj.us-east-1.rds.amazonaws.com
9785,cbpp4xloppaf.us-east-1.rds.amazonaws.com
9786,cbqis828468z.eu-west-1.rds.amazonaws.com
9787,cbrgl0nicd9l.us-west-2.rds.amazonaws.com
9788,cc.md.us
9789,cc.nj.us
9790,cc3bmff73coe.us-east-1.rds.amazonaws.com
9791,ccce3xdeqrjc.eu-central-1.rds.amazonaws.com
9792,cceihk7nv487.ap-southeast-2.rds.amazonaws.com
9793,ccwotlrm4bld.us-east-1.rds.amazonaws.com
9794,cd43m1xufqy1.us-west-2.rds.amazonaws.com
9795,cdpkebdt6g8b.us-east-1.rds.amazonaws.com
9796,cdv4p5pktemt.us-east-1.rds.amazonaws.com
9797,ce06cyjp2gkz.us-east-2.rds.amazonaws.com
9798,ce7gg2eo7hdc.us-east-1.rds.amazonaws.com
9799,cejzvyd3qxan.us-east-1.rds.amazonaws.com
9800,cellar.services.clever-cloud.com
9801,centralindia.azurecontainer.io
9802,ceu5r4m1zvln.eu-west-1.rds.amazonaws.com
9803,ceylldsbaapp.us-east-2.rds.amazonaws.com
9804,cf88gqaiki5h.eu-central-1.rds.amazonaws.com
9805,cffuxhu4qats.us-east-1.rds.amazonaws.com
9806,cfg4s2yek79f.ap-south-1.rds.amazonaws.com
9807,cfnzy9reksqg.us-east-1.rds.amazonaws.com
9808,cfq2mi8ck2a4.us-east-1.rds.amazonaws.com
9809,cfqoolbtivvn.eu-west-2.rds.amazonaws.com
9810,cfygiwjlgd3n.eu-central-1.rds.amazonaws.com
9811,cgfrkorrhngg.eu-west-1.rds.amazonaws.com
9812,cglbzmzqrsub.us-west-2.rds.amazonaws.com
9813,cgx6mmiok2n0.us-east-1.rds.amazonaws.com
9814,chaa0gumydh6.eu-west-1.rds.amazonaws.com
9815,chduqfuaxvap.us-east-2.rds.amazonaws.com
9816,chfbjaxllydk.us-east-1.rds.amazonaws.com
9817,chikujo.fukuoka.jp
9818,chizu.tottori.jp
9819,chly7mphanyi.us-east-1.rds.amazonaws.com
9820,chnqgsrafvq5.us-east-2.rds.amazonaws.com
9821,chqhxld9t6la.us-east-1.rds.amazonaws.com
9822,chtk9qwrce5x.af-south-1.rds.amazonaws.com
9823,chwy00yu28fg.eu-central-1.rds.amazonaws.com
9824,cidcacgsjjgo.us-east-1.rds.amazonaws.com
9825,cizghhsudioo.us-east-1.rds.amazonaws.com
9826,cj8uyq0emps6.eu-west-1.rds.amazonaws.com
9827,cjb0aagkd2fn.eu-central-1.rds.amazonaws.com
9828,ckbryi7gwcmn.us-east-1.rds.amazonaws.com
9829,ckj1nkr8t9bx.us-east-1.rds.amazonaws.com
9830,ckvbwekx14cx.us-west-2.rds.amazonaws.com
9831,ckzbnldd5kn6.us-west-1.rds.amazonaws.com
9832,cl2uks42s9eb.us-west-2.rds.amazonaws.com
9833,clg0qqtna5gi.us-east-1.rds.amazonaws.com
9834,clijryncoj2q.eu-west-1.rds.amazonaws.com
9835,cluster-c0xzlo6s7duc.us-west-2.rds.amazonaws.com
9836,cluster-c3tjlhr0wvbs.us-east-1.rds.amazonaws.com
9837,cluster-c8xgiy2qojem.us-east-1.rds.amazonaws.com
9838,cluster-cbtqlxohmqaj.us-east-1.rds.amazonaws.com
9839,cluster-ccce3xdeqrjc.eu-central-1.rds.amazonaws.com
9840,cluster-ceplqtdjjmls.eu-west-1.rds.amazonaws.com
9841,cluster-cfg44ywgijt5.us-east-1.rds.amazonaws.com
9842,cluster-cicgjzis4kvz.us-east-1.rds.amazonaws.com
9843,cluster-ckef2fefnwcu.us-east-1.rds.amazonaws.com
9844,cluster-clnstuakxeag.us-west-2.rds.amazonaws.com
9845,cluster-coxctxs5pilz.us-west-2.rds.amazonaws.com
9846,cluster-ctnbrjcqlthe.us-east-1.rds.amazonaws.com
9847,cluster-czuqfnvh03vk.us-east-1.rds.amazonaws.com
9848,cluster-ro-chasuq2epesq.us-east-1.rds.amazonaws.com
9849,cluster113.hosting.ovh.net
9850,clxotodr6zhz.ap-south-1.rds.amazonaws.com
9851,cm3n7i72nzj3.us-east-1.rds.amazonaws.com
9852,cma28sacwj9c.us-west-2.rds.amazonaws.com
9853,cmaykqr8iipp.ap-northeast-1.rds.amazonaws.com
9854,cmelgeadpdx3.us-east-1.rds.amazonaws.com
9855,cmldnkezihc1.eu-central-1.rds.amazonaws.com
9856,cmqsyraldeay.us-east-1.rds.amazonaws.com
9857,cmqv23cr55f2.us-east-2.rds.amazonaws.com
9858,cmwjswelszdr.us-east-2.rds.amazonaws.com
9859,cmzoe3vrhuqu.us-east-1.rds.amazonaws.com
9860,cn08a8iaux4r.ap-northeast-1.rds.amazonaws.com
9861,cn59aklsuirk.eu-west-2.rds.amazonaws.com
9862,cncystbf86yd.us-east-2.rds.amazonaws.com
9863,cniayqggcbh8.us-east-1.rds.amazonaws.com
9864,cniwrqnwljou.eu-central-1.rds.amazonaws.com
9865,cnk5jlukcdh3.eu-central-1.rds.amazonaws.com
9866,cnmzxauby4r4.us-east-2.rds.amazonaws.com
9867,cnrjveqboeky.us-east-1.rds.amazonaws.com
9868,cnuoq0o0ingr.us-east-1.rds.amazonaws.com
9869,cnvpuhekfpyf.us-west-2.rds.amazonaws.com
9870,cnx9zh5se40d.us-east-1.rds.amazonaws.com
9871,codj2cd7fftk.eu-central-1.rds.amazonaws.com
9872,com.ex.ortsinfo.at
9873,com.sh
9874,compxb2rxjy4.ca-central-1.rds.amazonaws.com
9875,convex.app
9876,costa.nom.br
9877,cp6h8nsm81yp.us-east-1.rds.amazonaws.com
9878,cp6o6oqugzgk.us-east-1.rds.amazonaws.com
9879,cp72vq15z1p2.us-east-1.rds.amazonaws.com
9880,cpcw8w0w8s96.us-east-1.rds.amazonaws.com
9881,cpfkwjvk3ege.ap-northeast-2.rds.amazonaws.com
9882,cpotwjn1vnxr.us-east-1.rds.amazonaws.com
9883,cpp7xuwlqesp.eu-west-1.rds.amazonaws.com
9884,cpqtfnsolw1x.us-east-1.rds.amazonaws.com
9885,cps26i860wzv.us-west-2.rds.amazonaws.com
9886,cqb0v47wulss.us-west-1.rds.amazonaws.com
9887,cqecmayub6ll.us-east-1.rds.amazonaws.com
9888,cqhb7eil8o5v.us-east-2.rds.amazonaws.com
9889,cqpky3oakvwj.ap-south-1.rds.amazonaws.com
9890,cqyiqx6pnxhr.us-east-1.rds.amazonaws.com
9891,cratcdoovtuv.us-east-1.rds.amazonaws.com
9892,crukgixmp4vd.us-east-1.rds.amazonaws.com
9893,cs78cyyw65f2.us-east-1.rds.amazonaws.com
9894,csefwzpnwlrm.us-east-1.rds.amazonaws.com
9895,csfkakb5memd.eu-west-1.rds.amazonaws.com
9896,csjjbyloewnf.eu-central-1.rds.amazonaws.com
9897,csobbknlhrn8.ap-southeast-2.rds.amazonaws.com
9898,csx8y2m4gmzr.us-east-1.rds.amazonaws.com
9899,ct4wqqmysuua.eu-west-1.rds.amazonaws.com
9900,ct64e4sa2q1o.eu-west-1.rds.amazonaws.com
9901,cteykhnv5h6m.eu-west-1.rds.amazonaws.com
9902,ctlgumpbapys.us-east-1.rds.amazonaws.com
9903,ctrj6leds3ia.eu-central-1.rds.amazonaws.com
9904,cu2erc2h999b.us-east-1.rds.amazonaws.com
9905,cu7bldrlfwic.eu-west-1.rds.amazonaws.com
9906,cubesll6qluc.us-east-1.rds.amazonaws.com
9907,cujnhvcpnjod.us-east-2.rds.amazonaws.com
9908,cust.prod.thingdust.io
9909,cuzwcgmpktfj.us-east-1.rds.amazonaws.com
9910,cv1ap1fdqkgo.us-east-1.rds.amazonaws.com
9911,cvfdnjc5eaum.eu-west-1.rds.amazonaws.com
9912,cvkcia2m0w1h.sa-east-1.rds.amazonaws.com
9913,cvl9i4ohyliz.us-east-1.rds.amazonaws.com
9914,cvmzvdkptntp.us-east-2.rds.amazonaws.com
9915,cvop4pupotus.ap-southeast-2.rds.amazonaws.com
9916,cvxq92fcliym.eu-west-1.rds.amazonaws.com
9917,cw0g3uulplsy.us-east-2.rds.amazonaws.com
9918,cword2bgcedu.us-west-2.rds.amazonaws.com
9919,cwreyag9bkk1.eu-central-1.rds.amazonaws.com
9920,cwxuixefzc5y.eu-central-1.rds.amazonaws.com
9921,cxtxwolhvcl8.us-west-2.rds.amazonaws.com
9922,cy6ev2lxmw9c.eu-west-1.rds.amazonaws.com
9923,cy8rnh1tf9gh.us-east-1.rds.amazonaws.com
9924,czj5tomi8hdn.us-east-1.rds.amazonaws.com
9925,daduhuiyulechengwangzhi.cryptonomic.net
9926,daejeon.kr
9927,davvesiida.no
9928,dyn-ip24.de
9929,e-dunbarton.sch.uk
9930,echizen.fukui.jp
9931,edu.gd
9932,edu.ki
9933,edu.km
9934,edu.ss
9935,egoism.jp
9936,eidskog.no
9937,elverum.no
9938,eng.jo
9939,ericsson
9940,eu-amsterdam-1.oci.customer-oci.com
9941,firmdale
9942,flakstad.no
9943,florence.it
9944,forde.no
9945,forgot.his.name
9946,fudai.iwate.jp
9947,fujikawa.yamanashi.jp
9948,fujikawaguchiko.yamanashi.jp
9949,furano.hokkaido.jp
9950,fussa.tokyo.jp
9951,futuremailing.at
9952,fyresdal.no
9953,games.hu
9954,gea.nom.br
9955,github.app
9956,gojome.akita.jp
9957,gov.io
9958,hachioji.tokyo.jp
9959,higashiagatsuma.gunma.jp
9960,hirono.iwate.jp
9961,hof.no
9962,hornindal.no
9963,horten.no
9964,hotel.tz
9965,hotels
9966,ide.kyoto.jp
9967,info.tz
9968,jan-mayen.no
9969,jorpeland.no
9970,jouwweb.site
9971,kalmykia.ru
9972,kamikitayama.nara.jp
9973,kamisato.saitama.jp
9974,kanmaki.nara.jp
9975,kasama.ibaraki.jp
9976,kasaoka.okayama.jp
9977,kitakata.fukushima.jp
9978,kiyokawa.kanagawa.jp
9979,kochi.kochi.jp
9980,kraanghke.no
9981,kunohe.iwate.jp
9982,kustanai.ru
9983,latino
9984,lexus
9985,lolipop.io
9986,lom.no
9987,london.cloudapps.digital
9988,loten.no
9989,lugs.org.uk
9990,matsushige.tokushima.jp
9991,mil.jm
9992,mil.kg
9993,mitaka.tokyo.jp
9994,miyoshi.hiroshima.jp
9995,mobi.tz
9996,mordovia.ru
9997,nagawa.nagano.jp
9998,nanyo.yamagata.jp
9999,nesna.no
10000,nesoddtangen.no
