1,com
2,net
3,googleapis.com
4,org
5,io
6,goog
7,akadns.net
8,blob.core.windows.net
9,microsoft
10,ms
11,us
12,akamaized.net
13,akamaiedge.net
14,akamai.net
15,co
16,fastly-edge.com
17,arpa
18,map.fastly.net
19,gov
20,trafficmanager.net
21,us-east-1.amazonaws.com
22,apple
23,s3.amazonaws.com
24,google
25,tv
26,dev
27,edu
28,azureedge.net
29,me
30,cn
31,ai
32,cloud
33,azurefd.net
34,edgesuite.net
35,withgoogle.com
36,app
37,cloudflare.net
38,cdn.cloudflare.net
39,eu
40,edgekey.net
41,news
42,tech
43,us-east-1.elb.amazonaws.com
44,akamaihd.net
45,de
46,uk
47,ru
48,co.uk
49,azurewebsites.net
50,fi
51,network
52,us-west-2.elb.amazonaws.com
53,gg
54,ac
55,jp
56,cc
57,s3.us-west-2.amazonaws.com
58,info
59,it
60,link
61,xyz
62,rsc.cdn77.org
63,mobi
64,execute-api.us-east-1.amazonaws.com
65,gt
66,live
67,be
68,site
69,id
70,im
71,servicebus.windows.net
72,media
73,com.cn
74,pl
75,awsglobalaccelerator.com
76,amazon
77,biz
78,ca
79,delivery
80,mx
81,services
82,us-east-2.elb.amazonaws.com
83,s3.us-east-1.amazonaws.com
84,githubusercontent.com
85,in
86,kr
87,co.id
88,appspot.com
89,co.jp
90,fm
91,top
92,co.kr
93,online
94,to
95,a.run.app
96,fr
97,ly
98,vn
99,s3-us-west-2.amazonaws.com
100,github.io
101,nl
102,tools
103,pro
104,s3.us-east-2.amazonaws.com
105,us-central1.run.app
106,eu-west-1.elb.amazonaws.com
107,sg
108,br
109,asia
110,page
111,se
112,es
113,com.br
114,solutions
115,pub
116,au
117,school
118,cloudfunctions.net
119,so
120,hn
121,com.au
122,global.ssl.fastly.net
123,hlx.page
124,execute-api.us-west-2.amazonaws.com
125,shop
126,elasticbeanstalk.com
127,video
128,icu
129,ph
130,one
131,technology
132,pages.dev
133,aws
134,tr
135,com.mx
136,myshopify.com
137,my
138,biz.id
139,ch
140,workers.dev
141,vip
142,chat
143,market
144,at
145,cz
146,s3.eu-central-1.amazonaws.com
147,s3.eu-west-1.amazonaws.com
148,com.tr
149,click
150,us-east-1.elasticbeanstalk.com
151,store
152,sk
153,bi
154,sh
155,build
156,am
157,execute-api.us-east-2.amazonaws.com
158,ro
159,azure-api.net
160,no
161,ws
162,s3.dualstack.us-west-2.amazonaws.com
163,th
164,com.vn
165,tw
166,pe
167,bid
168,ua
169,nz
170,s3.dualstack.us-east-1.amazonaws.com
171,fun
172,space
173,is
174,club
175,dyndns.org
176,herokuapp.com
177,systems
178,edu.cn
179,hk
180,com.ph
181,world
182,digital
183,cdn.digitaloceanspaces.com
184,ee
185,chrome
186,eu-central-1.elb.amazonaws.com
187,ar
188,zone
189,ne.jp
190,s3-us-west-1.amazonaws.com
191,co.th
192,gr
193,fox
194,support
195,dk
196,firebaseapp.com
197,co.nz
198,co.za
199,s3.us-west-1.amazonaws.com
200,onion
201,ir
202,life
203,health
204,com.ar
205,com.hk
206,pt
207,events
208,ie
209,cl
210,hu
211,sap
212,com.my
213,com.tw
214,il
215,com.co
216,games
217,blogspot.com
218,com.ua
219,org.uk
220,canva-apps.com
221,co.in
222,com.sg
223,global
224,ink
225,today
226,s3-ap-southeast-1.amazonaws.com
227,s3.ap-southeast-1.amazonaws.com
228,execute-api.eu-west-1.amazonaws.com
229,org.cn
230,gov.uk
231,email
232,pk
233,ac.uk
234,cr
235,do
236,bot
237,st
238,la
239,software
240,host
241,gl
242,s3-external-1.amazonaws.com
243,si
244,us-west-1.elb.amazonaws.com
245,co.il
246,s3-eu-west-1.amazonaws.com
247,kz
248,ae
249,md
250,house
251,lt
252,by
253,gle
254,work
255,ad
256,cloudapp.net
257,help
258,s3.dualstack.eu-west-1.amazonaws.com
259,lu
260,ac.id
261,blog
262,design
263,bg
264,go.id
265,files.oaiusercontent.com
266,art
267,ap-southeast-1.elb.amazonaws.com
268,su
269,ng
270,li
271,ge
272,pr
273,ma
274,works
275,com.pr
276,rs
277,qpon
278,security
279,lv
280,gov.br
281,sa
282,re
283,cfd
284,mil
285,ec
286,run
287,rest
288,studio
289,hr
290,lol
291,h5games.usercontent.goog
292,pw
293,cm
294,bz
295,fastlylb.net
296,win
297,net.id
298,plus
299,int
300,ninja
301,management
302,v2.run.app
303,pics
304,com.ng
305,sb
306,com.pk
307,dz
308,web.app
309,s3.eu-west-2.amazonaws.com
310,bet
311,qc.ca
312,ke
313,ve
314,execute-api.us-west-1.amazonaws.com
315,cyou
316,wiki
317,website
318,com.do
319,supabase.co
320,net.cn
321,red
322,netlify.app
323,files09.oaiusercontent.com
324,nu
325,vercel.app
326,wpenginepowered.com
327,engineering
328,go.cr
329,net.uk
330,com.bd
331,uc.r.appspot.com
332,ap-northeast-1.elb.amazonaws.com
333,com.gt
334,cat
335,co.ke
336,ki
337,s3-website.us-west-2.amazonaws.com
338,team
339,ltd
340,translate.goog
341,vi
342,execute-api.eu-west-2.amazonaws.com
343,com.sa
344,net.in
345,pa
346,com.pe
347,co.cr
348,rocks
349,lk
350,co.vi
351,gs
352,tk
353,ag
354,com.ec
355,sdmntprsouthcentralus.oaiusercontent.com
356,eg
357,service.gov.uk
358,sc
359,uy
360,sdmntprnorthcentralus.oaiusercontent.com
361,xn--p1ai
362,al
363,az
364,as
365,blackbaudcdn.net
366,social
367,qa
368,ap-northeast-2.elb.amazonaws.com
369,sbs
370,yandexcloud.net
371,gitlab.io
372,co.ve
373,uz
374,com.mm
375,stream
376,execute-api.ap-southeast-2.amazonaws.com
377,name
378,adobeaemcloud.com
379,vc
380,tm
381,execute-api.eu-central-1.amazonaws.com
382,sdmntprcentralus.oaiusercontent.com
383,ba
384,wtf
385,cy
386,ht
387,py
388,best
389,mk
390,ps
391,statefarm
392,vg
393,xxx
394,sdmntprwestus.oaiusercontent.com
395,ac.in
396,go.th
397,gy
398,eu.org
399,com.pl
400,storage.yandexcloud.net
401,wpmucdn.com
402,execute-api.ca-central-1.amazonaws.com
403,om
404,eu-west-2.elb.amazonaws.com
405,gob.mx
406,com.pa
407,bio
408,camera
409,gov.co
410,iq
411,audio
412,com.uy
413,my.id
414,org.au
415,jobs
416,com.py
417,ac.kr
418,dattolocal.net
419,cdn.prod.atlassian-dev.net
420,box
421,tn
422,or.jp
423,s3.dualstack.ap-southeast-1.amazonaws.com
424,gov.in
425,execute-api.me-south-1.amazonaws.com
426,moe
427,onrender.com
428,com.eg
429,com.cy
430,ac.jp
431,com.jm
432,co.ma
433,pet
434,bh
435,gov.vn
436,ml
437,com.np
438,edu.vn
439,sv
440,tl
441,press
442,buzz
443,cx
444,mt
445,kg
446,ga
447,gov.tr
448,zw
449,edu.au
450,com.qa
451,map.fastlylb.net
452,jo
453,co.zw
454,tz
455,gh
456,pstmn.io
457,education
458,com.bh
459,ug
460,sdmntpreastus2.oaiusercontent.com
461,bo
462,kw
463,group
464,inc
465,net.au
466,awsapps.com
467,codes
468,gov.cn
469,com.kh
470,bank
471,agency
472,hosting
473,cf
474,us-east-2.elasticbeanstalk.com
475,com.sv
476,nyc3.digitaloceanspaces.com
477,co.tz
478,com.om
479,bs
480,tt
481,com.kw
482,coop
483,duckdns.org
484,com.gh
485,business
486,gc.ca
487,ondigitalocean.app
488,cam
489,aero
490,ni
491,auth.us-east-1.amazoncognito.com
492,photos
493,na
494,mn
495,ci
496,nhs.uk
497,ddns.net
498,guru
499,gov.au
500,com.ru
501,sn
502,com.bo
503,org.br
504,menu
505,ar.us
506,co.ug
507,sdmntpraustraliaeast.oaiusercontent.com
508,cu
509,mu
510,com.ni
511,finance
512,k12.ar.us
513,dm
514,marketing
515,tx.us
516,love
517,com.na
518,lat
519,com.mt
520,cafe
521,edu.co
522,cv
523,sl
524,je
525,or.kr
526,go.jp
527,ac.cn
528,mg
529,it.com
530,lb
531,travel
532,ne
533,rw
534,mv
535,sr
536,tj
537,mn.us
538,ao
539,in.th
540,gov.tw
541,af
542,bw
543,watch
544,care
545,gov.ph
546,cd
547,mw
548,s3-website-us-west-2.amazonaws.com
549,com.sl
550,fly.dev
551,sdmntprwestus3.oaiusercontent.com
552,pn
553,et
554,ny.us
555,com.vc
556,co.bw
557,abbott
558,bn
559,sx
560,ac.th
561,mz
562,zm
563,tg
564,com.lb
565,sdmntprwestcentralus.oaiusercontent.com
566,sdmntpreastus.oaiusercontent.com
567,s3-us-gov-west-1.amazonaws.com
568,sdmntprukwest.oaiusercontent.com
569,direct
570,us-east-1.awsapprunner.com
571,bf
572,ls
573,r2.dev
574,freetls.fastly.net
575,fj
576,co.mz
577,co.ao
578,cool
579,com.bz
580,com.bn
581,bj
582,gi
583,science
584,s3.ap-south-1.amazonaws.com
585,sky
586,com.fj
587,sdmntpritalynorth.oaiusercontent.com
588,co.uz
589,eu.com
590,sdmntprpolandcentral.oaiusercontent.com
591,vu
592,casa
593,gp
594,dj
595,bt
596,gm
597,nf
598,execute-api.eu-west-3.amazonaws.com
599,center
600,com.ly
601,com.af
602,httpbin.org
603,monster
604,tube
605,ca-central-1.elb.amazonaws.com
606,sm
607,sdmntprnortheu.oaiusercontent.com
608,ac.il
609,uno
610,cg
611,nr
612,bond
613,co.zm
614,sdmntprwestus2.oaiusercontent.com
615,static.usercontent.goog
616,s3.ap-northeast-1.amazonaws.com
617,com.et
618,com.pg
619,com.ve
620,energy
621,desi
622,co.ls
623,td
624,com.ai
625,com.ag
626,com.cu
627,amplifyapp.com
628,azurestaticapps.net
629,com.gi
630,co.ck
631,com.sb
632,gov.ua
633,ovh
634,or.us
635,com.tj
636,fan
637,eu-west-3.elb.amazonaws.com
638,com.nf
639,pantheonsite.io
640,party
641,date
642,gov.my
643,s3.eu-west-3.amazonaws.com
644,edu.pl
645,fit
646,ca.us
647,london
648,gov.hk
649,us-west-2.elasticbeanstalk.com
650,bradesco
651,mi.us
652,us.com
653,ey.r.appspot.com
654,org.tr
655,partners
656,blue
657,cash
658,city
659,edu.tw
660,s3.ca-central-1.amazonaws.com
661,ap-south-1.elb.amazonaws.com
662,fyi
663,trade
664,tips
665,ladesk.com
666,land
667,eu-west-1.elasticbeanstalk.com
668,s3.ap-southeast-2.amazonaws.com
669,execute-api.ap-southeast-1.amazonaws.com
670,in.ua
671,or.id
672,tf
673,gov.sa
674,company
675,files07.oaiusercontent.com
676,notion.site
677,files08.oaiusercontent.com
678,go.kr
679,sgp1.digitaloceanspaces.com
680,gob.es
681,apps.fbsbx.com
682,autos
683,smushcdn.com
684,up.railway.app
685,org.mx
686,gob.ec
687,academy
688,show
689,edu.tr
690,direct.quickconnect.to
691,gold
692,gob.do
693,bar
694,fi.cr
695,org.ua
696,earth
697,eu-west-1.awsapprunner.com
698,auth.us-west-2.amazoncognito.com
699,edu.ar
700,bm
701,onl
702,game
703,now
704,us-gov-west-1.elb.amazonaws.com
705,report
706,town
707,ax
708,cab
709,edu.br
710,ad.jp
711,eu-central-1.elasticbeanstalk.com
712,gov.sg
713,nyc
714,s3.us-gov-west-1.amazonaws.com
715,gouv.fr
716,scot
717,bike
718,org.tw
719,gob.ar
720,quest
721,eus
722,web.id
723,nj.us
724,k12.or.us
725,download
726,money
727,kiev.ua
728,movie
729,synology.me
730,fl.us
731,ap-southeast-2.elb.amazonaws.com
732,gr.jp
733,gob.pa
734,sch.id
735,oh.us
736,porn
737,uk.com
738,ac.ir
739,ac.at
740,square.site
741,or.th
742,net.vn
743,us.org
744,asia-east1.run.app
745,edu.hk
746,tc
747,s3.eu-north-1.amazonaws.com
748,govt.nz
749,gov.it
750,edu.mx
751,exchange
752,wixsite.com
753,gallery
754,expert
755,myqnapcloud.com
756,gay
757,community
758,my.canva.site
759,ing
760,how
761,nic.in
762,beer
763,skin
764,gd
765,net.br
766,dhl
767,gov.pt
768,ooo
769,law
770,vin
771,edu.my
772,parts
773,js.org
774,gov.pl
775,church
776,eco
777,pm
778,fra1.digitaloceanspaces.com
779,coffee
780,id.forgerock.io
781,foundation
782,auto
783,tel
784,s3.dualstack.eu-central-1.amazonaws.com
785,mom
786,edu.sg
787,sn.mynetname.net
788,sp.gov.br
789,gob.gt
790,org.il
791,edu.pe
792,supply
793,co.com
794,meme
795,s3-website-us-east-1.amazonaws.com
796,new
797,mp
798,mt.gov.br
799,garden
800,rip
801,day
802,wf
803,us-southeast-1.linodeobjects.com
804,africa
805,guide
806,scf.usercontent.goog
807,gov.ru
808,farm
809,ed.jp
810,golf
811,us-west-2.awsapprunner.com
812,me.uk
813,org.nz
814,sfo2.digitaloceanspaces.com
815,tokyo
816,org.pl
817,net.nz
818,ew.r.appspot.com
819,mo
820,edu.pk
821,edu.in
822,globo
823,photo
824,net.co
825,com.es
826,solar
827,pictures
828,org.ar
829,gob.pe
830,wi.us
831,s3.sa-east-1.amazonaws.com
832,dental
833,k12.ca.us
834,homes
835,members.linode.com
836,cards
837,museum
838,baby
839,readthedocs.io
840,cymru
841,forum
842,gov.il
843,id.au
844,ui.nabu.casa
845,org.in
846,uc.gateway.dev
847,edu.ph
848,edu.ng
849,org.za
850,on.ca
851,nc.us
852,cdn.bubble.io
853,net.ua
854,express
855,co.us
856,gov.ar
857,s3-ap-northeast-1.amazonaws.com
858,ac.za
859,ddnss.de
860,net.my
861,a.ssl.fastly.net
862,europe-west3.run.app
863,ams3.digitaloceanspaces.com
864,googlecode.com
865,edu.ua
866,vet
867,bbva
868,gv.at
869,edu.ec
870,s3-sa-east-1.amazonaws.com
871,s3-us-east-2.amazonaws.com
872,ma.us
873,gov.ae
874,net.pl
875,vision
876,uk.net
877,bc.ca
878,canon
879,sh.cn
880,loan
881,playables.usercontent.goog
882,boats
883,webcam
884,il.us
885,lg.jp
886,fo
887,gov.bd
888,s3-website.us-east-1.amazonaws.com
889,com.de
890,s3-ap-southeast-2.amazonaws.com
891,xin
892,pa.us
893,gov.rs
894,dating
895,gov.eg
896,style
897,europe-west1.run.app
898,vn.ua
899,s3-website.eu-central-1.amazonaws.com
900,execute-api.ap-northeast-1.amazonaws.com
901,pr.gov.br
902,edu.it
903,film
904,audi
905,org.hk
906,amex
907,s3.dualstack.us-east-2.amazonaws.com
908,dog
909,industries
910,schwarz
911,s3.ap-east-1.amazonaws.com
912,es.gov.br
913,wine
914,wales
915,gq
916,swiss
917,sa.com
918,training
919,gov.ng
920,in.us
921,spb.ru
922,jus.br
923,ac.nz
924,k12.mi.us
925,place
926,hair
927,s3-eu-central-1.amazonaws.com
928,college
929,5.azurestaticapps.net
930,coach
931,us-west-1.elasticbeanstalk.com
932,beauty
933,myfritz.net
934,net.mx
935,nfshost.com
936,men
937,ac.cr
938,zapto.org
939,appspaceusercontent.com
940,ia.us
941,kasserver.com
942,no-ip.info
943,toys
944,net.pk
945,directory
946,net.ru
947,org.ec
948,net.tr
949,execute-api.ap-south-1.amazonaws.com
950,sex
951,biz.ua
952,us-east-2.awsapprunner.com
953,sport
954,gratis
955,trycloudflare.com
956,nw.r.appspot.com
957,legal
958,pizza
959,hopto.org
960,strapiapp.com
961,casino
962,waw.pl
963,yachts
964,radio
965,ru.com
966,org.ve
967,s3.ap-northeast-2.amazonaws.com
968,ky
969,deals
970,mg.gov.br
971,qld.gov.au
972,sakura.ne.jp
973,sfo3.digitaloceanspaces.com
974,gov.mo
975,vic.gov.au
976,lpages.co
977,christmas
978,oci.customer-oci.com
979,sa-east-1.elb.amazonaws.com
980,com.pt
981,co.at
982,in-addr.arpa
983,ac.ke
984,execute-api.ap-northeast-2.amazonaws.com
985,capital
986,ga.us
987,international
988,ind.in
989,dyndns.tv
990,ist
991,wang
992,auth.us-east-2.amazoncognito.com
993,gov.pk
994,2.azurestaticapps.net
995,careers
996,k12.in.us
997,zip
998,domains
999,us-iad-1.linodeobjects.com
1000,berlin
1001,k12.nj.us
1002,com.gr
1003,lilly
1004,discordsays.com
1005,fish
1006,org.co
1007,llc
1008,healthcare
1009,clinic
1010,kim
1011,com.hn
1012,ap-east-1.elb.amazonaws.com
1013,sytes.net
1014,fans
1015,gal
1016,asia-southeast1.run.app
1017,ltd.uk
1018,za.com
1019,va.us
1020,gob.ve
1021,repl.co
1022,postman-echo.com
1023,dp.ua
1024,k12.fl.us
1025,org.vn
1026,k12.oh.us
1027,co.cz
1028,institute
1029,org.sg
1030,promo
1031,family
1032,re.kr
1033,edu.do
1034,edu.uy
1035,boo
1036,europe-west2.run.app
1037,org.ru
1038,md.us
1039,ind.br
1040,army
1041,altervista.org
1042,k12.wi.us
1043,de.com
1044,gift
1045,1.azurestaticapps.net
1046,rs.gov.br
1047,playstation-cloud.com
1048,pp.ua
1049,mov
1050,co.rs
1051,k12.nc.us
1052,fitness
1053,sc.gov.br
1054,va
1055,sale
1056,lviv.ua
1057,edu.sa
1058,sexy
1059,bnpparibas
1060,s3.ap-southeast-3.amazonaws.com
1061,photography
1062,org.my
1063,in.net
1064,bitbucket.io
1065,fedorainfracloud.org
1066,net.sg
1067,now.sh
1068,wa.us
1069,replit.app
1070,lovable.app
1071,paris
1072,edu.iq
1073,media.strapiapp.com
1074,data
1075,s3.eu-south-2.amazonaws.com
1076,carrd.co
1077,pythonanywhere.com
1078,gov.gr
1079,cn-north-1.elb.amazonaws.com.cn
1080,net.tw
1081,org.uy
1082,res.in
1083,university
1084,net.il
1085,makeup
1086,reviews
1087,com.hr
1088,ba.gov.br
1089,ce.gov.br
1090,realtor
1091,home.arpa
1092,ice
1093,gov.py
1094,tattoo
1095,police.uk
1096,desa.id
1097,mba
1098,lgbt
1099,markets
1100,bzh
1101,s3.dualstack.us-west-1.amazonaws.com
1102,net.sa
1103,asn.au
1104,black
1105,ac.lk
1106,gouv.ci
1107,replit.dev
1108,gob.cl
1109,trading
1110,auth.eu-west-1.amazoncognito.com
1111,barclays
1112,com.am
1113,shopping
1114,ac.ug
1115,ms.us
1116,net.do
1117,yoga
1118,eu-north-1.elb.amazonaws.com
1119,gop.pk
1120,brussels
1121,execute-api.cn-northwest-1.amazonaws.com.cn
1122,com.mk
1123,no-ip.org
1124,lc
1125,surf
1126,net.ph
1127,taxi
1128,com.dz
1129,hasura.app
1130,restaurant
1131,tokyo.jp
1132,ue.r.appspot.com
1133,fund
1134,mo.us
1135,gov.om
1136,gdn
1137,net.ar
1138,homeip.net
1139,freedesktop.org
1140,fashion
1141,nc
1142,mus.br
1143,s3-website-eu-west-1.amazonaws.com
1144,name.tr
1145,com.se
1146,execute-api.eu-north-1.amazonaws.com
1147,ngo
1148,cn-northwest-1.elb.amazonaws.com.cn
1149,cn.com
1150,edu.eg
1151,co.ua
1152,consulting
1153,info.pl
1154,leg.br
1155,car
1156,ab.ca
1157,green
1158,rodeo
1159,stackit.zone
1160,wa.gov.au
1161,framer.app
1162,moscow
1163,ceo
1164,edu.bd
1165,4.azurestaticapps.net
1166,csb.app
1167,nrw
1168,bel.tr
1169,io.vn
1170,band
1171,yt
1172,mc
1173,s3.dualstack.ap-northeast-1.amazonaws.com
1174,streamlit.app
1175,net.ve
1176,gob.sv
1177,gen.tr
1178,computer
1179,observer
1180,ac.be
1181,camp
1182,org.es
1183,org.sa
1184,financial
1185,od.ua
1186,gov.kz
1187,boutique
1188,gov.ie
1189,ap-southeast-1.elasticbeanstalk.com
1190,org.ng
1191,bingo
1192,gw
1193,africa.com
1194,ac.cy
1195,dance
1196,webflow.io
1197,catholic.edu.au
1198,gov.lk
1199,rent
1200,tax
1201,uk.r.appspot.com
1202,edu.gt
1203,studio.us-east-1.sagemaker.aws
1204,s3-eu-west-2.amazonaws.com
1205,go.ke
1206,azure
1207,main.jp
1208,sosnowiec.pl
1209,gov.az
1210,tours
1211,sa.cr
1212,adv.br
1213,gov.za
1214,ngrok.io
1215,cars
1216,mr
1217,mb.ca
1218,us-east1.run.app
1219,s3.cn-north-1.amazonaws.com.cn
1220,adobeioruntime.net
1221,ynh.fr
1222,org.ph
1223,gov.np
1224,gov.qa
1225,net.za
1226,immo
1227,sy
1228,k12.ny.us
1229,auth.eu-central-1.amazoncognito.com
1230,nm.us
1231,estate
1232,clothing
1233,glass
1234,ac.rs
1235,mi.th
1236,edu.gh
1237,org.pe
1238,auction
1239,akamaiedge-staging.net
1240,la.us
1241,android
1242,mywire.org
1243,dedyn.io
1244,toolforge.org
1245,review
1246,k12.il.us
1247,krakow.pl
1248,motorcycles
1249,ren
1250,msk.ru
1251,rj.gov.br
1252,poznan.pl
1253,bet.br
1254,k12.mo.us
1255,dnsalias.com
1256,here
1257,us-east-1.linodeobjects.com
1258,holdings
1259,gmbh
1260,pe.gov.br
1261,ski
1262,s3-fips.us-gov-west-1.amazonaws.com
1263,cw
1264,myds.me
1265,sc.us
1266,idv.tw
1267,of.by
1268,k12.ga.us
1269,convex.cloud
1270,com.ro
1271,remotewd.com
1272,europe-west4.run.app
1273,dynu.net
1274,qualifioapp.com
1275,ac.bd
1276,gov.by
1277,pink
1278,org.rs
1279,co.rw
1280,study
1281,ok.us
1282,ddns.me
1283,kitchen
1284,cpa
1285,edu.jo
1286,edu.kz
1287,ma.gov.br
1288,insure
1289,mrap.accesspoint.s3-global.amazonaws.com
1290,bz.it
1291,jp.net
1292,dad
1293,ts.net
1294,gov.kh
1295,if.ua
1296,asso.fr
1297,amsterdam
1298,s3-1.amazonaws.com
1299,madrid
1300,xn--mk1bu44c
1301,k12.va.us
1302,b.br
1303,com.tn
1304,eu-central-1.linodeobjects.com
1305,lovableproject.com
1306,abb
1307,ap-northeast-1.awsapprunner.com
1308,bayern
1309,dyndns.biz
1310,edu.np
1311,mine.nu
1312,bmw
1313,kozow.com
1314,vegas
1315,org.pk
1316,us-2.platformsh.site
1317,gov.cz
1318,vic.edu.au
1319,nexus
1320,kyiv.ua
1321,storage
1322,bb
1323,blog.br
1324,zp.ua
1325,poker
1326,football
1327,gifts
1328,dpdns.org
1329,coop.br
1330,s3-website.eu-north-1.amazonaws.com
1331,app.br
1332,co.tt
1333,com.in
1334,ms.gov.br
1335,k12.mn.us
1336,shoes
1337,cn.ua
1338,hk.cn
1339,s3.me-south-1.amazonaws.com
1340,aw
1341,df.gov.br
1342,uz.ua
1343,taipei
1344,koeln
1345,pharmacy
1346,eu-west-2.elasticbeanstalk.com
1347,edu.ve
1348,noho.st
1349,haus
1350,auth.eu-west-2.amazoncognito.com
1351,claims
1352,edu.rs
1353,chernovtsy.ua
1354,tui
1355,gub.uy
1356,figma.site
1357,execute-api.us-gov-west-1.amazonaws.com
1358,s3-ap-south-1.amazonaws.com
1359,ads
1360,schule
1361,contact
1362,dynv6.net
1363,us-gov-east-1.elb.amazonaws.com
1364,al.us
1365,asia-south2.run.app
1366,meet
1367,nv.us
1368,s3-fips.us-east-1.amazonaws.com
1369,pa.gov.br
1370,sa.gov.au
1371,lm.r.appspot.com
1372,tec.br
1373,hatenablog.com
1374,edu.gr
1375,ventures
1376,yandex
1377,ac.ae
1378,org.bd
1379,doctor
1380,c66.me
1381,go.gov.br
1382,kh.ua
1383,execute-api.sa-east-1.amazonaws.com
1384,hf.space
1385,redirectme.net
1386,edu.ni
1387,kiwi
1388,gov.ge
1389,gov.jm
1390,com.mo
1391,gb.net
1392,gob.hn
1393,basketball
1394,giize.com
1395,k12.tr
1396,jetzt
1397,kommune.no
1398,myvnc.com
1399,gov.kw
1400,ap-southeast-3.elb.amazonaws.com
1401,racing
1402,vote
1403,wa.edu.au
1404,adult
1405,fin.ec
1406,hamburg
1407,c.cdn77.org
1408,jewelry
1409,food
1410,krd
1411,web.tr
1412,kharkov.ua
1413,pf
1414,istanbul
1415,dyndns.info
1416,goip.de
1417,gov.scot
1418,k12.pa.us
1419,wedding
1420,jpn.com
1421,komatsu
1422,recipes
1423,ap-south-1.linodeobjects.com
1424,edu.sv
1425,inf.br
1426,freeddns.org
1427,gives
1428,gov.gh
1429,horse
1430,builders
1431,diy
1432,sklep.pl
1433,myftp.org
1434,discourse.group
1435,next
1436,no-ip.biz
1437,tempurl.host
1438,k12.ia.us
1439,realestate
1440,xn--p1acf
1441,go.tz
1442,picard.replit.dev
1443,or.ke
1444,com.kz
1445,org.zm
1446,us-ashburn-1.oci.customer-oci.com
1447,com.ge
1448,ruhr-uni-bochum.de
1449,tickets
1450,3.azurestaticapps.net
1451,eng.br
1452,co.nl
1453,properties
1454,nhk
1455,or.at
1456,ngrok-free.app
1457,wien
1458,gd.cn
1459,sd
1460,k12.co.us
1461,quebec
1462,abudhabi
1463,servehttp.com
1464,rentals
1465,coupons
1466,dn.ua
1467,org.np
1468,sblo.jp
1469,wroclaw.pl
1470,gx.cn
1471,ac.me
1472,myqnapcloud.cn
1473,pb.gov.br
1474,ath.cx
1475,graphics
1476,net.ec
1477,or.cr
1478,bubbleapps.io
1479,debian.net
1480,engineer
1481,am.gov.br
1482,rub.de
1483,br.com
1484,mp.br
1485,ye
1486,szczecin.pl
1487,alwaysdata.net
1488,kicks-ass.net
1489,selfip.com
1490,janeway.replit.dev
1491,6.azurestaticapps.net
1492,lighting
1493,credit
1494,ddnsking.com
1495,sumy.ua
1496,edu.bo
1497,vlaanderen
1498,com.mv
1499,gda.pl
1500,gov.ir
1501,wmcloud.org
1502,edgekey-staging.net
1503,mortgage
1504,mil.br
1505,av.tr
1506,ac.tz
1507,edu.et
1508,edu.ge
1509,lib.or.us
1510,to.it
1511,bible
1512,repair
1513,ue.gateway.dev
1514,teleport.sh
1515,dreamhosters.com
1516,gov.cy
1517,gov.dz
1518,prod
1519,school.nz
1520,gov.do
1521,limited
1522,s3.us-gov-east-1.amazonaws.com
1523,soy
1524,memorial
1525,broker
1526,edgecompute.app
1527,miami
1528,theworkpc.com
1529,you
1530,eco.br
1531,srl
1532,net.pe
1533,herts.sch.uk
1534,investments
1535,edu.py
1536,fi.it
1537,ddnsfree.com
1538,sbi
1539,torproject.net
1540,ap-northeast-1.elasticbeanstalk.com
1541,km.ua
1542,com.jo
1543,gob.bo
1544,bounceme.net
1545,live-website.com
1546,cloud.nospamproxy.com
1547,barcelona
1548,go.ug
1549,loans
1550,fail
1551,lodz.pl
1552,pe.kr
1553,emrnotebooks-prod.us-east-1.amazonaws.com
1554,futbol
1555,rhcloud.com
1556,s3-fips.us-gov-east-1.amazonaws.com
1557,art.br
1558,spock.replit.dev
1559,gov.lv
1560,supplies
1561,k12.wa.us
1562,hi.us
1563,opole.pl
1564,salon
1565,ngrok.app
1566,enterprises
1567,gov.bm
1568,mil.id
1569,riker.replit.dev
1570,sk.ca
1571,org.eg
1572,edu.mo
1573,servegame.com
1574,3utilities.com
1575,furniture
1576,kids
1577,gov.bf
1578,k12.sc.us
1579,gov.ma
1580,kr.ua
1581,s3.cn-northwest-1.amazonaws.com.cn
1582,tas.gov.au
1583,faith
1584,hepforge.org
1585,charity
1586,in.rs
1587,hypernode.io
1588,katowice.pl
1589,te.ua
1590,net.bd
1591,dnsabr.com
1592,art.pl
1593,gov.tt
1594,gob.ni
1595,spdns.de
1596,files-eu.oaiusercontent.com
1597,nsw.edu.au
1598,tirol
1599,gotdns.ch
1600,ipfs.dweb.link
1601,nd.us
1602,med.br
1603,notebook.us-east-1.sagemaker.aws
1604,gleeze.com
1605,k12.ok.us
1606,roma.it
1607,gov.mv
1608,mil.ph
1609,rugby
1610,ha.cn
1611,co.hu
1612,mi.it
1613,soccer
1614,youtube
1615,getmyip.com
1616,net.np
1617,id.vn
1618,odessa.ua
1619,gov.al
1620,elementor.cloud
1621,ooguy.com
1622,web-sandbox.oaiusercontent.com
1623,ap-southeast-1.awsapprunner.com
1624,srv.br
1625,biz.pl
1626,co.it
1627,al.gov.br
1628,co.ir
1629,xn--90ais
1630,sydney
1631,a2hosted.com
1632,webredirect.org
1633,wroc.pl
1634,edu.hn
1635,edu.lb
1636,xn--6frz82g
1637,xn--80asehdb
1638,kirk.replit.dev
1639,yolasite.com
1640,gov.jo
1641,actor
1642,irish
1643,limo
1644,nom.es
1645,an.r.appspot.com
1646,co.im
1647,worf.replit.dev
1648,ntt
1649,eastus2.azurecontainer.io
1650,ln.cn
1651,philips
1652,k12.ma.us
1653,onthewifi.com
1654,voyage
1655,hatenablog.jp
1656,co.me
1657,noip.me
1658,sanofi
1659,webhop.me
1660,lima-city.de
1661,milano.it
1662,cdn.cloudflarecn.net
1663,exposed
1664,tv.br
1665,laravel.cloud
1666,net.th
1667,pi.gov.br
1668,hm
1669,dvrdns.org
1670,edeka
1671,website.yandexcloud.net
1672,wmflabs.org
1673,equipment
1674,eu-south-1.elb.amazonaws.com
1675,pro.br
1676,diskstation.me
1677,construction
1678,sz
1679,productions
1680,org.gt
1681,bplaced.net
1682,foo
1683,hateblo.jp
1684,s3.eu-south-1.amazonaws.com
1685,saxo
1686,codeberg.page
1687,com.al
1688,courses
1689,cloud.goog
1690,gotdns.com
1691,gov.mn
1692,or.tz
1693,kinghost.net
1694,cheap
1695,eastus.azurecontainer.io
1696,holiday
1697,s3.af-south-1.amazonaws.com
1698,aivencloud.com
1699,bet.ar
1700,tj.cn
1701,channel
1702,clubmed
1703,co.de
1704,js.cn
1705,sncf
1706,akamai-staging.net
1707,kn
1708,ns.ca
1709,tama.tokyo.jp
1710,cleaning
1711,bargains
1712,frl
1713,gov.bh
1714,gov.mk
1715,rv.ua
1716,sa.edu.au
1717,gov.mm
1718,nohost.me
1719,eu-central-1.awsapprunner.com
1720,hl.cn
1721,ong
1722,tn.it
1723,ponpes.id
1724,cern
1725,freemyip.com
1726,moda
1727,servebeer.com
1728,okinawa
1729,rn.gov.br
1730,wixstudio.com
1731,uni5.net
1732,pupu.jp
1733,me.us
1734,s3.fr-par.scw.cloud
1735,gov.gy
1736,org.do
1737,kep.tr
1738,tur.br
1739,cisco
1740,diet
1741,org.cy
1742,bydgoszcz.pl
1743,org.bo
1744,ct.us
1745,bj.cn
1746,easypanel.host
1747,s3.dualstack.eu-west-2.amazonaws.com
1748,gov.ba
1749,name.vn
1750,serveirc.com
1751,property
1752,cloud.fedoraproject.org
1753,lublin.pl
1754,org.mk
1755,tur.ar
1756,bauhaus
1757,discount
1758,gent
1759,s3-eu-west-3.amazonaws.com
1760,asia-northeast1.run.app
1761,xn--fiqs8s
1762,gov.et
1763,ac.zw
1764,gov.lb
1765,cologne
1766,kent.sch.uk
1767,leclerc
1768,serveftp.net
1769,sharp
1770,ac.pa
1771,ap-south-1.elasticbeanstalk.com
1772,i234.me
1773,play
1774,ruhr
1775,edu.mn
1776,sucks
1777,apartments
1778,org.py
1779,pp.ru
1780,alsace
1781,com.ps
1782,toscana.it
1783,edu.dz
1784,bo.it
1785,lifestyle
1786,edu.om
1787,ks.ua
1788,contractors
1789,myfirewall.org
1790,post
1791,se.gov.br
1792,zt.ua
1793,navy
1794,saarland
1795,us-4.platformsh.site
1796,durban
1797,notaires.fr
1798,dev.br
1799,hsbc
1800,lawyer
1801,mypep.link
1802,pl.ua
1803,webhop.net
1804,lib.la.us
1805,lidl
1806,mil.co
1807,edu.cu
1808,edu.ly
1809,id.us
1810,westeurope.azurecontainer.io
1811,nm.cn
1812,nt.ca
1813,edu.pa
1814,gov.bs
1815,hockey
1816,lr
1817,us-ashburn-1.oraclecloudapps.com
1818,boston
1819,melbourne
1820,eu-west-3.elasticbeanstalk.com
1821,execute-api.ap-east-1.amazonaws.com
1822,execute-api.ap-southeast-3.amazonaws.com
1823,hn.cn
1824,studio.us-west-2.sagemaker.aws
1825,accountant
1826,s3.il-central-1.amazonaws.com
1827,us-phoenix-1.oci.customer-oci.com
1828,archi
1829,edu.mk
1830,gov.tn
1831,reisen
1832,mock.pstmn.io
1833,search
1834,realty
1835,yokohama
1836,hants.sch.uk
1837,warszawa.pl
1838,de.us
1839,org.mt
1840,tienda
1841,toyama.jp
1842,dnsalias.net
1843,hopto.me
1844,med
1845,name.ng
1846,nx.cn
1847,ck.ua
1848,edu.az
1849,myiphost.com
1850,windows
1851,ap-southeast-5.elb.amazonaws.com
1852,auth.ap-southeast-1.amazoncognito.com
1853,biz.vn
1854,cv.ua
1855,com.iq
1856,com.la
1857,dscloud.me
1858,xn--55qx5d
1859,casacam.net
1860,lombardia.it
1861,edu.es
1862,edu.kw
1863,framer.website
1864,zj.cn
1865,associates
1866,ddnsgeek.com
1867,edu.mt
1868,free
1869,gf
1870,k12.ms.us
1871,spdns.org
1872,gov.bb
1873,hospital
1874,tm.fr
1875,zgora.pl
1876,dattoweb.com
1877,freeboxos.fr
1878,nw.gateway.dev
1879,diamonds
1880,sd.us
1881,sinaapp.com
1882,ah.cn
1883,crs
1884,ipfs.nftstorage.link
1885,bg.it
1886,ewr2.vultrobjects.com
1887,miyagi.jp
1888,mydns.jp
1889,xn--q9jyb4c
1890,com.lv
1891,gov.bn
1892,us-central1.hosted.app
1893,dynns.com
1894,mk.ua
1895,surrey.sch.uk
1896,w-credentialless-staticblitz.com
1897,mobile
1898,s3.dualstack.ap-south-1.amazonaws.com
1899,co.no
1900,nagoya
1901,health.nz
1902,id.lv
1903,plumbing
1904,qld.edu.au
1905,med.sa
1906,nom.za
1907,gov.bt
1908,lib.in.us
1909,boy.jp
1910,com.im
1911,corsica
1912,immobilien
1913,org.lb
1914,org.pt
1915,deno.dev
1916,gov.tl
1917,studio.eu-west-1.sagemaker.aws
1918,dnshome.de
1919,us.kg
1920,capetown
1921,az.us
1922,cnt.br
1923,rzeszow.pl
1924,s3-website.us-east-2.amazonaws.com
1925,sisko.replit.dev
1926,forgeblocks.com
1927,myspreadshop.com
1928,sub.jp
1929,citic
1930,com.tm
1931,pike.replit.dev
1932,shizuoka.jp
1933,biz.tr
1934,muni.il
1935,cricket
1936,dynalias.com
1937,bialystok.pl
1938,com.by
1939,za.net
1940,abc
1941,ak.us
1942,edu.ee
1943,hatenadiary.jp
1944,kaufen
1945,org.gh
1946,ce.it
1947,eti.br
1948,kanagawa.jp
1949,mcdir.me
1950,ac.ma
1951,adm.br
1952,hs.kr
1953,info.vn
1954,luxury
1955,forsale
1956,net.tt
1957,rsvp
1958,veneto.it
1959,barclaycard
1960,lg.ua
1961,net.lb
1962,jpn.org
1963,radom.pl
1964,tennis
1965,edu.kg
1966,wl.r.appspot.com
1967,germanywestcentral.azurecontainer.io
1968,luxe
1969,ru.net
1970,edu.qa
1971,kapsi.fi
1972,streaklinks.com
1973,music
1974,net.py
1975,vacations
1976,cooking
1977,insurance
1978,jx.cn
1979,rio
1980,eu.platform.sh
1981,hatenadiary.com
1982,net.ae
1983,pro.vn
1984,ro.gov.br
1985,country
1986,fj.cn
1987,kp
1988,mq
1989,us-3.platformsh.site
1990,xn--j1amh
1991,dvag
1992,dyndns-ip.com
1993,gotdns.org
1994,myactivedirectory.com
1995,oz.au
1996,cq.cn
1997,edu.jm
1998,imb.br
1999,org.gr
2000,xn--80adxhks
2001,serveftp.com
2002,uol
2003,s3-ca-central-1.amazonaws.com
2004,us-east4.run.app
2005,fedorapeople.org
2006,f5.si
2007,agr.br
2008,gov.ao
2009,pila.pl
2010,arq.br
2011,basilicata.it
2012,bs.it
2013,campaign.gov.uk
2014,ky.us
2015,net.gr
2016,gov.iq
2017,me-central-1.elb.amazonaws.com
2018,direct.quickconnect.cn
2019,info.tr
2020,uk-london-1.oci.customer-oci.com
2021,wv.us
2022,ne.kr
2023,sd.cn
2024,ap-southeast-2.awsapprunner.com
2025,co.sz
2026,puglia.it
2027,vodka
2028,gov.rw
2029,ivano-frankivsk.ua
2030,brother
2031,canva-apps.cn
2032,cri.nz
2033,nl.ca
2034,edu.ws
2035,b.ssl.fastly.net
2036,brave.app
2037,jl.cn
2038,emilia-romagna.it
2039,lib.mi.us
2040,scb
2041,net.hk
2042,olsztyn.pl
2043,net.ng
2044,nyc.mn
2045,gz.cn
2046,shop.pl
2047,uber.space
2048,map
2049,user.webaccel.jp
2050,cluster026.hosting.ovh.net
2051,edu.pt
2052,emr.it
2053,flights
2054,kred
2055,lancs.sch.uk
2056,living
2057,mil.ec
2058,qzz.io
2059,web.za
2060,de-2.platformsh.site
2061,ks.us
2062,ac.rw
2063,gov.kg
2064,s3-fips.us-west-2.amazonaws.com
2065,box.ca
2066,gov.la
2067,edu.ba
2068,rovigo.it
2069,org.qa
2070,s3-website-us-west-1.amazonaws.com
2071,edu.ru
2072,geek.nz
2073,gov.ve
2074,wpmudev.host
2075,ca-central-1.elasticbeanstalk.com
2076,flowers
2077,nsupdate.info
2078,org.jm
2079,hokkaido.jp
2080,psi.br
2081,spdns.eu
2082,va.it
2083,edu.kh
2084,selfip.net
2085,florist
2086,lease
2087,telebit.io
2088,fukuoka.jp
2089,wy.us
2090,gr.com
2091,net.mm
2092,xn--80aswg
2093,locker
2094,osaka.jp
2095,etc.br
2096,co.om
2097,feedback
2098,man
2099,moi
2100,oxon.sch.uk
2101,physio
2102,auth-fips.us-gov-west-1.amazoncognito.com
2103,us.platformsh.site
2104,ac.ru
2105,ip-ddns.com
2106,office
2107,accesscam.org
2108,camdvr.org
2109,ed.cr
2110,gen.nz
2111,gn
2112,gov.zm
2113,api.gov.uk
2114,kyoto.jp
2115,uk.gateway.dev
2116,net.gt
2117,org.ee
2118,reserve-online.net
2119,df.r.appspot.com
2120,it.ao
2121,libp2p.direct
2122,sellfy.store
2123,com.ba
2124,mt.us
2125,drayddns.com
2126,edu.gy
2127,gov.ly
2128,kharkiv.ua
2129,malopolska.pl
2130,career
2131,fishing
2132,gop
2133,gucci
2134,kalisz.pl
2135,us-west2.run.app
2136,cruises
2137,log.br
2138,ngo.za
2139,nh.us
2140,villas
2141,kherson.ua
2142,net.ba
2143,deloitte
2144,marche.it
2145,rehab
2146,s3-fips.dualstack.us-east-1.amazonaws.com
2147,torun.pl
2148,me-south-1.elb.amazonaws.com
2149,edu.krd
2150,ltda
2151,to.gov.br
2152,vusercontent.net
2153,accountants
2154,com.az
2155,spa
2156,ss
2157,essex.sch.uk
2158,gov.me
2159,sc.cn
2160,edu.lk
2161,joburg
2162,torino.it
2163,us-west1.run.app
2164,g12.br
2165,info.ve
2166,padova.it
2167,xii.jp
2168,flir
2169,framercanvas.com
2170,homedns.org
2171,auth.ca-central-1.amazoncognito.com
2172,gov.af
2173,uk-1.platformsh.site
2174,gov.mz
2175,moo.jp
2176,gov.bz
2177,gov.tm
2178,sx.cn
2179,xn--ses554g
2180,us-sanjose-1.oci.customer-oci.com
2181,staffs.sch.uk
2182,ut.us
2183,mil.pl
2184,x0.com
2185,centralus.azurecontainer.io
2186,co.pl
2187,com.ws
2188,democrat
2189,familyds.com
2190,org.zw
2191,perugia.it
2192,sn.cn
2193,ddns-ip.net
2194,dentist
2195,k12.ct.us
2196,dyndns-server.com
2197,gov.sy
2198,loseyourip.com
2199,mil.ru
2200,wesley.replit.dev
2201,aem.page
2202,com.ye
2203,edu.mm
2204,sardegna.it
2205,barsy.bg
2206,fvg.it
2207,ggff.net
2208,na.it
2209,tn.us
2210,tw.cn
2211,eu.ngrok.io
2212,k12.tx.us
2213,meteorapp.com
2214,aquila.it
2215,maison
2216,myftp.biz
2217,ras.ru
2218,sicilia.it
2219,us-phoenix-1.oraclecloudapps.com
2220,dscloud.biz
2221,flickr
2222,org.ws
2223,edu.sy
2224,hi.cn
2225,kindle
2226,nb.ca
2227,cci.fr
2228,maori.nz
2229,org.ir
2230,ac.mz
2231,seoul.kr
2232,aichi.jp
2233,dynalias.net
2234,giving
2235,gob.cu
2236,honda
2237,singles
2238,gov.pg
2239,saitama.jp
2240,uw.gov.pl
2241,ap-northeast-2.elasticbeanstalk.com
2242,blr1.digitaloceanspaces.com
2243,cloudns.org
2244,edu.tt
2245,vda.it
2246,yn.cn
2247,cloudaccess.net
2248,dy.fi
2249,toyota
2250,sa.it
2251,al.it
2252,keymachine.de
2253,ngo.ph
2254,org.ma
2255,s3.me-central-1.amazonaws.com
2256,studio.eu-central-1.sagemaker.aws
2257,www.compute.amazonaws.com
2258,godaddy
2259,kyoto
2260,homelinux.net
2261,net.ni
2262,organic
2263,com.cm
2264,gs.cn
2265,hb.cn
2266,catering
2267,edu.ps
2268,execute-api.eu-south-2.amazonaws.com
2269,spot
2270,degree
2271,firenze.it
2272,aq
2273,cs.it
2274,org.ge
2275,outsystemscloud.com
2276,readthedocs-hosted.com
2277,withyoutube.com
2278,af-south-1.elb.amazonaws.com
2279,netgamers.jp
2280,auth.ap-northeast-1.amazoncognito.com
2281,net.ws
2282,s3.nl-ams.scw.cloud
2283,orange
2284,us-sea-1.linodeobjects.com
2285,xn--d1acj3b
2286,co.na
2287,ismaili
2288,osaka
2289,qh.cn
2290,syncloud.it
2291,xn--6qq986b3xl
2292,com.ee
2293,lincs.sch.uk
2294,mo.cn
2295,rgr.jp
2296,attorney
2297,dyndns-remote.com
2298,edu.za
2299,studio.us-east-2.sagemaker.aws
2300,url.tw
2301,ap.gov.br
2302,cc.ca.us
2303,imizu.toyama.jp
2304,net.kg
2305,rs.ba
2306,chu.jp
2307,ac.fj
2308,iki.fi
2309,int.la
2310,le.it
2311,xj.cn
2312,barsyonline.co.uk
2313,sgp1.vultrobjects.com
2314,xn--gecrj9c
2315,derbyshire.sch.uk
2316,esq
2317,eu-5.platformsh.site
2318,he.cn
2319,i.ng
2320,k12.me.us
2321,vi.it
2322,cf-ipfs.com
2323,ngrok-free.dev
2324,sr.gov.pl
2325,xn--io0a7i
2326,com.lk
2327,dsmynas.com
2328,dyndns-web.com
2329,net.mv
2330,re.it
2331,edu.af
2332,es.kr
2333,eu-south-2.elb.amazonaws.com
2334,forex
2335,gdynia.pl
2336,mayfirst.org
2337,org.mo
2338,pd.it
2339,us-lax-1.linodeobjects.com
2340,chiba.jp
2341,cn.it
2342,myasustor.com
2343,org.sv
2344,service.one
2345,tatar
2346,theater
2347,us.platform.sh
2348,webspaceconfig.de
2349,inf.ua
2350,logoip.de
2351,nsn.us
2352,org.bz
2353,pa.it
2354,webhosting.be
2355,ac.bw
2356,auth.ap-southeast-2.amazoncognito.com
2357,cloudflare-ipfs.com
2358,ftr
2359,poltava.ua
2360,loginto.me
2361,monash
2362,net.ye
2363,neustar
2364,or.ug
2365,ac.vn
2366,gliwice.pl
2367,k12.al.us
2368,kolobrzeg.pl
2369,org.pa
2370,dyndns.ws
2371,gov.na
2372,org.ro
2373,rio.br
2374,rm.it
2375,total
2376,xn--90ae
2377,ac.pg
2378,cornwall.sch.uk
2379,ew.gateway.dev
2380,k12.az.us
2381,lib.oh.us
2382,abbvie
2383,com.zm
2384,global.prod.fastly.net
2385,me.it
2386,no-ip.net
2387,org.kh
2388,servepics.com
2389,dedibox.fr
2390,ford
2391,gov.cl
2392,mb.it
2393,chips.jp
2394,eu-4.platformsh.site
2395,hyogo.jp
2396,lib.mn.us
2397,mh
2398,na4u.ru
2399,ngrok.dev
2400,pulawy.pl
2401,avocat.fr
2402,bihar.in
2403,hatenadiary.org
2404,xn--3ds443g
2405,gov.sl
2406,km
2407,lutsk.ua
2408,net.ht
2409,dnsalias.org
2410,edu.bh
2411,eu-2.platformsh.site
2412,norfolk.sch.uk
2413,tuxfamily.org
2414,creditcard
2415,k12.la.us
2416,lib.md.us
2417,ap-southeast-2.elasticbeanstalk.com
2418,fool.jp
2419,gos.pk
2420,gov.lr
2421,orangecloud.tn
2422,pe.ca
2423,piemonte.it
2424,surgery
2425,us-3.evennode.com
2426,vt.us
2427,aeroport.fr
2428,an.gateway.dev
2429,edu.al
2430,elblag.pl
2431,iwate.jp
2432,nara.jp
2433,org.na
2434,s3-website-ap-southeast-1.amazonaws.com
2435,us-gov-west-1.elasticbeanstalk.com
2436,c66.us-east-1.airflow.amazonaws.com
2437,devon.sch.uk
2438,gov.fj
2439,jor.br
2440,liguria.it
2441,pro.typeform.com
2442,seg.br
2443,yk.ca
2444,bham.sch.uk
2445,chernigov.ua
2446,rsc.contentproxy9.cz
2447,ac.gov.br
2448,edu.sd
2449,genova.it
2450,hiphop
2451,mattel
2452,pv.it
2453,shiksha
2454,uw.r.appspot.com
2455,xn--o3cw4h
2456,edu.mv
2457,ibaraki.jp
2458,okinawa.jp
2459,slupsk.pl
2460,stackhero-network.com
2461,cloudns.ch
2462,com.bt
2463,goo
2464,java
2465,kumamoto.jp
2466,org.hn
2467,servep2p.com
2468,xz.cn
2469,ddnss.org
2470,fukushima.jp
2471,in-berlin.de
2472,zappos
2473,chirurgiens-dentistes.fr
2474,net.mk
2475,noor.jp
2476,s3.eu-central-2.amazonaws.com
2477,sc.ke
2478,xn--3e0b707e
2479,com.kg
2480,czest.pl
2481,gouv.ml
2482,info.hu
2483,servequake.com
2484,allownetworkplayables.usercontent.goog
2485,com.fr
2486,gunma.jp
2487,k12.mt.us
2488,okayama.jp
2489,channelsdvr.net
2490,def.br
2491,mc.it
2492,net.bo
2493,phd
2494,try-snowplow.com
2495,com.ky
2496,gov.bw
2497,gov.lt
2498,gov.sd
2499,politie
2500,zap.cloud
2501,bytom.pl
2502,club.tw
2503,dynalias.org
2504,homelinux.com
2505,tc.br
2506,australia-southeast1.run.app
2507,com.sy
2508,does-it.net
2509,edu.ye
2510,ifm
2511,nat.tn
2512,s3.ap-northeast-3.amazonaws.com
2513,radio.br
2514,us1.advisor.ws
2515,weir
2516,blackfriday
2517,ct.it
2518,eu.pythonanywhere.com
2519,sch.ae
2520,gripe
2521,mex.com
2522,pioneer
2523,sony
2524,act.edu.au
2525,eero.online
2526,gov.zw
2527,hermes
2528,med.ec
2529,mond.jp
2530,s3-object-lambda.us-east-1.amazonaws.com
2531,schulserver.de
2532,theshop.jp
2533,brescia.it
2534,bucks.sch.uk
2535,cloudns.cl
2536,doomdns.com
2537,relay.evervault.app
2538,tires
2539,aomori.jp
2540,cc.ms.us
2541,cc.ua
2542,gov.ws
2543,ipfs.w3s.link
2544,lomo.jp
2545,lon1.digitaloceanspaces.com
2546,mo.it
2547,net.ma
2548,net.mt
2549,org.gg
2550,org.ls
2551,org.mm
2552,tas.edu.au
2553,auto.pl
2554,condos
2555,edu.ky
2556,ewr1.vultrobjects.com
2557,k12.md.us
2558,republican
2559,sa-east-1.elasticbeanstalk.com
2560,viajes
2561,beep.pl
2562,boutir.com
2563,fr-par-2.baremetal.scw.cloud
2564,nf.ca
2565,ud.it
2566,xn--tckwe
2567,airforce
2568,el.r.appspot.com
2569,gouv.sn
2570,gov.ps
2571,homelinux.org
2572,net.uy
2573,pub.instances.scw.cloud
2574,s3-object-lambda.us-east-2.amazonaws.com
2575,u.channelsdvr.net
2576,worcs.sch.uk
2577,au.platformsh.site
2578,auth.us-west-1.amazoncognito.com
2579,cloudns.be
2580,mods.jp
2581,prof
2582,sandvik
2583,fbxos.fr
2584,gloucs.sch.uk
2585,kagoshima.jp
2586,org.kz
2587,s3.dualstack.ca-central-1.amazonaws.com
2588,ac.zm
2589,ap-northeast-3.elb.amazonaws.com
2590,atmeta.com
2591,ne.us
2592,richmond.sch.uk
2593,bio.br
2594,crimea.ua
2595,xn--h2brj9c
2596,nagano.jp
2597,net.eu.org
2598,org.mz
2599,s3-website-ap-northeast-1.amazonaws.com
2600,sch.ir
2601,vr.it
2602,za.org
2603,edu.bn
2604,esp.br
2605,eu-frankfurt-1.oci.customer-oci.com
2606,mielec.pl
2607,repl.run
2608,sarl
2609,skr.jp
2610,edu.lv
2611,familyds.net
2612,from.hr
2613,gen.in
2614,k12.nm.us
2615,mn.it
2616,priv.at
2617,southamerica-east1.run.app
2618,ae.org
2619,ctfcloud.net
2620,voto
2621,ca-1.platformsh.site
2622,ge.it
2623,gov.mw
2624,is-a.dev
2625,ms.kr
2626,org.hu
2627,org.je
2628,prato.it
2629,sch.ng
2630,hiroshima.jp
2631,org.bw
2632,shoparena.pl
2633,aem.live
2634,ap-southeast-7.elb.amazonaws.com
2635,cloudns.nz
2636,elk.pl
2637,fnc.fr-par.scw.cloud
2638,il-central-1.elb.amazonaws.com
2639,mil.ar
2640,pri.ee
2641,enfield.sch.uk
2642,functions.fnc.fr-par.scw.cloud
2643,nieruchomosci.pl
2644,simplesite.com
2645,toshiba
2646,ciao.jp
2647,crd.co
2648,dontexist.com
2649,gdansk.pl
2650,gov.ye
2651,hiho.jp
2652,itau
2653,myshopblocks.com
2654,plc.uk
2655,shell
2656,studio.ap-southeast-1.sagemaker.aws
2657,tottori.jp
2658,us-east5.run.app
2659,co.ae
2660,co.mw
2661,crown
2662,dnsfor.me
2663,flutterflow.app
2664,niigata.jp
2665,org.ni
2666,sakuraweb.com
2667,stockport.sch.uk
2668,vet.br
2669,volyn.ua
2670,xn--5tzm5g
2671,dns.northflank.app
2672,dyndns-office.com
2673,mazury.pl
2674,mil.ve
2675,org.et
2676,org.fj
2677,edu.zm
2678,fc.it
2679,net.qa
2680,reise
2681,bologna.it
2682,cheshire.sch.uk
2683,lazio.it
2684,mie.jp
2685,szkola.pl
2686,bergamo.it
2687,cellar-c2.services.clever-cloud.com
2688,com.bb
2689,execute-api.cn-north-1.amazonaws.com.cn
2690,kiwi.nz
2691,ong.br
2692,site.transip.me
2693,va2.snowflake.app
2694,yamanashi.jp
2695,eu.int
2696,rc.it
2697,rs.webaccel.jp
2698,s3.dualstack.ap-southeast-3.amazonaws.com
2699,trieste.it
2700,bolton.sch.uk
2701,cloudns.biz
2702,cumbria.sch.uk
2703,travel.pl
2704,tychy.pl
2705,rr.gov.br
2706,xn--fiqz9s
2707,calabria.it
2708,cloudaccess.host
2709,gov.mg
2710,leics.sch.uk
2711,media.pl
2712,mygov.bd
2713,suffolk.sch.uk
2714,webhop.biz
2715,com.lr
2716,de.r.appspot.com
2717,dns-cloud.net
2718,notts.sch.uk
2719,pisz.pl
2720,ryukyu
2721,s3-fips-us-gov-west-1.amazonaws.com
2722,tv.tr
2723,us-5.magentosite.cloud
2724,verona.it
2725,xn--55qx5d.cn
2726,zeabur.app
2727,an.it
2728,dns-dynamic.net
2729,gov.so
2730,net.pa
2731,sp.leg.br
2732,bolt.host
2733,europe-north1.run.app
2734,lib.ia.us
2735,mma
2736,myfritz.link
2737,org.rw
2738,rdy.jp
2739,curitiba.br
2740,dorset.sch.uk
2741,myjino.ru
2742,wilts.sch.uk
2743,firm.in
2744,gov.gn
2745,lib.me.us
2746,matrix.jp
2747,nl-ams-1.baremetal.scw.cloud
2748,no.it
2749,pg.it
2750,ri.us
2751,rybnik.pl
2752,vipsinaapp.com
2753,walbrzych.pl
2754,bielsko.pl
2755,blogdns.com
2756,donetsk.ua
2757,eu-central-2.elb.amazonaws.com
2758,floripa.br
2759,fr-4.platformsh.site
2760,gov.cm
2761,liara.run
2762,poa.br
2763,webhop.org
2764,xn--90a3ac
2765,analytics
2766,gifu.jp
2767,odesa.ua
2768,org.sz
2769,s3.dualstack.eu-south-1.amazonaws.com
2770,serveblog.net
2771,service.gov.scot
2772,taifun-dns.de
2773,weber
2774,bsb.br
2775,emrnotebooks-prod.ap-south-1.amazonaws.com
2776,fr-3.platformsh.site
2777,glasgow.sch.uk
2778,gov.pr
2779,myspreadshop.de
2780,pi.it
2781,ra.it
2782,towerhamlets.sch.uk
2783,uksouth.azurecontainer.io
2784,xn--c1avg
2785,xn--node
2786,edu.so
2787,eu.meteorapp.com
2788,fastvps-server.com
2789,gmo
2790,gov.sb
2791,mil.my
2792,selfip.org
2793,ch.it
2794,co.ro
2795,europe-west9.run.app
2796,gov.gd
2797,legnica.pl
2798,org.lv
2799,rj.r.appspot.com
2800,icp0.io
2801,iwi.nz
2802,landrover
2803,ni.sch.uk
2804,northants.sch.uk
2805,campania.it
2806,cloudns.ph
2807,cx.ua
2808,deal
2809,dnsdojo.com
2810,dyndns-home.com
2811,hackney.sch.uk
2812,heteml.net
2813,idf.il
2814,info.ro
2815,k12.id.us
2816,k12.ut.us
2817,net.sb
2818,hot
2819,sjc1.vultrobjects.com
2820,vb.it
2821,eu-west-2.awsapprunner.com
2822,filegear-sg.me
2823,js.wpenginepowered.com
2824,kpmg
2825,kuleuven.cloud
2826,manchester.sch.uk
2827,azure-mobile.net
2828,heyflow.site
2829,mil.ng
2830,my-router.de
2831,mycloudnas.com
2832,org.kw
2833,s3-object-lambda.us-west-2.amazonaws.com
2834,wal.app
2835,zuerich
2836,coop.py
2837,de.cool
2838,konin.pl
2839,modena.it
2840,net.et
2841,podhale.pl
2842,servemp3.com
2843,versicherung
2844,abruzzo.it
2845,durham.sch.uk
2846,encr.app
2847,org.tn
2848,s3.dualstack.me-south-1.amazonaws.com
2849,warwickshire.sch.uk
2850,cambs.sch.uk
2851,edu.bt
2852,ent.platform.sh
2853,gov.dm
2854,gov.ee
2855,lib.il.us
2856,med.pl
2857,mydobiss.com
2858,slask.pl
2859,ai.in
2860,ap.it
2861,fr.it
2862,odo.br
2863,reit
2864,ve.it
2865,vs.mythic-beasts.com
2866,xn--j6w193g
2867,ap-south-2.elb.amazonaws.com
2868,cz.it
2869,lewisham.sch.uk
2870,sa.gov.pl
2871,sch.lk
2872,sv.it
2873,compare
2874,execute-api.af-south-1.amazonaws.com
2875,nh-serv.co.uk
2876,notebook.eu-west-1.sagemaker.aws
2877,org.al
2878,org.tt
2879,pr.it
2880,ac.mw
2881,kpn
2882,mcdir.ru
2883,s3-website.ap-south-1.amazonaws.com
2884,tochigi.jp
2885,ap-tokyo-1.oci.customer-oci.com
2886,cr.it
2887,execute-api.eu-south-1.amazonaws.com
2888,execute-api.us-gov-east-1.amazonaws.com
2889,k12.ky.us
2890,k8s.fr-par.scw.cloud
2891,napoli.it
2892,s3-website-ap-southeast-2.amazonaws.com
2893,ap-south-1.awsapprunner.com
2894,auth-fips.us-east-1.amazoncognito.com
2895,nu.ca
2896,s3.ap-southeast-5.amazonaws.com
2897,schuldock.de
2898,under.jp
2899,venezia.it
2900,vfs.cloud9.us-east-2.amazonaws.com
2901,yamagata.jp
2902,gouv.ht
2903,jelastic.saveincloud.net
2904,noip.us
2905,onporter.run
2906,pc.it
2907,ts.r.appspot.com
2908,uk-london-1.oraclecloudapps.com
2909,xn--t60b56a
2910,4lima.de
2911,abogado
2912,ca.it
2913,europe-west4.hosted.app
2914,familyds.org
2915,fe.it
2916,malbork.pl
2917,xn--czru2d
2918,bv
2919,co.mu
2920,firewall-gateway.de
2921,info.np
2922,mittwaldserver.info
2923,psc.br
2924,temp-dns.com
2925,woodside
2926,ai.kr
2927,anz
2928,fm.br
2929,kop.id
2930,statebank
2931,tv.it
2932,umbria.it
2933,aig
2934,com.gn
2935,cyon.site
2936,dyndns-at-home.com
2937,gov.sc
2938,lel.br
2939,lib.tx.us
2940,s3-website.eu-west-2.amazonaws.com
2941,saga.jp
2942,so.gov.pl
2943,vpnplus.to
2944,web.ve
2945,fg.it
2946,fukui.jp
2947,nimsite.uk
2948,nodes.k8s.fr-par.scw.cloud
2949,org.jo
2950,priv.no
2951,pro.in
2952,s3-us-gov-east-1.amazonaws.com
2953,serveminecraft.net
2954,so.it
2955,syd1.digitaloceanspaces.com
2956,xn--czr694b
2957,ltd.ua
2958,org.ug
2959,trentino.it
2960,vgs.no
2961,wixstudio.io
2962,edu.lr
2963,from-ks.com
2964,glogow.pl
2965,jio
2966,lu.it
2967,mat.br
2968,me.ke
2969,net.kw
2970,net.pg
2971,powiat.pl
2972,servehumour.com
2973,turek.pl
2974,ai.vn
2975,ao.it
2976,co.je
2977,edu.ht
2978,is-a-geek.com
2979,mypi.co
2980,axa
2981,daa.jp
2982,gu
2983,guitars
2984,homeunix.net
2985,seg.ar
2986,va.snowflake.app
2987,dealer
2988,k12.wy.us
2989,mazeplay.com
2990,pgw.jp
2991,pz.it
2992,stockholm
2993,us.ngrok.io
2994,w-sussex.sch.uk
2995,ac.mu
2996,av.it
2997,cfolks.pl
2998,gmina.pl
2999,ishikawa.jp
3000,net.eg
3001,sells-it.net
3002,site.rb-hosting.io
3003,chintai
3004,co.gy
3005,execute-api.il-central-1.amazonaws.com
3006,jaworzno.pl
3007,n-yorks.sch.uk
3008,nov.ru
3009,palermo.it
3010,pr.leg.br
3011,sopot.pl
3012,wloclawek.pl
3013,zone.id
3014,ap-singapore-1.oraclecloudapps.com
3015,ehime.jp
3016,eu-north-1.elasticbeanstalk.com
3017,mg.leg.br
3018,mil.nz
3019,pol.tr
3020,ppg.br
3021,s3.pl-waw.scw.cloud
3022,tech.orange
3023,xn--qxam
3024,ba.it
3025,brasilia.me
3026,camden.sch.uk
3027,cieszyn.pl
3028,com.vu
3029,fage
3030,iran.liara.run
3031,is-by.us
3032,mil.pe
3033,my-gateway.de
3034,olecko.pl
3035,talk
3036,tm.pl
3037,us-3.magentosite.cloud
3038,us-a1.magentosite.cloud
3039,vfs.cloud9.us-east-1.amazonaws.com
3040,aaa
3041,akita.jp
3042,call
3043,gov.kn
3044,iliadboxos.it
3045,mil.gt
3046,org.ly
3047,parliament.nz
3048,site.tb-hosting.com
3049,spb.su
3050,store.ro
3051,swidnica.pl
3052,wielun.pl
3053,yahoo
3054,co.gg
3055,gov.ls
3056,ham-radio-op.net
3057,jcloud.kz
3058,mil.bd
3059,oita.jp
3060,org.pg
3061,pc.pl
3062,podzone.net
3063,rec.br
3064,schmidt
3065,applinzi.com
3066,aq.it
3067,as.r.appspot.com
3068,bmoattachments.org
3069,boo.jp
3070,com.ht
3071,dd-dns.de
3072,eurodir.ru
3073,execute-api.me-central-1.amazonaws.com
3074,netlib.re
3075,nysa.pl
3076,org.bt
3077,pisa.it
3078,se.net
3079,www.compute-1.amazonaws.com
3080,asia-east1.hosted.app
3081,azeastus2prod.snowflake.app
3082,coop.np
3083,from-de.com
3084,gov.lc
3085,net.gh
3086,northeurope.azurecontainer.io
3087,ss.it
3088,sunnyday.jp
3089,bromley.sch.uk
3090,ca-west-1.elb.amazonaws.com
3091,cluster030.hosting.ovh.net
3092,edu.me
3093,emp.br
3094,fujitsu
3095,ip-dynamic.org
3096,lib.wi.us
3097,rutland.sch.uk
3098,xn--4dbrk0ce
3099,bn.it
3100,coventry.sch.uk
3101,io.in
3102,jp-osa-1.linodeobjects.com
3103,prod3.snowflake.app
3104,radio.fm
3105,s3-eu-north-1.amazonaws.com
3106,server-on.net
3107,shopware.store
3108,suzuki
3109,us-ord-1.linodeobjects.com
3110,wakayama.jp
3111,at.it
3112,com.mu
3113,dnsup.net
3114,eek.jp
3115,ilawa.pl
3116,j.layershift.co.uk
3117,jcloud.ik-server.com
3118,lc.it
3119,miyazaki.jp
3120,official.ec
3121,riik.ee
3122,s3.dualstack.ap-northeast-2.amazonaws.com
3123,sch.sa
3124,seat
3125,zarow.pl
3126,aberdeen.sch.uk
3127,allfinanz
3128,info.az
3129,jcb
3130,nu.it
3131,org.af
3132,workisboring.com
3133,xn--9dbq2a
3134,bhz.br
3135,juegos
3136,nagasaki.jp
3137,org.mw
3138,static.observableusercontent.com
3139,tank.jp
3140,vv.it
3141,webspace-host.com
3142,akamaized-staging.net
3143,cim.br
3144,com.kp
3145,dyndns-free.com
3146,open
3147,ri.it
3148,s3.dualstack.ap-southeast-5.amazonaws.com
3149,suwalki.pl
3150,val.run
3151,wiki.br
3152,bedzin.pl
3153,cn-north-1.eb.amazonaws.com.cn
3154,edu.eu.org
3155,edu.sl
3156,europe-southwest1.run.app
3157,far.br
3158,idv.hk
3159,ikano
3160,net.bw
3161,net.cy
3162,pay
3163,s3-fips.us-west-1.amazonaws.com
3164,s3.dualstack.ap-southeast-2.amazonaws.com
3165,tp.it
3166,us-gov-east-1.elasticbeanstalk.com
3167,xn--12co0c3b4eva.xn--o3cw4h
3168,agric.za
3169,apigee.io
3170,base.shop
3171,bournemouth.sch.uk
3172,bridgestone
3173,e-sussex.sch.uk
3174,edgeapp.net
3175,edu.bz
3176,feste-ip.net
3177,gov.nl
3178,lapy.pl
3179,lomza.pl
3180,samsung
3181,sp.it
3182,trust
3183,biz.my
3184,helioho.st
3185,leeds.sch.uk
3186,lib.ee
3187,lo.it
3188,mil.do
3189,pe.it
3190,pointto.us
3191,powys.sch.uk
3192,sa-saopaulo-1.oci.customer-oci.com
3193,sm.ua
3194,supabase.in
3195,xn--kpry57d
3196,xn--ngbc5azd
3197,auth.ap-south-1.amazoncognito.com
3198,cloudns.pro
3199,cprapid.com
3200,cremona.it
3201,delta
3202,dsmynas.net
3203,fast
3204,freesite.host
3205,freight.aero
3206,gb
3207,gov.to
3208,gov.vc
3209,homeftp.net
3210,info.bd
3211,lbhf.sch.uk
3212,lebork.pl
3213,mango
3214,me-jeddah-1.oci.customer-oci.com
3215,newcastle.sch.uk
3216,notebook.us-west-2.sagemaker.aws
3217,org.az
3218,s3-fips.dualstack.us-east-2.amazonaws.com
3219,sa.ngrok.io
3220,sdmntprnortheurope.oaiusercontent.com
3221,select
3222,siena.it
3223,thruhere.net
3224,tmp.br
3225,ug.gov.pl
3226,vlog.br
3227,awsuseast2.snowflake.app
3228,collegefan.org
3229,edu.mz
3230,hzc.io
3231,ingress-erytho.ewp.live
3232,iobb.net
3233,islington.sch.uk
3234,lovesick.jp
3235,lubin.pl
3236,mil.cn
3237,mircloud.host
3238,mit
3239,nab
3240,nico
3241,nom.co
3242,nt.edu.au
3243,org.im
3244,ostroda.pl
3245,pu.it
3246,uzhgorod.ua
3247,ap-singapore-1.oci.customer-oci.com
3248,caxias.br
3249,co.fk
3250,dkonto.pl
3251,gov.mu
3252,medecin.fr
3253,mil.kr
3254,oa.r.appspot.com
3255,oslo.no
3256,s3.ap-south-2.amazonaws.com
3257,shimane.jp
3258,you2.pl
3259,ca.reclaim.cloud
3260,edu.kp
3261,eu-frankfurt-1.oraclecloudapps.com
3262,gov.mr
3263,ibm
3264,jotelulu.cloud
3265,mishima.shizuoka.jp
3266,ostrowiec.pl
3267,s3.dualstack.eu-north-1.amazonaws.com
3268,sci.eg
3269,secret.jp
3270,shiga.jp
3271,asia-south1.run.app
3272,derby.sch.uk
3273,gorlice.pl
3274,gov.gi
3275,jelastic.dogado.eu
3276,lamborghini
3277,live-on.net
3278,or.it
3279,pt.it
3280,xn--fiq228c5hs
3281,ap.ngrok.io
3282,c17.us-west-2.airflow.amazonaws.com
3283,dudley.sch.uk
3284,ealing.sch.uk
3285,is.it
3286,me.in
3287,mypsx.net
3288,sener
3289,como.it
3290,eu-3.magentosite.cloud
3291,fr.eu.org
3292,harrow.sch.uk
3293,im.it
3294,leadpages.co
3295,lib.mo.us
3296,myaddr.io
3297,net.jo
3298,s-lanark.sch.uk
3299,s3-website.ap-east-1.amazonaws.com
3300,s3-website.ap-northeast-2.amazonaws.com
3301,solihull.sch.uk
3302,tarnobrzeg.pl
3303,xn--e1a4c
3304,agro.pl
3305,ar.it
3306,creditunion
3307,edu.mg
3308,eu-central-1.compute.amazonaws.com
3309,gniezno.pl
3310,hidns.vip
3311,like
3312,myspreadshop.co.uk
3313,net-freaks.com
3314,net.az
3315,office-on-the.net
3316,pin
3317,secure
3318,servecounterstrike.com
3319,shop.hu
3320,www.digitaloceanspaces.com
3321,xn--vuq861b
3322,ac.sz
3323,bari.it
3324,eun.eg
3325,halfmoon.jp
3326,msk.su
3327,net.fj
3328,ostroleka.pl
3329,sc.ug
3330,teva
3331,bing
3332,drive
3333,home-webserver.de
3334,id-cgk-1.linodeobjects.com
3335,k12.ne.us
3336,k12.nv.us
3337,msd
3338,notebook.us-east-2.sagemaker.aws
3339,oxa.cloud
3340,point2this.com
3341,s3.dualstack.eu-west-3.amazonaws.com
3342,s3.dualstack.us-gov-west-1.amazonaws.com
3343,wigan.sch.uk
3344,xn--y9a3aq
3345,xx.kg
3346,ciscofreak.com
3347,cn.eu.org
3348,dyndns-work.com
3349,fot.br
3350,id.repl.co
3351,jnj
3352,lovable.run
3353,mil.cl
3354,on-web.fr
3355,org.bh
3356,sas
3357,servehalflife.com
3358,stoke.sch.uk
3359,tsk.tr
3360,xn--rhqv96g
3361,bristol.sch.uk
3362,cloudns.asia
3363,com.lc
3364,du.r.appspot.com
3365,dyndns-at-work.com
3366,go.leg.br
3367,ia.br
3368,id.ir
3369,is-certified.com
3370,jc.neen.it
3371,k12.ak.us
3372,kasuga.fukuoka.jp
3373,mx-queretaro-1.oci.customer-oci.com
3374,nikita.jp
3375,nyat.app
3376,omg.lol
3377,org.kg
3378,tche.br
3379,ulsan.kr
3380,us-west-2.compute.amazonaws.com
3381,v.ua
3382,activetrail.biz
3383,com.uz
3384,dds
3385,diskstation.org
3386,hereford.sch.uk
3387,is-a-geek.net
3388,klodzko.pl
3389,labeling.us-west-2.sagemaker.aws
3390,latina.it
3391,net.bn
3392,netflix
3393,nissan
3394,pepper.jp
3395,read-books.org
3396,s3-accesspoint.us-west-2.amazonaws.com
3397,sampa.br
3398,ta.it
3399,velvet.jp
3400,vscode-frontend.devinapps.com
3401,watches
3402,whm.fr-par.scw.cloud
3403,wjg.jp
3404,xn--h3cuzk1di.xn--o3cw4h
3405,xn--ngbrx
3406,ag.it
3407,auth.eu-west-3.amazoncognito.com
3408,beds.sch.uk
3409,bexley.sch.uk
3410,cagliari.it
3411,campinas.br
3412,co.ni
3413,com.tt
3414,george
3415,gov.ck
3416,homeunix.org
3417,hounslow.sch.uk
3418,is-cool.dev
3419,ju.mp
3420,k12.nh.us
3421,karpacz.pl
3422,net.ck
3423,oldham.sch.uk
3424,on-fleek.app
3425,read
3426,rep.kp
3427,ricoh
3428,sj
3429,turystyka.pl
3430,cluster028.hosting.ovh.net
3431,cluster100.hosting.ovh.net
3432,dfirma.pl
3433,k12.il
3434,nra
3435,olawa.pl
3436,org.ky
3437,parma.it
3438,rg.it
3439,s3-website.cn-northwest-1.amazonaws.com.cn
3440,saloon.jp
3441,vig
3442,vinnica.ua
3443,vix.br
3444,xn--12c1fe0br.xn--o3cw4h
3445,adachi.tokyo.jp
3446,airbus
3447,ap-southeast-4.elb.amazonaws.com
3448,ato.br
3449,bbs.tr
3450,cardiff.sch.uk
3451,cleverapps.io
3452,dep.no
3453,eu-west-3.awsapprunner.com
3454,kicks-ass.org
3455,leicester.sch.uk
3456,lib.ok.us
3457,me-south-1.elasticbeanstalk.com
3458,nl.eu.org
3459,rj.leg.br
3460,rs.leg.br
3461,s3-website-sa-east-1.amazonaws.com
3462,sc.tz
3463,xn--mgberp4a5d4ar
3464,zgierz.pl
3465,balena-devices.com
3466,basicserver.io
3467,craft.me
3468,doesntexist.com
3469,foggia.it
3470,gmail
3471,goiania.br
3472,mtn
3473,pharmacien.fr
3474,tv.in
3475,westus.azurecontainer.io
3476,xn--vhquv
3477,af-south-1.elasticbeanstalk.com
3478,arte
3479,asia-southeast2.run.app
3480,bnr.la
3481,forumz.info
3482,from-pr.com
3483,gov.fk
3484,jgora.pl
3485,k12.tn.us
3486,lug.org.uk
3487,myrdbx.io
3488,newham.sch.uk
3489,org.lk
3490,parallel.jp
3491,square7.ch
3492,srv.us
3493,vanguard
3494,www.elb.amazonaws.com
3495,bialowieza.pl
3496,cba
3497,chicappa.jp
3498,cluster031.hosting.ovh.net
3499,com.ss
3500,croydon.sch.uk
3501,czeladz.pl
3502,damnserver.com
3503,docs
3504,et.r.appspot.com
3505,eu.platformsh.site
3506,europe-west12.run.app
3507,lecce.it
3508,my-firewall.org
3509,now-dns.net
3510,pomorze.pl
3511,rovno.ua
3512,sos.pl
3513,southwark.sch.uk
3514,static.hf.space
3515,web.val.run
3516,xn--xhq521b
3517,brent.sch.uk
3518,catania.it
3519,edu.la
3520,fnd.br
3521,icbc
3522,livorno.it
3523,mints.ne.jp
3524,name.np
3525,no-ip.ca
3526,oops.jp
3527,ribeirao.br
3528,s3-website.eu-west-3.amazonaws.com
3529,salvador.br
3530,school.za
3531,servebolt.cloud
3532,uk.oxa.cloud
3533,westus2.azurecontainer.io
3534,abrdns.com
3535,afl
3536,ancona.it
3537,beta.wmcloud.org
3538,bom
3539,cdn.cloudflareanycast.net
3540,co.cm
3541,dot
3542,eastasia.azurecontainer.io
3543,edu.bi
3544,eu-south-1.elasticbeanstalk.com
3545,gr.it
3546,hu.net
3547,kfh
3548,kochi.jp
3549,llp
3550,mil.gh
3551,mlb
3552,mx-central-1.elb.amazonaws.com
3553,net.ge
3554,nike
3555,pp.se
3556,s3.dualstack.us-gov-east-1.amazonaws.com
3557,schaeffler
3558,sheffield.sch.uk
3559,smart
3560,somerset.sch.uk
3561,trento.it
3562,vp4.me
3563,w-corp-staticblitz.com
3564,zero
3565,12hp.de
3566,daegu.kr
3567,edu.lc
3568,fldrv.com
3569,hodluxebindon.beget.app
3570,lib.al.us
3571,servebbs.com
3572,tcp4.me
3573,vc.it
3574,walmart
3575,zagan.pl
3576,bolt.hu
3577,cb.it
3578,dyndns.dappnode.io
3579,editorx.io
3580,edu.tm
3581,extraspace
3582,gwangju.kr
3583,io.kr
3584,kutno.pl
3585,me.kr
3586,myhome-server.de
3587,net.cu
3588,net.im
3589,nn.r.appspot.com
3590,port.fr
3591,rochdale.sch.uk
3592,s3-website.cn-north-1.amazonaws.com.cn
3593,save
3594,taveusercontent.com
3595,walsall.sch.uk
3596,barsy.support
3597,ch-1.platformsh.site
3598,edin.sch.uk
3599,eu-3.platformsh.site
3600,hicam.net
3601,hk.com
3602,lib.ny.us
3603,lucca.it
3604,medusajs.app
3605,murmansk.su
3606,name.my
3607,org.ae
3608,radio.am
3609,rimini.it
3610,s3.dualstack.ap-east-1.amazonaws.com
3611,shropshire.sch.uk
3612,southeastasia.azurecontainer.io
3613,vivo
3614,vpndns.net
3615,xn--3bst00m
3616,2ix.de
3617,appengine.flow.ch
3618,bt.it
3619,co.bz
3620,francecentral.azurecontainer.io
3621,gov.ss
3622,hidns.co
3623,hlx.live
3624,info.ec
3625,littlestar.jp
3626,merton.sch.uk
3627,pictet
3628,protection
3629,rn.it
3630,s3-website.eu-west-1.amazonaws.com
3631,tatamotors
3632,toray
3633,utazas.hu
3634,wandsworth.sch.uk
3635,williamhill
3636,xn--hxt814e
3637,xn--unup4y
3638,0am.jp
3639,arezzo.it
3640,australiaeast.azurecontainer.io
3641,case
3642,coop.ar
3643,crap.jp
3644,cuneo.it
3645,dynserv.org
3646,gov.ms
3647,homeunix.com
3648,lima-city.rocks
3649,lowicz.pl
3650,molise.it
3651,myspreadshop.fr
3652,org.bn
3653,org.la
3654,pescara.it
3655,rich
3656,sandwell.sch.uk
3657,sanok.pl
3658,star
3659,te.it
3660,versus.jp
3661,we.bs
3662,ap-3.magentosite.cloud
3663,arab
3664,asia-east2.run.app
3665,barnet.sch.uk
3666,edu.ci
3667,emrnotebooks-prod.ap-southeast-1.amazonaws.com
3668,erni
3669,execute-api.ap-south-2.amazonaws.com
3670,game-server.cc
3671,gkp.pk
3672,gok.pk
3673,got
3674,istmein.de
3675,lundbeck
3676,mini
3677,museum.no
3678,o365.cloud.nospamproxy.com
3679,org.bb
3680,ota.tokyo.jp
3681,s3-ap-northeast-2.amazonaws.com
3682,sjc.br
3683,tameside.sch.uk
3684,to.leg.br
3685,us-4.magentosite.cloud
3686,web.lk
3687,5g.in
3688,bieszczady.pl
3689,bl.it
3690,blogsite.org
3691,boleslawiec.pl
3692,bona.jp
3693,bradford.sch.uk
3694,com.sd
3695,dynathome.net
3696,e2b.app
3697,ex.futurecms.at
3698,hanoi.vn
3699,hillingdon.sch.uk
3700,info.bo
3701,lecco.it
3702,nikolaev.ua
3703,novara.it
3704,phone
3705,quicksytes.com
3706,room
3707,s3.ap-southeast-4.amazonaws.com
3708,softbank
3709,xn--d1alf
3710,akdn
3711,am.in
3712,aol
3713,au.ngrok.io
3714,brighton-hove.sch.uk
3715,cc.il.us
3716,cloudjiffy.net
3717,com.bs
3718,dsmynas.org
3719,dvrcam.info
3720,edu.bs
3721,execute-api.ap-northeast-3.amazonaws.com
3722,framer.ai
3723,geekgalaxy.com
3724,hiv
3725,itv
3726,lambeth.sch.uk
3727,li.it
3728,mail.pl
3729,medway.sch.uk
3730,mein-iserv.de
3731,mil.uy
3732,myddns.rocks
3733,nat.cu
3734,northamerica-northeast1.run.app
3735,noticeable.news
3736,pfizer
3737,priv.pl
3738,rep.br
3739,s3-accesspoint.us-east-1.amazonaws.com
3740,si.it
3741,tokushima.jp
3742,ubs
3743,us.reclaim.cloud
3744,ap-east-1.elasticbeanstalk.com
3745,app.render.com
3746,broadway
3747,co.bi
3748,definima.net
3749,expo.app
3750,haringey.sch.uk
3751,mt.leg.br
3752,net.ly
3753,net.om
3754,nl-ams-1.linodeobjects.com
3755,pe.leg.br
3756,plymouth.sch.uk
3757,project.space
3758,rag-cloud-ch.hosteur.com
3759,ravpage.co.il
3760,rr.leg.br
3761,us-sanjose-1.oraclecloudapps.com
3762,uwu.ai
3763,vt.it
3764,wokingham.sch.uk
3765,xn--54b7fta0cc
3766,xn--g2xx48c
3767,ac.leg.br
3768,aquarelle
3769,beats
3770,biella.it
3771,cdn77-storage.com
3772,com.cv
3773,hisamitsu
3774,hitachi
3775,is-saved.org
3776,j.scaleforce.net
3777,k12.ks.us
3778,lanxess
3779,mil.bo
3780,minato.tokyo.jp
3781,naklo.pl
3782,pecori.jp
3783,pi.leg.br
3784,press.ma
3785,recife.br
3786,sejny.pl
3787,swindon.sch.uk
3788,target
3789,tv.bo
3790,xn--nqv7f
3791,xn--xkc2dl3a5ee0h
3792,2-d.jp
3793,abkhazia.su
3794,aco
3795,augustow.pl
3796,better-than.tv
3797,bi.it
3798,book
3799,co.business
3800,co.mg
3801,com.ci
3802,draydns.de
3803,dyn-o-saur.com
3804,from-nd.com
3805,hasura-app.io
3806,kingston.sch.uk
3807,natal.br
3808,nerdpol.ovh
3809,net.tn
3810,on.crisp.email
3811,oracle
3812,s3-fips.us-east-2.amazonaws.com
3813,stargard.pl
3814,szczytno.pl
3815,tech.ec
3816,abc.br
3817,alt.za
3818,angus.sch.uk
3819,ap-northeast-1.compute.amazonaws.com
3820,asti.it
3821,auth.sa-east-1.amazoncognito.com
3822,cc.ks.us
3823,ipiranga
3824,is-a-personaltrainer.com
3825,jaguar
3826,lib.wa.us
3827,med.ly
3828,mil.za
3829,panasonic
3830,pistoia.it
3831,public-inquiry.uk
3832,s3-website.us-west-1.amazonaws.com
3833,starachowice.pl
3834,studio.eu-west-2.sagemaker.aws
3835,sutton.sch.uk
3836,tn.oxa.cloud
3837,yamaguchi.jp
3838,at.eu.org
3839,belem.br
3840,bosch
3841,chambagri.fr
3842,daito.osaka.jp
3843,deta.app
3844,discover
3845,doomdns.org
3846,edu.bb
3847,eu-4.evennode.com
3848,execute-api.eu-central-2.amazonaws.com
3849,fr-par-1.baremetal.scw.cloud
3850,heliohost.us
3851,info.ke
3852,jeez.jp
3853,miniserver.com
3854,mysecuritycamera.com
3855,rn.leg.br
3856,safety
3857,sandcats.io
3858,selfip.biz
3859,sells-for-u.com
3860,soc.dz
3861,soc.srcf.net
3862,squares.net
3863,swinoujscie.pl
3864,xerox
3865,aju.br
3866,asso.dz
3867,ba.leg.br
3868,bcn
3869,blogdns.net
3870,can.re
3871,chase
3872,cluster027.hosting.ovh.net
3873,deca.jp
3874,diskstation.eu
3875,dopaas.com
3876,imamat
3877,is-a-guru.com
3878,jll
3879,jmp
3880,kg.kr
3881,manaus.br
3882,mil.jo
3883,nba
3884,notebook-fips.us-east-2.sagemaker.aws
3885,r.cdn77.net
3886,s3.ca-west-1.amazonaws.com
3887,s3.dualstack.cn-northwest-1.amazonaws.com.cn
3888,sakuratan.com
3889,shop.brendly.rs
3890,stufftoread.com
3891,treviso.it
3892,vistablog.ir
3893,web.pk
3894,xn--55qx5d.xn--j6w193g
3895,a465-9q4k.cloudera.site
3896,at.ex.futurecms.at
3897,at.kunden.ortsinfo.at
3898,bbc
3899,bicudo.nom.br
3900,buyshop.jp
3901,cfa
3902,co.ca
3903,edogawa.tokyo.jp
3904,emrnotebooks-prod.us-west-2.amazonaws.com
3905,ens.tn
3906,eu-west-1.compute.amazonaws.com
3907,ketrzyn.pl
3908,l-o-g-i-n.de
3909,labeling.us-east-1.sagemaker.aws
3910,limanowa.pl
3911,lpl
3912,o0o0.jp
3913,olkusz.pl
3914,org.kp
3915,org.mv
3916,org.om
3917,pavia.it
3918,pru
3919,pruszkow.pl
3920,routingthecloud.net
3921,soundcast.me
3922,stackit.run
3923,swiebodzin.pl
3924,udine.it
3925,va3.snowflake.app
3926,xn--kput3i
3927,yun
3928,114.xmit.co
3929,auth.eu-south-1.amazoncognito.com
3930,bostik
3931,buy
3932,execute-api.ca-west-1.amazonaws.com
3933,flop.jp
3934,from-ct.com
3935,hackclub.app
3936,mragowo.pl
3937,org.ag
3938,org.so
3939,panel.gg
3940,plq.nom.br
3941,pordenone.it
3942,pub.sa
3943,rivne.ua
3944,salerno.it
3945,sassari.it
3946,ven.it
3947,webadorsite.com
3948,wow
3949,xn--55qx5d.hk
3950,xn--kprw13d
3951,xn--s9brj9c
3952,zakopane.pl
3953,ally
3954,biz.in
3955,busan.kr
3956,c17.us-east-1.airflow.amazonaws.com
3957,cn.in
3958,com.sc
3959,convex.site
3960,danang.vn
3961,dojin.com
3962,dundeecity.sch.uk
3963,dvr
3964,edu.sn
3965,element--q-y-u-aj-a-g-nx-io.quipelements.com
3966,europe-central2.run.app
3967,game.tw
3968,greenwich.sch.uk
3969,hachinohe.aomori.jp
3970,jls-sto1.elastx.net
3971,jp.ngrok.io
3972,kanazawa.ishikawa.jp
3973,lib.ky.us
3974,lima.zone
3975,lukow.pl
3976,monza.it
3977,my-wan.de
3978,myphotos.cc
3979,net.gy
3980,not.br
3981,paas.datacenter.fi
3982,simple-url.com
3983,song
3984,tul.ec
3985,tula.su
3986,vfs.cloud9.us-west-2.amazonaws.com
3987,w-staticblitz.com
3988,webspace.rocks
3989,xn--mgba3a4f16a
3990,zhitomir.ua
3991,aland.fi
3992,asia-northeast3.run.app
3993,auth.eu-north-1.amazoncognito.com
3994,broke-it.net
3995,cluster023.hosting.ovh.net
3996,cust.disrec.thingdust.io
3997,de-2.tst.site
3998,demon.nl
3999,dnsdojo.org
4000,experts-comptables.fr
4001,feira.br
4002,foz.br
4003,in.ngrok.io
4004,jls-sto3.elastx.net
4005,myspreadshop.it
4006,netfy.app
4007,nom.pe
4008,org.ba
4009,org.gy
4010,pa.leg.br
4011,pn.it
4012,raindrop.jp
4013,sumomo.ne.jp
4014,theatre
4015,townnews-staging.com
4016,unusualperson.com
4017,w-berks.sch.uk
4018,webhop.info
4019,xn--mgbayh7gpa
4020,zgorzelec.pl
4021,auspost
4022,azeastus2prodshard2.snowflake.app
4023,azwesteurope.snowflake.app
4024,bozen.it
4025,cl.it
4026,cloudns.us
4027,cluster029.hosting.ovh.net
4028,com.so
4029,community-pro.de
4030,cuisinella
4031,dk.eu.org
4032,dlugoleka.pl
4033,firewall-gateway.com
4034,from-ca.com
4035,from-la.net
4036,go.it
4037,gv.ao
4038,hotmail
4039,is-a-geek.org
4040,joinville.br
4041,lib.nj.us
4042,maringa.br
4043,mil.py
4044,mtr
4045,net.lv
4046,org.iq
4047,otsuka
4048,pgafan.net
4049,pid
4050,prudential
4051,qsl.br
4052,sakura.tv
4053,securitytactics.com
4054,us-east4.hosted.app
4055,vscode-eqmcfdepbactqeoa.devinapps.com
4056,wn.r.appspot.com
4057,xn--80ao21a
4058,xn--i1b6b1a6a2e
4059,ap-mumbai-1.oraclecloudapps.com
4060,au-2.platformsh.site
4061,auth-fips.us-east-2.amazoncognito.com
4062,auth-fips.us-west-2.amazoncognito.com
4063,author
4064,barefoot
4065,cloudns.club
4066,dnsiskinky.com
4067,doncaster.sch.uk
4068,dubai
4069,fm.it
4070,from-ar.com
4071,game-host.org
4072,koshigaya.saitama.jp
4073,lezajsk.pl
4074,lib.ca.us
4075,messina.it
4076,mielno.pl
4077,moto
4078,mt.it
4079,org.lr
4080,paas.hosted-by-previder.com
4081,ping
4082,s3-website-us-gov-west-1.amazonaws.com
4083,sch.qa
4084,slough.sch.uk
4085,sr.it
4086,stc
4087,tab
4088,transfer-webapp.eu-west-1.on.aws
4089,vfs.cloud9.eu-central-1.amazonaws.com
4090,x443.pw
4091,ac.ls
4092,beskidy.pl
4093,cbn
4094,clan.rip
4095,cloudns.cc
4096,cust.prod.thingdust.io
4097,go.dyndns.org
4098,grocery
4099,homedepot
4100,it.kr
4101,jampa.br
4102,jls-sto2.elastx.net
4103,lplfinancial
4104,lt.it
4105,net.fk
4106,nom.fr
4107,nottingham.sch.uk
4108,omega
4109,on-the-web.tv
4110,on-vapor.com
4111,ott
4112,sorocaba.br
4113,studio.ap-south-1.sagemaker.aws
4114,taobao
4115,tvs
4116,us-mia-1.linodeobjects.com
4117,veterinaire.fr
4118,video.hu
4119,walter
4120,weblike.jp
4121,x.mythic-beasts.com
4122,xn--mgbaam7a8h
4123,zara
4124,ams1.vultrobjects.com
4125,at.futurecms.at
4126,baidu
4127,cal
4128,cechire.com
4129,cluster020.hosting.ovh.net
4130,co.place
4131,emerck
4132,fujisawa.kanagawa.jp
4133,gmx
4134,hbo
4135,homesecuritypc.com
4136,icp1.io
4137,in.futurecms.at
4138,info.la
4139,ipns.dweb.link
4140,lib.sc.us
4141,marriott
4142,ntr.br
4143,org.dz
4144,prime
4145,prod1.snowflake.app
4146,ro.it
4147,s3.dualstack.cn-north-1.amazonaws.com.cn
4148,serveexchange.com
4149,servesarcasm.com
4150,sew
4151,shinagawa.tokyo.jp
4152,sina
4153,toshima.tokyo.jp
4154,varese.it
4155,verse.jp
4156,vicenza.it
4157,vm.bytemark.co.uk
4158,voting
4159,xn--55qw42g
4160,xn--fjq720a
4161,xn--io0a7i.cn
4162,xn--mgbca7dzdo
4163,xn--wgbh1c
4164,amfam
4165,barsy.in
4166,bbt
4167,bcg
4168,bestbuy
4169,ce.leg.br
4170,cloud-ip.cc
4171,cuiaba.br
4172,dns.bd
4173,emrnotebooks-prod.us-west-1.amazonaws.com
4174,eu-5.magentosite.cloud
4175,fortal.br
4176,hotel
4177,ibaraki.osaka.jp
4178,infiniti
4179,krasnik.pl
4180,lego
4181,localtonet.com
4182,lolipopmc.jp
4183,mantova.it
4184,net.kh
4185,northumberland.sch.uk
4186,org.cv
4187,podlasie.pl
4188,polkowice.pl
4189,praxi
4190,red.sv
4191,rexroth
4192,rogers
4193,s3-object-lambda.ap-southeast-1.amazonaws.com
4194,s3.dualstack.af-south-1.amazonaws.com
4195,sieradz.pl
4196,suginami.tokyo.jp
4197,swatch
4198,tgory.pl
4199,vfs.cloud9.ap-northeast-1.amazonaws.com
4200,website-us-east-1.linodeobjects.com
4201,whoswho
4202,wien.funkfeuer.at
4203,xbox
4204,aarp
4205,at.ex.ortsinfo.at
4206,audnedaln.no
4207,baseball
4208,bloomberg
4209,cc.ok.us
4210,cc.or.us
4211,ch.eu.org
4212,citi
4213,co.dk
4214,cosenza.it
4215,dell
4216,dtv
4217,emrstudio-prod.us-west-2.amazonaws.com
4218,for-our.info
4219,from-ny.net
4220,from.tv
4221,gov.ml
4222,gsm.pl
4223,hughes
4224,hyatt
4225,imperia.it
4226,jelastic.team
4227,media.hu
4228,miasta.pl
4229,mls
4230,myeffect.net
4231,net.ai
4232,niteroi.br
4233,notebook.ap-northeast-1.sagemaker.aws
4234,opal.ne.jp
4235,opensocial.site
4236,org.sb
4237,org.sy
4238,potenza.it
4239,ril
4240,s3-ap-east-1.amazonaws.com
4241,seven
4242,southcentralus.azurecontainer.io
4243,stada
4244,tm.ro
4245,tr.it
4246,typedream.app
4247,ukwest.azurecontainer.io
4248,vfs.cloud9.eu-west-1.amazonaws.com
4249,visa
4250,vladimir.ru
4251,a.se
4252,adobeio-static.net
4253,agakhan
4254,alessandria.it
4255,bir.ru
4256,booking
4257,bplaced.de
4258,bunkyo.tokyo.jp
4259,c0.eu-central-1.airflow.amazonaws.com
4260,cc.ga.us
4261,cc.mi.us
4262,com.cw
4263,com.gy
4264,com.ki
4265,eat
4266,element-e-w-j-aj-a-hh-o-xa.quipelements.com
4267,eu-6.magentosite.cloud
4268,ferrero
4269,fuchu.tokyo.jp
4270,heiyu.space
4271,ind.er
4272,info.in
4273,int.ar
4274,iz.hr
4275,kr.it
4276,lib.co.us
4277,likescandy.com
4278,myspreadshop.se
4279,ne.tz
4280,net.ir
4281,nfl
4282,obi
4283,s3-website.ap-northeast-3.amazonaws.com
4284,serveftp.org
4285,uji.kyoto.jp
4286,uk.eu.org
4287,vfs.cloud9.eu-west-2.amazonaws.com
4288,virgin
4289,xn--h2brj9c8c
4290,xn--qxa6a
4291,accenture
4292,aetna
4293,aliases121.com
4294,aosta.it
4295,arts.ro
4296,atsugi.kanagawa.jp
4297,caravan
4298,cc.ia.us
4299,chanel
4300,com.bi
4301,com.mg
4302,deci.jp
4303,dnp
4304,dnsdojo.net
4305,edu.cv
4306,emrnotebooks-prod.eu-west-1.amazonaws.com
4307,epson
4308,ericsson
4309,final
4310,fire
4311,folkebibl.no
4312,gru.br
4313,holy.jp
4314,home.dyndns.org
4315,hyundai
4316,is-a-blogger.com
4317,jp.eu.org
4318,jprs
4319,kirara.st
4320,kirklees.sch.uk
4321,mazowsze.pl
4322,me-dubai-1.oci.customer-oci.com
4323,mint
4324,myspreadshop.nl
4325,nowruz
4326,ostrowwlkp.pl
4327,publ.cv
4328,s3-website.af-south-1.amazonaws.com
4329,safe
4330,tci
4331,transfer-webapp.us-east-1.on.aws
4332,vic.au
4333,wed
4334,xn--czrs0t
4335,xn--fhbei
4336,xn--fzc2c9e2c
4337,xn--mgba7c0bbn0a
4338,xn--mgbab2bd
4339,xn--ygbi2ammx
4340,a4.cloudera.site
4341,alibaba
4342,asda
4343,br.it
4344,c0.eu-west-1.airflow.amazonaws.com
4345,c20.eu-west-1.airflow.amazonaws.com
4346,c5.eu-central-1.airflow.amazonaws.com
4347,citadel
4348,cust.testing.thingdust.io
4349,dr.in
4350,dynvpn.de
4351,edu.ml
4352,edu.pg
4353,europe-west6.run.app
4354,fidelity
4355,gets-it.net
4356,grajewo.pl
4357,it.eu.org
4358,kilo.jp
4359,lasalle
4360,lhr1.vultrobjects.com
4361,lib.va.us
4362,mil.kh
4363,mormon
4364,musica.ar
4365,nis.za
4366,nowtv
4367,odawara.kanagawa.jp
4368,ollo
4369,playstation
4370,pnc
4371,polandcentral.azurecontainer.io
4372,riopreto.br
4373,s3-website.ap-southeast-3.amazonaws.com
4374,s3-website.ca-central-1.amazonaws.com
4375,saga.saga.jp
4376,servegame.org
4377,sfr
4378,shouji
4379,silk
4380,temasek
4381,ternopil.ua
4382,topaz.ne.jp
4383,weather
4384,xn--1ck2e1b
4385,xn--3hcrj9c
4386,xn--j1aef
4387,123hjemmeside.dk
4388,alipay
4389,allstate
4390,americanexpress
4391,americanfamily
4392,anjo.aichi.jp
4393,b0.cloudera.site
4394,banamex
4395,bolzano.it
4396,ca-toronto-1.oraclecloudapps.com
4397,candypop.jp
4398,capitalone
4399,cbre
4400,cloud-ip.biz
4401,co.az
4402,commbank
4403,conwy.sch.uk
4404,digick.jp
4405,ecn.br
4406,gov.ki
4407,hdfcbank
4408,intuit
4409,is-found.org
4410,lincoln
4411,lotto
4412,milton-keynes.sch.uk
4413,nc.tr
4414,netbank
4415,osasco.br
4416,reservd.disrec.thingdust.io
4417,s3.dualstack.sa-east-1.amazonaws.com
4418,sandvikcoromant
4419,shangrila
4420,sld.pa
4421,sohu
4422,tateyama.toyama.jp
4423,um.gov.pl
4424,us.eu.org
4425,viva
4426,wodzislaw.pl
4427,xn--2scrj9c
4428,xn--mxtq1m
4429,xn--nqv7fs00ema
4430,yodobashi
4431,611.to
4432,aeg
4433,amica
4434,auth.il-central-1.amazoncognito.com
4435,base.ec
4436,blogdns.org
4437,bmd.br
4438,bofa
4439,c19.eu-west-1.airflow.amazonaws.com
4440,cable-modem.org
4441,calvinklein
4442,cruise
4443,edu.sb
4444,fedex
4445,firmdale
4446,gap
4447,gea
4448,gog.pk
4449,hdfc
4450,ieee
4451,is-lost.org
4452,jeep
4453,juniper
4454,kagawa.jp
4455,lds
4456,lefrak
4457,lt.ua
4458,luz.nom.br
4459,mil.lv
4460,ms.it
4461,nagaoka.niigata.jp
4462,neat-url.com
4463,net.gn
4464,net.nr
4465,ngrok.pro
4466,norton
4467,privatelink.snowflake.app
4468,redumbrella
4469,reggioemilia.it
4470,rwe
4471,s3-website.sa-east-1.amazonaws.com
4472,sagamihara.kanagawa.jp
4473,samsclub
4474,sch.ly
4475,shibuya.tokyo.jp
4476,sling
4477,slz.br
4478,swidnik.pl
4479,the.br
4480,travelers
4481,viking
4482,weibo
4483,wirral.sch.uk
4484,xn--45brj9c
4485,xn--imr513n
4486,xn--l1acc
4487,xn--od0alg.cn
4488,xn--qcka1pmc
4489,xn--wgbl6a
4490,able
4491,act.au
4492,auth.ap-east-1.amazoncognito.com
4493,barueri.br
4494,bms
4495,calderdale.sch.uk
4496,catholic
4497,cc.tx.us
4498,clinique
4499,cluster021.hosting.ovh.net
4500,com.gl
4501,coolblog.jp
4502,coupon
4503,dish
4504,emrappui-prod.us-west-2.amazonaws.com
4505,endofinternet.net
4506,eu.encoway.cloud
4507,fem.jp
4508,fido
4509,film.hu
4510,for-the.biz
4511,forum.hu
4512,from-ia.com
4513,grainger
4514,hb.cldmail.ru
4515,hobby-site.com
4516,homeftp.org
4517,homegoods
4518,homesense
4519,i.ph
4520,imdb
4521,ip6.arpa
4522,jab.br
4523,jdf.br
4524,kuokgroup
4525,liverpool.sch.uk
4526,mil.np
4527,mobi.ng
4528,modx.dev
4529,myaddr.dev
4530,myspreadshop.net
4531,net.bz
4532,nishikatsura.yamanashi.jp
4533,notebook.eu-central-1.sagemaker.aws
4534,notebook.eu-west-2.sagemaker.aws
4535,nowaruda.pl
4536,nsw.au
4537,ntdll.top
4538,perso.sn
4539,pinoko.jp
4540,reading.sch.uk
4541,redbridge.sch.uk
4542,rieti.it
4543,ro.leg.br
4544,selfip.info
4545,southend.sch.uk
4546,srht.site
4547,taa.it
4548,tiaa
4549,tjmaxx
4550,tkmaxx
4551,ts.it
4552,utwente.io
4553,wafflecell.com
4554,xn--1qqw23a
4555,xn--4gbrim
4556,xn--fct429k
4557,xn--otu796d
4558,xn--pgbs0dh
4559,xn--w4rs40l
4560,yokosuka.kanagawa.jp
4561,0t0.jp
4562,ac.fk
4563,ap.gov.pl
4564,at.in.futurecms.at
4565,auth.ap-northeast-2.amazoncognito.com
4566,benevento.it
4567,boehringer
4568,bss.design
4569,c20.us-east-1.airflow.amazonaws.com
4570,c73.us-east-1.airflow.amazonaws.com
4571,cluster003.hosting.ovh.net
4572,cluster010.hosting.ovh.net
4573,com.pf
4574,ditchyourip.com
4575,dr.tr
4576,e-dunbarton.sch.uk
4577,element--jd-g-aj-ac35-es.quipelements.com
4578,eu-amsterdam-1.oraclecloudapps.com
4579,eufrankfurt.snowflake.app
4580,europe-north2.run.app
4581,fairwinds
4582,frogans
4583,frontier
4584,gallup
4585,gangwon.kr
4586,goodyear
4587,hachioji.tokyo.jp
4588,havering.sch.uk
4589,heavy.jp
4590,hiratsuka.kanagawa.jp
4591,ilovecollege.info
4592,is-a-techie.com
4593,kaszuby.pl
4594,kitahiroshima.hokkaido.jp
4595,lcube-server.de
4596,leitungsen.de
4597,lib.pa.us
4598,lifeinsurance
4599,maceio.br
4600,mil.er
4601,nec
4602,nflfan.org
4603,notebook.ap-southeast-2.sagemaker.aws
4604,objects.rma.cloudscale.ch
4605,opencraft.hosting
4606,org.fk
4607,reliance
4608,s3-website.ap-southeast-1.amazonaws.com
4609,s3.dualstack.ap-northeast-3.amazonaws.com
4610,sc.kr
4611,sefton.sch.uk
4612,shia
4613,tdk
4614,tor1.digitaloceanspaces.com
4615,trd.br
4616,udi.br
4617,ufcfan.org
4618,up.in
4619,website-eu-central-1.linodeobjects.com
4620,workspace-manager-api.builder.code.com
4621,x0.to
4622,a.prod.fastly.net
4623,ap-southeast-2.compute.amazonaws.com
4624,appchizi.com
4625,audible
4626,brindisi.it
4627,c11.us-east-1.airflow.amazonaws.com
4628,circle
4629,cluster024.hosting.ovh.net
4630,dupont
4631,edu.vu
4632,en.it
4633,endofinternet.org
4634,farmers
4635,ferrari
4636,ftpaccess.cc
4637,golffan.us
4638,helsinki
4639,hippy.jp
4640,hkt
4641,hotel.lk
4642,ibxos.it
4643,is-into-games.com
4644,jelenia-gora.pl
4645,joy
4646,jpmorgan
4647,k8s.nl-ams.scw.cloud
4648,kaisei.kanagawa.jp
4649,kashiwara.osaka.jp
4650,kita.tokyo.jp
4651,kurume.fukuoka.jp
4652,likes-pie.com
4653,lima-city.at
4654,lugansk.ua
4655,m.se
4656,macerata.it
4657,merckmsd
4658,mil.ni
4659,moonscale.net
4660,mypets.ws
4661,n-ayrshire.sch.uk
4662,nikon
4663,nissay
4664,notebook.ap-east-1.sagemaker.aws
4665,nyanta.jp
4666,org.bs
4667,org.sd
4668,oristano.it
4669,per.jo
4670,s3.dualstack.eu-south-2.amazonaws.com
4671,shopselect.net
4672,smile
4673,smtp.magentosite.cloud
4674,teramo.it
4675,tmall
4676,toyama.toyama.jp
4677,uh-oh.jp
4678,ups
4679,us-west3.run.app
4680,vana
4681,vfs.cloud9.ap-northeast-2.amazonaws.com
4682,vfs.cloud9.ap-southeast-2.amazonaws.com
4683,vinnytsia.ua
4684,xn--11b4c3d
4685,xn--30rr7y
4686,xn--9krt00a
4687,xn--fiq64b
4688,xn--flw351e
4689,xn--lgbbat1ad8j
4690,xn--mgba3a3ejt
4691,xn--mix891f
4692,xn--nyqy26a
4693,xn--rovu88b
4694,xnbay.com
4695,zabc.net
4696,2ix.ch
4697,airtel
4698,alstom
4699,api.br
4700,apps-1and1.net
4701,babia-gora.pl
4702,bielawa.pl
4703,biz.mv
4704,bolivia.bo
4705,business.in
4706,c1.eu-central-1.airflow.amazonaws.com
4707,c1.us-west-2.airflow.amazonaws.com
4708,c11.eu-west-1.airflow.amazonaws.com
4709,c20.us-west-2.airflow.amazonaws.com
4710,c43.us-east-1.airflow.amazonaws.com
4711,caserta.it
4712,co.education
4713,com.st
4714,dix.asia
4715,doesntexist.org
4716,dscloud.mobi
4717,emrstudio-prod.us-east-1.amazonaws.com
4718,enterprisecloud.nu
4719,eu-zurich-1.oraclecloudapps.com
4720,exnet.su
4721,firm.ro
4722,flog.br
4723,from-pa.com
4724,gallo
4725,girly.jp
4726,hangout
4727,in-maa-1.linodeobjects.com
4728,ingatlan.hu
4729,iserv.host
4730,kerryproperties
4731,kosher
4732,law.za
4733,maif
4734,mil.by
4735,mimoza.jp
4736,net.ms
4737,nodes.k8s.nl-ams.scw.cloud
4738,nokia
4739,northcentralus.azurecontainer.io
4740,notebook.sa-east-1.sagemaker.aws
4741,org.mn
4742,ot.it
4743,pars
4744,pccw
4745,piacenza.it
4746,plock.pl
4747,pomorskie.pl
4748,progressive
4749,richardli
4750,skype
4751,streamlitapp.com
4752,studio.ap-southeast-2.sagemaker.aws
4753,suzuka.mie.jp
4754,syno-ds.de
4755,targi.pl
4756,tjx
4757,trafford.sch.uk
4758,trapani.it
4759,trv
4760,ullensaker.no
4761,us-west-2.experiments.sagemaker.aws
4762,volvo
4763,warmia.pl
4764,weatherchannel
4765,webthings.io
4766,wme
4767,xen.prgmr.com
4768,xn--b4w605ferd
4769,xn--cck2b3b
4770,xn--gk3at1e
4771,xn--jvr189m
4772,xn--mgbi4ecexp
4773,xn--xkc2al3hye2a
4774,xn--zfr164b
4775,yamaxun
4776,yao.osaka.jp
4777,2ix.at
4778,aid.pl
4779,altoadige.it
4780,amagasaki.hyogo.jp
4781,asahikawa.hokkaido.jp
4782,asso.eu.org
4783,athleta
4784,avellino.it
4785,biz.at
4786,blockbuster
4787,blush.jp
4788,brochieri.nom.br
4789,c01.kr
4790,c13.eu-west-1.airflow.amazonaws.com
4791,c13.us-west-2.airflow.amazonaws.com
4792,c18.eu-west-1.airflow.amazonaws.com
4793,c33.us-west-2.airflow.amazonaws.com
4794,c5.us-west-2.airflow.amazonaws.com
4795,c68.us-east-1.airflow.amazonaws.com
4796,cloudns.cx
4797,co.network
4798,com.er
4799,comsec
4800,datsun
4801,dunlop
4802,ebetsu.hokkaido.jp
4803,edgesuite-staging.net
4804,firestone
4805,flintshire.sch.uk
4806,fly
4807,fresenius
4808,from-mt.com
4809,gob.pk
4810,hatinh.vn
4811,higashimatsushima.miyagi.jp
4812,hotels
4813,iamallama.com
4814,int.in
4815,int.ru
4816,isla.pr
4817,k12.ec
4818,kia
4819,krasnodar.su
4820,latino
4821,me-dubai-1.oraclecloudapps.com
4822,mymediapc.net
4823,net.er
4824,net.jm
4825,nextdirect
4826,notebook.ap-south-1.sagemaker.aws
4827,notebook.us-west-1.sagemaker.aws
4828,ny-2.paas.massivegrid.net
4829,olayan
4830,org.ck
4831,org.me
4832,org.to
4833,pages.torproject.net
4834,pb.ao
4835,podzone.org
4836,portsmouth.sch.uk
4837,pvt.ge
4838,rag-cloud.hosteur.com
4839,reservd.testing.thingdust.io
4840,s3-website.eu-south-2.amazonaws.com
4841,s3-website.fr-par.scw.cloud
4842,s3.dualstack.eu-central-2.amazonaws.com
4843,scholarships
4844,sebastopol.ua
4845,siracusa.it
4846,staples
4847,takasaki.gunma.jp
4848,tenri.nara.jp
4849,tm.za
4850,travelersinsurance
4851,ubank
4852,us-east-2.compute.amazonaws.com
4853,us-south1.run.app
4854,ustka.pl
4855,waltham.sch.uk
4856,whitesnow.jp
4857,wpdevcloud.com
4858,xn--42c2d9a
4859,xn--bck1b9a5dre4c
4860,xn--cg4bki
4861,xn--clchc0ea0b2g2a9gcd
4862,xn--fpcrj9c3d
4863,xn--kcrx77d1x4a
4864,xn--vermgensberatung-pwb
4865,ylcu-atmi.cloudera.site
4866,aberdeenshire.sch.uk
4867,ac.pk
4868,apps-1and1.com
4869,aramco
4870,australiasoutheast.azurecontainer.io
4871,biz.pk
4872,blogsyte.com
4873,c0.us-east-1.airflow.amazonaws.com
4874,c1.eu-west-1.airflow.amazonaws.com
4875,cbg.ru
4876,cherkasy.ua
4877,cipriani
4878,co.am
4879,co.bd
4880,com.ug
4881,daemon.panel.gg
4882,des.br
4883,dev.futurecms.at
4884,ec2-e-236-94-153.compute-1.amazonaws.com
4885,ec2-e-236-94-245.compute-1.amazonaws.com
4886,from-sc.com
4887,from-tx.com
4888,ggf.br
4889,is-leet.com
4890,izumisano.osaka.jp
4891,k12.vt.us
4892,koga.fukuoka.jp
4893,kurashiki.okayama.jp
4894,latrobe
4895,lexus
4896,locus
4897,ltd.cy
4898,matsudo.chiba.jp
4899,mil.jm
4900,morioka.iwate.jp
4901,my.eu.org
4902,name.eg
4903,net.lr
4904,nom.ni
4905,notebook.ap-southeast-1.sagemaker.aws
4906,now-dns.org
4907,olayangroup
4908,origins
4909,pwc
4910,runs.onstackit.cloud
4911,s3-accesspoint.us-east-2.amazonaws.com
4912,s3.dualstack.me-central-1.amazonaws.com
4913,sa-saopaulo-1.oraclecloudapps.com
4914,sa.au
4915,santoandre.br
4916,secondary.services.clever-cloud.com
4917,shared.lcl.dev
4918,stcgroup
4919,terni.it
4920,thd
4921,tourism.pl
4922,toyonaka.osaka.jp
4923,tr.no
4924,tushu
4925,undo.jp
4926,verisign
4927,watson.jp
4928,web.do
4929,westus3.azurecontainer.io
4930,wolomin.pl
4931,wtc
4932,xihuan
4933,xn--45q11c
4934,xn--gckr3f0f
4935,xn--mgbpl2fh
4936,xn--mgbt3dhd
4937,xn--ogbpf8fl
4938,xn--pssy2u
4939,xn--tiq49xqyj
4940,yokkaichi.mie.jp
4941,4lima.at
4942,akkeshi.hokkaido.jp
4943,al.leg.br
4944,am.br
4945,analytics-gateway.us-east-1.amazonaws.com
4946,ap-sydney-1.oci.customer-oci.com
4947,asker.no
4948,barsy.online
4949,buyshouses.net
4950,c14.eu-west-1.airflow.amazonaws.com
4951,c23.eu-west-1.airflow.amazonaws.com
4952,c29.us-east-1.airflow.amazonaws.com
4953,c36.us-east-1.airflow.amazonaws.com
4954,cloudapps.digital
4955,co.bb
4956,com.mw
4957,edu.ao
4958,edu.ls
4959,endoftheinternet.org
4960,eurovision
4961,for-better.biz
4962,from-ma.com
4963,gitapp.si
4964,guge
4965,ha.no
4966,info.at
4967,info.tn
4968,ingress-florina.ewp.live
4969,inverclyde.sch.uk
4970,itabashi.tokyo.jp
4971,izu.shizuoka.jp
4972,jot
4973,k12.vi
4974,kakegawa.shizuoka.jp
4975,kill.jp
4976,kokubunji.tokyo.jp
4977,lamer
4978,lodi.it
4979,marshalls
4980,mckinsey
4981,me-central2.run.app
4982,naha.okinawa.jp
4983,org.gn
4984,org.vc
4985,oya.to
4986,plo.ps
4987,pohl
4988,poole.sch.uk
4989,saobernardo.br
4990,sc.leg.br
4991,servebbs.net
4992,servebbs.org
4993,settsu.osaka.jp
4994,skoczow.pl
4995,studio.me-central-1.sagemaker.aws
4996,taranto.it
4997,typo3server.info
4998,uk0.bigv.io
4999,unicloud.pl
5000,vaporcloud.io
5001,vfs.cloud9.us-west-1.amazonaws.com
5002,wanggou
5003,www.ro
5004,xn--3pxu8k
5005,xn--8y0a063a
5006,xn--c2br7g
5007,xn--mgb9awbf
5008,xn--mgbai9azgqp6j
5009,xn--mgbc0a9azcg
5010,xn--mgbcpq6gpa1a
5011,xn--mgbtx2b
5012,xn--mgbx4cd0ab
5013,xn--ngbe9e0a
5014,xn--rvc1e0am3e
5015,xn--w4r85el8fhu5dnra
5016,yali.mythic-beasts.com
5017,york.sch.uk
5018,43.xmit.co
5019,ascot.sch.uk
5020,asia-southeast1.hosted.app
5021,auth.me-central-1.amazoncognito.com
5022,bathnes.sch.uk
5023,boomla.net
5024,c17.eu-west-1.airflow.amazonaws.com
5025,c2.eu-central-1.airflow.amazonaws.com
5026,c51.us-east-1.airflow.amazonaws.com
5027,c9.airflow.us-east-1.on.aws
5028,c9.eu-central-1.airflow.amazonaws.com
5029,campobasso.it
5030,catanzaro.it
5031,cloudns.eu
5032,com.gu
5033,com.ml
5034,cyon.link
5035,dclk
5036,delhi.in
5037,dyn.ddnss.de
5038,ee.eu.org
5039,fashionstore.jp
5040,fhsk.se
5041,fst.br
5042,ggee
5043,goldpoint
5044,halton.sch.uk
5045,ingress-baronn.ewp.live
5046,int.eu.org
5047,is-slick.com
5048,jdevcloud.com
5049,jellybean.jp
5050,kasaoka.okayama.jp
5051,kddi
5052,kerryhotels
5053,lib.fl.us
5054,lima-city.ch
5055,mil.zw
5056,myaddr.tools
5057,net.ml
5058,net.rw
5059,net.vc
5060,niimi.okayama.jp
5061,notebook.eu-north-1.sagemaker.aws
5062,objects.lpg.cloudscale.ch
5063,off.ai
5064,official.academy
5065,oncilla.mythic-beasts.com
5066,org.bi
5067,pb.leg.br
5068,perspecta.cloud
5069,po.gov.pl
5070,potager.org
5071,primetel.cloud
5072,pro.cy
5073,ravenna.it
5074,renfrewshire.sch.uk
5075,s3-object-lambda.eu-central-1.amazonaws.com
5076,s3-website.eu-central-2.amazonaws.com
5077,sado.niigata.jp
5078,sakura
5079,seek
5080,shinonsen.hyogo.jp
5081,studio.af-south-1.sagemaker.aws
5082,susono.shizuoka.jp
5083,swedencentral.azurecontainer.io
5084,thick.jp
5085,tlon.network
5086,toyokawa.aichi.jp
5087,us.tst.site
5088,utsunomiya.tochigi.jp
5089,vercelli.it
5090,wl.gateway.dev
5091,xn--80aqecdr1a
5092,xn--fzys8d69uvgm
5093,xn--h2breg3eve
5094,xn--yfro4i67o
5095,12hp.ch
5096,anquan
5097,bharti
5098,blr1.vultrobjects.com
5099,brand.se
5100,bridgend.sch.uk
5101,c0.cloudera.site
5102,c3.eu-central-1.airflow.amazonaws.com
5103,c9.eu-west-1.airflow.amazonaws.com
5104,caltanissetta.it
5105,ci.it
5106,cloudns.pw
5107,cluster006.hosting.ovh.net
5108,cluster011.hosting.ovh.net
5109,com.kunden.ortsinfo.at
5110,cpserver.com
5111,daejeon.kr
5112,deno.net
5113,dh.bytemark.co.uk
5114,dyndns-blog.com
5115,dyndns-wiki.com
5116,e.id
5117,edu.ck
5118,fantasyleague.cc
5119,fi.eu.org
5120,for-more.biz
5121,from-il.com
5122,froya.no
5123,gbiz
5124,genting
5125,handcrafted.jp
5126,hokuto.hokkaido.jp
5127,homesklep.pl
5128,info.mv
5129,ingress-bonde.ewp.live
5130,interactive-browser-eqmcfdepbactqeoa.devinapps.com
5131,is-very-nice.org
5132,ivory.ne.jp
5133,jcloud-ver-jpc.ik-server.com
5134,katsuyama.fukui.jp
5135,kepno.pl
5136,komaki.aichi.jp
5137,leapcell.app
5138,londrina.br
5139,lotte
5140,merthyr.sch.uk
5141,mil.no
5142,mil.tr
5143,museum.om
5144,myspreadshop.ie
5145,name.fj
5146,namerikawa.toyama.jp
5147,nanto.toyama.jp
5148,net.pr
5149,org.pr
5150,otsu.shiga.jp
5151,pagexl.com
5152,peewee.jp
5153,pembrokeshire.sch.uk
5154,per.kh
5155,photo.np
5156,post.in
5157,prod2.snowflake.app
5158,qld.au
5159,s3-accesspoint.eu-west-1.amazonaws.com
5160,salud.bo
5161,shibata.miyagi.jp
5162,shimonoseki.yamaguchi.jp
5163,skien.no
5164,social.br
5165,stalowa-wola.pl
5166,tahara.aichi.jp
5167,tel.tr
5168,teo.br
5169,thurrock.sch.uk
5170,toyota.aichi.jp
5171,tunes
5172,vps-host.net
5173,wakefield.sch.uk
5174,winners
5175,xn--mgbbh1a
5176,xn--vermgensberater-ctb
5177,yokoshibahikari.chiba.jp
5178,1kapp.com
5179,ac.gn
5180,anani.br
5181,ap-east-2.elb.amazonaws.com
5182,arendal.no
5183,art.do
5184,auth.eu-central-2.amazoncognito.com
5185,biz.ck
5186,bizen.okayama.jp
5187,c25.us-east-1.airflow.amazonaws.com
5188,c56.us-east-1.airflow.amazonaws.com
5189,com.bm
5190,com.km
5191,com.sn
5192,couchpotatofries.org
5193,crotone.it
5194,demo.jelastic.com
5195,dt.r.appspot.com
5196,dyn-vpn.de
5197,dyndns1.de
5198,edugit.io
5199,emrappui-prod.us-east-1.amazonaws.com
5200,fermo.it
5201,fr-1.paas.massivegrid.net
5202,from-mn.com
5203,frontend.encr.app
5204,fukuyama.hiroshima.jp
5205,gsj.bz
5206,hk.org
5207,ie.snowflake.app
5208,ingress-daribow.ewp.live
5209,ingress-earth.ewp.live
5210,ingress-haven.ewp.live
5211,iruma.saitama.jp
5212,is-a-good.dev
5213,itami.hyogo.jp
5214,japaneast.azurecontainer.io
5215,knowsitall.info
5216,lacaixa
5217,lynx.mythic-beasts.com
5218,me.tz
5219,museum.mv
5220,nerima.tokyo.jp
5221,net.cm
5222,ngrok.pizza
5223,nic.pg
5224,ns.jm
5225,og.ao
5226,ogawa.saitama.jp
5227,onza.mythic-beasts.com
5228,org.se
5229,prd.fr
5230,presse.ml
5231,pro.fj
5232,pro.mv
5233,rawa-maz.pl
5234,rdv9rfcqjq.code.run
5235,s3-me-south-1.amazonaws.com
5236,s3-object-lambda.ap-northeast-1.amazonaws.com
5237,szex.hu
5238,takatsuki.osaka.jp
5239,tottori.tottori.jp
5240,ts.gateway.dev
5241,twmail.org
5242,unicom
5243,us-chicago-1.oraclecloudapps.com
5244,user.srcf.net
5245,vivian.jp
5246,websozai.jp
5247,wiw.gov.pl
5248,xn--5su34j936bgsg
5249,xn--9et52u
5250,xn--h1aliz.xn--p1acf
5251,xn--mgbai9a5eva00b
5252,xn--mgbgu82a
5253,xn--q7ce6a
5254,a2.cloudera.site
5255,aizuwakamatsu.fukushima.jp
5256,akita.akita.jp
5257,am.leg.br
5258,analytics-gateway.eu-west-1.amazonaws.com
5259,aomori.aomori.jp
5260,at-band-camp.net
5261,belluno.it
5262,bergen.no
5263,bitter.jp
5264,blackpool.sch.uk
5265,browsersafetymark.io
5266,bu.no
5267,but.jp
5268,c16.us-east-1.airflow.amazonaws.com
5269,c18.us-west-2.airflow.amazonaws.com
5270,c4.eu-central-1.airflow.amazonaws.com
5271,c52.us-east-1.airflow.amazonaws.com
5272,c62.us-east-1.airflow.amazonaws.com
5273,c75.us-east-1.airflow.amazonaws.com
5274,c8.ap-southeast-2.airflow.amazonaws.com
5275,chieti.it
5276,cng.br
5277,darlington.sch.uk
5278,dattolocal.com
5279,demo.magentosite.cloud
5280,dontexist.org
5281,dovre.no
5282,el6y-rysb.cloudera.site
5283,element--xd-j-aj-a-n5-jbi.quipelements.com
5284,enf.br
5285,from-id.com
5286,from-mi.com
5287,fuettertdasnetz.de
5288,fxd6-2a7z.cloudera.site
5289,gcpuscentral1.snowflake.app
5290,geo.br
5291,gonna.jp
5292,grayjayleagues.com
5293,grosseto.it
5294,hakuba.nagano.jp
5295,hida.gifu.jp
5296,higashimurayama.tokyo.jp
5297,in.ni
5298,ingress-comporellon.ewp.live
5299,int.mv
5300,is-gone.com
5301,is-very-good.org
5302,isahaya.nagasaki.jp
5303,laquila.it
5304,loginline.services
5305,lpusercontent.com
5306,mail.sch.uk
5307,memset.net
5308,mil.fj
5309,mil.pg
5310,milan.it
5311,mysecuritycamera.net
5312,myspreadshop.dk
5313,name.hr
5314,name.mv
5315,net.ki
5316,net.nf
5317,north-kazakhstan.su
5318,on-aptible.com
5319,org.ml
5320,org.sl
5321,pabianice.pl
5322,pch.pg
5323,poivron.org
5324,protonet.io
5325,punyu.jp
5326,rotherham.sch.uk
5327,s3-object-lambda.eu-north-1.amazonaws.com
5328,s3-object-lambda.eu-west-1.amazonaws.com
5329,s3-website.eu-south-1.amazonaws.com
5330,sakaiminato.tottori.jp
5331,se-sto-1.linodeobjects.com
5332,seidat.net
5333,sondrio.it
5334,sport.hu
5335,studio.ap-northeast-1.sagemaker.aws
5336,studio.eu-north-1.sagemaker.aws
5337,thainguyen.vn
5338,us-east-1.experiments.sagemaker.aws
5339,us-west-1.compute.amazonaws.com
5340,us.in
5341,wm.gateway.dev
5342,xn--eckvdtc9d
5343,xn--efvy88h
5344,xn--mgbah1a3hjkrd
5345,xn--mgbbh1a71e
5346,yalta.ua
5347,yamagata.yamagata.jp
5348,12hp.at
5349,1337.pictures
5350,16-b.it
5351,ac.ni
5352,addon.code.run
5353,analytics-gateway.us-west-2.amazonaws.com
5354,ap-4.magentosite.cloud
5355,app.paywhirl.com
5356,arakawa.tokyo.jp
5357,atl1.digitaloceanspaces.com
5358,auth.af-south-1.amazoncognito.com
5359,auth.ap-southeast-3.amazoncognito.com
5360,bexhill.sch.uk
5361,biz.fj
5362,bluebite.io
5363,boavista.br
5364,bplaced.com
5365,builtwithdark.com
5366,c0.eu-west-3.airflow.amazonaws.com
5367,c16.eu-west-1.airflow.amazonaws.com
5368,c2.ap-southeast-2.airflow.amazonaws.com
5369,c22.us-east-1.airflow.amazonaws.com
5370,c40.us-east-1.airflow.amazonaws.com
5371,c61.us-east-1.airflow.amazonaws.com
5372,cc.al.us
5373,cc.fl.us
5374,cc.la.us
5375,ch.trendhosting.cloud
5376,cluster005.hosting.ovh.net
5377,com.to
5378,consulado.st
5379,drr.ac
5380,e-riding.sch.uk
5381,emrappui-prod.eu-west-1.amazonaws.com
5382,emrappui-prod.me-south-1.amazonaws.com
5383,execute-api.ap-southeast-4.amazonaws.com
5384,fentiger.mythic-beasts.com
5385,from-va.com
5386,fuefuki.yamanashi.jp
5387,global.replit.dev
5388,gov.cd
5389,gov.kp
5390,gyeonggi.kr
5391,hakodate.hokkaido.jp
5392,hanawa.fukushima.jp
5393,heptapod-foss.services.clever-cloud.com
5394,idrett.no
5395,inazawa.aichi.jp
5396,is-a-republican.com
5397,is-a-rockstar.com
5398,joetsu.niigata.jp
5399,kikirara.jp
5400,knowsley.sch.uk
5401,med.om
5402,mel.cloudlets.com.au
5403,mil.mv
5404,minamisanriku.miyagi.jp
5405,minokamo.gifu.jp
5406,nagawa.nagano.jp
5407,navoi.su
5408,net.al
5409,nhlfan.net
5410,nom.pa
5411,ohtawara.tochigi.jp
5412,onojo.fukuoka.jp
5413,osakasayama.osaka.jp
5414,p01--dockerhub123--rwtbfjn49l7k.code.run
5415,pley.games
5416,ravendb.cloud
5417,rochest.er
5418,rome.it
5419,rt.ht
5420,s3.isk01.sakurastorage.jp
5421,sa-vinhedo-1.oraclecloudapps.com
5422,savona.it
5423,sdsorprsouthcentralus.oaiusercontent.com
5424,se.leg.br
5425,seika.kyoto.jp
5426,shop.ro
5427,st-helens.sch.uk
5428,studio.us-west-1.sagemaker.aws
5429,suita.osaka.jp
5430,tm.cy
5431,trondheim.no
5432,urakawa.hokkaido.jp
5433,w.er
5434,wa.au
5435,wolterskluwer
5436,xn--12cfi8ixb8l.xn--o3cw4h
5437,xn--45br5cyl
5438,xn--j1adp.xn--p1acf
5439,zlg.br
5440,a0.cloudera.site
5441,a1.cloudera.site
5442,adygeya.su
5443,analytics-gateway.us-east-2.amazonaws.com
5444,armenia.su
5445,asso.ci
5446,asso.mc
5447,auth.ap-southeast-5.amazoncognito.com
5448,biz.cy
5449,boldlygoingnowhere.org
5450,c12.us-west-2.airflow.amazonaws.com
5451,c15.us-east-1.airflow.amazonaws.com
5452,c15.us-west-2.airflow.amazonaws.com
5453,c19.airflow.us-east-1.on.aws
5454,c44.us-east-1.airflow.amazonaws.com
5455,c6.eu-central-1.airflow.amazonaws.com
5456,c6.us-west-2.airflow.amazonaws.com
5457,c70.us-east-1.airflow.amazonaws.com
5458,c8.eu-central-1.airflow.amazonaws.com
5459,catfood.jp
5460,cn-northwest-1.eb.amazonaws.com.cn
5461,co.cl
5462,domain-par-clevercloud-admin-customers.services.clever-cloud.com
5463,domain-par-partouche-customers.services.clever-cloud.com
5464,domain-par-sozu-maif-customers.services.clever-cloud.com
5465,dyndns-mail.com
5466,ed.ao
5467,egoism.jp
5468,embaixada.st
5469,emrnotebooks-prod.eu-west-2.amazonaws.com
5470,ethos47-prod-va7.dev.adobeaemcloud.com
5471,eu-west-1.experiments.sagemaker.aws
5472,eu-west-2.experiments.sagemaker.aws
5473,ezproxy.kuleuven.be
5474,fhs.no
5475,fr-1.platformsh.site
5476,framer.media
5477,from-fl.com
5478,fujikawa.yamanashi.jp
5479,goto.nagasaki.jp
5480,gov.ec
5481,hacca.jp
5482,her.jp
5483,hirosaki.aomori.jp
5484,huissier-justice.fr
5485,hull.sch.uk
5486,imari.saga.jp
5487,ing.pa
5488,ise.mie.jp
5489,issmarterthanyou.com
5490,itigo.jp
5491,jambyl.su
5492,kasamatsu.gifu.jp
5493,knightpoint.systems
5494,kounosu.saitama.jp
5495,laspezia.it
5496,leilao.br
5497,lib.nc.us
5498,matsue.shimane.jp
5499,mitsubishi
5500,namaste.jp
5501,net.hn
5502,nnic.np
5503,noheji.aomori.jp
5504,nov.su
5505,ocelot.mythic-beasts.com
5506,oshu.iwate.jp
5507,ownip.net
5508,penne.jp
5509,pinb.gov.pl
5510,piw.gov.pl
5511,pvh.br
5512,rbkc.sch.uk
5513,riobranco.br
5514,rzgw.gov.pl
5515,s3-website.ap-southeast-2.amazonaws.com
5516,saogonca.br
5517,sex.pl
5518,slg.br
5519,static-access.net
5520,studio.ca-central-1.sagemaker.aws
5521,suli.hu
5522,tagawa.fukuoka.jp
5523,taito.tokyo.jp
5524,tecnologia.bo
5525,tsu.mie.jp
5526,uk.primetel.cloud
5527,uzs.gov.pl
5528,viterbo.it
5529,wlocl.pl
5530,wolverhampton.sch.uk
5531,yame.fukuoka.jp
5532,15.xmit.co
5533,64-b.it
5534,airport.aero
5535,aki.kochi.jp
5536,alpha-myqnapcloud.com
5537,ap-osaka-1.oraclecloudapps.com
5538,ap-tokyo-1.oraclecloudapps.com
5539,aparecida.br
5540,apps.lair.io
5541,argyll-bute.sch.uk
5542,azurecentralus.snowflake.app
5543,babyblue.jp
5544,barrel-of-knowledge.info
5545,barsyonline.com
5546,bihoro.hokkaido.jp
5547,biz.az
5548,bracknell-forest.sch.uk
5549,c14.us-west-2.airflow.amazonaws.com
5550,c2.us-west-2.airflow.amazonaws.com
5551,c21.us-west-2.airflow.amazonaws.com
5552,c3.eu-west-2.airflow.amazonaws.com
5553,c5.eu-west-2.airflow.amazonaws.com
5554,canadacentral.azurecontainer.io
5555,cc.id.us
5556,cherkassy.ua
5557,chofu.tokyo.jp
5558,co.ag
5559,cocotte.jp
5560,com.ex.futurecms.at
5561,dc.us
5562,del1.vultrobjects.com
5563,development.run
5564,eating-organic.net
5565,edu.gi
5566,emrnotebooks-prod.us-east-2.amazonaws.com
5567,enna.it
5568,er.in
5569,es.eu.org
5570,ethos50-prod-va7.dev.adobeaemcloud.com
5571,eu-1.evennode.com
5572,eu-4.magentosite.cloud
5573,filegear.me
5574,firewall-gateway.net
5575,forgot.his.name
5576,from-oh.com
5577,fuji.shizuoka.jp
5578,futurehosting.at
5579,gen.ck
5580,gov.er
5581,gov.nr
5582,grafana-dev.net
5583,grondar.za
5584,hirado.nagasaki.jp
5585,hluttaw.mm
5586,in.eu.org
5587,inagi.tokyo.jp
5588,iow.sch.uk
5589,is-a-liberal.com
5590,iwaki.fukushima.jp
5591,iwate.iwate.jp
5592,kartuzy.pl
5593,kodaira.tokyo.jp
5594,koryo.nara.jp
5595,koshu.yamanashi.jp
5596,labeling.eu-west-1.sagemaker.aws
5597,laz.it
5598,lib.ut.us
5599,lolipop.io
5600,lp.dev
5601,lu.eu.org
5602,macapa.br
5603,matsuyama.ehime.jp
5604,me.so
5605,mediatech.by
5606,mil.eg
5607,minisite.ms
5608,mydns.tw
5609,myforum.community
5610,name.et
5611,nanae.hokkaido.jp
5612,nanjo.okinawa.jp
5613,narita.chiba.jp
5614,ne.ke
5615,nom.fk
5616,nom.pl
5617,notebook.ca-central-1.sagemaker.aws
5618,org.er
5619,own.pm
5620,per.la
5621,po.it
5622,polyspace.com
5623,pt.eu.org
5624,pya.jp
5625,ro.eu.org
5626,s3.dualstack.ap-southeast-4.amazonaws.com
5627,salford.sch.uk
5628,scrapping.cc
5629,storage.supabase.co
5630,studio.ap-southeast-3.sagemaker.aws
5631,studio.eu-west-3.sagemaker.aws
5632,svalbard.no
5633,taxi.br
5634,tm.se
5635,transfer-webapp.us-west-2.on.aws
5636,tuva.su
5637,uozu.toyama.jp
5638,urown.cloud
5639,us-central-1.triton.zone
5640,us-east-2.experiments.sagemaker.aws
5641,us-west-1.experiments.sagemaker.aws
5642,vapor.cloud
5643,vfs.cloud9.ap-south-1.amazonaws.com
5644,vologda.su
5645,wmekm.vps.myjino.ru
5646,xn--h1ahn.xn--p1acf
5647,xn--mgberp4a5d4a87g
5648,yoshimi.saitama.jp
5649,zachpomor.pl
5650,69.xmit.co
5651,6g.in
5652,abashiri.hokkaido.jp
5653,abo.pa
5654,aero.mv
5655,agano.niigata.jp
5656,agrigento.it
5657,analytics-gateway.eu-central-1.amazonaws.com
5658,antrim.sch.uk
5659,biz.ls
5660,biz.ng
5661,blog.bo
5662,c1.us-east-1.airflow.amazonaws.com
5663,c24.eu-west-1.airflow.amazonaws.com
5664,c3.eu-west-1.airflow.amazonaws.com
5665,c31.us-east-1.airflow.amazonaws.com
5666,c41.us-east-1.airflow.amazonaws.com
5667,c50.us-east-1.airflow.amazonaws.com
5668,c6.us-east-1.airflow.amazonaws.com
5669,c8.us-east-1.airflow.amazonaws.com
5670,campinagrande.br
5671,cc.wa.us
5672,cluster014.hosting.ovh.net
5673,co.ci
5674,co.pn
5675,com.futurecms.at
5676,com.gp
5677,com.in.futurecms.at
5678,com.ms
5679,coop.in
5680,coop.mv
5681,cust.dev.thingdust.io
5682,daynight.jp
5683,dontexist.net
5684,east-kazakhstan.su
5685,edu.ki
5686,ekloges.cy
5687,eniwa.hokkaido.jp
5688,ethos43-prod-va7.dev.adobeaemcloud.com
5689,eu-west-2.compute.amazonaws.com
5690,fie.ee
5691,files-jp.oaiusercontent.com
5692,floppy.jp
5693,gitpage.si
5694,gov.sh
5695,hartlepool.sch.uk
5696,health.vn
5697,here-for-more.info
5698,hioki.kagoshima.jp
5699,hl.no
5700,hokuto.yamanashi.jp
5701,homesecuritymac.com
5702,ibara.okayama.jp
5703,incheon.kr
5704,info.et
5705,info.ls
5706,info.ni
5707,is-a-lawyer.com
5708,is-an-accountant.com
5709,is-an-engineer.com
5710,is-not-certified.com
5711,isa-geek.com
5712,isa-geek.net
5713,iserv.dev
5714,kasugai.aichi.jp
5715,kitayama.wakayama.jp
5716,kochi.kochi.jp
5717,komae.tokyo.jp
5718,konskowola.pl
5719,london.cloudapps.digital
5720,ma.leg.br
5721,mail-box.ne.jp
5722,matera.it
5723,matsumoto.nagano.jp
5724,me-jeddah-1.oraclecloudapps.com
5725,med.pa
5726,mil.sy
5727,minamiuonuma.niigata.jp
5728,mlbfan.org
5729,mmafan.biz
5730,mr.no
5731,myspreadshop.at
5732,myspreadshop.fi
5733,net.am
5734,net.la
5735,net.ps
5736,net.st
5737,net.sy
5738,noda.chiba.jp
5739,notebook.eu-west-3.sagemaker.aws
5740,obl.ong
5741,ogori.fukuoka.jp
5742,onavstack.net
5743,org.ps
5744,paas.massivegrid.com
5745,pkc.sch.uk
5746,pro.om
5747,res.aero
5748,ru.eu.org
5749,s3-object-lambda.ca-central-1.amazonaws.com
5750,s3-object-lambda.eu-west-3.amazonaws.com
5751,saku.nagano.jp
5752,shichikashuku.miyagi.jp
5753,showa.fukushima.jp
5754,skygearapp.com
5755,sld.do
5756,sphinx.mythic-beasts.com
5757,sugito.saitama.jp
5758,sumida.tokyo.jp
5759,tomakomai.hokkaido.jp
5760,tozsde.hu
5761,tsuru.yamanashi.jp
5762,uenohara.yamanashi.jp
5763,upper.jp
5764,uruma.okinawa.jp
5765,ushiku.ibaraki.jp
5766,uzh5-5zn8.cloudera.site
5767,va.no
5768,verbania.it
5769,vfs.cloud9.eu-west-3.amazonaws.com
5770,warrington.sch.uk
5771,wegrow.pl
5772,wiih.gov.pl
5773,www.pg
5774,xn--90amc.xn--p1acf
5775,xn--mgb2ddes
5776,yachiyo.chiba.jp
5777,yorii.saitama.jp
5778,za.bz
5779,123minsida.se
5780,29.xmit.co
5781,32-b.it
5782,4lima.ch
5783,4u.com
5784,adobeaemcloud.net
5785,ah.no
5786,alp1.ae.flow.ch
5787,bjabnwj9ttd1syvmzybg-elasticsearch.services.clever-cloud.com
5788,bms6brhkauwqnpxadpr5-postgresql.services.clever-cloud.com
5789,c28.us-west-2.airflow.amazonaws.com
5790,c38.us-east-1.airflow.amazonaws.com
5791,c5.ap-southeast-2.airflow.amazonaws.com
5792,c6.us-east-2.airflow.amazonaws.com
5793,c7.ca-central-1.airflow.amazonaws.com
5794,ca-toronto-1.oci.customer-oci.com
5795,cc.mt.us
5796,cellar-fr-north-hds-c1.services.clever-cloud.com
5797,co.gl
5798,co.st
5799,comune.sch.uk
5800,contagem.br
5801,dumgal.sch.uk
5802,dyn.addr.tools
5803,edu.er
5804,edu.st
5805,emrnotebooks-prod.ap-northeast-1.amazonaws.com
5806,ethos56-prod-va7.dev.adobeaemcloud.com
5807,eu-west-3.compute.amazonaws.com
5808,europe-west8.run.app
5809,fr-par-1.linodeobjects.com
5810,from-md.com
5811,from-me.org
5812,funabashi.chiba.jp
5813,git-pages.rit.edu
5814,gotpantheon.com
5815,hungry.jp
5816,ichihara.chiba.jp
5817,independent-inquiry.uk
5818,is-a-chef.net
5819,is-a-chef.org
5820,is-local.org
5821,isa-geek.org
5822,italynorth.azurecontainer.io
5823,jeonbuk.kr
5824,kalmykia.su
5825,kasama.ibaraki.jp
5826,kasuya.fukuoka.jp
5827,kfjr-x0dh.cloudera.site
5828,kitakami.iwate.jp
5829,kobierzyce.pl
5830,kudoyama.wakayama.jp
5831,leczna.pl
5832,linkyard.cloud
5833,lpg.objectstorage.ch
5834,ls.nom.br
5835,middlesbrough.sch.uk
5836,mizunami.gifu.jp
5837,myspreadshop.ca
5838,nakatsugawa.gifu.jp
5839,namegawa.saitama.jp
5840,nic.tj
5841,nordeste-idc.saveincloud.net
5842,nt.au
5843,olbiatempio.it
5844,onagawa.miyagi.jp
5845,org.ht
5846,ownprovider.com
5847,pages.gay
5848,plesk.page
5849,privatizehealthinsurance.net
5850,przeworsk.pl
5851,rulez.jp
5852,s3-accesspoint.eu-central-1.amazonaws.com
5853,s3-object-lambda.ap-southeast-2.amazonaws.com
5854,sabae.fukui.jp
5855,safeframe.usercontent.goog
5856,same-app.com
5857,shiroi.chiba.jp
5858,starostwo.gov.pl
5859,stat.no
5860,tas.au
5861,termez.su
5862,tm.hu
5863,u.se
5864,u2-local.xnbay.com
5865,u2.xnbay.com
5866,ueda.nagano.jp
5867,v.bg
5868,wios.gov.pl
5869,wm.r.appspot.com
5870,worse-than.tv
5871,www.azurecontainer.io
5872,xmit.dev
5873,xn--mgbqly7cvafr
5874,xn--mgbtf8fl
5875,0j0.jp
5876,57.xmit.co
5877,akiruno.tokyo.jp
5878,amakusa.kumamoto.jp
5879,ap-melbourne-1.oraclecloudapps.com
5880,ap-mumbai-1.oci.customer-oci.com
5881,arvanedge.ir
5882,azsouthcentralus.snowflake.app
5883,beppu.oita.jp
5884,biz.mw
5885,bubonole.beget.app
5886,c0.ap-southeast-2.airflow.amazonaws.com
5887,c1.ap-east-1.airflow.amazonaws.com
5888,c10.us-east-2.airflow.amazonaws.com
5889,c14.us-east-1.airflow.amazonaws.com
5890,c18.us-east-1.airflow.amazonaws.com
5891,c23.us-east-1.airflow.amazonaws.com
5892,c32.us-west-2.airflow.amazonaws.com
5893,c4.airflow.eu-central-1.on.aws
5894,c4.us-east-1.airflow.amazonaws.com
5895,c54.us-east-1.airflow.amazonaws.com
5896,c9.ca-central-1.airflow.amazonaws.com
5897,caracal.mythic-beasts.com
5898,cc.md.us
5899,cc.nc.us
5900,cheap.jp
5901,chiyoda.tokyo.jp
5902,choshi.chiba.jp
5903,chuo.yamanashi.jp
5904,cloudsite.builders
5905,cluster102.hosting.ovh.net
5906,co.lc
5907,cs.in
5908,domain-par-zileo-customers.services.clever-cloud.com
5909,drammen.no
5910,dyn-ip24.de
5911,e12.ve
5912,edu.dm
5913,element--jb-n-aj-a-z14no.quipelements.com
5914,emcristo.nom.br
5915,emrappui-prod.eu-central-1.amazonaws.com
5916,emrnotebooks-prod.ap-southeast-2.amazonaws.com
5917,emrnotebooks-prod.sa-east-1.amazonaws.com
5918,en-root.fr
5919,ethos15-prod-wa1.dev.adobeaemcloud.com
5920,ethos20-prod-va7.dev.adobeaemcloud.com
5921,eu-madrid-1.oci.customer-oci.com
5922,eu-zurich-1.oci.customer-oci.com
5923,ferrara.it
5924,from-ky.com
5925,from-wv.com
5926,fudai.iwate.jp
5927,greta.fr
5928,haga.tochigi.jp
5929,higashiosaka.osaka.jp
5930,hm.no
5931,hoplix.shop
5932,int.ni
5933,is-uberleet.com
5934,ishigaki.okinawa.jp
5935,jeju.kr
5936,karatsu.saga.jp
5937,kashihara.nara.jp
5938,keyword-on.net
5939,kota.aichi.jp
5940,kvalsund.no
5941,law.pro
5942,leapcell.dev
5943,me.eg
5944,mil.al
5945,mil.mg
5946,mosvik.no
5947,musashimurayama.tokyo.jp
5948,myspreadshop.ch
5949,n-somerset.sch.uk
5950,nara.nara.jp
5951,net.bs
5952,net.dz
5953,net.mo
5954,net.uz
5955,nghean.vn
5956,nomi.ishikawa.jp
5957,nose.osaka.jp
5958,oga.akita.jp
5959,ogata.akita.jp
5960,omachi.nagano.jp
5961,org.gl
5962,ota.gunma.jp
5963,oto.fukuoka.jp
5964,otofuke.hokkaido.jp
5965,otsuki.yamanashi.jp
5966,oyamazaki.kyoto.jp
5967,p.tawk.email
5968,paas.beebyte.io
5969,palmas.br
5970,picanco.nom.br
5971,poniatowa.pl
5972,press.cy
5973,ranzan.saitama.jp
5974,s3-accesspoint.dualstack.ap-northeast-1.amazonaws.com
5975,s3-accesspoint.dualstack.ap-southeast-5.amazonaws.com
5976,s3-accesspoint.dualstack.us-west-2.amazonaws.com
5977,s3-fips.dualstack.us-gov-east-1.amazonaws.com
5978,s3-object-lambda.us-west-1.amazonaws.com
5979,s3-website.ap-northeast-1.amazonaws.com
5980,santamaria.br
5981,saves-the-whales.com
5982,sayr.sch.uk
5983,sdbvkwo.localto.net
5984,shioya.tochigi.jp
5985,shisui.chiba.jp
5986,snasa.no
5987,sochi.su
5988,southafricanorth.azurecontainer.io
5989,southindia.azurecontainer.io
5990,studio.ap-northeast-2.sagemaker.aws
5991,sunderland.sch.uk
5992,support.site
5993,thingdustdata.com
5994,tickets.io
5995,tomika.gifu.jp
5996,traeumtgerade.de
5997,twmail.cc
5998,us-chicago-1.oci.customer-oci.com
5999,venice.it
6000,vnu8-sqze.cloudera.site
6001,websitebuilder.online
6002,wfv4wg5nxk.code.run
6003,www.oaiusercontent.com
6004,xn--c1avg.xn--90a3ac
6005,xn--j1aef.xn--p1acf
6006,xn--mgba3a4fra
6007,xn--mgbqly7c0a67fbc
6008,xn--o1ach.xn--90a3ac
6009,yamagata.gifu.jp
6010,yamanashi.yamanashi.jp
6011,yamato.kanagawa.jp
6012,147.xmit.co
6013,2038.io
6014,app-ionos.space
6015,asahi.toyama.jp
6016,auth.me-south-1.amazoncognito.com
6017,az-westeurope-1.magentosite.cloud
6018,b5cq-ap9u.cloudera.site
6019,bib.br
6020,byenbhvb6wswhtaomr9l-postgresql.services.clever-cloud.com
6021,c2.ap-northeast-1.airflow.amazonaws.com
6022,c2.eu-west-2.airflow.amazonaws.com
6023,c28.us-east-1.airflow.amazonaws.com
6024,c3.airflow.us-west-2.on.aws
6025,c33.airflow.us-east-1.on.aws
6026,c4.cn-northwest-1.airflow.amazonaws.com.cn
6027,c5.eu-west-1.airflow.amazonaws.com
6028,c5.us-east-2.airflow.amazonaws.com
6029,c59.us-east-1.airflow.amazonaws.com
6030,cc.nd.us
6031,centralindia.azurecontainer.io
6032,ceredigion.sch.uk
6033,chuo.fukuoka.jp
6034,chuo.tokyo.jp
6035,codespot.com
6036,com.io
6037,costa.nom.br
6038,cutegirl.jp
6039,d.se
6040,dyndns-pics.com
6041,e-renfrew.sch.uk
6042,edu.pr
6043,edu.sc
6044,edu.to
6045,em2.oraclecloudapps.com
6046,est-a-la-masion.com
6047,ethos20-prod-wa1.dev.adobeaemcloud.com
6048,ethos54-prod-va7.dev.adobeaemcloud.com
6049,execute-api.ap-southeast-5.amazonaws.com
6050,fakefur.jp
6051,fi.cloudplatform.fi
6052,florence.it
6053,from-mo.com
6054,from-nc.com
6055,germanynorth.azurecontainer.io
6056,ghjtw7inb.localto.net
6057,gloppen.no
6058,gs.ah.no
6059,gs.mr.no
6060,gs.va.no
6061,gujo.gifu.jp
6062,higashikagura.hokkaido.jp
6063,hirakata.osaka.jp
6064,hotelwithflight.com
6065,ichinomiya.aichi.jp
6066,info.fj
6067,is-very-evil.org
6068,israelcentral.azurecontainer.io
6069,it1.eur.aruba.jenv-aruba.cloud
6070,izumizaki.fukushima.jp
6071,j.scaleforce.com.cy
6072,k12.dc.us
6073,kai.yamanashi.jp
6074,kamiichi.toyama.jp
6075,kashima.ibaraki.jp
6076,kazo.saitama.jp
6077,kiyose.tokyo.jp
6078,konyvelo.hu
6079,koreacentral.azurecontainer.io
6080,kropyvnytskyi.ua
6081,lib.ct.us
6082,lib.ne.us
6083,lib.nh.us
6084,lyngen.no
6085,maizuru.kyoto.jp
6086,malvik.no
6087,mco.nom.br
6088,mein-vigor.de
6089,mircloud.us
6090,miyoshi.hiroshima.jp
6091,mokuren.ne.jp
6092,mubobuscim.beget.app
6093,n1-frs-par-clevercloud-customers.services.clever-cloud.com
6094,nagareyama.chiba.jp
6095,net.pt
6096,net.zm
6097,nishiawakura.okayama.jp
6098,nom.mg
6099,nz.basketball
6100,ojiya.niigata.jp
6101,omihachiman.shiga.jp
6102,org.lc
6103,org.mu
6104,p01--qiandao--xy6sgl6v2mpp.code.run
6105,parasite.jp
6106,perma.jp
6107,peterborough.sch.uk
6108,ragusa.it
6109,reggiocalabria.it
6110,resindevice.io
6111,rl.no
6112,s3-accesspoint.eu-central-2.amazonaws.com
6113,s3-website.ap-south-2.amazonaws.com
6114,s3-website.me-south-1.amazonaws.com
6115,sells-for-less.com
6116,seto.aichi.jp
6117,shingo.aomori.jp
6118,shingu.wakayama.jp
6119,shinjo.okayama.jp
6120,shirakawa.fukushima.jp
6121,showa.gunma.jp
6122,siteleaf.net
6123,square7.net
6124,staba.jp
6125,streak-link.com
6126,switzerlandwest.azurecontainer.io
6127,synology-diskstation.de
6128,tashkent.su
6129,test-iserv.de
6130,tm.dz
6131,tokke.no
6132,toride.ibaraki.jp
6133,toyono.osaka.jp
6134,unnan.shimane.jp
6135,vfs.cloud9.ap-southeast-1.amazonaws.com
6136,vfs.cloud9.eu-north-1.amazonaws.com
6137,wakayama.wakayama.jp
6138,westcentralus.azurecontainer.io
6139,windsurf.build
6140,www.sch.uk
6141,xn--mix082f
6142,xn--mori-qsa.nz
6143,xn--nnx388a
6144,yabuki.fukushima.jp
6145,zhytomyr.ua
6146,zombie.jp
6147,59.xmit.co
6148,aoki.nagano.jp
6149,ap-melbourne-1.oci.customer-oci.com
6150,asahi.chiba.jp
6151,ayase.kanagawa.jp
6152,azerbaijan.su
6153,b12ilohuoakixf0d5ppr-postgresql.services.clever-cloud.com
6154,barsy.menu
6155,barsy.net
6156,bashkiria.ru
6157,biz.ni
6158,biz.pr
6159,bryne.no
6160,bvob4gupqisbwsbmbkxd-postgresql.services.clever-cloud.com
6161,c2.ap-southeast-1.airflow.amazonaws.com
6162,c3.ap-northeast-1.airflow.amazonaws.com
6163,c5.eu-west-3.airflow.amazonaws.com
6164,c6.eu-north-1.airflow.amazonaws.com
6165,c67.us-east-1.airflow.amazonaws.com
6166,c8.ap-south-1.airflow.amazonaws.com
6167,c9.eu-west-3.airflow.amazonaws.com
6168,chimkent.su
6169,chitose.hokkaido.jp
6170,chizu.tottori.jp
6171,city.hu
6172,cloudns.in
6173,cluster013.hosting.ovh.net
6174,com.dm
6175,coop.mw
6176,ebiz.tw
6177,ed.ci
6178,emrstudio-prod.eu-west-1.amazonaws.com
6179,est-a-la-maison.com
6180,ethos40-prod-va7.dev.adobeaemcloud.com
6181,eu-milan-1.oci.customer-oci.com
6182,fin.tn
6183,fm.user.fm
6184,force1.awdev.ca
6185,fra.appwrite.run
6186,from-dc.com
6187,from-hi.com
6188,fujieda.shizuoka.jp
6189,gamagori.aichi.jp
6190,gate.sch.uk
6191,githubpreview.dev
6192,hamamatsu.shizuoka.jp
6193,hanamaki.iwate.jp
6194,hino.tottori.jp
6195,ina.nagano.jp
6196,inf.cu
6197,ingress-alpha.ewp.live
6198,internet.in
6199,ip.linodeusercontent.com
6200,is-a-caterer.com
6201,is-a-green.com
6202,is-a-hunter.com
6203,is-a-nascarfan.com
6204,is-a-player.com
6205,is.eu.org
6206,jouwweb.site
6207,kaas.gg
6208,kamikoani.akita.jp
6209,kasai.hyogo.jp
6210,kashima.saga.jp
6211,kawasaki.miyagi.jp
6212,khanhhoa.vn
6213,kirovograd.ua
6214,kongsberg.no
6215,kusatsu.shiga.jp
6216,lib.ks.us
6217,loginline.dev
6218,lovepop.jp
6219,lubartow.pl
6220,mail4.sch.uk
6221,mailer.sch.uk
6222,meinforum.net
6223,minamiechizen.fukui.jp
6224,mincom.tn
6225,misconfused.org
6226,mishima.fukushima.jp
6227,miura.kanagawa.jp
6228,miyako.iwate.jp
6229,miyazaki.miyazaki.jp
6230,mobara.chiba.jp
6231,moriguchi.osaka.jp
6232,morimachi.shizuoka.jp
6233,mydbserver.com
6234,n5tz-g7yt.cloudera.site
6235,nachikatsuura.wakayama.jp
6236,nagano.nagano.jp
6237,nalio.nom.br
6238,nobeoka.miyazaki.jp
6239,nordkapp.no
6240,notebook-fips.us-east-1.sagemaker.aws
6241,ns.sch.uk
6242,obihiro.hokkaido.jp
6243,oia.gov.pl
6244,omniwe.site
6245,osaki.miyagi.jp
6246,oumu.hokkaido.jp
6247,pg.in
6248,platterp.us
6249,prochowice.pl
6250,prof.pr
6251,quangnam.vn
6252,rel.pl
6253,rifu.miyagi.jp
6254,rodrigues.nom.br
6255,s3-accesspoint.ap-southeast-2.amazonaws.com
6256,s3-accesspoint.dualstack.ap-northeast-3.amazonaws.com
6257,s3-accesspoint.dualstack.eu-south-2.amazonaws.com
6258,s3-accesspoint.dualstack.us-east-2.amazonaws.com
6259,shw.io
6260,si.eu.org
6261,smtps.sch.uk
6262,soja.okayama.jp
6263,southampton.sch.uk
6264,square7.de
6265,stuff-4-sale.org
6266,stuff-4-sale.us
6267,sukagawa.fukushima.jp
6268,tatebayashi.gunma.jp
6269,tateyama.chiba.jp
6270,tomigusuku.okinawa.jp
6271,torbay.sch.uk
6272,toyako.hokkaido.jp
6273,travel.in
6274,uk-gov-london-1.oraclegovcloudapps.uk
6275,us-2.evennode.com
6276,v-info.info
6277,vestby.no
6278,vscode-bfrtvnroroocvctr.devinapps.com
6279,vscode-mraurcvctbeaptab.devinapps.com
6280,wajima.ishikawa.jp
6281,webmail.sch.uk
6282,writesthisblog.com
6283,yakumo.hokkaido.jp
6284,yamatsuri.fukushima.jp
6285,yonezawa.yamagata.jp
6286,zp.gov.pl
6287,1.bg
6288,103.xmit.co
6289,131.xmit.co
6290,45.xmit.co
6291,68.xmit.co
6292,aa.no
6293,ac.im
6294,akashi.hyogo.jp
6295,ap-hyderabad-1.oraclecloudapps.com
6296,ap-osaka-1.oci.customer-oci.com
6297,ap-sydney-1.oraclecloudapps.com
6298,app.os.fedoraproject.org
6299,asahi.mie.jp
6300,asahi.nagano.jp
6301,asakawa.fukushima.jp
6302,ashibetsu.hokkaido.jp
6303,askoy.no
6304,asso.nc
6305,atm.pl
6306,au.snowflake.app
6307,azwestus2.snowflake.app
6308,b-data.io
6309,be.eu.org
6310,binhduong.vn
6311,binhphuoc.vn
6312,brasil.nom.br
6313,bxuwauwlopmtptljyxa4-mysql.services.clever-cloud.com
6314,c12.eu-west-1.airflow.amazonaws.com
6315,c27.us-east-1.airflow.amazonaws.com
6316,c33.us-east-1.airflow.amazonaws.com
6317,c46.us-east-1.airflow.amazonaws.com
6318,ca.in
6319,cc.nv.us
6320,chirurgiens-dentistes-en-france.fr
6321,chiryu.aichi.jp
6322,cloud.interhostsolutions.be
6323,cloudns.info
6324,copro.uk
6325,cri.br
6326,daigo.ibaraki.jp
6327,date.hokkaido.jp
6328,de.eu.org
6329,discordsez.com
6330,diskussionsbereich.de
6331,dray-dns.de
6332,edu.kn
6333,eigersund.no
6334,element--kf-r-aj-a-m-aia6.quipelements.com
6335,email.sch.uk
6336,es-1.axarnet.cloud
6337,es-mad-1.linodeobjects.com
6338,ethos13-prod-wa1.dev.adobeaemcloud.com
6339,ethos14-prod-va7.dev.adobeaemcloud.com
6340,ethos37-prod-va7.dev.adobeaemcloud.com
6341,ethos51-prod-va7.dev.adobeaemcloud.com
6342,eu-2.evennode.com
6343,eu-madrid-1.oraclecloudapps.com
6344,europe-west10.run.app
6345,fastly-terrarium.com
6346,freeddns.us
6347,from-wy.com
6348,fujimino.saitama.jp
6349,fukushima.fukushima.jp
6350,furano.hokkaido.jp
6351,gentlentapis.com
6352,gjemnes.no
6353,gjesdal.no
6354,google.kh
6355,gouv.km
6356,gov.km
6357,granvin.no
6358,gs.bu.no
6359,gs.hl.no
6360,gs.hm.no
6361,gs.rl.no
6362,hobby-site.org
6363,honjo.saitama.jp
6364,iadzqm.privatelink.snowflake.app
6365,ichinoseki.iwate.jp
6366,info.nr
6367,info.tt
6368,info.tz
6369,is-a-chef.com
6370,is-a-cpa.com
6371,is-a-cubicle-slave.com
6372,is-a-doctor.com
6373,is-a-photographer.com
6374,is-an-actor.com
6375,is-very-bad.org
6376,iwanai.hokkaido.jp
6377,kaga.ishikawa.jp
6378,kamiamakusa.kumamoto.jp
6379,kamikawa.hyogo.jp
6380,karacol.su
6381,kawagoe.saitama.jp
6382,kawaiishop.jp
6383,kosai.shizuoka.jp
6384,lebtimnetz.de
6385,mail1.sch.uk
6386,melhus.no
6387,minamiawaji.hyogo.jp
6388,miyakonojo.miyazaki.jp
6389,mx.sch.uk
6390,mydissent.net
6391,mydns.bz
6392,nagato.yamaguchi.jp
6393,namdalseid.no
6394,nasushiobara.tochigi.jp
6395,net.bh
6396,net.gp
6397,net.kn
6398,net.lc
6399,nl.no
6400,nl.transurl.nl
6401,nom.nc
6402,northamerica-south1.run.app
6403,og.it
6404,okinawa.okinawa.jp
6405,operaunite.com
6406,opoczno.pl
6407,org.km
6408,org.tm
6409,org.uz
6410,ovhcloud-fr-1.webpaas.ovh.net
6411,oyodo.nara.jp
6412,par-mysql-c6.services.clever-cloud.com
6413,pds.otap.co
6414,pl.eu.org
6415,poczta.sch.uk
6416,prd.mg
6417,psse.gov.pl
6418,ravendb.community
6419,ravendb.run
6420,rokunohe.aomori.jp
6421,s3-accesspoint.ap-south-2.amazonaws.com
6422,s3-accesspoint.ap-southeast-1.amazonaws.com
6423,s3-accesspoint.ap-southeast-5.amazonaws.com
6424,s3-accesspoint.dualstack.cn-northwest-1.amazonaws.com.cn
6425,s3-accesspoint.dualstack.eu-central-2.amazonaws.com
6426,s3-accesspoint.dualstack.me-south-1.amazonaws.com
6427,s3-accesspoint.dualstack.us-west-1.amazonaws.com
6428,s3-accesspoint.eu-south-2.amazonaws.com
6429,s3-accesspoint.il-central-1.amazonaws.com
6430,s3-accesspoint.me-south-1.amazonaws.com
6431,s3-accesspoint.us-gov-east-1.amazonaws.com
6432,s3.dualstack.ap-south-2.amazonaws.com
6433,s3.dualstack.il-central-1.amazonaws.com
6434,sakae.chiba.jp
6435,sano.tochigi.jp
6436,se.eu.org
6437,sec.ps
6438,shimogo.fukushima.jp
6439,shirataka.yamagata.jp
6440,shop.paywhirl.com
6441,soni.nara.jp
6442,southamerica-west1.run.app
6443,svn-repos.de
6444,taiki.hokkaido.jp
6445,takamatsu.kagawa.jp
6446,togane.chiba.jp
6447,tonami.toyama.jp
6448,tosashimizu.kochi.jp
6449,tromso.no
6450,trysil.no
6451,tselinograd.su
6452,turceljadkof.beget.app
6453,tvedestrand.no
6454,twmail.net
6455,urawa.saitama.jp
6456,va4.snowflake.app
6457,west1-us.cloudjiffy.net
6458,wkz.gov.pl
6459,xn--cckwcxetd
6460,yawatahama.ehime.jp
6461,yomitan.okinawa.jp
6462,zaporizhzhe.ua
6463,123hjemmeside.no
6464,137.xmit.co
6465,1yhbrws9t.localto.net
6466,5.xmit.co
6467,628048d53f21.vps.myjino.ru
6468,9guacu.br
6469,a.bg
6470,a8du-8mgv.cloudera.site
6471,aizumisato.fukushima.jp
6472,alesund.no
6473,ap-seoul-1.oci.customer-oci.com
6474,api.stdlib.com
6475,appwrite.global
6476,atl.jelastic.vps-host.net
6477,au.eu.org
6478,austevoll.no
6479,authgearapps.com
6480,awsapsoutheast1sg.snowflake.app
6481,awseuwest2.snowflake.app
6482,bardu.no
6483,barsy.shop
6484,bifuka.hokkaido.jp
6485,biz.et
6486,c10.eu-west-1.airflow.amazonaws.com
6487,c4.us-west-2.airflow.amazonaws.com
6488,ca-montreal-1.oraclecloudapps.com
6489,capoo.jp
6490,cc.tn.us
6491,cc.va.us
6492,cc.wy.us
6493,chita.aichi.jp
6494,cloudycluster.net
6495,cluster015.hosting.ovh.net
6496,cluster115.hosting.ovh.net
6497,co.bn
6498,co.technology
6499,co.tj
6500,com.bj
6501,com.ex.ortsinfo.at
6502,com.nr
6503,com.user.fm
6504,com.vi
6505,community-pro.net
6506,convex.app
6507,coz.br
6508,deta.dev
6509,direct.sch.uk
6510,dnepropetrovsk.ua
6511,edu.gd
6512,edu.km
6513,edu.ss
6514,eidfjord.no
6515,element--k-o-r-aj-a-y-h-e50.quipelements.com
6516,element--t-p-v-aj-a9-r-er-p.quipelements.com
6517,elverum.no
6518,emrappui-prod.ap-south-1.amazonaws.com
6519,emrstudio-prod.ap-south-1.amazonaws.com
6520,emrstudio-prod.eu-central-1.amazonaws.com
6521,ethos42-prod-va7.dev.adobeaemcloud.com
6522,ethos53-prod-va7.dev.adobeaemcloud.com
6523,exchange.sch.uk
6524,falkirk.sch.uk
6525,fh.se
6526,flier.jp
6527,from-az.net
6528,from-ok.com
6529,from-sd.com
6530,from-wi.com
6531,fuchu.hiroshima.jp
6532,gateway.sch.uk
6533,gentapps.com
6534,git-repos.de
6535,gloomy.jp
6536,go.ci
6537,goldensoles.paywhirl.com
6538,gov.tj
6539,gs.of.no
6540,gs.oslo.no
6541,gw.sch.uk
6542,health-carereform.com
6543,hemsedal.no
6544,horten.no
6545,hosting-cluster.nl
6546,hotel.hu
6547,ichikai.tochigi.jp
6548,ide.kyoto.jp
6549,inabe.mie.jp
6550,info.ck
6551,ipe.sch.uk
6552,ipslaporan.localto.net
6553,is-a-landscaper.com
6554,is-a-linux-user.org
6555,is-a-llama.com
6556,is-a-socialist.com
6557,is-into-anime.com
6558,is-into-cars.com
6559,ishikari.hokkaido.jp
6560,isteingeek.de
6561,iwamizawa.hokkaido.jp
6562,iwanuma.miyagi.jp
6563,jeonnam.kr
6564,kameyama.mie.jp
6565,kashiwazaki.niigata.jp
6566,katano.osaka.jp
6567,kawanishi.hyogo.jp
6568,khmelnitskiy.ua
6569,khmelnytskyi.ua
6570,kitakata.fukushima.jp
6571,knx-server.net
6572,kofu.yamanashi.jp
6573,komagane.nagano.jp
6574,komono.mie.jp
6575,kuriyama.hokkaido.jp
6576,kviteseid.no
6577,labeling.us-east-2.sagemaker.aws
6578,lib.ak.us
6579,lib.ar.us
6580,lib.ma.us
6581,lib.nd.us
6582,lib.vt.us
6583,localplayer.dev
6584,loginline.app
6585,m.sch.uk
6586,machida.tokyo.jp
6587,maebashi.gunma.jp
6588,mafelo.net
6589,mail10.sch.uk
6590,mail12.sch.uk
6591,mail3.sch.uk
6592,mail8.sch.uk
6593,mailin.sch.uk
6594,mcd.np
6595,me.ss
6596,media.fk
6597,medio-campidano.it
6598,meguro.tokyo.jp
6599,mihama.mie.jp
6600,mikasa.hokkaido.jp
6601,mil.kg
6602,minamiboso.chiba.jp
6603,mitsuke.niigata.jp
6604,morena.br
6605,motobu.okinawa.jp
6606,mutsuzawa.chiba.jp
6607,mx0.sch.uk
6608,mx02.sch.uk
6609,mx3.sch.uk
6610,mx4.sch.uk
6611,mx5.sch.uk
6612,mx7.sch.uk
6613,myspreadshop.com.au
6614,naka.hiroshima.jp
6615,nakagawa.nagano.jp
6616,nalchik.ru
6617,name.qa
6618,namsos.no
6619,nemuro.hokkaido.jp
6620,net.ag
6621,net.sc
6622,netto.nom.br
6623,niigata.niigata.jp
6624,njs.jelastic.vps-host.net
6625,nog.community
6626,noticias.bo
6627,nt.ro
6628,numata.gunma.jp
6629,of.no
6630,ogawara.miyagi.jp
6631,ol.no
6632,oliva.nom.br
6633,omura.nagasaki.jp
6634,org.ai
6635,orudiebad.beget.app
6636,oshima.tokyo.jp
6637,outmail.sch.uk
6638,oyer.no
6639,p01--api-prod--pm8jpfbzcmgv.code.run
6640,p01--argo--pn8pfpqy7qxh.code.run
6641,pagespeedmobilizer.com
6642,phd.jo
6643,phuyen.vn
6644,pimienta.org
6645,pixolino.com
6646,pol.dz
6647,pop.sch.uk
6648,postmaster.sch.uk
6649,pre.experiments.sagemaker.aws
6650,pro.az
6651,prvcy.page
6652,publ.pt
6653,pvt.k12.ma.us
6654,readmyblog.org
6655,relay1.sch.uk
6656,relay2.sch.uk
6657,robotuno.beget.app
6658,ryd.wafaicloud.com
6659,s3-accesspoint.ap-south-1.amazonaws.com
6660,s3-accesspoint.ap-southeast-3.amazonaws.com
6661,s3-accesspoint.ca-central-1.amazonaws.com
6662,s3-accesspoint.cn-northwest-1.amazonaws.com.cn
6663,s3-accesspoint.dualstack.eu-north-1.amazonaws.com
6664,s3-accesspoint.dualstack.eu-west-3.amazonaws.com
6665,s3-accesspoint.dualstack.il-central-1.amazonaws.com
6666,s3-accesspoint.dualstack.me-central-1.amazonaws.com
6667,s3-accesspoint.dualstack.sa-east-1.amazonaws.com
6668,s3-accesspoint.dualstack.us-east-1.amazonaws.com
6669,s3-accesspoint.eu-north-1.amazonaws.com
6670,s3-accesspoint.me-central-1.amazonaws.com
6671,s3-accesspoint.sa-east-1.amazonaws.com
6672,s3-fips.dualstack.ca-central-1.amazonaws.com
6673,s3-fips.dualstack.us-west-2.amazonaws.com
6674,saiki.oita.jp
6675,sandnes.no
6676,sarpsborg.no
6677,sasaguri.fukuoka.jp
6678,school.ge
6679,seiyo.ehime.jp
6680,server.nom.br
6681,sex.hu
6682,shacknet.nu
6683,shibecha.hokkaido.jp
6684,shinjo.yamagata.jp
6685,shiroishi.miyagi.jp
6686,shopitsite.com
6687,siiites.com
6688,sko.gov.pl
6689,sor-fron.no
6690,ssl.origin.cdn77-secure.org
6691,st.no
6692,storfjord.no
6693,sunagawa.hokkaido.jp
6694,sunndal.no
6695,swansea.sch.uk
6696,takarazuka.hyogo.jp
6697,takikawa.hokkaido.jp
6698,telebit.app
6699,tjeldsund.no
6700,togliatti.su
6701,toyohashi.aichi.jp
6702,transporte.bo
6703,tsuruoka.yamagata.jp
6704,uahqa-zaaaa-aaaae-absuq-cai.raw.icp0.io
6705,ube.yamaguchi.jp
6706,upow.gov.pl
6707,us-1.evennode.com
6708,v.ck
6709,vang.no
6710,vindafjord.no
6711,vip.jelastic.cloud
6712,vps.mcdir.ru
6713,wakuya.miyagi.jp
6714,west-2.compute.amazonaws.com
6715,westminster.sch.uk
6716,wix.run
6717,yanagawa.fukuoka.jp
6718,yano.nom.br
6719,yenbai.vn
6720,yugawara.kanagawa.jp
6721,0g0.jp
6722,123website.nl
6723,142.xmit.co
6724,14kpz.vps.myjino.ru
6725,155.xmit.co
6726,194.xmit.co
6727,2000.hu
6728,a3.cloudera.site
6729,aga.niigata.jp
6730,algard.no
6731,antispam.sch.uk
6732,ap-south-1.compute.amazonaws.com
6733,ap.leg.br
6734,app.os.stg.fedoraproject.org
6735,asago.hyogo.jp
6736,asia.np
6737,askvoll.no
6738,authsmtp.sch.uk
6739,azumino.nagano.jp
6740,b0ba7qbxs5qezjfvv7st-postgresql.services.clever-cloud.com
6741,babymilk.jp
6742,bahcavuotna.no
6743,barboza.nom.br
6744,barrell-of-knowledge.info
6745,binhdinh.vn
6746,biz.nr
6747,bjerkreim.no
6748,bungotakada.oita.jp
6749,c.se
6750,c1.airflow.us-east-2.on.aws
6751,c26.us-east-1.airflow.amazonaws.com
6752,c29.us-west-2.airflow.amazonaws.com
6753,c6.eu-west-1.airflow.amazonaws.com
6754,c63.us-east-1.airflow.amazonaws.com
6755,c69.us-east-1.airflow.amazonaws.com
6756,c8.us-east-2.airflow.amazonaws.com
6757,cc.nm.us
6758,cefiboche.beget.app
6759,chernivtsi.ua
6760,chillout.jp
6761,chonan.chiba.jp
6762,cluster017.hosting.ovh.net
6763,co.events
6764,com.ac
6765,conf.au
6766,cranky.jp
6767,customer.speedpartner.de
6768,ddl.fr-par.scw.cloud
6769,dnsupdate.info
6770,edu.fm
6771,edu.ms
6772,es.leg.br
6773,ethos19-prod-va7.dev.adobeaemcloud.com
6774,ethos35-prod-va7.dev.adobeaemcloud.com
6775,ethos39-prod-va7.dev.adobeaemcloud.com
6776,ethos52-prod-va7.dev.adobeaemcloud.com
6777,eu-3.evennode.com
6778,eu-stockholm-1.oraclecloudapps.com
6779,evenes.no
6780,farsund.no
6781,fla.no
6782,flatanger.no
6783,flesberg.no
6784,floro.no
6785,for-some.biz
6786,frenchkiss.jp
6787,from-ak.com
6788,from-al.com
6789,from-ga.com
6790,from-nj.com
6791,from-ut.com
6792,from-wa.com
6793,frosinone.it
6794,fujimi.saitama.jp
6795,fukaya.saitama.jp
6796,fukui.fukui.jp
6797,fukuroi.shizuoka.jp
6798,gcpuseast4.snowflake.app
6799,ginan.gifu.jp
6800,glow.sch.uk
6801,gov.ac
6802,grane.no
6803,gratangen.no
6804,greater.jp
6805,groks-the.info
6806,groks-this.info
6807,grong.no
6808,habmer.no
6809,hamar.no
6810,hamura.tokyo.jp
6811,haram.no
6812,hidaka.hokkaido.jp
6813,higashikawa.hokkaido.jp
6814,higashiomi.shiga.jp
6815,himi.toyama.jp
6816,hitachiota.ibaraki.jp
6817,hoabinh.vn
6818,hr.eu.org
6819,hungyen.vn
6820,hyogo.kobe.jp
6821,icm1.icp.net
6822,in-the-band.net
6823,inderoy.no
6824,ingress-anacreon.ewp.live
6825,iporustef.beget.app
6826,is-a-financialadvisor.com
6827,is-a-nurse.com
6828,is-a-patsfan.org
6829,is-very-sweet.org
6830,is-with-theband.com
6831,jed.wafaicloud.com
6832,jele.io
6833,jennifer--snowy-things--hyb2c4rrqq6j.code.run
6834,joyo.kyoto.jp
6835,kalmykia.ru
6836,kamishihoro.hokkaido.jp
6837,kanan.osaka.jp
6838,kanuma.tochigi.jp
6839,karaganda.su
6840,karasjok.no
6841,kashiwa.chiba.jp
6842,kawagoe.mie.jp
6843,kawai.nara.jp
6844,kawanishi.yamagata.jp
6845,kazimierz-dolny.pl
6846,kikonai.hokkaido.jp
6847,krokstadelva.no
6848,kuji.iwate.jp
6849,kujukuri.chiba.jp
6850,kumano.hiroshima.jp
6851,kumejima.okinawa.jp
6852,kunitachi.tokyo.jp
6853,kunitomi.miyazaki.jp
6854,kuron.jp
6855,kyonan.chiba.jp
6856,leikanger.no
6857,lib.nv.us
6858,lorenskog.no
6859,luster.no
6860,lyngdal.no
6861,mail2.sch.uk
6862,mail5.sch.uk
6863,mailhost.sch.uk
6864,mailserver.sch.uk
6865,makinohara.shizuoka.jp
6866,mangyshlak.su
6867,mashike.hokkaido.jp
6868,matsusaka.mie.jp
6869,me.eu.org
6870,meland.no
6871,meloy.no
6872,midtre-gauldal.no
6873,mil.hn
6874,mil.qa
6875,minakami.gunma.jp
6876,minami-alps.yamanashi.jp
6877,minamiise.mie.jp
6878,mitaka.tokyo.jp
6879,mizuho.tokyo.jp
6880,mjondalen.no
6881,mobi.tz
6882,modelscape.com
6883,modum.no
6884,molde.no
6885,monitoring.hosting.ovh.net
6886,moss.no
6887,mta.sch.uk
6888,mx01.sch.uk
6889,mx10.sch.uk
6890,myspreadshop.pl
6891,n-lincs.sch.uk
6892,naamesjevuemie.no
6893,nagara.chiba.jp
6894,nago.okinawa.jp
6895,nakamura.kochi.jp
6896,namie.fukushima.jp
6897,nannestad.no
6898,narvik.no
6899,net.bt
6900,net.io
6901,net.je
6902,net.mu
6903,net.mw
6904,nic.bd
6905,nic.np
6906,ninomiya.kanagawa.jp
6907,nittedal.no
6908,no-ip.co.uk
6909,no.eu.org
6910,nt.no
6911,nuoro.it
6912,nz--diuniloumu--ztlj7w7nlgxw.code.run
6913,o.se
6914,ohira.miyagi.jp
6915,oita.oita.jp
6916,okuma.fukushima.jp
6917,okutama.tokyo.jp
6918,olbia-tempio.it
6919,omuta.fukuoka.jp
6920,oppdal.no
6921,org.gp
6922,org.ki
6923,org.mg
6924,org.sc
6925,org.ss
6926,origem.nom.br
6927,osakikamijima.hiroshima.jp
6928,osen.no
6929,otaru.hokkaido.jp
6930,ovre-eiker.no
6931,oyama.tochigi.jp
6932,oystre-slidre.no
6933,p01--kanto-dice--fmj8tknnxl44.code.run
6934,p01--pan--xy6sgl6v2mpp.code.run
6935,p01--us1-2go--vyqs657mpzft.code.run
6936,pages.wiardweb.com
6937,penza.su
6938,perso.tn
6939,petikula.beget.app
6940,phpmyadmin.hosting.ovh.net
6941,phutho.vn
6942,phx.enscaled.us
6943,po.sch.uk
6944,porsanger.no
6945,pp.az
6946,publicwifi.ck
6947,qat.np
6948,rauma.no
6949,readymade.jp
6950,rec.ro
6951,rikuzentakata.iwate.jp
6952,romsa.no
6953,rygge.no
6954,s3-accesspoint.ap-northeast-2.amazonaws.com
6955,s3-accesspoint.ap-southeast-4.amazonaws.com
6956,s3-accesspoint.dualstack.af-south-1.amazonaws.com
6957,s3-accesspoint.dualstack.ap-southeast-1.amazonaws.com
6958,s3-accesspoint.dualstack.ap-southeast-3.amazonaws.com
6959,s3-accesspoint.dualstack.eu-central-1.amazonaws.com
6960,s3-accesspoint.dualstack.eu-south-1.amazonaws.com
6961,s3-accesspoint.dualstack.eu-west-1.amazonaws.com
6962,s3-accesspoint.dualstack.eu-west-2.amazonaws.com
6963,s3-accesspoint.dualstack.us-gov-west-1.amazonaws.com
6964,s3-accesspoint.eu-south-1.amazonaws.com
6965,s3-fips-us-gov-east-1.amazonaws.com
6966,s3-fips.ca-central-1.amazonaws.com
6967,s3-website.me-central-1.amazonaws.com
6968,s3-website.us-gov-east-1.amazonaws.com
6969,sa-bogota-1.oraclecloudapps.com
6970,sa-east-1.compute.amazonaws.com
6971,sa-vinhedo-1.oci.customer-oci.com
6972,samnanger.no
6973,sanjo.niigata.jp
6974,scrapper-site.net
6975,sdscloud.pl
6976,server.sch.uk
6977,shima.mie.jp
6978,shizukuishi.iwate.jp
6979,shobara.hiroshima.jp
6980,shop.th
6981,shopware.shop
6982,sigdal.no
6983,sk.eu.org
6984,skierniewice.pl
6985,smtp01.sch.uk
6986,smtp3.sch.uk
6987,sniper.sch.uk
6988,sorum.no
6989,spt.np
6990,srv.sch.uk
6991,stavanger.no
6992,stavern.no
6993,studio.sa-east-1.sagemaker.aws
6994,sue.fukuoka.jp
6995,svelvik.no
6996,taketa.oita.jp
6997,taketomi.okinawa.jp
6998,tako.chiba.jp
6999,tamaki.mie.jp
7000,thanhphohochiminh.vn
7001,time.no
7002,tobetsu.hokkaido.jp
7003,togo.aichi.jp
7004,tohma.hokkaido.jp
7005,tohnosho.chiba.jp
7006,tome.miyagi.jp
7007,tomi.nagano.jp
7008,tone.ibaraki.jp
7009,tono.iwate.jp
7010,toyosato.shiga.jp
7011,tr.bd
7012,trafficplex.cloud
7013,trana.no
7014,tranby.no
7015,tranoy.no
7016,trentino-suedtirol.it
7017,tsugaru.aomori.jp
7018,tsunan.niigata.jp
7019,tsushima.nagasaki.jp
7020,tunk.org
7021,us-northeast-1.elb.amazonaws.com
7022,us.magentosite.cloud
7023,vaga.no
7024,vagsoy.no
7025,vaksdal.no
7026,vestnes.no
7027,vestre-slidre.no
7028,vestre-toten.no
7029,vestvagoy.no
7030,vibovalentia.it
7031,vik.no
7032,virtualserver.io
7033,vmail.sch.uk
7034,vossevangen.no
7035,w.se
7036,wassamu.hokkaido.jp
7037,website-us-southeast-1.linodeobjects.com
7038,winb.gov.pl
7039,windsor-maidenhead.sch.uk
7040,woltlab-demo.com
7041,wrexham.sch.uk
7042,x.se
7043,xn--41a.xn--p1acf
7044,xn--90azh.xn--90a3ac
7045,xn--hkkinen-5wa.fi
7046,xyz.br
7047,y.se
7048,yahaba.iwate.jp
7049,yoichi.hokkaido.jp
7050,yoro.gifu.jp
7051,1.er
7052,116.xmit.co
7053,36.xmit.co
7054,4.at
7055,aarborte.no
7056,ac.eg
7057,adm.er
7058,aejrie.no
7059,afjord.no
7060,agematsu.nagano.jp
7061,akabira.hokkaido.jp
7062,akamaiorigin.net
7063,aknoluokta.no
7064,al.no
7065,alaheadju.no
7066,alstahaug.no
7067,alvdal.no
7068,ams3-static.digitaloceanspaces.com
7069,ap-northeast-3.compute.amazonaws.com
7070,app--app--8qmsmc78mcn9.code.run
7071,art.dz
7072,arte.bo
7073,askim.no
7074,australiacentral.azurecontainer.io
7075,aya.miyazaki.jp
7076,azaustraliaeast.snowflake.app
7077,b8uip6pqgr3rijewouet-mysql.services.clever-cloud.com
7078,backdrop.jp
7079,bando.ibaraki.jp
7080,berlevag.no
7081,bobsin.nom.br
7082,bq8tsiwawxv3bt0o2g8b-mongodb.services.clever-cloud.com
7083,br1kxdwenio7ulcmsuqf-postgresql.services.clever-cloud.com
7084,budejju.no
7085,byen.site
7086,c0.ap-southeast-1.airflow.amazonaws.com
7087,c10.us-east-1.airflow.amazonaws.com
7088,c13.us-east-1.airflow.amazonaws.com
7089,c22.us-west-2.airflow.amazonaws.com
7090,c5.ap-south-1.airflow.amazonaws.com
7091,c53.us-east-1.airflow.amazonaws.com
7092,c64.us-east-1.airflow.amazonaws.com
7093,ca.eu.org
7094,cahcesuolo.no
7095,cantho.vn
7096,cc.mn.us
7097,centralus.azurestaticapps.net
7098,chiyoda.gunma.jp
7099,cistron.nl
7100,clacks.sch.uk
7101,cluster051.hosting.ovh.net
7102,co.er
7103,com.ck
7104,com.re
7105,comams1.vultrobjects.com
7106,correo.sch.uk
7107,cpi5u-yiaaa-aaaar-aqw5a-cai.raw.icp0.io
7108,de.trendhosting.cloud
7109,deatnu.no
7110,diadem.cloud
7111,dmog.alces.network
7112,dnipropetrovsk.ua
7113,domain-homair-customers.services.clever-cloud.com
7114,domain-par-total-flex-customers.services.clever-cloud.com
7115,durumis.com
7116,dynamic-dns.info
7117,eastasia.azurestaticapps.net
7118,edu.gu
7119,edu.nr
7120,eid.no
7121,eidskog.no
7122,emrappui-prod.us-east-2.amazonaws.com
7123,emrstudio-prod.ap-northeast-1.amazonaws.com
7124,emrstudio-prod.eu-west-2.amazonaws.com
7125,enebakk.no
7126,enscaled.sg
7127,est-mon-blogueur.com
7128,ethos13-prod-gbr9.dev.adobeaemcloud.com
7129,ethos14-prod-aus5.dev.adobeaemcloud.com
7130,ethos14-prod-gbr9.dev.adobeaemcloud.com
7131,ethos14-prod-wa1.dev.adobeaemcloud.com
7132,ethos16-prod-wa1.dev.adobeaemcloud.com
7133,ethos18-prod-nld2.dev.adobeaemcloud.com
7134,ethos49-prod-va7.dev.adobeaemcloud.com
7135,etnedal.no
7136,eu.in.futurecms.at
7137,falcon-domain-name.fk
7138,fedje.no
7139,feedback.ac
7140,finnoy.no
7141,firewalledreplit.co
7142,fm.no
7143,folldal.no
7144,fosrebinouka.beget.app
7145,frei.no
7146,frogn.no
7147,from-in.com
7148,from-ne.com
7149,from-nv.com
7150,from-ri.com
7151,from-vt.com
7152,ftp.sch.uk
7153,fukagawa.hokkaido.jp
7154,fukushima.hokkaido.jp
7155,fusa.no
7156,futuremailing.at
7157,fylkesbibl.no
7158,gaivuotna.no
7159,galsa.no
7160,ggo2-s0r0.cloudera.site
7161,giehtavuoatna.no
7162,gildeskal.no
7163,ginoza.okinawa.jp
7164,giske.no
7165,github.app
7166,gov.nc.tr
7167,gran.no
7168,ha.nom.br
7169,hadsel.no
7170,hagebostad.no
7171,halsa.no
7172,hamada.shimane.jp
7173,hammarfeasta.no
7174,hammerfest.no
7175,hasuda.saitama.jp
7176,hatsukaichi.hiroshima.jp
7177,hattfjelldal.no
7178,hemnes.no
7179,hermes.sch.uk
7180,hirono.iwate.jp
7181,hofu.yamaguchi.jp
7182,hokuryu.hokkaido.jp
7183,honbetsu.hokkaido.jp
7184,hornindal.no
7185,hra.health
7186,ibestad.no
7187,ichikawa.chiba.jp
7188,id.firewalledreplit.co
7189,ie.eu.org
7190,il-central-1.elasticbeanstalk.com
7191,inc.hk
7192,info.cx
7193,info.eg
7194,ingress-cil.ewp.live
7195,ingress-euterpe.ewp.live
7196,instances.spawn.cc
7197,interactive-browser-coecacatncnmnqdd.devinapps.com
7198,interactive-browser-foboernnreenptbd.devinapps.com
7199,interactive-browser-qpfftuqopasqtuvr.devinapps.com
7200,is-a-bulls-fan.com
7201,is-a-celticsfan.org
7202,is-a-designer.com
7203,is-a-knight.org
7204,is-a-musician.com
7205,is-an-anarchist.com
7206,is-an-entertainer.com
7207,it1.jenv-aruba.cloud
7208,izumo.shimane.jp
7209,jogasz.hu
7210,jorpeland.no
7211,jw8ndw9ev.localto.net
7212,kadena.okinawa.jp
7213,kadoma.osaka.jp
7214,kahoku.yamagata.jp
7215,kamaishi.iwate.jp
7216,kamigori.hyogo.jp
7217,kamisu.ibaraki.jp
7218,kamo.niigata.jp
7219,kanzaki.saga.jp
7220,katsuragi.wakayama.jp
7221,keliweb.cloud
7222,kihoku.ehime.jp
7223,kin.okinawa.jp
7224,kita.osaka.jp
7225,kitaakita.akita.jp
7226,kopervik.no
7227,kraanghke.no
7228,kragero.no
7229,krdabr--abject-connection--6dy9h2ypx4xr.code.run
7230,kristiansand.no
7231,kristiansund.no
7232,kunohe.iwate.jp
7233,kustanai.su
7234,kwpsp.gov.pl
7235,kyotamba.kyoto.jp
7236,l6rn-zj16.cloudera.site
7237,labeling.eu-central-1.sagemaker.aws
7238,labeling.eu-west-2.sagemaker.aws
7239,lahppi.no
7240,lakas.hu
7241,larvik.no
7242,lenug.su
7243,lk3.ru
7244,longan.vn
7245,lunner.no
7246,luton.sch.uk
7247,mail11.sch.uk
7248,mailapp.sch.uk
7249,mailrelay.sch.uk
7250,matsuzaki.shizuoka.jp
7251,meiwa.mie.jp
7252,mequekufame.beget.app
7253,mibu.tochigi.jp
7254,midsund.no
7255,mihara.hiroshima.jp
7256,mil.ae
7257,mil.tt
7258,minamidaito.okinawa.jp
7259,minoh.osaka.jp
7260,mircloud.ru
7261,mo-i-rana.no
7262,mordovia.ru
7263,mordovia.su
7264,moriya.ibaraki.jp
7265,ms.sch.uk
7266,mt.eu.org
7267,muko.kyoto.jp
7268,murikasue.beget.app
7269,mx-monterrey-1.oci.customer-oci.com
7270,mx2.sch.uk
7271,mxs.sch.uk
7272,mydns.vc
7273,mykolaiv.ua
7274,myspreadshop.no
7275,mytis.ru
7276,n1-c2-mongodb-clevercloud-customers.services.clever-cloud.com
7277,nakayama.yamagata.jp
7278,navuotna.no
7279,nesseby.no
7280,net.ls
7281,net.ss
7282,newmail.sch.uk
7283,news.kunden.ortsinfo.at
7284,night--jamienightscout--jql56dsyf267.code.run
7285,night--jimbosglucose--95nqpsm8fcjm.code.run
7286,night--tconnectsync--kscdxwvrwz6h.code.run
7287,nishigo.fukushima.jp
7288,nishikawa.yamagata.jp
7289,nishio.aichi.jp
7290,nobushi.jp
7291,nord-odal.no
7292,norddal.no
7293,nordre-land.no
7294,nordreisa.no
7295,notebook-fips.us-west-2.sagemaker.aws
7296,noto.ishikawa.jp
7297,npt.sch.uk
7298,ns1.sch.uk
7299,ns2.sch.uk
7300,numazu.shizuoka.jp
7301,nutatkorol.beget.app
7302,obama.fukui.jp
7303,oe.yamagata.jp
7304,ogasawara.tokyo.jp
7305,okuizumo.shimane.jp
7306,ome.tokyo.jp
7307,onfabrica.com
7308,onjuku.chiba.jp
7309,online.th
7310,ono.fukui.jp
7311,oppegard.no
7312,org.am
7313,org.vu
7314,org.ye
7315,osteroy.no
7316,otsuchi.iwate.jp
7317,ox.rs
7318,oy.lc
7319,oygarden.no
7320,p01--monica--d6j8wb9pq652.code.run
7321,p01--pylexblog--z8cs62j4n95p.code.run
7322,p01--tomasalias--yj4gc9ktw6q2.code.run
7323,p01--us2-2go--vyqs657mpzft.code.run
7324,p01--withu-management--5gs64jnmr8nb.code.run
7325,pages.nom.br
7326,pbrand.sch.uk
7327,post.sch.uk
7328,postgres.snowflake.app
7329,pro.np
7330,qoto.io
7331,quangtri.vn
7332,rac.sch.uk
7333,rade.no
7334,raffleentry.org.uk
7335,reggio-calabria.it
7336,relay.sch.uk
7337,ringebu.no
7338,roros.no
7339,ruovat.no
7340,s3-accesspoint.ap-northeast-3.amazonaws.com
7341,s3-accesspoint.dualstack.ap-east-1.amazonaws.com
7342,s3-accesspoint.dualstack.ap-southeast-2.amazonaws.com
7343,s3-accesspoint.dualstack.ap-southeast-4.amazonaws.com
7344,s3-accesspoint.dualstack.cn-north-1.amazonaws.com.cn
7345,s3-accesspoint.dualstack.us-gov-east-1.amazonaws.com
7346,s3-accesspoint.eu-west-3.amazonaws.com
7347,s3-accesspoint.us-gov-west-1.amazonaws.com
7348,s3-deprecated.us-east-2.amazonaws.com
7349,s3.dualstack.ca-west-1.amazonaws.com
7350,sa-santiago-1.oci.customer-oci.com
7351,sakuho.nagano.jp
7352,sandnessjoen.no
7353,sandoy.no
7354,sannohe.aomori.jp
7355,saotome.st
7356,sasebo.nagasaki.jp
7357,schoolbus.jp
7358,sdc2-elasticsearch-par.services.clever-cloud.com
7359,sekd1.beebyteapp.io
7360,seki.gifu.jp
7361,selbu.no
7362,selje.no
7363,sellsyourhome.org
7364,sf.no
7365,shiiba.miyazaki.jp
7366,shikama.miyagi.jp
7367,shikokuchuo.ehime.jp
7368,shimizu.hokkaido.jp
7369,shimokawa.hokkaido.jp
7370,shinjuku.tokyo.jp
7371,shintoku.hokkaido.jp
7372,shiogama.miyagi.jp
7373,shiwa.iwate.jp
7374,skaun.no
7375,skjervoy.no
7376,smtp.sch.uk
7377,smtpauth.sch.uk
7378,snillfjord.no
7379,so.nom.br
7380,sodegaura.chiba.jp
7381,sogne.no
7382,sokndal.no
7383,space-to-rent.com
7384,spjelkavik.no
7385,sport.eg
7386,stackit.gg
7387,stage.nodeart.io
7388,stathelle.no
7389,sth.ac.at
7390,stor-elvdal.no
7391,stordal.no
7392,store.st
7393,stranda.no
7394,stripper.jp
7395,studio.ap-east-1.sagemaker.aws
7396,suedtirol.it
7397,supersale.jp
7398,surnadal.no
7399,sweegufurooskhef.beget.app
7400,switzerlandnorth.azurecontainer.io
7401,syd.appwrite.run
7402,synology-ds.de
7403,t.se
7404,taiki.mie.jp
7405,taiwa.miyagi.jp
7406,takaoka.toyama.jp
7407,takasu.hokkaido.jp
7408,tananger.no
7409,tatsuno.hyogo.jp
7410,tayninh.vn
7411,teams.replit.dev
7412,tec.ve
7413,tendo.yamagata.jp
7414,teshikaga.hokkaido.jp
7415,tiger.sch.uk
7416,tirol.in.futurecms.at
7417,tokai.ibaraki.jp
7418,tokorozawa.saitama.jp
7419,tonaki.okinawa.jp
7420,tonkotsu.jp
7421,toyooka.hyogo.jp
7422,travinh.vn
7423,troitsk.su
7424,tsubetsu.hokkaido.jp
7425,tv.tz
7426,tw.sch.uk
7427,tysfjord.no
7428,uda.nara.jp
7429,uk.in
7430,uk.reclaim.cloud
7431,ullensvang.no
7432,unjarga.no
7433,unlimitedirl.paywhirl.com
7434,us-east5.hosted.app
7435,us-gov-west-1.compute.amazonaws.com
7436,us-langley-1.oraclegovcloudapps.com
7437,us3.localto.net
7438,usuki.oita.jp
7439,vaapste.no
7440,valle.no
7441,vanylven.no
7442,vefsn.no
7443,vercel.dev
7444,verdal.no
7445,verran.no
7446,voagat.no
7447,voss.no
7448,vscode-bdveussbbbfuueqq.devinapps.com
7449,vscode-cnbctccrqbrmrqcq.devinapps.com
7450,vscode-dbetpdmpdeuavpaf.devinapps.com
7451,vscode-eefamdevtadbaars.devinapps.com
7452,vscode-eforursveftrsssd.devinapps.com
7453,vscode-ertmdbfportatsmp.devinapps.com
7454,vscode-fepedfevscroufuq.devinapps.com
7455,vscode-foscvqapvsnvbcqv.devinapps.com
7456,vscode-obnpvmsnbapubqrr.devinapps.com
7457,vscode-ocdtcumnvprqbfqd.devinapps.com
7458,vscode-oepbtbfotaddecms.devinapps.com
7459,vscode-otrdfconpqobvpsv.devinapps.com
7460,vscode-patvuocfamastncn.devinapps.com
7461,vscode-prcmpambvppqbvrt.devinapps.com
7462,vscode-putenaofbupubvob.devinapps.com
7463,vscode-puursbcqoecbtedp.devinapps.com
7464,vscode-qeevtsfeercommms.devinapps.com
7465,vscode-semuuqtdonabnopb.devinapps.com
7466,vscode-utbnsvtteabuqcnr.devinapps.com
7467,vscode-utsasrqscfpffqfr.devinapps.com
7468,vscode-vppodccmtrcbcnfs.devinapps.com
7469,west-1.elb.amazonaws.com
7470,westeurope.azurestaticapps.net
7471,westus2.azurestaticapps.net
7472,wsa.gov.pl
7473,xn--1lqs71d.jp
7474,xn--80au.xn--90a3ac
7475,xn--90a1af.xn--p1acf
7476,xn--jlq480n2rg
7477,xn--uc0atv.xn--j6w193g
7478,xsyfglspyfidteehsnpf-matomo.services.clever-cloud.com
7479,yabu.hyogo.jp
7480,yamamoto.miyagi.jp
7481,yoshikawa.saitama.jp
7482,yu7q-bef3.cloudera.site
7483,yvu59.lclstage.dev
7484,zamami.okinawa.jp
7485,zmail.sch.uk
7486,zmjyz.spectrum.myjino.ru
7487,123kotisivu.fi
7488,157.xmit.co
7489,177.xmit.co
7490,17c.mm
7491,18.xmit.co
7492,18av.mm
7493,1po56mdxc.localto.net
7494,2.pg
7495,46zba-laaaa-aaaar-ar2ha-cai.raw.icp0.io
7496,5ctgl-7iaaa-aaaar-aww2q-cai.raw.icp0.io
7497,6.xmit.co
7498,66.ck
7499,67qeu-oaaaa-aaaaf-bmura-cai.raw.icp0.io
7500,68kk.mm
7501,69.ck
7502,abiko.chiba.jp
7503,ac.ci
7504,achi.nagano.jp
7505,adloupetab.beget.app
7506,affinitylottery.org.uk
7507,afikutodieb.beget.app
7508,africa-south1.run.app
7509,agdenes.no
7510,aibetsu.hokkaido.jp
7511,aikawa.kanagawa.jp
7512,aisho.shiga.jp
7513,akamaihd-staging.net
7514,ako.hyogo.jp
7515,akrehamn.no
7516,alibabacloudcs.com
7517,alpaca-5.stg.dev
7518,alta.no
7519,ama.aichi.jp
7520,andasuolo.no
7521,anh.kh
7522,anypoint.builder.code.com
7523,ap-northeast-3.elasticbeanstalk.com
7524,ap-southeast-1.compute.amazonaws.com
7525,app-6447023e-914b-44f7-b741-d5f32bac269c-domain.services.clever-cloud.com
7526,app-93833137-a63f-41e7-ac7d-c30ad0600d36-domain.services.clever-cloud.com
7527,app-9db533fb-03ca-45ca-87f1-d1e7c35a7676-domain.services.clever-cloud.com
7528,app-a2cd0b25-a7fb-4475-a587-dd677435e6d7-domain.services.clever-cloud.com
7529,app-f55727bb-9dee-4a8d-be3b-468d4b166551-domain.services.clever-cloud.com
7530,arna.no
7531,ascolipiceno.it
7532,ashikaga.tochigi.jp
7533,ashiya.hyogo.jp
7534,ashoro.hokkaido.jp
7535,at1.localto.net
7536,aure.no
7537,austrheim.no
7538,auth.sch.uk
7539,averoy.no
7540,b2pg7etiaofe7sqxtfbj-mysql.services.clever-cloud.com
7541,b61ri4ygnooahpubnzjp-mysql.services.clever-cloud.com
7542,b741b45sgzyi2yg-mongodb.services.clever-cloud.com
7543,baidar.no
7544,balashov.su
7545,balat.no
7546,balestrand.no
7547,bambina.jp
7548,bangkokair.pg
7549,barsy.io
7550,bashkiria.su
7551,baxb4wexjvcnai8-mongodb.services.clever-cloud.com
7552,bdcfuhs6sxvjxpxxbqjn-mysql.services.clever-cloud.com
7553,be.bd
7554,beagleboard.io
7555,bei7camkg9pqjasoufyl-mysql.services.clever-cloud.com
7556,bengofuynilez.beget.app
7557,bentre.vn
7558,bes--bwzrr--mwqxnwv5xrw2.code.run
7559,bgjjmosiq6d9aov-mongodb.services.clever-cloud.com
7560,bgzetsgln5dk7oap4it7-mysql.services.clever-cloud.com
7561,bhhp0ojrrzhhxw6t4gya-mysql.services.clever-cloud.com
7562,biei.hokkaido.jp
7563,biratori.hokkaido.jp
7564,biz.futurecms.at
7565,bjarkoy.no
7566,bjsvrtxpfnqkxoy-mongodb.services.clever-cloud.com
7567,bmd7ccqaippwo02-mongodb.services.clever-cloud.com
7568,bokn.no
7569,bomlo.no
7570,botdash.app
7571,bovievuylwsd8phvpj8c-mysql.services.clever-cloud.com
7572,box.sch.uk
7573,boxfuse.io
7574,bp6rzh4konvrfso7ma61-mysql.services.clever-cloud.com
7575,bpdmsaufhaqxbxmosmpc-redis.services.clever-cloud.com
7576,bpuffme8lckmsc3vqspd-mysql.services.clever-cloud.com
7577,bremanger.no
7578,bronnoy.no
7579,bronnoysund.no
7580,brxbfklb0tvoziv-mongodb.services.clever-cloud.com
7581,bryansk.su
7582,buh8iijauedj9vo-mongodb.services.clever-cloud.com
7583,bull-40.lcl.dev
7584,bury.sch.uk
7585,bvygh6jj2bmjsyu-mongodb.services.clever-cloud.com
7586,bw2sxz4rceg10ke3zl1z-mysql.services.clever-cloud.com
7587,bw5hdroi52bsho41d5jf-mysql.services.clever-cloud.com
7588,bygland.no
7589,bz4z59xcvdoqatcrrz7b-mysql.services.clever-cloud.com
7590,bztm-7xyo.cloudera.site
7591,c19.us-east-1.airflow.amazonaws.com
7592,c19.us-west-2.airflow.amazonaws.com
7593,c32.us-east-1.airflow.amazonaws.com
7594,c42.us-east-1.airflow.amazonaws.com
7595,c7.airflow.us-east-2.on.aws
7596,c7.us-east-1.airflow.amazonaws.com
7597,c71.us-east-1.airflow.amazonaws.com
7598,c76.us-east-1.airflow.amazonaws.com
7599,canva.run
7600,cc.ar.us
7601,cc.az.us
7602,cc.ny.us
7603,cc.oh.us
7604,ccom.bd
7605,cdn-edges.net
7606,cellar.services.clever-cloud.com
7607,chat--chatgpt--ztlj7w7nlgxw.code.run
7608,chernihiv.ua
7609,chigasaki.kanagawa.jp
7610,chihayaakasaka.osaka.jp
7611,ciencia.bo
7612,cloud.alces.network
7613,cluster002.hosting.ovh.net
7614,cluster012.hosting.ovh.net
7615,cluster117.hosting.ovh.net
7616,cluster123.hosting.ovh.net
7617,co.biz.ng
7618,co.tm
7619,cobra-55.lcl.dev
7620,cobra-64.lcl.dev
7621,cockpit.nl-ams.scw.cloud
7622,codebuilder.dev-builder.code.com
7623,cog.mi.us
7624,com.aw
7625,com.sch.uk
7626,comm.bd
7627,cpanel.site
7628,cs.keliweb.cloud
7629,csx.cc
7630,cue.ec
7631,cx3fbungd.localto.net
7632,dagestan.ru
7633,dagestan.su
7634,de.ex.futurecms.at
7635,de.futurecms.at
7636,deeroluesud.beget.app
7637,demo.datacenter.fi
7638,det.br
7639,dgegb-daaaa-aaaar-arlhq-cai.raw.icp0.io
7640,dobudukuk.beget.app
7641,dst.mi.us
7642,dumenuswo.beget.app
7643,eastus2.azurestaticapps.net
7644,ebina.kanagawa.jp
7645,edu.gl
7646,edu.gn
7647,edu.pf
7648,eidsberg.no
7649,element--g-f-d-aj-a-l-q-he8.quipelements.com
7650,embetsu.hokkaido.jp
7651,emiliaromagna.it
7652,empresa.bo
7653,emrappui-prod.ap-northeast-1.amazonaws.com
7654,emrnotebooks-prod.eu-central-1.amazonaws.com
7655,eng.jo
7656,est-le-patron.com
7657,ethos13-prod-can2.dev.adobeaemcloud.com
7658,ethos13-prod-va7.dev.adobeaemcloud.com
7659,ethos15-prod-deu6.dev.adobeaemcloud.com
7660,ethos15-prod-va7.dev.adobeaemcloud.com
7661,ethos17-prod-nld2.dev.adobeaemcloud.com
7662,ethos17-prod-va7.dev.adobeaemcloud.com
7663,ethos18-prod-va7.dev.adobeaemcloud.com
7664,etne.no
7665,eu-paris-1.oci.customer-oci.com
7666,eu.magentosite.cloud
7667,express.aero
7668,f8z4sjcd2d.code.run
7669,fh-muenster.io
7670,fitjar.no
7671,fjaler.no
7672,fjell.no
7673,flakstad.no
7674,flekkefjord.no
7675,fohokuru.beget.app
7676,forde.no
7677,forgot.her.name
7678,forsand.no
7679,fredrikstad.no
7680,from-nh.com
7681,fujinomiya.shizuoka.jp
7682,fukusaki.hyogo.jp
7683,fuossko.no
7684,fussa.tokyo.jp
7685,gangaviika.no
7686,gcpmecentral2.snowflake.app
7687,gequicafofa.beget.app
7688,ggj4-2xqj.cloudera.site
7689,girlfriend.jp
7690,gjerdrum.no
7691,glug.org.uk
7692,gobo.wakayama.jp
7693,gojome.akita.jp
7694,gorizia.it
7695,gose.nara.jp
7696,gov.io
7697,grozny.su
7698,grue.no
7699,gs.aa.no
7700,gs.nl.no
7701,gs.ol.no
7702,gs.tr.no
7703,gujarat.in
7704,gulen.no
7705,guyicueroni.beget.app
7706,h3vg2.lclstage.dev
7707,haebaru.okinawa.jp
7708,hamaroy.no
7709,hareid.no
7710,hasama.oita.jp
7711,hasvik.no
7712,hatoyama.saitama.jp
7713,heguri.nara.jp
7714,herad.no
7715,higashi.okinawa.jp
7716,highland.sch.uk
7717,hinode.tokyo.jp
7718,hiraizumi.iwate.jp
7719,hirokawa.fukuoka.jp
7720,hirono.fukushima.jp
7721,hisayama.fukuoka.jp
7722,historia.nom.br
7723,hitachi.ibaraki.jp
7724,hjartdal.no
7725,hjelmeland.no
7726,hokksund.no
7727,hole.no
7728,holmestrand.no
7729,holtalen.no
7730,home.sch.uk
7731,honefoss.no
7732,hostedpi.com
7733,hubigili.beget.app
7734,hurum.no
7735,hzvqn-3yaaa-aaaaf-bm2aq-cai.raw.icp0.io
7736,i.bg
7737,ichinohe.iwate.jp
7738,ichinomiya.chiba.jp
7739,id.cv
7740,iide.yamagata.jp
7741,iizuna.nagano.jp
7742,ikeda.fukui.jp
7743,imabari.ehime.jp
7744,inawashiro.fukushima.jp
7745,ind.tn
7746,interactive-browser-pvcoerqvcmobauas.devinapps.com
7747,iopsys.se
7748,is-a-anarchist.com
7749,is-a-libertarian.com
7750,is-a-painter.com
7751,is-a-soxfan.org
7752,is-a-teacher.com
7753,is-a-therapist.com
7754,isehara.kanagawa.jp
7755,it-mil-1.linodeobjects.com
7756,itakura.gunma.jp
7757,itayanagi.aomori.jp
7758,iveland.no
7759,iwaizumi.iwate.jp
7760,iwakuni.yamaguchi.jp
7761,jelikijo.beget.app
7762,jessheim.no
7763,jfose-7qaaa-aaaac-aadfa-cai.raw.icp0.io
7764,kacositack.beget.app
7765,kameoka.kyoto.jp
7766,kami.miyagi.jp
7767,kanegasaki.iwate.jp
7768,kani.gifu.jp
7769,kanie.aichi.jp
7770,kanna.gunma.jp
7771,kanonji.kagawa.jp
7772,karmoy.no
7773,kasukabe.saitama.jp
7774,katashina.gunma.jp
7775,katcepotilas.beget.app
7776,kawara.fukuoka.jp
7777,kembuchi.hokkaido.jp
7778,keneciedu.beget.app
7779,kg7ao.stg.dev
7780,khakassia.su
7781,kiquanidieju.beget.app
7782,kirkenes.no
7783,kitaaiki.nagano.jp
7784,klayopogut.beget.app
7785,komatsu.ishikawa.jp
7786,kumamoto.kumamoto.jp
7787,kurobe.toyama.jp
7788,kuromatsunai.hokkaido.jp
7789,kusatsu.gunma.jp
7790,kuzumaki.iwate.jp
7791,kvafjord.no
7792,kvnnz-oiaaa-aaaar-av5wa-cai.raw.icp0.io
7793,laakesvuemie.no
7794,langevag.no
7795,lardal.no
7796,lavangen.no
7797,lb.sch.uk
7798,leangaviika.no
7799,lib.az.us
7800,lier.no
7801,lierne.no
7802,lillesand.no
7803,lindesnes.no
7804,linkyard-cloud.ch
7805,lioness-62.lcl.dev
7806,lorenzo--snowy-lion--hnv5qynm94xz.code.run
7807,loten.no
7808,lt.eu.org
7809,ltd.hk
7810,luroy.no
7811,m.mm
7812,mail01.sch.uk
7813,mail6.sch.uk
7814,mail7.sch.uk
7815,mail9.sch.uk
7816,mailgate.sch.uk
7817,mailgw.sch.uk
7818,mails.sch.uk
7819,mailx.sch.uk
7820,malatvuopmi.no
7821,marcelo.nom.br
7822,marnardal.no
7823,masoy.no
7824,mastiff-21.lcl.dev
7825,matsuda.kanagawa.jp
7826,matsumae.hokkaido.jp
7827,matta-varjjat.no
7828,mayfirst.info
7829,mbox.sch.uk
7830,me-central1.run.app
7831,mil.ac
7832,mil.az
7833,mil.ba
7834,mil.iq
7835,mil.st
7836,mil.tw
7837,mil.zm
7838,misaki.okayama.jp
7839,misato.miyagi.jp
7840,miyazu.kyoto.jp
7841,mizusawa.iwate.jp
7842,mmv.kr
7843,mobi.ke
7844,morotsuka.miyazaki.jp
7845,moroyama.saitama.jp
7846,ms1.sch.uk
7847,msk-nor--msk-nor--8fsp2fk4d6v2.code.run
7848,muosat.no
7849,mutual.ar
7850,mx-queretaro-1.oraclecloudapps.com
7851,mx1.sch.uk
7852,mx20.sch.uk
7853,my-vigor.de
7854,myfast.space
7855,mymailer.com.tw
7856,myoko.niigata.jp
7857,nagai.yamagata.jp
7858,nagasaki.nagasaki.jp
7859,nakasatsunai.hokkaido.jp
7860,nakatane.kagoshima.jp
7861,nalchik.su
7862,namegata.ibaraki.jp
7863,nanbu.tottori.jp
7864,nantan.kyoto.jp
7865,nanyo.yamagata.jp
7866,navigation.aero
7867,ne.ug
7868,nedre-eiker.no
7869,neroumajobig.beget.app
7870,nesoddtangen.no
7871,net.gg
7872,net.iq
7873,net.kz
7874,net.mz
7875,neyagawa.osaka.jp
7876,night--exact-boundary--zz8pvyq2ym7k.code.run
7877,night--spooky-low--qjqzypkxsdzq.code.run
7878,niihama.ehime.jp
7879,nissedal.no
7880,noda.iwate.jp
7881,noop.app
7882,notebook.ap-northeast-3.sagemaker.aws
7883,ntrdrg--nfirst--y2dhbqfd84q5.code.run
7884,oguni.yamagata.jp
7885,ohi.fukui.jp
7886,oishida.yamagata.jp
7887,oiso.kanagawa.jp
7888,okayama.okayama.jp
7889,or.bi
7890,org.ac
7891,org.ci
7892,org.gu
7893,org.nr
7894,org.st
7895,org.yt
7896,orkanger.no
7897,ostre-toten.no
7898,otaki.nagano.jp
7899,overhalla.no
7900,owa.sch.uk
7901,ozora.hokkaido.jp
7902,p.kh
7903,p01--chatapi--pvbl8f8qrkq2.code.run
7904,p01--checkpoint-api--h4zj9xp9v7jp.code.run
7905,p01--euu--kps27g42d8nk.code.run
7906,p01--modmail-service--gxg8s4jzrd8t.code.run
7907,p01--northflank--kcytjdc7cclq.code.run
7908,p01--northflank1--6lwyqqglm4cx.code.run
7909,p01--vvv--qljy7l25b7tx.code.run
7910,p01--youtube-multi-api-private-srv--yfb9ttcdx8bx.code.run
7911,p01--youtube-multi-api-private-srv-copy-2--yfb9ttcdx8bx.code.run
7912,p9ia-zyhe.cloudera.site
7913,pdx9ark.privatelink.snowflake.app
7914,pesarourbino.it
7915,pokrovsk.su
7916,pop3.sch.uk
7917,porsangu.no
7918,portal.nom.br
7919,pr.us
7920,preview.csb.app
7921,primary-c2-mongodb-clevercloud-customer.services.clever-cloud.com
7922,principe.st
7923,pro.ec
7924,profesional.bo
7925,puebadurela.beget.app
7926,pup.gov.pl
7927,qbuser.com
7928,quangngai.vn
7929,quethufanask.beget.app
7930,quipucucinad.beget.app
7931,quofustayex.beget.app
7932,quotonidige.beget.app
7933,rackmaze.com
7934,radoy.no
7935,raisa.no
7936,rana.no
7937,raptor-87.lcl.dev
7938,rebun.hokkaido.jp
7939,ringerike.no
7940,ringsaker.no
7941,rollag.no
7942,romskog.no
7943,royrvik.no
7944,s3-accesspoint.ca-west-1.amazonaws.com
7945,s3-accesspoint.cn-north-1.amazonaws.com.cn
7946,s3-accesspoint.dualstack.ap-south-1.amazonaws.com
7947,s3-accesspoint.dualstack.ap-south-2.amazonaws.com
7948,s3-accesspoint.dualstack.ca-central-1.amazonaws.com
7949,s3-accesspoint.dualstack.ca-west-1.amazonaws.com
7950,s3-accesspoint.us-west-1.amazonaws.com
7951,s3-ap-northeast-3.amazonaws.com
7952,s3-fips.dualstack.us-gov-west-1.amazonaws.com
7953,s3-website.ap-southeast-4.amazonaws.com
7954,sa-bogota-1.oci.customer-oci.com
7955,salvo.code.run
7956,sanda.hyogo.jp
7957,sanuki.kagawa.jp
7958,saroma.hokkaido.jp
7959,sauda.no
7960,sc.ls
7961,sch.zm
7962,scotborders.sch.uk
7963,sdn.gov.pl
7964,seed.sch.uk
7965,sefeecleriy.beget.app
7966,seiro.niigata.jp
7967,sekikawa.niigata.jp
7968,senasa.ar
7969,server--gowa-rest-api--tcn2rhqhjn8s.code.run
7970,server1.sch.uk
7971,setagaya.tokyo.jp
7972,sfdata--utc--57mwdzw8qn8f.code.run
7973,sg-1.paas.massivegrid.net
7974,sg-sin-1.linodeobjects.com
7975,shimada.shizuoka.jp
7976,shingu.fukuoka.jp
7977,shiraoi.hokkaido.jp
7978,siljan.no
7979,site--jimbosglucose--kscdxwvrwz6h.code.run
7980,siuvd-kiaaa-aaaaf-bm6oa-cai.raw.icp0.io
7981,skiptvet.no
7982,slide.np
7983,small-web.org
7984,smola.no
7985,smtp2.sch.uk
7986,snaase.no
7987,snoasa.no
7988,snugubrielnupax.beget.app
7989,sogndal.no
7990,solund.no
7991,sor-aurdal.no
7992,sor-varanger.no
7993,sorfold.no
7994,sortland.no
7995,souyuegonik.beget.app
7996,spam.sch.uk
7997,spydeberg.no
7998,stange.no
7999,steigen.no
8000,stjordal.no
8001,stokke.no
8002,stord.no
8003,store.bb
8004,studio.eu-south-2.sagemaker.aws
8005,suerigemag.beget.app
8006,sund.no
8007,suzaka.nagano.jp
8008,sveio.no
8009,tabayama.yamanashi.jp
8010,table.bd
8011,tagami.niigata.jp
8012,taishi.hyogo.jp
8013,takayama.nagano.jp
8014,tana.no
8015,tanabe.wakayama.jp
8016,tanohata.iwate.jp
8017,tarukerux.beget.app
8018,teaches-yoga.com
8019,temptest002031.privatelink.snowflake.app
8020,tfl51.lcl.dev
8021,tinn.no
8022,tirol.futurecms.at
8023,tisosuekil.beget.app
8024,tljqa-5aaaa-aaaac-ah6cq-cai.raw.icp0.io
8025,tobuxiranouy.beget.app
8026,toda.saitama.jp
8027,tokushima.tokushima.jp
8028,tomari.hokkaido.jp
8029,tonsberg.no
8030,torsken.no
8031,tourism.tn
8032,toyoura.hokkaido.jp
8033,tp61-hzcl.cloudera.site
8034,troandin.no
8035,tromsa.no
8036,tsukigata.hokkaido.jp
8037,tuscany.it
8038,tv.bb
8039,txydz-jyaaa-aaaaf-bifea-cai.raw.icp0.io
8040,tydal.no
8041,tysvar.no
8042,ujitawara.kyoto.jp
8043,unzen.nagasaki.jp
8044,us-east-1.compute.amazonaws.com
8045,us-west2.elb.amazonaws.com
8046,usa.oita.jp
8047,utsira.no
8048,uyakamon.beget.app
8049,vadso.no
8050,vagan.no
8051,valer.ostfold.no
8052,vardo.no
8053,vega.no
8054,vegarshei.no
8055,vennesla.no
8056,vi.us
8057,vip.sch.uk
8058,virtualuser.de
8059,vladikavkaz.ru
8060,vladikavkaz.su
8061,vladimir.su
8062,vs.it
8063,vscode-atfoodafrfprosoe.devinapps.com
8064,vscode-bonpeqcouonuoaqr.devinapps.com
8065,vscode-cvqoufsnddbocnno.devinapps.com
8066,vscode-dtmtsaqcppqpusnn.devinapps.com
8067,vscode-efnbrofodqeruuoc.devinapps.com
8068,vscode-noavsutvrdbqtuuq.devinapps.com
8069,vscode-qdcnucbpqromrsff.devinapps.com
8070,vscode-qorruvmbeqqrutfd.devinapps.com
8071,vscode-rcruopavnefbcoqa.devinapps.com
8072,vscode-supsdtnaupqoaueu.devinapps.com
8073,vscode-vceoadafutdcsftm.devinapps.com
8074,w-dunbarton.sch.uk
8075,wanouchi.gifu.jp
8076,web.bo
8077,website-us-ord-1.linodeobjects.com
8078,west-1.compute.amazonaws.com
8079,wives.nom.br
8080,wnext.app
8081,www.jm
8082,xn--c1avg.xn--p1acf
8083,xn--o1ac.xn--90a3ac
8084,xn--pssu33l.jp
8085,xn--ryken-vua.no
8086,xn--zbx025d.jp
8087,yamada.iwate.jp
8088,yamakita.kanagawa.jp
8089,yamanobe.yamagata.jp
8090,yasuda.kochi.jp
8091,yawata.kyoto.jp
8092,yokote.akita.jp
8093,yoshida.shizuoka.jp
8094,yotsukaido.chiba.jp
8095,yukuhashi.fukuoka.jp
8096,zama.kanagawa.jp
8097,zaporizhzhia.ua
8098,zentsuji.kagawa.jp
8099,zoolekubomo.beget.app
8100,zz.bd
8101,016.ck
8102,08zjv.lcl.dev
8103,0pgmo.lcl.dev
8104,123siteweb.fr
8105,135.xmit.co
8106,14788.mm
8107,15av.mm
8108,171.xmit.co
8109,18.jm
8110,180r.com
8111,18c.jm
8112,222.mm
8113,23ck.ck
8114,28rzbtcym.localto.net
8115,2vika.lcl.dev
8116,345.mm
8117,3k5.ck
8118,4.bg
8119,40.pg
8120,42.xmit.co
8121,44.xmit.co
8122,4efd6a9ce978.vps.myjino.ru
8123,502.pg
8124,506c.mm
8125,54.xmit.co
8126,647.ck
8127,667.pg
8128,68poe.np
8129,7803.ck
8130,808xb.mm
8131,88.ck
8132,8808cc.ck
8133,88wpd.lcl.dev
8134,91cp.mm
8135,95w5j.lcl.dev
8136,9ymxm.lcl.dev
8137,a.mm
8138,a5.cloudera.site
8139,a67o-d7m3.cloudera.site
8140,abira.hokkaido.jp
8141,ac.se
8142,acx5-vcqk.cloudera.site
8143,adygeya.ru
8144,ag1vsqqn0q-artifactory.services.clever-cloud.com
8145,agent.mm
8146,agulha.nom.br
8147,aidance-scientific.paywhirl.com
8148,ainan.ehime.jp
8149,aizubange.fukushima.jp
8150,akstabilken.beget.app
8151,aktyubinsk.su
8152,alternativo.nom.br
8153,alto-adige.it
8154,amli.no
8155,anan.tokushima.jp
8156,andebu.no
8157,andoy.no
8158,angry.jp
8159,antelope-87.lcl.dev
8160,antennas-direct.paywhirl.com
8161,aoste.it
8162,ap-qax.stg-builder.code.com
8163,ap-southeast-3.elasticbeanstalk.com
8164,app-0031082c-3f1c-4903-a4cb-235c6dcf7a8e-domain.services.clever-cloud.com
8165,app-04bbb00a-ebad-4f4f-a6da-9bf8c5d0bc0c-domain.services.clever-cloud.com
8166,app-0a292b01-b22a-4b0e-a1da-dfc615649277-domain.services.clever-cloud.com
8167,app-17e20f33-03f4-43c8-ac89-a6e53f9edac1-domain.services.clever-cloud.com
8168,app-1b922d3e-023c-46f1-aa90-fd46147a2ebd-domain.services.clever-cloud.com
8169,app-23af2e74-b4ab-44ea-beee-7a8fbfe0039a-domain.services.clever-cloud.com
8170,app-23b9e698-a88c-4a6a-8b8e-149664c6b6b5-fsbucket.services.clever-cloud.com
8171,app-2a28e05e-6e9e-4309-a9a0-d8e63bb56e03-domain.services.clever-cloud.com
8172,app-2e02f2e5-c07a-474d-8ff8-d6faccadf007-domain.services.clever-cloud.com
8173,app-3202452a-d1fb-4604-b21f-a86c9a1fac6b-domain.services.clever-cloud.com
8174,app-41810b00-a07c-48b8-b60d-ec718f8b4b34-domain.services.clever-cloud.com
8175,app-4f9b1ab4-e00b-4a77-a7bd-b3bd395ea9e4-domain.services.clever-cloud.com
8176,app-5102d6aa-7e2f-4d87-ac1a-798a4e0dd588-domain.services.clever-cloud.com
8177,app-59f482ee-174f-4c53-a05a-9fbee962c600-domain.services.clever-cloud.com
8178,app-60d761cd-fa8e-42de-9785-e29a27528df7-domain.services.clever-cloud.com
8179,app-612a70bb-631f-463d-b75f-70d9d61a0c67-domain.services.clever-cloud.com
8180,app-624c7ba8-b4ff-41a7-ae6a-03b1eb267202-domain.services.clever-cloud.com
8181,app-6a5c0259-c7cb-48a8-a02c-8475e3a28c6f-domain.services.clever-cloud.com
8182,app-715d1472-f20b-40eb-b5ff-d70d270b5849-domain.services.clever-cloud.com
8183,app-729a4d75-a74b-462b-aabd-4e68788751c9-domain.services.clever-cloud.com
8184,app-767f18f7-c66f-4325-b98e-251f7946e737-domain.services.clever-cloud.com
8185,app-86553755-cb9b-48bb-9065-aa5f80487ae1-domain.services.clever-cloud.com
8186,app-87f4fc58-d28c-4f7a-bac5-fa183680e186-domain.services.clever-cloud.com
8187,app-880e7538-b2cf-42ec-9a0a-5af1bf440d80-domain.services.clever-cloud.com
8188,app-9bdc952b-058b-462c-829b-ca0ad6c03940-domain.services.clever-cloud.com
8189,app-9c509ccf-d35d-4aa6-bd4f-475771760f17-domain.services.clever-cloud.com
8190,app-a29a266c-556d-4f95-bc0e-9583a27f3f85-domain.services.clever-cloud.com
8191,app-a601d3ce-bb7b-426f-aa29-f5edc480f478-domain.services.clever-cloud.com
8192,app-a7290f56-f3be-406e-818f-73aab53c4493-domain.services.clever-cloud.com
8193,app-ad1b8d3e-bb6e-444e-90fa-b0155c045697-domain.services.clever-cloud.com
8194,app-b11bdb1f-9baa-4c41-b285-fa84e2e336f6-domain.services.clever-cloud.com
8195,app-b7f660ed-87cd-4765-a1c0-a91bacabaeaf-domain.services.clever-cloud.com
8196,app-b9786718-f62a-469a-a0a3-f4eeda3e1129-domain.services.clever-cloud.com
8197,app-bbed191e-c8ad-4016-a2fa-bf192c3b3e21-domain.services.clever-cloud.com
8198,app-bca99c0b-bd7b-4e0d-ab5a-719f9f624cd0-domain.services.clever-cloud.com
8199,app-bd642b87-fdca-4290-bb43-dc38578f7e56-domain.services.clever-cloud.com
8200,app-bece041e-470a-44aa-84ef-72a4514ec0e4-domain.services.clever-cloud.com
8201,app-c4542561-aacb-4ab6-adfc-0982ba837b11-domain.services.clever-cloud.com
8202,app-c7f04106-dbbd-4230-ad2d-22513f88441a-domain.services.clever-cloud.com
8203,app-d1e2c2a6-cd9b-4e2e-9a5e-743c42261939-domain.services.clever-cloud.com
8204,app-d28b1c0a-54ad-4390-a76d-61de4c0b1eed-domain.services.clever-cloud.com
8205,app-ece2f22d-97de-4c63-a89e-d6dd0a511e11-domain.services.clever-cloud.com
8206,app-f1e511df-527e-45df-bc6d-ee391f163f10-domain.services.clever-cloud.com
8207,appspacehosted.com
8208,ardal.no
8209,aremark.no
8210,arms-of-america-llc.paywhirl.com
8211,arvo.network
8212,aseral.no
8213,ashgabad.su
8214,asnumotjakap.beget.app
8215,assabu.hokkaido.jp
8216,asso.gp
8217,asso.re
8218,aukra.no
8219,aulmssdata.mm
8220,awaji.hyogo.jp
8221,azimuth.network
8222,b.bg
8223,b03bhvptpiwmcjz-mongodb.services.clever-cloud.com
8224,b056znfuyzz2h08-mongodb.services.clever-cloud.com
8225,b05cbbfvwjx4vgw-mongodb.services.clever-cloud.com
8226,b0dyybnrku93fbrwkuhv-mysql.services.clever-cloud.com
8227,b0hlz3dtyiomsym8gyig-mysql.services.clever-cloud.com
8228,b0nvyr54rn1kpqkorbq0-mysql.services.clever-cloud.com
8229,b10immrf1n4g39kgcxux-mysql.services.clever-cloud.com
8230,b17rwgxj3mtervfveqhb-elasticsearch.services.clever-cloud.com
8231,b18woveoco60xnl9dbql-mysql.services.clever-cloud.com
8232,b1bw8tc8o7ajthxwigmp-mysql.services.clever-cloud.com
8233,b1eozhda81ugoterw1kt-mysql.services.clever-cloud.com
8234,b1hmn8gh9rxf4mkmujam-mysql.services.clever-cloud.com
8235,b1itakmhlrh2tno-mongodb.services.clever-cloud.com
8236,b2dz6ce9vyfi2616u9zf-mysql.services.clever-cloud.com
8237,b2eifq0abwn4pi27chqk-redis.services.clever-cloud.com
8238,b37hpffqtrmklmxlf62p-mysql.services.clever-cloud.com
8239,b3dhbdiq9v60uqsid4nk-mysql.services.clever-cloud.com
8240,b3nznrsqxmtvjd8ztyhs-mysql.services.clever-cloud.com
8241,b3uefqcdpywj3jk-mongodb.services.clever-cloud.com
8242,b3wlzibzyazzyje-mongodb.services.clever-cloud.com
8243,b44dtyshvr36w6q824z1-mysql.services.clever-cloud.com
8244,b4ldsnttlrvwzpe-mongodb.services.clever-cloud.com
8245,b4oixst7dfvurdbeyqzh-mysql.services.clever-cloud.com
8246,b55nn6jnutrzpko-mongodb.services.clever-cloud.com
8247,b5hs85pqn1qbhkvp5cge-mysql.services.clever-cloud.com
8248,b5mqz8biv2ntet6klrv6-mysql.services.clever-cloud.com
8249,b5nl2tvh5jgm7ul8zg0a-mysql.services.clever-cloud.com
8250,b67tblizg7i3xax-mongodb.services.clever-cloud.com
8251,b6nwwizhs0kxkqwtwurp-postgresql.services.clever-cloud.com
8252,b6t6yiutpxwhfyd8r92e-mysql.services.clever-cloud.com
8253,b6ubmbw9fc9ikyfrlnub-mysql.services.clever-cloud.com
8254,b7nafqfy0tjtk5q-mongodb.services.clever-cloud.com
8255,b7pmjftlh.localto.net
8256,b83jvpssx6xaj1h-mongodb.services.clever-cloud.com
8257,b85kcvzdve2ehhrki38c-mysql.services.clever-cloud.com
8258,b8nepsnetxvgea02wouy-mysql.services.clever-cloud.com
8259,b8rq6f3rj1906gbmcaah-mysql.services.clever-cloud.com
8260,b9d3wie6ubb0f9k-mongodb.services.clever-cloud.com
8261,b9h1pe2aica6pwa0n12y-mysql.services.clever-cloud.com
8262,b9hmij6mslu00tlf6mlj-mysql.services.clever-cloud.com
8263,b9jfuznmjmjcyxmz2tzv-mysql.services.clever-cloud.com
8264,bad.mm
8265,badaddja.no
8266,baee55690f95.vps.myjino.ru
8267,bagqfv4ip0bwbtv-mongodb.services.clever-cloud.com
8268,baljj73glhval2kopn0d-mysql.services.clever-cloud.com
8269,ballangen.no
8270,balsfjord.no
8271,bamble.no
8272,bancrjo5jzgwrsptbaks-mysql.services.clever-cloud.com
8273,bandai.fukushima.jp
8274,baowed8cifaeopilqqpb-mysql.services.clever-cloud.com
8275,barking-dagenham.sch.uk
8276,barracuda.sch.uk
8277,barsy.co.uk
8278,barsy.eu
8279,barsy.pro
8280,batsfjord.no
8281,bau1sgqkvswvmbo-mongodb.services.clever-cloud.com
8282,bb4b3ov4gawm6nymbdn7-postgresql.services.clever-cloud.com
8283,bbgibz2npuvz4pciaudq-mongodb.services.clever-cloud.com
8284,bblfahqlkaqdnb7mgbew-mysql.services.clever-cloud.com
8285,bbxe7hujsz3zrjtfkb0w-mysql.services.clever-cloud.com
8286,bc6sk0i8f84gi62wwmpu-mysql.services.clever-cloud.com
8287,bcapkdm8l4zlgx6jnqbg-mysql.services.clever-cloud.com
8288,bccuo3a1fbgn18w-mongodb.services.clever-cloud.com
8289,bci2n9hxrawuxftedvv9-mysql.services.clever-cloud.com
8290,bck3ziqt6hk5zqvoghyu-mysql.services.clever-cloud.com
8291,bcnk827f67fytor5mgme-mysql.services.clever-cloud.com
8292,bco7ioqb7xqe1bdjitr5-mysql.services.clever-cloud.com
8293,bcp2ohnpjpzpgqk-mongodb.services.clever-cloud.com
8294,bdb96zqfjejgnyd6gqvi-postgresql.services.clever-cloud.com
8295,bdbailrwhi0yqq8-mongodb.services.clever-cloud.com
8296,bdcnfxhlb9tjuok-mongodb.services.clever-cloud.com
8297,bdfufxsnxxlsqutbl4sh-mysql.services.clever-cloud.com
8298,bdkka56g6qijvlg-mongodb.services.clever-cloud.com
8299,bdmbdiecromws1t-mongodb.services.clever-cloud.com
8300,bdsqle3ssjjm6bklyrix-mysql.services.clever-cloud.com
8301,bdvmbqstxjfgjtsfycsj-mysql.services.clever-cloud.com
8302,bdwa88qaxp8xoeryt8gw-mysql.services.clever-cloud.com
8303,beat-warehouse-inc.paywhirl.com
8304,beautifiedyou.paywhirl.com
8305,becgrksufpepcr4tzix8-mysql.services.clever-cloud.com
8306,bedwfhue8dffi8q-mongodb.services.clever-cloud.com
8307,beebvnujevxocsvw3xfr-mysql.services.clever-cloud.com
8308,beetle-9.lcl.dev
8309,beiarn.no
8310,beifldksotyhvvk-mongodb.services.clever-cloud.com
8311,bekkk5mzzw1rgeo-mongodb.services.clever-cloud.com
8312,bels3pzxgxjngss-mongodb.services.clever-cloud.com
8313,bemv6qz4yzmcxpmn5oqm-mysql.services.clever-cloud.com
8314,bfakg5lkan70recglxba-mysql.services.clever-cloud.com
8315,bfhtg7nnbvozppq-mongodb.services.clever-cloud.com
8316,bfljkmxqruj729zjstcc-mysql.services.clever-cloud.com
8317,bfyqnbk9wzitze025mwu-mysql.services.clever-cloud.com
8318,bg9c9ydqw1fxjsse4aro-mysql.services.clever-cloud.com
8319,bggpcorlvw9zq5ptlzp0-mysql.services.clever-cloud.com
8320,bgl5lzxrrskhi8an4rtj-mysql.services.clever-cloud.com
8321,bgq7oy2ehoawfb0qlhmh-mysql.services.clever-cloud.com
8322,bgtffn3i3-mysql.services.clever-cloud.com
8323,bgtjm5bwrs8hvrvyavfe-mysql.services.clever-cloud.com
8324,bgwl8gu5ip5albf-mongodb.services.clever-cloud.com
8325,bgzygvjxlsetnveiqcbg-mysql.services.clever-cloud.com
8326,bhf4z5v1elk87hk0dtyg-mysql.services.clever-cloud.com
8327,bhlil1izfiwtslpxtush-mysql.services.clever-cloud.com
8328,bhobv3t2u4q8p4jeo9ql-mongodb.services.clever-cloud.com
8329,bhpar8j8zxxtaiznka4u-mysql.services.clever-cloud.com
8330,bhvklvzw5stjv0jdmfnd-mysql.services.clever-cloud.com
8331,bhxbhrbuohcuhia-mongodb.services.clever-cloud.com
8332,bibud7f9cd0ff5z6t0l6-mysql.services.clever-cloud.com
8333,bievat.no
8334,bih6rhq6ixsbua8-mongodb.services.clever-cloud.com
8335,bih72mnrhfueiq2dqjoa-mysql.services.clever-cloud.com
8336,bilgf7tahznlgtp-mongodb.services.clever-cloud.com
8337,bio.np
8338,birkenes.no
8339,bivlmg6am4jsqmu8puon-mysql.services.clever-cloud.com
8340,biwfsnscozgzg7tjbaqq-postgresql.services.clever-cloud.com
8341,biy9d2yuzy2idq9ikrxv-mysql.services.clever-cloud.com
8342,biyazspeduczy8759y5p-mysql.services.clever-cloud.com
8343,biz.bb
8344,biz.ki
8345,biz.np
8346,biz.ss
8347,bjcab8txwk2f7psvtc2a-mysql.services.clever-cloud.com
8348,bjgr1jesl31jjxv5rcmu-mysql.services.clever-cloud.com
8349,bjhc4sov7cwtdcs-mongodb.services.clever-cloud.com
8350,bjl4a6tmzam7ycdolsh7-mysql.services.clever-cloud.com
8351,bjo2b8pprnqjbkxnbauj-mysql.services.clever-cloud.com
8352,bjugn.no
8353,bjuqfle74brsz7bhh74l-postgresql.services.clever-cloud.com
8354,bk8yiaxxxsgb2hh-mongodb.services.clever-cloud.com
8355,bkhg4xicmkouxey-mongodb.services.clever-cloud.com
8356,bkhl4zqqdolrf5o4xdh8-mysql.services.clever-cloud.com
8357,bkimly4n6jqujewxyk8d-mysql.services.clever-cloud.com
8358,bknd90p3kkcrl6yj3a3l-mysql.services.clever-cloud.com
8359,bkoiea5xar3i2kzeeeqe-mysql.services.clever-cloud.com
8360,bkp9buz6oxh0ch7-mongodb.services.clever-cloud.com
8361,bkybbrsdwle0ujs-mongodb.services.clever-cloud.com
8362,bkzugm32ms0hddhpq2bq-mysql.services.clever-cloud.com
8363,blackburn.sch.uk
8364,blax7xpksilbzw8h8ncl-mysql.services.clever-cloud.com
8365,blge3gwzja5xqyn-mongodb.services.clever-cloud.com
8366,blgynhflhdignlv-mongodb.services.clever-cloud.com
8367,bljmd3oxc84vckeuk8mw-mysql.services.clever-cloud.com
8368,bloheesouguet.beget.app
8369,blom.kh
8370,bluqn631je51jjhicb2k-mysql.services.clever-cloud.com
8371,blutilelefo.beget.app
8372,blx9qfgpqndx7pbtbyfo-postgresql.services.clever-cloud.com
8373,bm6csg2wtkozjfd-mongodb.services.clever-cloud.com
8374,bm7krsuqbwzaim6ktxyg-mysql.services.clever-cloud.com
8375,bmfzqcai3l4r8wlpguai-elasticsearch.services.clever-cloud.com
8376,bmhonmny7bkuc9t-mongodb.services.clever-cloud.com
8377,bmqnljwdda7oidua508m-mysql.services.clever-cloud.com
8378,bmskxiel2lpntoq-mongodb.services.clever-cloud.com
8379,bmuhm44tka6xfvnpzh9f-mysql.services.clever-cloud.com
8380,bmwtb6bnste4z4vx5unw-mysql.services.clever-cloud.com
8381,bnhlmdzegrcjqyoz0aob-mysql.services.clever-cloud.com
8382,bnjw11hhvgrco4cqajdj-mysql.services.clever-cloud.com
8383,bnroeqvhcoefyho5yosf-elasticsearch.services.clever-cloud.com
8384,bocluquonakquub.beget.app
8385,bodo.no
8386,bolzict5yhgy7hftmaw6-mysql.services.clever-cloud.com
8387,bonato.nom.br
8388,bonsvukyvr16pz1h7azm-mysql.services.clever-cloud.com
8389,bookopideen.beget.app
8390,boorkfcnxokodijmudib-mysql.services.clever-cloud.com
8391,boppnleonk2q70fxps78-mysql.services.clever-cloud.com
8392,bouresoumlokos.beget.app
8393,boyfriend.jp
8394,bp0uh7noh-postgresql.services.clever-cloud.com
8395,bp7a6bnjfju4nsn7sia0-mysql.services.clever-cloud.com
8396,bpiuhyc3eel5oaa-mongodb.services.clever-cloud.com
8397,bpsm3dxrq1izl7ylqtjj-mysql.services.clever-cloud.com
8398,bptnhu7gku3gcnczmqew-mysql.services.clever-cloud.com
8399,bpxu9cluxotxdxyh5bpt-mysql.services.clever-cloud.com
8400,bpyptlzo8izkv0e5lofb-mysql.services.clever-cloud.com
8401,bq2evqmbisordqbwcjlt-mysql.services.clever-cloud.com
8402,bqczetbax3sgyzj-mongodb.services.clever-cloud.com
8403,bqf63n1mfnkfl7mhbrcg-mysql.services.clever-cloud.com
8404,bqgiibuitmfdpqym3xaz-mysql.services.clever-cloud.com
8405,bqj7zvnxjcplitgtnwmi-mysql.services.clever-cloud.com
8406,bqkmwur8ood9t8r-mongodb.services.clever-cloud.com
8407,bqnromu0xnz4sts-mongodb.services.clever-cloud.com
8408,bqpbp1lxprhjpw0-mongodb.services.clever-cloud.com
8409,bqvghvdhplxyaounbfux-mysql.services.clever-cloud.com
8410,br-gru-1.linodeobjects.com
8411,brazilsouth.azurecontainer.io
8412,brdoixqbogz1xupypleb-mysql.services.clever-cloud.com
8413,brinickinogud.beget.app
8414,british-food-depot.paywhirl.com
8415,brk0zzy3dbfwfcvk7exm-mysql.services.clever-cloud.com
8416,broiyywa1iuzqebtg45e-mysql.services.clever-cloud.com
8417,brr6atjgtxrban5-mongodb.services.clever-cloud.com
8418,bru3mk30gtmwvpr-mongodb.services.clever-cloud.com
8419,brumunddal.no
8420,brvb5lgvwcrcwywhlf2n-mysql.services.clever-cloud.com
8421,brxdp3zc3jntmxbebo2k-postgresql.services.clever-cloud.com
8422,brzlbestzbhv53uxa38g-mysql.services.clever-cloud.com
8423,bseii7j52bbzijj17kiq-mysql.services.clever-cloud.com
8424,bsjqmgunvbmpooaila8k-mysql.services.clever-cloud.com
8425,bspgqmrbrpzmq0m-mongodb.services.clever-cloud.com
8426,bsshkvnzdurblq7fhwmc-mysql.services.clever-cloud.com
8427,bsug0xo8d6rhq1cn0s8i-mysql.services.clever-cloud.com
8428,bswl75tsu1kscufm52af-mysql.services.clever-cloud.com
8429,bswwsuexjnwitwiiiriv-mysql.services.clever-cloud.com
8430,bsyxu3aldzplkzxbn0h6-mysql.services.clever-cloud.com
8431,bt2kd1ryxhvzj3d8rkqv-mysql.services.clever-cloud.com
8432,bt5wddo0deumybqpjfur-mysql.services.clever-cloud.com
8433,btgxo0vvr7amu5hvvmng-postgresql.services.clever-cloud.com
8434,btjursrlkadcktlkoq0e-elasticsearch.services.clever-cloud.com
8435,btmhnkh6ig9nch96c5ij-mysql.services.clever-cloud.com
8436,btrbvdpprozy5dgadqid-mysql.services.clever-cloud.com
8437,btvegq1acw1zd3o-mongodb.services.clever-cloud.com
8438,btxpmvnowxjykdd-mongodb.services.clever-cloud.com
8439,btzcnbdftnmhqu4okzsx-mysql.services.clever-cloud.com
8440,bu5dwtk0bmzlfjykjrlm-mysql.services.clever-cloud.com
8441,bu6pkkhypx0mvahyihwd-mysql.services.clever-cloud.com
8442,bua6wmugqolmkvbqsy8y-mysql.services.clever-cloud.com
8443,bue2fwbqrii3clc-mongodb.services.clever-cloud.com
8444,buffalo-4.lcl.dev
8445,bugwg6asxdol30o-mongodb.services.clever-cloud.com
8446,bule--link--yp2ttqvmysrb.code.run
8447,bumk0vwfpjsbmeq-mongodb.services.clever-cloud.com
8448,bunayayiked.beget.app
8449,buorgwpuif6wskv-mongodb.services.clever-cloud.com
8450,burayluenik.beget.app
8451,buspidibiden.beget.app
8452,buxprrqm7brjaro-mongodb.services.clever-cloud.com
8453,buy8mj63a08xmrni7uy4-postgresql.services.clever-cloud.com
8454,buynw0hbav25nsspdyy1-elasticsearch.services.clever-cloud.com
8455,bv0zshygkcbimic-mongodb.services.clever-cloud.com
8456,bv7qxr48al7lruw-mongodb.services.clever-cloud.com
8457,bvmkxctjkusbrhf6fpcj-postgresql.services.clever-cloud.com
8458,bvo5em6hxl9s4cv-mongodb.services.clever-cloud.com
8459,bvpy7gccerfecmdzwxrc-mysql.services.clever-cloud.com
8460,bvrpcxlrq-mysql.services.clever-cloud.com
8461,bvtdjoqk3e7e4wr4ozr3-elasticsearch.services.clever-cloud.com
8462,bvxdmfafc8rxf9oqnb9r-mysql.services.clever-cloud.com
8463,bvxwhzdusfli2rlvasfk-mysql.services.clever-cloud.com
8464,bw61mq6bhsvfec7jg0mu-mysql.services.clever-cloud.com
8465,bwcjdbcsjah8uhy2mdzl-mysql.services.clever-cloud.com
8466,bwgdnzyi0huvfgw3ngvo-mysql.services.clever-cloud.com
8467,bwicorg1lcmxc4xpoojv-mysql.services.clever-cloud.com
8468,bwnobxzsgjtuotx-mongodb.services.clever-cloud.com
8469,bwtsz4hwg4iw5rd7si7x-postgresql.services.clever-cloud.com
8470,bwu2k14z6t91kfh-mongodb.services.clever-cloud.com
8471,bwxcdslhy3uikyh-mongodb.services.clever-cloud.com
8472,bx8i292grifovst8dtjk-mysql.services.clever-cloud.com
8473,bxlsvoznc6pi8xr3rb2p-mysql.services.clever-cloud.com
8474,bxsbrjuyzf5p15ovekzg-mysql.services.clever-cloud.com
8475,bxtpljlbwz4oun1-mongodb.services.clever-cloud.com
8476,bxumsrltphpnsltook5x-postgresql.services.clever-cloud.com
8477,bxxaarne29rztpi-mongodb.services.clever-cloud.com
8478,bxxyub6ofjngqgdgydpy-mysql.services.clever-cloud.com
8479,by6dujbz1hrngv5-mongodb.services.clever-cloud.com
8480,bybivtyagwlbluph3eqy-mysql.services.clever-cloud.com
8481,bykle.no
8482,bys44y4mvl5djltojsya-mysql.services.clever-cloud.com
8483,bywtb00nchy4v1bec80r-mysql.services.clever-cloud.com
8484,bz8ydgfnozmpl8n-mongodb.services.clever-cloud.com
8485,bzedrxuwqqo24trp7qll-mysql.services.clever-cloud.com
8486,bzirv06zqvin35t-mongodb.services.clever-cloud.com
8487,bzjvmaejlajgrxb-mongodb.services.clever-cloud.com
8488,bzl83rbvbk1c6g9z28ue-mysql.services.clever-cloud.com
8489,bzlievlxgk6acz5-mongodb.services.clever-cloud.com
8490,bzr2hptbztzdx6tlvelx-elasticsearch.services.clever-cloud.com
8491,bzzcqttuioxr9yg-mongodb.services.clever-cloud.com
8492,bzzjnnsazi87v3c-mongodb.services.clever-cloud.com
8493,c1.eu-west-2.airflow.amazonaws.com
8494,c10.us-west-2.airflow.amazonaws.com
8495,c11.us-east-2.airflow.amazonaws.com
8496,c12.us-east-1.airflow.amazonaws.com
8497,c14.airflow.us-east-1.on.aws
8498,c16.us-west-2.airflow.amazonaws.com
8499,c2.us-east-1.airflow.amazonaws.com
8500,c21.eu-west-1.airflow.amazonaws.com
8501,c21.us-east-1.airflow.amazonaws.com
8502,c23.us-west-2.airflow.amazonaws.com
8503,c35.us-east-1.airflow.amazonaws.com
8504,c37.us-east-1.airflow.amazonaws.com
8505,c39.us-east-1.airflow.amazonaws.com
8506,c4.ap-southeast-1.airflow.amazonaws.com
8507,c48.us-east-1.airflow.amazonaws.com
8508,c5-zabbix-clevercloud-customers.services.clever-cloud.com
8509,c55.us-east-1.airflow.amazonaws.com
8510,c58.us-east-1.airflow.amazonaws.com
8511,c6.ap-southeast-1.airflow.amazonaws.com
8512,c6.sa-east-1.airflow.amazonaws.com
8513,c65.us-east-1.airflow.amazonaws.com
8514,c7.airflow.eu-central-1.on.aws
8515,c74.us-east-1.airflow.amazonaws.com
8516,c76.airflow.us-east-1.on.aws
8517,c8.us-west-2.airflow.amazonaws.com
8518,c9.airflow.eu-central-1.on.aws
8519,c9.us-east-1.airflow.amazonaws.com
8520,c9.us-west-2.airflow.amazonaws.com
8521,cajoobaca.beget.app
8522,calegekulid.beget.app
8523,campingcarpark-rabbitmq-c2-n1.services.clever-cloud.com
8524,carboniaiglesias.it
8525,casino.hu
8526,cc.ma.us
8527,cc.mo.us
8528,cck.ck
8529,cekoukade.beget.app
8530,central-1.compute.amazonaws.com
8531,cesena-forli.it
8532,chikuzen.fukuoka.jp
8533,cidudopesas.beget.app
8534,ciekubnebiy.beget.app
8535,clerk.app
8536,cleverapps.tech
8537,clom.bd
8538,cloud.mm
8539,cluplascelegim.beget.app
8540,cluster007.hosting.ovh.net
8541,cluster105.hosting.ovh.net
8542,cluster111.hosting.ovh.net
8543,co.bj
8544,co.dm
8545,co.np
8546,col.ng
8547,com.sh
8548,conn.uk
8549,coop.rw
8550,cpa.pro
8551,crow-1.lcl.dev
8552,crow-32.lcl.dev
8553,cust.retrosnub.co.uk
8554,custo.er
8555,customer.mythic-beasts.com
8556,cwov8.lcl.dev
8557,daemon.asia
8558,daisen.akita.jp
8559,dalesoolalu.beget.app
8560,dassie-40.lcl.dev
8561,davvenjarga.no
8562,davvesiida.no
8563,de.in.futurecms.at
8564,de3.localto.net
8565,demo.pg
8566,dev-myqnapcloud.com
8567,diabetesstore-com.paywhirl.com
8568,dicujeshootef.beget.app
8569,differentia.jm
8570,digrerikeboo.beget.app
8571,dingo-17.lcl.dev
8572,dingo-74.lcl.dev
8573,dinosaur-85.lcl.dev
8574,disokarorush.beget.app
8575,divtasvuodna.no
8576,divttasvuotna.no
8577,dn0z1.lcl.dev
8578,dni.us
8579,dnn1-yp4t.cloudera.site
8580,dnsking.ch
8581,doberman-81.lcl.dev
8582,doberman-87.lcl.dev
8583,dodkw-jyaaa-aaaag-qbryq-cai.raw.icp0.io
8584,dohegekreji.beget.app
8585,domain-par-homair-customers.services.clever-cloud.com
8586,dongnai.vn
8587,donna.no
8588,dpuad.run.app
8589,dumtoostakifonk.beget.app
8590,duphatitashat.beget.app
8591,duragequo.beget.app
8592,duwudiso.beget.app
8593,dwyus3phj.localto.net
8594,dyn.home-webserver.de
8595,dyndns.ddnss.de
8596,ebl.bd
8597,edenetesut.beget.app
8598,edu.cw
8599,edu.gp
8600,edu.mw
8601,edu.vc
8602,edu.vg
8603,efupodfik.beget.app
8604,egersund.no
8605,eggplant-n0xhvw.builder.code.com
8606,egopekes.beget.app
8607,eidsvoll.no
8608,ekzuc-zyaaa-aaaag-atuga-cai.raw.icp0.io
8609,eliv-dns.kr
8610,elnosnigif.beget.app
8611,emrappui-prod.eu-south-2.amazonaws.com
8612,emuypeebun.beget.app
8613,eng.pro
8614,engerdal.no
8615,epudnoyescen.beget.app
8616,erp.dev
8617,eshcenomluk.beget.app
8618,etajima.hiroshima.jp
8619,ethos13-prod-che2.dev.adobeaemcloud.com
8620,ethos13-prod-ind2.dev.adobeaemcloud.com
8621,ethos15-prod-aus5.dev.adobeaemcloud.com
8622,ethos21-stage-nld2.dev.adobeaemcloud.com
8623,ethos36-prod-va7.dev.adobeaemcloud.com
8624,eu-dublin-3.oci.customer-oci.com
8625,eu-south-1.compute.amazonaws.com
8626,evje-og-hornnes.no
8627,ewe-7.lcl.dev
8628,fafouloboga.beget.app
8629,falcon-64.lcl.dev
8630,famadiju.beget.app
8631,fanucasejo.beget.app
8632,faroeste.nom.br
8633,fastvps.site
8634,fauske.no
8635,fd9s-2bvh.cloudera.site
8636,feedizipdis.beget.app
8637,fehihofadid.beget.app
8638,fet.no
8639,fevaveplifam.beget.app
8640,fielenibden.beget.app
8641,five-cbd-llc.paywhirl.com
8642,flora.no
8643,forlicesena.it
8644,fox-37.lcl.dev
8645,framer.photos
8646,frias.nom.br
8647,frimaguedust.beget.app
8648,friuliveneziagiulia.it
8649,from-co.net
8650,from-ms.com
8651,from-nm.com
8652,from-or.com
8653,frosta.no
8654,fujiyoshida.yamanashi.jp
8655,fuoisku.no
8656,furukawa.miyagi.jp
8657,fvm6cgd7xj.code.run
8658,fyresdal.no
8659,g.bg
8660,gadumubug.beget.app
8661,gakirogusem.beget.app
8662,gamvik.no
8663,gaular.no
8664,gausdal.no
8665,gea.nom.br
8666,geefofrura.beget.app
8667,gehirn.ne.jp
8668,gen.mi.us
8669,genkai.saga.jp
8670,genulputnem.beget.app
8671,ghoul-78.lcl.dev
8672,ginowan.okinawa.jp
8673,gjovik.no
8674,glakrerociesak.beget.app
8675,glasolabiju.beget.app
8676,glojubiro.beget.app
8677,gokase.miyazaki.jp
8678,gooclotoba.beget.app
8679,gov-west-1.elb.amazonaws.com
8680,gov.as
8681,gov.cx
8682,gov.sx
8683,goyrapakefil.beget.app
8684,grimstad.no
8685,grouse-49.lcl.dev
8686,grozny.ru
8687,gs.fm.no
8688,gs.sf.no
8689,gu.us
8690,gutaliluem.beget.app
8691,gydsv.lclstage.dev
8692,gyokuto.kumamoto.jp
8693,h.mm
8694,hachijo.tokyo.jp
8695,hacker.replit.dev
8696,hadano.kanagawa.jp
8697,haiphong.vn
8698,hakusan.ishikawa.jp
8699,halden.no
8700,hanno.saitama.jp
8701,hanyu.saitama.jp
8702,hapmir.no
8703,harstad.no
8704,hashbang.sh
8705,haugesund.no
8706,heavy.code.run
8707,heerabasom.beget.app
8708,hejogoomalu.beget.app
8709,hekinan.aichi.jp
8710,heron-44.lcl.dev
8711,heroy.more-og-romsdal.no
8712,hidomuguen.beget.app
8713,hikari.yamaguchi.jp
8714,hikone.shiga.jp
8715,hinohara.tokyo.jp
8716,hirnakibbus.beget.app
8717,hirogawa.wakayama.jp
8718,hita.oita.jp
8719,hitachinaka.ibaraki.jp
8720,hmvr4u61p.localto.net
8721,hof.no
8722,hol.no
8723,home.nom.br
8724,horokanai.hokkaido.jp
8725,hosp.uk
8726,hoyanger.no
8727,hoylandet.no
8728,hu.eu.org
8729,i.se
8730,i5u2-f1yr.cloudera.site
8731,iaduac.privatelink.snowflake.app
8732,iblilgumemuk.beget.app
8733,ic.gov.pl
8734,idulemdus.beget.app
8735,iglesias-carbonia.it
8736,iheya.okinawa.jp
8737,iiyama.nagano.jp
8738,ikata.ehime.jp
8739,iki.nagasaki.jp
8740,il.eu.org
8741,iloyedukkar.beget.app
8742,imap.compute-1.amazonaws.com
8743,imap.sch.uk
8744,imapcumiy.beget.app
8745,inagawa.hyogo.jp
8746,independent-review.uk
8747,info.bb
8748,info.ki
8749,ingress-cygni.ewp.live
8750,ingress-derowd.ewp.live
8751,ingress-eos.ewp.live
8752,ingress-fomalhaut.ewp.live
8753,ino.kochi.jp
8754,int.bo
8755,int.mw
8756,int.pt
8757,internet-dns.de
8758,inuyama.aichi.jp
8759,inzai.chiba.jp
8760,ipatmusouk.beget.app
8761,ipifony.net
8762,is-a-bookkeeper.com
8763,is-a-conservative.com
8764,is-a-democrat.com
8765,is-a-hard-worker.com
8766,is-a-student.com
8767,is-an-artist.com
8768,is-into-cartoons.com
8769,isa-hockeynut.com
8770,isa.kagoshima.jp
8771,isa.us
8772,isen.kagoshima.jp
8773,isernia.it
8774,isesaki.gunma.jp
8775,ishreyrafklus.beget.app
8776,isooguchin.beget.app
8777,itano.tokushima.jp
8778,itcouldbewor.se
8779,itoman.okinawa.jp
8780,ivanovo.su
8781,ivgu.no
8782,iyoloudut.beget.app
8783,izena.okinawa.jp
8784,j4n.lcl.dev
8785,jaboglujie.beget.app
8786,jan-mayen.no
8787,jasp.er
8788,jawfish-86.lcl.dev
8789,jeeroufobodum.beget.app
8790,jele.cloud
8791,jele.host
8792,jersey.sch.uk
8793,jevnaker.no
8794,jodilezbis.beget.app
8795,jokafemech.beget.app
8796,jondal.no
8797,jozi.biz
8798,jucrijegue.beget.app
8799,juderatoo.beget.app
8800,k12.gu.us
8801,k12.vi.us
8802,k4yok.lcl.dev
8803,k784.mm
8804,kagoshima.kagoshima.jp
8805,kakamigahara.gifu.jp
8806,kaluga.su
8807,kamakura.kanagawa.jp
8808,kamijima.ehime.jp
8809,kamikitayama.nara.jp
8810,kamo.kyoto.jp
8811,kaneyama.fukushima.jp
8812,kaneyama.yamagata.jp
8813,kanmaki.nara.jp
8814,kapacruha.beget.app
8815,karelia.su
8816,kariwa.niigata.jp
8817,karlsoy.no
8818,karuizawa.nagano.jp
8819,kasuga.hyogo.jp
8820,katamabur.beget.app
8821,katsuragi.nara.jp
8822,kautokeino.no
8823,kawaba.gunma.jp
8824,kawahara.tottori.jp
8825,kawai.iwate.jp
8826,kawakami.nagano.jp
8827,kawaminami.miyazaki.jp
8828,kawanehon.shizuoka.jp
8829,kibana-bxspdmhev7r7irvqbl62-elasticsearch.services.clever-cloud.com
8830,kibichuo.okayama.jp
8831,kichaleja.beget.app
8832,kikugawa.shizuoka.jp
8833,kinquistiykikaf.beget.app
8834,kishiwada.osaka.jp
8835,kiss.kh
8836,kiyosato.hokkaido.jp
8837,kks.ck
8838,klabu.no
8839,klenkoumeretig.beget.app
8840,klutjodinam.beget.app
8841,koga.ibaraki.jp
8842,koganei.tokyo.jp
8843,kolekogo.beget.app
8844,kolouyuruet.beget.app
8845,kolunoojo.beget.app
8846,komforb.se
8847,komoro.nagano.jp
8848,kosaka.akita.jp
8849,koshimizu.hokkaido.jp
8850,koto.tokyo.jp
8851,kotoura.tottori.jp
8852,kotumilufu.beget.app
8853,koucegipustuy.beget.app
8854,kppsp.gov.pl
8855,krellian.net
8856,kumano.mie.jp
8857,kunneppu.hokkaido.jp
8858,kurgan.su
8859,kuroishi.aomori.jp
8860,kv.ua
8861,kvam.no
8862,kvinesdal.no
8863,kvinnherad.no
8864,kx-north--kx-north--86lrws7g7d8p.code.run
8865,kyotanabe.kyoto.jp
8866,kyotango.kyoto.jp
8867,l5ewog1zc.localto.net
8868,labeling.ap-northeast-1.sagemaker.aws
8869,labeling.ap-southeast-1.sagemaker.aws
8870,lagadomen.beget.app
8871,lamdong.vn
8872,land-4-sale.us
8873,leapcell.online
8874,leirfjord.no
8875,leirvik.no
8876,lejuporgon.beget.app
8877,lenvik.no
8878,lerdal.no
8879,lesja.no
8880,lib.tn.us
8881,lib.wy.us
8882,lillehammer.no
8883,lindas.no
8884,linktr.er
8885,liplidononak.beget.app
8886,littleplanetclass.kh
8887,litufeleso.beget.app
8888,loabat.no
8889,localcert.net
8890,lolinufega.beget.app
8891,lolitapunk.jp
8892,lom.no
8893,lon-1.paas.massivegrid.net
8894,lord.nom.br
8895,ltd.ng
8896,lubirifanu.beget.app
8897,lufonupton.beget.app
8898,lusufoda.beget.app
8899,mailsrv.sch.uk
8900,mandal.no
8901,marker.no
8902,marumori.miyagi.jp
8903,massa-carrara.it
8904,matsubushi.saitama.jp
8905,matt.er
8906,mcpre.ru
8907,me-west1.run.app
8908,me28.mm
8909,med.ee
8910,med.pro
8911,medecin.km
8912,mediatech.dev
8913,mediocampidano.it
8914,meldal.no
8915,meraker.no
8916,merseine.nu
8917,messwithdns.com
8918,meyakibil.beget.app
8919,mibikriche.beget.app
8920,mifune.kumamoto.jp
8921,milquestarop.beget.app
8922,minami.kyoto.jp
8923,minano.saitama.jp
8924,mink-52.lcl.dev
8925,mino.gifu.jp
8926,misasa.tottori.jp
8927,misato.akita.jp
8928,misato.saitama.jp
8929,misawa.aomori.jp
8930,mitake.gifu.jp
8931,mitane.akita.jp
8932,miyama.mie.jp
8933,miyoshi.tokushima.jp
8934,miyota.nagano.jp
8935,mmm.mm
8936,mo-siemens.io
8937,moareke.no
8938,mobi.gp
8939,modalen.no
8940,molly-58.lcl.dev
8941,mooclonugaquo.beget.app
8942,moray.sch.uk
8943,moriyoshi.akita.jp
8944,mosjoen.no
8945,mqe-2.magentosite.cloud
8946,ms.leg.br
8947,mtls.run.app
8948,mufinustook.beget.app
8949,mugi.tokushima.jp
8950,munamgepen.beget.app
8951,muniz.nom.br
8952,murayama.yamagata.jp
8953,musashino.tokyo.jp
8954,mutacurgusug.beget.app
8955,mutetuegit.beget.app
8956,mutsu.aomori.jp
8957,myspreadshop.be
8958,n-lanark.sch.uk
8959,n.se
8960,n1-c1-sg-couchbase-tikeasy-customers.services.clever-cloud.com
8961,n1-c2-zabbix-clevercloud-customers.services.clever-cloud.com
8962,n1-logscollector-nickel1-nickel-customers.services.clever-cloud.com
8963,n2-frs-par-clevercloud-customers.services.clever-cloud.com
8964,n5-c3-mongodb-maif-customers.services.clever-cloud.com
8965,nabari.mie.jp
8966,naber.bd
8967,nacifefoul.beget.app
8968,nakai.kanagawa.jp
8969,nakaniikawa.toyama.jp
8970,nakanoto.ishikawa.jp
8971,name.az
8972,name.pm
8973,namsskogan.no
8974,nango.fukushima.jp
8975,naples.it
8976,naroy.no
8977,narusawa.yamanashi.jp
8978,naruto.tokushima.jp
8979,narviika.no
8980,natori.miyagi.jp
8981,naustdal.no
8982,neepifitif.beget.app
8983,nesna.no
8984,nesodden.no
8985,nesouleri.beget.app
8986,nesset.no
8987,net.ac
8988,net.bm
8989,net.ci
8990,net.gl
8991,net.na
8992,net.sd
8993,net.sh
8994,net.sl
8995,net.so
8996,net.tm
8997,newport.sch.uk
8998,nfd5ff7bb1-1e77-40ed-8a7e-8694c2784e6a-r.code.run
8999,nff862a1f0-b484-4d1d-994d-2ac5dd0f3a93-r.code.run
9000,night--az23--pmlxfdhtgx54.code.run
9001,night--cosmic-lamp--vcgcrdbw58pn.code.run
9002,night--mirthful-trains--mdkf4q9cmnmc.code.run
9003,night--pumped-ring--g4k4ybjhqlrk.code.run
9004,nikaho.akita.jp
9005,nishiaizu.fukushima.jp
9006,nishiarita.saga.jp
9007,nl-1.platformsh.site
9008,nmu.pg
9009,nom.ag
9010,nome.pt
9011,nonoichi.ishikawa.jp
9012,noonkiegutem.beget.app
9013,nopilenaspag.beget.app
9014,nopofopikip.beget.app
9015,nore-og-uvdal.no
9016,northamerica-northeast2.run.app
9017,notodden.no
9018,nozawaonsen.nagano.jp
9019,np744.np
9020,nqz-zabbix-clevercloud-customers.services.clever-cloud.com
9021,ntzljkg5d.localto.net
9022,nudatishokap.beget.app
9023,nutamejo.beget.app
9024,ny-1.paas.massivegrid.net
9025,nyc.appwrite.run
9026,nyczujtnohbeoxnbtxuy-metabase.services.clever-cloud.com
9027,nyuzen.toyama.jp
9028,obninsk.su
9029,observablehq.cloud
9030,ochi.kochi.jp
9031,odate.akita.jp
9032,odda.no
9033,ofunato.iwate.jp
9034,ogaki.gifu.jp
9035,ogakubir.beget.app
9036,ogawa.nagano.jp
9037,oi.kanagawa.jp
9038,oirase.aomori.jp
9039,oiu17.stg.dev
9040,okagaki.fukuoka.jp
9041,okazaki.aichi.jp
9042,okinoshima.shimane.jp
9043,oksnes.no
9044,omasvuotna.no
9045,omufinuengob.beget.app
9046,on-forge.com
9047,onomichi.hiroshima.jp
9048,oow.gov.pl
9049,or.mu
9050,org.ao
9051,org.bj
9052,org.bm
9053,org.cu
9054,org.dm
9055,org.kn
9056,org.ms
9057,org.pn
9058,org.sn
9059,orkdal.no
9060,orland.no
9061,os.hordaland.no
9062,oshino.yamanashi.jp
9063,osoyro.no
9064,otake.hiroshima.jp
9065,otaki.chiba.jp
9066,otama.fukushima.jp
9067,otitimel.beget.app
9068,out.sch.uk
9069,ovh-fr-2.platformsh.site
9070,owariasahi.aichi.jp
9071,owl-50.lcl.dev
9072,p.bg
9073,p01--bible-verses-bot--tt6cnnfrcnxq.code.run
9074,p01--dev-kanto-dice--fmj8tknnxl44.code.run
9075,p01--eu1-2go--jsbf5wxn8dgd.code.run
9076,p01--eu2-2go--jsbf5wxn8dgd.code.run
9077,p01--katemi--q2jvymvhv54c.code.run
9078,p01--kjsw--qdw7hfkhwg6c.code.run
9079,p01--ray--4khwgkj49gb4.code.run
9080,p01--us1--l2kvjjcdl2ky.code.run
9081,p01--xycf--6qwpsq27bw86.code.run
9082,p4r--fg4nj--jphltm2995c2.code.run
9083,p80--chaowenguo--w4zxwt68dzk8.code.run
9084,paapostitalo.bd
9085,pabalidated.beget.app
9086,paycomition.bd
9087,pdx9amp.privatelink.snowflake.app
9088,pe4e-5dau.cloudera.site
9089,pegequedoo.beget.app
9090,pereira.nom.br
9091,pg393.pg
9092,pheasant-16.lcl.dev
9093,phutookuefonag.beget.app
9094,pig-73.lcl.dev
9095,pigboat.jp
9096,pigeon-43.lcl.dev
9097,pihieneque.beget.app
9098,pijipono.beget.app
9099,pikorarbotek.beget.app
9100,pimapitoleg.beget.app
9101,pisedife.beget.app
9102,plalidikek.beget.app
9103,pop.er
9104,porsgrunn.no
9105,portal--nightscout--g7sqx6zfm4zc.code.run
9106,possum-93.lcl.dev
9107,posta.sch.uk
9108,postgresql-c3.services.clever-cloud.com
9109,pr46m.vps.myjino.ru
9110,prawn-61.lcl.dev
9111,presse.km
9112,pro.tt
9113,proxy.np
9114,prstuvoyqtwfjxhnsqui-keycloak.services.clever-cloud.com
9115,pucutiehihi.beget.app
9116,pug.it
9117,pup-39.lcl.dev
9118,pupadetgar.beget.app
9119,pzh.pg
9120,qa2.com
9121,qaonfen4x.localto.net
9122,qsm5-opic.cloudera.site
9123,quamejakimi.beget.app
9124,quidabejug.beget.app
9125,quisarosueprue.beget.app
9126,quszj.lcl.dev
9127,quujekefek.beget.app
9128,quutrilaki.beget.app
9129,rackmaze.net
9130,rahkkeravju.no
9131,raholt.no
9132,rakkestad.no
9133,ralfashoyruf.beget.app
9134,realestate.pl
9135,recht.pro
9136,redbird-15.lcl.dev
9137,rennebu.no
9138,reservd.com
9139,ricogecatit.beget.app
9140,rindal.no
9141,rishiri.hokkaido.jp
9142,rishirifuji.hokkaido.jp
9143,riuxy.lcl.dev
9144,rochester.sch.uk
9145,rogagoutpedath.beget.app
9146,rost.no
9147,rounabiekur.beget.app
9148,royangagudik.beget.app
9149,ru698.lcl.dev
9150,rutipheje.beget.app
9151,rv.dev.adobeaemcloud.com
9152,s-gloucs.sch.uk
9153,s3-accesspoint.af-south-1.amazonaws.com
9154,s3-accesspoint.ap-east-1.amazonaws.com
9155,s3-accesspoint.ap-northeast-1.amazonaws.com
9156,s3-accesspoint.dualstack.ap-northeast-2.amazonaws.com
9157,s3-accesspoint.eu-west-2.amazonaws.com
9158,s3-deprecated.us-east-1.amazonaws.com
9159,s3-fips.dualstack.us-west-1.amazonaws.com
9160,s3-object-lambda.eu-west-2.amazonaws.com
9161,sa.nom.br
9162,sadist.jp
9163,sagae.yamagata.jp
9164,sahoobaynosak.beget.app
9165,sakai.ibaraki.jp
9166,sakegawa.yamagata.jp
9167,sakura.chiba.jp
9168,sandefjord.no
9169,sardinia.it
9170,sarufutsu.hokkaido.jp
9171,sauherad.no
9172,scbl.fr-par.scw.cloud
9173,sch.jo
9174,sdc-mongodb-par0.services.clever-cloud.com
9175,sdc-mysql-ovh0.services.clever-cloud.com
9176,sdc-mysql-par.services.clever-cloud.com
9177,sdc-redis-par0.services.clever-cloud.com
9178,sebriegatuneb.beget.app
9179,sedemudomik.beget.app
9180,sefoomifiha.beget.app
9181,sekigahara.gifu.jp
9182,sekolah.mm
9183,sel.no
9184,seljord.no
9185,sennheiser.sch.uk
9186,servername.us
9187,sfo.appwrite.run
9188,sgp2.vultrobjects.com
9189,shari.hokkaido.jp
9190,shetland.sch.uk
9191,shichinohe.aomori.jp
9192,shimoji.okinawa.jp
9193,shingu.hyogo.jp
9194,shinshinotsu.hokkaido.jp
9195,shinto.gunma.jp
9196,shirakawa.gifu.jp
9197,shizuoka.shizuoka.jp
9198,showa.yamanashi.jp
9199,sicily.it
9200,sifangktv.mm
9201,sihetebe.beget.app
9202,simacakbech.beget.app
9203,sipon.pg
9204,sirdal.no
9205,sirerornklef.beget.app
9206,site--glucase--vdrkypn974ht.code.run
9207,site--greatminds-ng-server--hc6gfyjh7dnv.code.run
9208,site--nehuen-luca--8qwg88vjbfkt.code.run
9209,site--probable-box--jtgqhw6fvdvs.code.run
9210,site--tconnectsync--vdrkypn974ht.code.run
9211,skedsmo.no
9212,skedsmokorset.no
9213,skierva.no
9214,skjak.no
9215,skodje.no
9216,skunk-99.lcl.dev
9217,slattum.no
9218,smtp1.sch.uk
9219,smtpseguro.sch.uk
9220,snake-uw5nnutvn.builder.code.com
9221,snanifuelip.beget.app
9222,snurinoothe.beget.app
9223,soeda.fukuoka.jp
9224,sokiebomuta.beget.app
9225,soma.fukushima.jp
9226,sondre-land.no
9227,songdalen.no
9228,soomehumen.beget.app
9229,sopreguni.beget.app
9230,soquobicoo.beget.app
9231,sorumega.beget.app
9232,sq.mm
9233,squirrel-46.lcl.dev
9234,src9-ltfl.cloudera.site
9235,srechiklapan.beget.app
9236,ssl.sch.uk
9237,st.user.fm
9238,stackit.rocks
9239,staging.replit.dev
9240,staloniefukes.beget.app
9241,steinkjer.no
9242,stetobfuthkuy.beget.app
9243,storj.farm
9244,strand.no
9245,strougicenulay.beget.app
9246,struquenunotob.beget.app
9247,stryn.no
9248,studio.eu-south-1.sagemaker.aws
9249,suhedihublu.beget.app
9250,sula.no
9251,suldal.no
9252,sumita.iwate.jp
9253,supernova-clevercloud-customers.services.clever-cloud.com
9254,suquirotit.beget.app
9255,surveys.so
9256,swift-56.lcl.dev
9257,sykkylven.no
9258,syppqlxhaeuvcuydaqoo-matomo.services.clever-cloud.com
9259,t.bd
9260,tachiarai.fukuoka.jp
9261,tachikawa.tokyo.jp
9262,tadaoka.osaka.jp
9263,taishi.osaka.jp
9264,taka.hyogo.jp
9265,takashima.shiga.jp
9266,takayama.gifu.jp
9267,taki.mie.jp
9268,tamano.okayama.jp
9269,tamba.hyogo.jp
9270,tamilrockers.er
9271,tara.saga.jp
9272,tateshina.nagano.jp
9273,tatsuno.nagano.jp
9274,tawaramoto.nara.jp
9275,taxi.aero
9276,td.bd
9277,tecdemo3-transitions.ex.futurecms.at
9278,teefogiemef.beget.app
9279,tencent.mm
9280,tenei.fukushima.jp
9281,test.services.clever-cloud.com
9282,tiefomilntuskod.beget.app
9283,timi.nom.br
9284,tingvoll.no
9285,tirol.ex.ortsinfo.at
9286,tirol.kunden.ortsinfo.at
9287,tjome.no
9288,tkxci.lcl.dev
9289,tm.mc
9290,tm.no
9291,toba.mie.jp
9292,tochigi.tochigi.jp
9293,togakushi.nagano.jp
9294,togitsu.nagasaki.jp
9295,toho.fukuoka.jp
9296,tokai.aichi.jp
9297,tolga.no
9298,tonojaji.beget.app
9299,tonuyameb.beget.app
9300,towada.aomori.jp
9301,toyo.kochi.jp
9302,tozawa.yamagata.jp
9303,tr.eu.org
9304,travel.np
9305,trentino-s-tirol.it
9306,trinuremina.beget.app
9307,trogstad.no
9308,tse.jm
9309,tynset.no
9310,tysnes.no
9311,ufichifup.beget.app
9312,ufolbanagoop.beget.app
9313,uk-cardiff-1.oci.customer-oci.com
9314,uki.kumamoto.jp
9315,ukiha.fukuoka.jp
9316,ukugegank.beget.app
9317,ulvik.no
9318,unabekib.beget.app
9319,unapofog.beget.app
9320,us-east-1.triton.zone
9321,us-iad-10.linodeobjects.com
9322,us-lax-4.linodeobjects.com
9323,us-west-2.private.repost.aws
9324,utashinai.hokkaido.jp
9325,utc--payment-webhooks--wsw6mcxwqj6q.code.run
9326,uwajima.ehime.jp
9327,v0.build
9328,varggat.no
9329,varoy.no
9330,vercel.run
9331,vet.ec
9332,veterinaire.km
9333,vevelstad.no
9334,vf.no
9335,virtual-user.de
9336,volda.no
9337,vscode-apmctfrunefmqfqc.devinapps.com
9338,vscode-bcnpmtmfmcfcmecq.devinapps.com
9339,vscode-cfdeedmdrsuffvvr.devinapps.com
9340,vscode-cfpmreoudsqtrrtv.devinapps.com
9341,vscode-dpafenqrornstuqo.devinapps.com
9342,vscode-dreecuqmmpfncada.devinapps.com
9343,vscode-dvmrbrvebrooabdc.devinapps.com
9344,vscode-ecndapudtcdnuptp.devinapps.com
9345,vscode-eupdesfecntobqef.devinapps.com
9346,vscode-pbbtsfqrosddbuov.devinapps.com
9347,vscode-pcentesvunemctbc.devinapps.com
9348,vscode-pcndffmctoqddmor.devinapps.com
9349,vscode-qebmatrvpbebatuq.devinapps.com
9350,vscode-rrfvsucuqotocvqo.devinapps.com
9351,vscode-rvubacaqotsncqrd.devinapps.com
9352,vscode-sdtqdcsbpbaabptr.devinapps.com
9353,vscode-suurducsbuncfofp.devinapps.com
9354,vscode-tmtamubmqbctvspt.devinapps.com
9355,vscode-tqppourrooesbast.devinapps.com
9356,vscode-uffsrroruecubpso.devinapps.com
9357,vscode-uqtcupudvspqccst.devinapps.com
9358,vscode-utadtebeveddsunm.devinapps.com
9359,vvw2964qdf.code.run
9360,wakasa.tottori.jp
9361,wakkanai.hokkaido.jp
9362,walrus-kzfdanfx.builder.code.com
9363,walrus-m0lzrmrr.builder.code.com
9364,warabi.saitama.jp
9365,washtenaw.mi.us
9366,wave1-preprod.experiments.sagemaker.aws
9367,webhosting4.transurl.nl
9368,webhosting68.transurl.nl
9369,website-nl-ams-1.linodeobjects.com
9370,wguj2-hyaaa-aaaah-aq5oq-cai.raw.icp0.io
9371,wistinpobut.beget.app
9372,witd.gov.pl
9373,www.dweb.link
9374,www.er
9375,www.frusky.de
9376,www.webhare.dev
9377,x711.mm
9378,x8dk96hby6.code.run
9379,xfaz-gdb4.cloudera.site
9380,xn--5rtq34k.jp
9381,xn--6btw5a.jp
9382,xn--andy-ira.no
9383,xn--bdddj-mrabd.no
9384,xn--hery-ira.nordland.no
9385,xn--jrpeland-54a.no
9386,xn--k7yn95e.jp
9387,xn--kltx9a.jp
9388,xn--krehamn-dxa.no
9389,xn--langevg-jxa.no
9390,xn--m-sfa.ck
9391,xn--moreke-jua.no
9392,xn--nit225k.jp
9393,xn--ntso0iqx3a.jp
9394,xn--rht27z.jp
9395,xn--rht61e.jp
9396,xn--rny31h.jp
9397,xn--srreisa-q1a.no
9398,xn--uuwu58a.jp
9399,xs4all.space
9400,xsq4p.lcl.dev
9401,xvzff.lcl.dev
9402,xyz.np
9403,yachimata.chiba.jp
9404,yaita.tochigi.jp
9405,yakage.okayama.jp
9406,yamagata.nagano.jp
9407,yamatokoriyama.nara.jp
9408,yanaizu.fukushima.jp
9409,yasaka.nagano.jp
9410,yasuoka.nagano.jp
9411,yatsushiro.kumamoto.jp
9412,yazu.tottori.jp
9413,yt.nom.br
9414,yuasa.wakayama.jp
9415,yufu.oita.jp
9416,yuki.ibaraki.jp
9417,yusui.kagoshima.jp
9418,yuza.yamagata.jp
9419,yyyy.mm
9420,z.se
9421,zao.miyagi.jp
9422,zocisikueng.beget.app
9423,-2.elb.amazonaws.com
9424,-east-1.elb.amazonaws.com
9425,-west-2.elb.amazonaws.com
9426,00028799.mm
9427,00kkk.mm
9428,012-back-pain-relief-1.mm
9429,022longyu.mm
9430,02usk6nav410f0k328ugsrsp4tp4vm0m.mm
9431,030004294.mm
9432,031662.ck
9433,03d9dbc02a3311eb888afbdd091a59eb.kh
9434,0513yebo.mm
9435,0581b631cdd.dev-builder.code.com
9436,082d764064fe11eb90988f29bd288fc2.kh
9437,087greensmile.mm
9438,0afaupcm9pd4fneshgomd6k0c65am7fc.mm
9439,0bsr5.lcl.dev
9440,0ikjgd3mfcfje6p8bjvu4711s14ughkb.mm
9441,0ll4sq5disd0slotbqhqsjudth36i7jn.mm
9442,0m9bett0utmiap1ailupaogp494r9aer.mm
9443,0n2ck.localto.net
9444,0om.bd
9445,0sgs0sfzbv6vlvhz8.mm
9446,0v424gkd3odgi1te5bj0rriapuokjck5.mm
9447,0v60hddcl6qmnqmmekfu0fm4iihci35j.mm
9448,1.compute.amazonaws.com
9449,10.bd
9450,100adsagency.mm
9451,100k.kh
9452,104-204.run.app
9453,1128006.mm
9454,115.xmit.co
9455,119-217.run.app
9456,119.xmit.co
9457,11er-ritzel.mm
9458,12395zx.mm
9459,123homepage.it
9460,123kanjia.mm
9461,123webseite.at
9462,123website.ch
9463,123website.lu
9464,12chars.dev
9465,12chars.pro
9466,148643.mm
9467,14nmk4.mm
9468,150.xmit.co
9469,15583k.mm
9470,158142.ck
9471,161457.ck
9472,162.xmit.co
9473,162175.mm
9474,1668ii.mm
9475,167yg.mm
9476,170359.ck
9477,178-135.run.app
9478,178.xmit.co
9479,17cao.mm
9480,181-153.run.app
9481,181.xmit.co
9482,186.xmit.co
9483,192005com.run.app
9484,19g556psh7itegt7le15jvj7v5bcp6ce.mm
9485,19jaradio.mm
9486,1a63gd6t3amqr98fb3athq44v6hb0o9c.mm
9487,1an4hg1jkjvf7qg36ehgha3mqnje42qt.mm
9488,1g2cdfvj7eu2n6jb0k52u69kegrkkg2b.mm
9489,1hl78.mm
9490,1homeshop.mm
9491,1n683h3jskevsmp5rrqiods8mmra3f12.mm
9492,1p9tqfu14cdhir7ctkq3cnf2l6ij82dk.mm
9493,1r8fqbeb99n76dqkmtsql9t70s3ld261.mm
9494,1thk1vhhjdg93h7f3fv2evivmhnrr3qp.mm
9495,1ugly.mm
9496,1wanjian.mm
9497,1wdmkx.mm
9498,1weekhomesales.mm
9499,1xbet-bch3.mm
9500,1zzymg.mm
9501,2.bg
9502,2.elb.amazonaws.com
9503,206.xmit.co
9504,207346.mm
9505,20bet-m.mm
9506,218k.ck
9507,21stcenturymetaphysician.mm
9508,21stcenturymgmt.mm
9509,2217ed70473e11eb8cac9fba5072605b.kh
9510,22q4c2fn1otjbkk6tk2misav7k23m462.mm
9511,22qbsqnofmtb1k7r5tjjd9cmdateohjk.mm
9512,23assh.mm
9513,23cc.ck
9514,240adsdk02.mm
9515,244306.mm
9516,244betcom.mm
9517,2462k.mm
9518,247saver.mm
9519,249-250.run.app
9520,255zshhtbd.bd
9521,26.xmit.co
9522,261a53oop217j7q9c54b3babh7n9snoa.mm
9523,26361759.mm
9524,26yl3mbltuowf3uvkrls-bhp-sydney.snowflake.app
9525,2725montecristo.mm
9526,27d5nht8f04sfou26sffk3g1cm28b0i6.mm
9527,27dd1a2om0e0r4a6gq2io2h32k0o6ve5.mm
9528,281k.ck
9529,2aaf0cccc865acb0.mm
9530,2bf56e54ef9f566.dev-builder.code.com
9531,2bklu.lcl.dev
9532,2crldg59a2rflq8pmo2enklum22l8sfm.mm
9533,2du.jm
9534,2fb-lxq-breast-augmentation-in-turkey-6789.mm
9535,2forksdesign.mm
9536,2ibr6d4bskdsul1qtdra3h7nomg5of5u.mm
9537,2jozt.lcl.dev
9538,2ksg07jghlsapao8tr8gbvip0n6vms8m.mm
9539,2mas9nfmlfqboii0t50jr8j414chk85o.mm
9540,2pdpmfpp1ed19el7v2lgbhei3edgsiai.mm
9541,2q1mfhm4t5q3la4do35ge1t2483akeol.mm
9542,2ssx.mm
9543,2v01v8zw1f5o649iy1n3s7tses.bd
9544,2v6bpdv8t7pn5hbidm95qnd3irl1q1mf.mm
9545,2xbg.mm
9546,306377.ck
9547,314rho.mm
9548,319856.mm
9549,31a422302a0711eb8a6081cb2db9a440.kh
9550,32e7ca523408.vps.myjino.ru
9551,32o5i8kbds7ncio3qqng11hauj4vjgeu.mm
9552,33558n.mm
9553,336odty.mm
9554,33bb8331.mm
9555,33burystreet.mm
9556,34000507oaozttb654.mm
9557,347clx301.mm
9558,34k8mg4jedeo11l7k1f9p052fgk8bq0d.mm
9559,35.er
9560,350234.jm
9561,35phr.lcl.dev
9562,35r7aii7l0leqcll9et01m1pcnltsrkt.mm
9563,362.mm
9564,3658281.mm
9565,36a3e36038ad11eb822f83d9df2dad11.kh
9566,381720.mm
9567,395dx.mm
9568,39kkd9h87ist4vablukf14dvucgj3d4n.mm
9569,3aof4fmdvkt6koa4tb26-sfseeurope-eu-demo220.snowflake.app
9570,3b3g858ag9n4vauf02c7l1i1fovqc4db.mm
9571,3ec37vu7ghg6ah7lkvj9v0mqnimcqsok.mm
9572,3ehq.run.app
9573,3ev6f.fk
9574,3f6cad5e17e0.spectrum.myjino.ru
9575,3h25si7mvcvnocdhpj23fj4a5aa4nds6.mm
9576,3ko3oad26h2ecgjvmtnuhhnn2i33fb4j.mm
9577,3m54xbry.mm
9578,3mxl4rfh4r40vw.np
9579,3n3host.mm
9580,3om.bd
9581,3vz5b.lcl.dev
9582,4.ck
9583,4.kh
9584,4000770311.mm
9585,4008252110.mm
9586,405courtplace.mm
9587,423568286.mm
9588,4266082.mm
9589,42qu5phle84io5bdc7hglu5uj5o2k5bs.mm
9590,434f59d02a3111eb8a8c4dcaaa003cbd.kh
9591,4444win88.mm
9592,44t9mjvgp9r4is6nsc30r46olkh261vs.mm
9593,4567vv06.mm
9594,462.kh
9595,4626ebf05b9611eba19913e88788403d.kh
9596,467535.mm
9597,47bea9f06c6011ebafb0ff0c19e67353.kh
9598,4921d1fb.mm
9599,495050.mm
9600,4c1b7990676c11eb916afd70327ecce3.kh
9601,4ci3o.stg.dev
9602,4dois.mm
9603,4f2a8cd7c1fa.vps.myjino.ru
9604,4gnt.mm
9605,4hql4qqclk9iv829qnhd0kndl03rd811.mm
9606,4jl03ico0a9ptmpj641q2k80faphnoq1.mm
9607,4jwxicn.localto.net
9608,4l6irpoe9gtjgvvf06gkujme15hadgmg.mm
9609,4l6l9q7pbjhavribeigtok09s3v6v2ur.mm
9610,4m1n2yd1.mm
9611,4mxlrhcab.localto.net
9612,4myrb8zoe.localto.net
9613,4nloijzougnfgw4vcln.er
9614,4q13s9sqmioc9c51l2l4htf8o8t6df1o.mm
9615,4surl4g6t2cao7njtiorvqs9vfd0to1q.mm
9616,4tpm5-jaaaa-aaaal-aahma-cai.raw.icp0.io
9617,4tqtrthjf9d9cenvhgc0q3loif4r4skk.mm
9618,4uqm34h6b8lmj92rplvf3jdmr6o4p7m3.mm
9619,4uv8zyfmfj-jenkins.services.clever-cloud.com
9620,4v5uj99rvnkgu5aiibc9pmp8qm6tul21.mm
9621,5.bd
9622,5.pg
9623,509lq1amaemvppf7tdgjsu0ajsl5mjsf.mm
9624,5103319045d011ebaf9b35eaa02edb89.kh
9625,512xeriscaping.mm
9626,513l3qtro4-artifactory.services.clever-cloud.com
9627,51emarketing.mm
9628,51piji.mm
9629,51zit.stg.dev
9630,5277bftvg2m1sk3i.ck
9631,5279bftvg2mtus85.ck
9632,5279bftvg2mtvpsv.ck
9633,52b647902a2b11eb877a1be1e2a669c0.kh
9634,53cbucm4ag12rvmuta3tvolspqbtmtin.mm
9635,5427835.mm
9636,549.er
9637,5522.ck
9638,556688211.mm
9639,5567pi.mm
9640,55ne.ck
9641,56-groups.mm
9642,56.pg
9643,56cc.mm
9644,56j6ljud6sur5fv75dvn34qftkpqs583.mm
9645,577530com12xl06.mm
9646,57u5at.mm
9647,58.er
9648,5912385.mm
9649,59591000izmahiu539.mm
9650,5d5h483fqt88mui3htnmj2v90db6i65o.mm
9651,5epu8end7glpi51ruoc2vh11pckk3q7e.mm
9652,5grlj0ceqb0un1i1qhu7fhmns70mj47d.mm
9653,5gt5hkbxgohtdemivqw5slokyvn.kh
9654,5gz1n.lcl.dev
9655,5h86f42dujpj82uq84dcj0pvret31vrd.mm
9656,5i3vblpbrljaq3ufnsnbvhtrcj83raes.mm
9657,5i8jp82fj96iqhuuimp2dgeljjnv8pot.mm
9658,5jr6cn8pp334ildm24njqn241is86be6.mm
9659,5m7or6gsc.localto.net
9660,5m8jc9nnrb63k5oo6oqqhjd08rnd651r.mm
9661,5o09ol7lr3uogt402lcrlheiek5h8urf.mm
9662,5qu8mo028n83d6cnt5frcurrgqpf3i1a.mm
9663,5zvjfb73.mm
9664,6088pp.mm
9665,60d1d0203b6911eba6329f1b8a3f5095.kh
9666,60feo.lcl.dev
9667,611vip.pg
9668,625.mm
9669,63lr3.mm
9670,642041682.mm
9671,6466868668.mm
9672,64kff.mm
9673,6511batf4etcprj7jsa2s75hlm5kop31.mm
9674,6517ky.mm
9675,65542.bd
9676,663a2.run.app
9677,66482.run.app
9678,66661314.mm
9679,66c29e102fa211eb822f83d9df2dad11.kh
9680,66dr7.stg.dev
9681,66ec4750211611ebbd5815b1d4fa0885.kh
9682,66nsbm9blg6klbg6761n3v7esmf9tbf9.mm
9683,66p470t8e0ljkpmrecfja0r148qkg33a.mm
9684,671b989029c511eba6f983c60d98a7dc.kh
9685,688n9sntbso3t8sba8np25iqnnph9d9s.mm
9686,69129g.mm
9687,69q-re-por-t-tr-a-ns-la-ti-on-3cb.mm
9688,6a55825029cf11eba332fb604f5386e7.kh
9689,6a6db5002b1e11eba2ea796ec1d8ef5f.kh
9690,6aqhbr9dqk5b8d16l25ot0vrq0aqjtie.mm
9691,6cshtso8pkf0cun00dempoph1sbd9pes.mm
9692,6d010b104ad011eba6db09dbd3aa5544.kh
9693,6d54b1e03eb211eba22e279548a3d788.kh
9694,6djmqf2n4evqpm5ghdniheh30o0ugsmm.mm
9695,6e731.run.app
9696,6fe63d20353911ebb8d7a70f07319685.kh
9697,6fkbxlhbaih86fm5ec.mm
9698,6j7srqdu5lqtg0hj0aprgc9pt475remv.mm
9699,6jop0nalqvge35j12ujgl148vqpv6sb8.mm
9700,6mnujgf64cth5gli06o2luko8jj2cc38.mm
9701,6mzdf1z0w.localto.net
9702,6pmp.mm
9703,6qzylnznqkbh9gk8oohpuub6lwaox.mm
9704,6r51tml82aa2u071dessnv82ofbqcthu.mm
9705,6r8nmc37ol966056rppgjscn71es92tb.mm
9706,6ru5e4w.kh
9707,6vsstn3sjkcn0gtegk6u7f7iufd7pdla.mm
9708,7.pg
9709,70zv5n4wj.localto.net
9710,71.xmit.co
9711,71515419.mm
9712,723.mm
9713,72nt.ck
9714,74bn755g3g82i0c0e7pj8i9snfbe3lr8.mm
9715,74ria.mm
9716,755711.ck
9717,75pmp.mm
9718,76cvb52akollpr17.services.clever-cloud.com
9719,775139.mm
9720,78864cd04fe311ebba59233c6667b96f.kh
9721,79.bd
9722,79.xmit.co
9723,7abf8.run.app
9724,7b36gadl.mm
9725,7bdb3-qyaaa-aaaar-anuwq-cai.raw.icp0.io
9726,7bh8dp9oldm6szft8westlvcgmmfvys9rknokozevzkt8he.er
9727,7c8d76b3eb29.spectrum.myjino.ru
9728,7cbruk6im3j30q9sv8ectklje58g16s7.mm
9729,7cxovdx.localto.net
9730,7ff2kff28kkf0973aplf6doudpvnasv8.mm
9731,7h6jv467f3hrbsc4a4sp3dirl2ald5fv.mm
9732,7hkp1tan35tl90j1ervrp362in268b2v.mm
9733,7kcl3in93krkjcrnvv6b8ljmh9sctgvt.mm
9734,7kmynviev.localto.net
9735,7mmu.mm
9736,7mv472qt105drn1uvjv52coeaktd7ruk.mm
9737,7thstateweddings.mm
9738,7ulgk-miaaa-aaaaf-aczdq-cai.raw.icp0.io
9739,7up-coverrock.mm
9740,7usch3behgoj0euja2jfdbn4louvvl7q.mm
9741,7zzy8w8.mm
9742,800rugdoctor.mm
9743,8063.ck
9744,8068.ck
9745,80ilsth4vek05abcreaqk8kqpf948729.mm
9746,80no8c6o08dj4ms67ldgjdn64nl6489g.mm
9747,821220.mm
9748,872yo6ec.mm
9749,888686991.mm
9750,888881223.mm
9751,88cc.ck
9752,89.xmit.co
9753,8bo7dijhuq-artifactory.services.clever-cloud.com
9754,8d2d.mm
9755,8dcd095062a611ebb327b74d484110c9.kh
9756,8f1434nmvtq7e7rp2mp3e61pjbhmtg5d.mm
9757,8f8641c0624811eba44de530808035e7.kh
9758,8fc8a2c044cc11eb8e789da3e09767bc.kh
9759,8fv91.lcl.dev
9760,8hg97.mm
9761,8jtdl1g1g5gg6n9are16jpsrn24uvkih.mm
9762,8k8.ck
9763,8l6eun45ost354rsf5vl68mdqdkba6m1.mm
9764,8pf8.mm
9765,8qvqr77ruqmrakcebkupkac5k76hmbgq.mm
9766,8t9nlji2m2upu41m4k3hkrpm1t7r25bs.mm
9767,90999app11.mm
9768,91.mm
9769,914autos.mm
9770,915bf92050a211eb87ccaf408a3af0bf.kh
9771,91dd12n.kh
9772,91x91x251.mm
9773,9292867479.mm
9774,934qp457.mm
9775,941brewtours.mm
9776,943jp.mm
9777,94liis6ef7qicoaf0n43rn06mu4d88mh.mm
9778,95j2u3aqjmfk87lba1nulsr5tqpg74g2.mm
9779,965chicago.mm
9780,973hthty.mm
9781,976.mm
9782,98-33.run.app
9783,990hthty.mm
9784,99ed83d04f0611eb8f087b7c36c47187.kh
9785,99znw.mm
9786,9bb2e65029be11ebb1f2df706c0f152b.kh
9787,9cd030403f8211eba22e279548a3d788.kh
9788,9d332mh4e9hk0h14o3vq1327kkr4a0df.mm
9789,9e7db4598adf.hosting.myjino.ru
9790,9e7vvs.mm
9791,9ewnz.jm
9792,9f38c890515911eb87ccaf408a3af0bf.kh
9793,9ffynf.bd
9794,9im5y.lcl.dev
9795,9nt20vmm1tomhv2qr612o7h9pvd93pvc.mm
9796,9oob9if816osff2bdv2hectaa4gn6v3v.mm
9797,9puuan7kj97ahkejvbmsgjrr5hdfln00.mm
9798,9to9ohqjp5qtrnm84sg46lpt5q4l9n44.mm
9799,9vqzfs9mw73n4xaczovvbu0bbteej.pg
9800,9xuj2tcnm.localto.net
9801,a-better-weigh.paywhirl.com
9802,a.bd
9803,a.ck
9804,a.kh
9805,a001m.mm
9806,a11svirhub01.run.app
9807,a1a5da605a4011eb910ccdf4fe1d2740.kh
9808,a1k8u.mm
9809,a2212k.mm
9810,a4fd87602b0d11eb9a435d54f035d2fd.kh
9811,a4hhdldh0ljcrhsh7op8ftinig34blms.mm
9812,a5736k12.mm
9813,a5noj7fmnu2c5nfj316egmek6vg75csa.mm
9814,a6.cloudera.site
9815,a7.cloudera.site
9816,a7z6m-iaaaa-aaaar-bllea-cai.raw.icp0.io
9817,a8.cloudera.site
9818,a8k65eehpnjo19rmvjd18h2asavune72.mm
9819,a9.cloudera.site
9820,a97b8300361111eb8a069965566e00be.kh
9821,a98dqnk3nrepnk52iphma7271ppao988.mm
9822,a98of9ajfd4i527jhedk7i1difcoeo05.mm
9823,aa-vqq2cybsqttrthkgfwwnmsyvuxst0who2ci.jm
9824,aaa.pro
9825,aaadrivingschools.mm
9826,aacl7gw.localto.net
9827,aads221.mm
9828,aafljoomildowjhawbrvda6m9kh9iwuilhepiaj5xvjak.kh
9829,aahlvin.mm
9830,aar-consulting.mm
9831,aardvark-90.lcl.dev
9832,aaskglobaltrade.mm
9833,ab.bd
9834,ab9f.run.app
9835,abandonmentissuemovie.mm
9836,abbymanthei.mm
9837,abc-du-web.mm
9838,abeno.osaka.jp
9839,abj1-zabbix-clevercloud-customers.services.clever-cloud.com
9840,aboriginalfirsttimehomebuyergrantsonline.mm
9841,abrahamabu.mm
9842,abs88bisa.mm
9843,absolutebestchildvisits.mm
9844,abtechnicalsales.mm
9845,abu.yamaguchi.jp
9846,abundantfoods.mm
9847,ac.kh
9848,aca.pro
9849,accenthorizon.mm
9850,accentstoniques.mm
9851,accenture.run.app
9852,accessoriesuus.mm
9853,accident-investigation.aero
9854,accountingassistantprograms999.mm
9855,achieve2023.mm
9856,acmaimmobilier.mm
9857,acmebridge.services.clever-cloud.com
9858,acousticgallery.mm
9859,acropolismuseums.mm
9860,actionhomeforsale.mm
9861,activejapan-car.mm
9862,activtel.mm
9863,actomarkt.mm
9864,ad-01.pg
9865,adailypaydigital.mm
9866,adamevetvplus.mm
9867,adc-clevercloud-customers.services.clever-cloud.com
9868,adc-e2e-par-arhia-customers.services.clever-cloud.com
9869,addstaxx.mm
9870,adegreeofchange.mm
9871,adek.mm
9872,adenkrepukap.beget.app
9873,adgenticiq.mm
9874,adimo.co.uk
9875,adizuji.mm
9876,adolfa.mm
9877,adr-ventures.jm
9878,adr-ventures.kh
9879,adr.mm
9880,adradvertising.bd
9881,adradvertising.kh
9882,adradvertising.mm
9883,adradvertising.np
9884,adrassistance.bd
9885,adrassistance.kh
9886,adringegneria.pg
9887,adrmobility.np
9888,adrnet.mm
9889,adrsecurity.mm
9890,adrtel.bd
9891,ads.compute-1.amazonaws.com
9892,adsviz.mm
9893,adt.np
9894,aduhoki77aa.mm
9895,advisorsupplies.mm
9896,advocatenkantoor-den-haag.mm
9897,aeeblf.mm
9898,aestheticmedic.mm
9899,aestheticsbyaleah.mm
9900,afagquopholup.beget.app
9901,afhmt.mm
9902,afidomdif.beget.app
9903,afn1vf.mm
9904,afogikastin.beget.app
9905,africanstalls.mm
9906,afriendyouhaventmet.mm
9907,afriquedusud-surmesure.mm
9908,afrocubanallstarsonline.mm
9909,agapecfc.mm
9910,agapnenisab.beget.app
9911,agapster.mm
9912,agdiff.mm
9913,agenciakrealab.mm
9914,agenpresidencc.mm
9915,agilitidealerservices.mm
9916,agnescomercial.mm
9917,agolnutick.beget.app
9918,agseville.mm
9919,aguni.okinawa.jp
9920,ahakki.mm
9921,ahanvi.mm
9922,ahg41jiv9dmjdsnat7sphoqta25pech7.mm
9923,ahjujiang.mm
9924,ahmsasbbbttt.mm
9925,ahw.mm
9926,aichi.fk
9927,aichi.kh
9928,aichi.np
9929,aiforpresidentbook.mm
9930,ail72y.mm
9931,aileneyee.mm
9932,aioi.hyogo.jp
9933,aip.ee
9934,aireaxje.mm
9935,airforce.er
9936,airhangr.mm
9937,airportcleaning.kh
9938,airportcleaning.np
9939,airportfreewifi.bd
9940,airportsforinnovation.bd
9941,airportsforinnovation.kh
9942,airportsforinnovation.np
9943,aisai.aichi.jp
9944,aishadiri.mm
9945,aislantesindustriales.mm
9946,aispp.kh
9947,aithkub.mm
9948,aitoled.mm
9949,aiven.app
9950,aizumi.tokushima.jp
9951,aj.ck
9952,akaiwa.okayama.jp
9953,akandehomes.mm
9954,akishima.tokyo.jp
9955,akkenseries.mm
9956,ako.mm
9957,akp77ogrk7ph6r83kfjv0e3m14je6i43.mm
9958,aksarayevdebakim.mm
9959,aksestotocc.mm
9960,akundluffy.mm
9961,akune.kagoshima.jp
9962,akwaswiat.mm
9963,alabama-alumni.mm
9964,alameen-co.mm
9965,alamocitydivorce.mm
9966,alaqqadgroup.mm
9967,alasqq7.mm
9968,alatekguemof.beget.app
9969,alces.alces.network
9970,alecfett.mm
9971,alexakrikorian.mm
9972,alexheltonrealestate.mm
9973,alfaromeocharlotte.mm
9974,algayurirklom.beget.app
9975,ali.ck
9976,aliensilkscreen.mm
9977,alignablealliance.mm
9978,alinkukal.beget.app
9979,alittlevoodoo.mm
9980,allaboardsf.mm
9981,allbridge.run.app
9982,allconveyor.mm
9983,alliance-prtnr-na06.run.app
9984,alliancefarmers.mm
9985,alliedcans.np
9986,allinline.localto.net
9987,allofkorea.mm
9988,allredsea.mm
9989,allstatecarriers.mm
9990,allstateinve3tments.mm
9991,alltommysworks.mm
9992,allyourcaredownthere.mm
9993,almaquin.mm
9994,almofadlaobjeto.mm
9995,alonepassy.mm
9996,alpaca-rlv3vtbl.builder.code.com
9997,alperyilmazsanatolyesi.mm
9998,alpinefinancepro.mm
9999,altadabbur-qr.mm
10000,altasweeq.mm
10001,altosdemontserrat.jm
10002,altosdemontserrat.kh
10003,altosdemontserrat.pg
10004,alv.mm
10005,alveolebuzzprojects.mm
10006,alvoradaroleplay.mm
10007,alwaysbestforme.mm
10008,ama.shimane.jp
10009,amami.kagoshima.jp
10010,amandaip.mm
10011,amapiu.mm
10012,amateuranalsex.ck
10013,amateuranalsexe.ck
10014,amateuranalvideos.ck
10015,amateurandreal.ck
10016,amateurandteenkingdom.ck
10017,amateurandvoyeur.ck
10018,amateurangela.ck
10019,amateurappeal.ck
10020,amateurarabians.ck
10021,amateurarousal.ck
10022,amateuras.ck
10023,amateurashley.ck
10024,amateurasianbargirls.ck
10025,amateurasianbois.ck
10026,amateurasiancams.ck
10027,amateurasiangallery.ck
10028,amateurasianphotos.ck
10029,amateurasians.ck
10030,amateurasiansexaction.ck
10031,amateurassets.ck
10032,amateurasspreview.ck
10033,amateurattractions.ck
10034,amateuraussieanalangels.ck
10035,amateurautentico.ck
10036,amateurauthority.ck
10037,amateurauto.ck
10038,amateurbabe.ck
10039,amateurbabes.ck
10040,amateurbabes90210.ck
10041,amateurbabeslive.ck
10042,amateurbabesnude.ck
10043,amateurbabez.ck
10044,amateurbabz.ck
10045,amateurbadass.ck
10046,amateurbadboys.ck
10047,amateurbadgirls.ck
10048,amateurbang.ck
10049,amateurbanging.ck
10050,amateurbangsex.ck
10051,amateurbanners.ck
10052,amateurbarbara.ck
10053,amateurbaters.ck
10054,amateurbbwporn.ck
10055,amateurbbwpussy.ck
10056,amateurbdsm.ck
10057,amateurbdsmtube.ck
10058,amateurbeach.ck
10059,amateurbeast.ck
10060,amateurbeastiality.ck
10061,amateurbeauties.ck
10062,amateurbeautiez.ck
10063,amateurbeaverpics.ck
10064,amateurbedroomcams.ck
10065,amateurbelge.ck
10066,amateurbigboob.ck
10067,amateurbigboobstgp.ck
10068,amateurbigsex.ck
10069,amateurbigtits.ck
10070,amateurbigtits2.ck
10071,amateurbikinicontests.ck
10072,amateurbikinis.ck
10073,amateurbilder-sexkontakte.ck
10074,amateurbilder.ck
10075,amateurbilderonline.ck
10076,amateurbitch.ck
10077,amateurbits.ck
10078,amateurbj.ck
10079,amateurbjgirls.ck
10080,amateurbjs.ck
10081,amateurblack60.ck
10082,amateurblackamateur.ck
10083,amateurblackbabes.ck
10084,amateurblackgirls.ck
10085,amateurblackhotties.ck
10086,amateurblackpornnetwork.ck
10087,amateurblacksex.ck
10088,amateurblog.ck
10089,amateurblogpussyteen-ps1.ck
10090,amateurblogsex.ck
10091,amateurblondefacials.ck
10092,amateurblondepornvideos.ck
10093,amateurblowjob.ck
10094,amateurblowjoblinks.ck
10095,amateurblowout.ck
10096,amateurblows.ck
10097,amateurbody.ck
10098,amateurboerse.ck
10099,amateurbondage.ck
10100,amateurbondagebdsm.ck
10101,amateurboobstube.ck
10102,amateurboobtubelive.ck
10103,amateurbookmark.ck
10104,amateurbooty.ck
10105,amateurbordello.ck
10106,amateurbot.ck
10107,amateurbound.ck
10108,amateurbox.ck
10109,amateurbox24.ck
10110,amateurboycam.ck
10111,amateurboycontent.ck
10112,amateurboysnaked.ck
10113,amateurbreasts.ck
10114,amateurbritney.ck
10115,amateurbrooke.ck
10116,amateurbrothel.ck
10117,amateurbucks.ck
10118,amateurbuffet.ck
10119,amateurbukkake.ck
10120,amateurbukkakevideos.ck
10121,amateurbumps.ck
10122,amateurbunker.ck
10123,amateurbusty.ck
10124,amateurbutts.ck
10125,amateurcabaret.ck
10126,amateurcaligirl.ck
10127,amateurcam.ck
10128,amateurcamgirl.ck
10129,amateurcamgirls.ck
10130,amateurcampage.ck
10131,amateurcams-user.ck
10132,amateurcamsluts.ck
10133,amateurcamxxx.ck
10134,amateurcanadianguys.ck
10135,amateurcanadians.ck
10136,amateurcandi.ck
10137,amateurcandy.ck
10138,amateurcanmdidnudegirls813.ck
10139,amateurcarndidnudegirls813.ck
10140,amateurcasey.ck
10141,amateurcasting.ck
10142,amateurcastingcall.ck
10143,amateurcasy.ck
10144,amateurcelebfinder.ck
10145,amateurcelebrities.ck
10146,amateurcelebrity.ck
10147,amateurcelebs.ck
10148,amateurcenteronline.ck
10149,amateurcentrum.ck
10150,amateurchannel.ck
10151,amateurchannels.ck
10152,amateurchaos.ck
10153,amateurchat.ck
10154,amateurchat24.ck
10155,amateurchats.ck
10156,amateurcheatersex.ck
10157,amateurcherries.ck
10158,amateurchicks.ck
10159,amateurchicksfuck.ck
10160,amateurchicksporno.ck
10161,amateurchixxx.ck
10162,amateurchronicles.ck
10163,amateurcilf.ck
10164,amateurcindy.ck
10165,amateurcities.ck
10166,amateurcj.ck
10167,amateurclams.ck
10168,amateurclimax.ck
10169,amateurclipz.ck
10170,amateurclit.ck
10171,amateurclose-up.ck
10172,amateurcoalition.ck
10173,amateurcock.ck
10174,amateurcocksucker.ck
10175,amateurcogiendo.ck
10176,amateurcollegecoeds.ck
10177,amateurcollegeguys.ck
10178,amateurcollegehotties.ck
10179,amateurcollegeteens.ck
10180,amateurcom.ck
10181,amateurcommunity-18.ck
10182,amateurcommunity.ck
10183,amateurcommunitys.ck
10184,amateurcontact.ck
10185,amateurcore.ck
10186,amateurcouple.ck
10187,amateurcouplefucks.ck
10188,amateurcouples.ck
10189,amateurcouplesporn.ck
10190,amateurcouplessex.ck
10191,amateurcouplesvideos.ck
10192,amateurcrotches.ck
10193,amateurcumfacials.ck
10194,amateurcumsh0ts.ck
10195,amateurcumshot.ck
10196,amateurcumslut.ck
10197,amateurcumwhores.ck
10198,amateurcunts.ck
10199,amateurcuntsite.ck
10200,amateurcuntthings.ck
10201,amateurcurves.ck
10202,amateurcutebabes.ck
10203,amateurdaily.ck
10204,amateurdailypost.ck
10205,amateurdames.ck
10206,amateurdancers.ck
10207,amateurdanou.ck
10208,amateurdate.ck
10209,amateurdateaction.ck
10210,amateurdatingcams.ck
10211,amateurdatingcommunity.ck
10212,amateurdebuet.ck
10213,amateurdeepthroats.ck
10214,amateurdefilmsx.ck
10215,amateurdelights.ck
10216,amateurdepartment.ck
10217,amateurdepot.ck
10218,amateurdesex.ck
10219,amateurdesire.ck
10220,amateurdesires.ck
10221,amateurdesktopmodelteenwallpap-at0.ck
10222,amateurdigitalphotogallery.ck
10223,amateurdildoqueen.ck
10224,amateurdisclosure.ck
10225,amateurdolls.ck
10226,amateurdomain.ck
10227,amateurdome.ck
10228,amateurdorm.ck
10229,amateurdormlive.ck
10230,amateurdorms.ck
10231,amateurdot.ck
10232,amateurdotcom.ck
10233,amateurdough.ck
10234,amateurdownblouseblog.ck
10235,amateurdream.ck
10236,amateurdreamheaven.ck
10237,amateurdreams.ck
10238,amateurdrive.ck
10239,amateurdrome.ck
10240,amateurdumbfucks.ck
10241,amateurdusexe.ck
10242,amateurdvdtube.ck
10243,amateurdykes.ck
10244,amateurdymes.ck
10245,amateure-2000.ck
10246,amateure-4u.ck
10247,amateure-amateursex.ck
10248,amateure-archiv.ck
10249,amateure-bilder.ck
10250,amateure-center.ck
10251,amateure-fuer-dich.ck
10252,amateure-ganz-privat.ck
10253,amateure-geil.ck
10254,amateure-geile.ck
10255,amateure-geldverdienen.ck
10256,amateure-girl.ck
10257,amateure-gratis.ck
10258,amateure-hardcore.ck
10259,amateure-live.ck
10260,amateure-muschis.ck
10261,amateure-nackt.ck
10262,amateure-online-24.ck
10263,amateure-online.ck
10264,amateure-porno.ck
10265,amateure-pornos.ck
10266,amateure-privat.ck
10267,amateure-private.ck
10268,amateure-privatnet.ck
10269,amateure-sex-bilder.ck
10270,amateure-sex-cams.ck
10271,amateure-sex-portal.ck
10272,amateure-sex.ck
10273,amateure-sexcams.ck
10274,amateure-sweeteyes.ck
10275,amateure-teens.ck
10276,amateure-today.ck
10277,amateure-voyeure.ck
10278,amateure-webcam.ck
10279,amateure-x24.ck
10280,amateure0900.ck
10281,amateure2000.ck
10282,amateure4sex.ck
10283,amateure4u.ck
10284,amateurecam.ck
10285,amateurechangiste.ck
10286,amateureden.ck
10287,ambeo-home-theater.kh
10288,ambeo-home-theater.np
10289,amediadigital.mm
10290,american-airline-customer-service.mm
10291,americanempireequipment.mm
10292,americanexpressworkandpay.mm
10293,americanmoonbase.mm
10294,americasutility.mm
10295,ami.ibaraki.jp
10296,amitunupig.beget.app
10297,ammarrugs.mm
10298,amncllc.mm
10299,amot.no
10300,amphi1.mm
10301,amravatian.mm
10302,amzbookhub.mm
10303,anamizu.ishikawa.jp
10304,anan.nagano.jp
10305,anarchoinspiritus.mm
10306,anastasiaglitz.mm
10307,anchoredzebra.mm
10308,and-life-design.mm
10309,andersononekc.mm
10310,ando.nara.jp
10311,andreaeart.mm
10312,andreaswochenalt.mm
10313,andria-barletta-trani.it
10314,andria-trani-barletta.it
10315,andriabarlettatrani.it
10316,andriatranibarletta.it
10317,anewcreationclinicandmedispa.mm
10318,anglesey.sch.uk
10319,animalshomealone.mm
10320,anime-latest.mm
10321,anjaleeeats.mm
10322,anmocall.mm
10323,ann-arbor.mi.us
10324,annaka.gunma.jp
10325,annemdenyemektarifleri.mm
10326,anogoudunkif.beget.app
10327,anpachi.gifu.jp
10328,answerculture.mm
10329,anthemjapanlimited.mm
10330,antigos.nom.br
10331,antoss-fukuoka.mm
10332,antunes.nom.br
10333,ao-be-laser-welders-4d.mm
10334,aobayama-golf.mm
10335,aogaki.hyogo.jp
10336,aogashima.tokyo.jp
10337,aos97jc17f7tipsuhlgahegckains3uc.mm
10338,aostavalley.it
10339,ap-devx.stg-builder.code.com
10340,ap-northeast-2.compute.amazonaws.com
10341,ap-southeast-2.private.repost.aws
10342,ap-southeast-5.experiments.sagemaker.aws
10343,ap-southeast-6.elb.amazonaws.com
10344,ap-southeast-7.compute.amazonaws.com
10345,ap-southeast-l.elb.amazonaws.com
10346,apa.mm
10347,apartmentdreamsservicedapartments.mm
10348,apbinc.mm
10349,apc5ufnm2g64601r7o1a1l1o4jkr0bba.mm
10350,apitoto123.mm
10351,apkcombo.mm
10352,apm-server-b7wov2xeepyntr4cejlx-elasticsearch.services.clever-cloud.com
10353,apm-server-b8pgls2nyzxwbi7srviz-elasticsearch.services.clever-cloud.com
10354,apm-server-bb9rjcpxwkrnbiipy5d1-elasticsearch.services.clever-cloud.com
10355,apm-server-bd21tpirxloazm0fxa8i-elasticsearch.services.clever-cloud.com
10356,apm-server-bfpunaakp5fviaav7wvx-elasticsearch.services.clever-cloud.com
10357,apm-server-bluetkke4alc09d9l9zv-elasticsearch.services.clever-cloud.com
10358,apm-server-bnbvvgbjoaucerqrx2hn-elasticsearch.services.clever-cloud.com
10359,apm-server-bzg14jbjvwd6khptp3nv-elasticsearch.services.clever-cloud.com
10360,app-008c7a57-b77b-4149-bc6d-f8e72420e505-domain.services.clever-cloud.com
10361,app-008e638c-a1de-47f0-a621-ab83239e739b-domain.services.clever-cloud.com
10362,app-01a66ae0-dbca-458b-ba6d-ed986969c13c-fsbucket.services.clever-cloud.com
10363,app-023eca5c-215f-4d2d-9b7e-641b025f0413-domain.services.clever-cloud.com
10364,app-02b4f88d-ca5f-4cd3-b41d-e15baa3faed4-domain.services.clever-cloud.com
10365,app-03af8861-fb8c-4df8-a91f-284218cd3c51-domain.services.clever-cloud.com
10366,app-0439f61e-02fc-4dfc-b1ca-df452e0bad60-domain.services.clever-cloud.com
10367,app-0476a85a-828e-4ae8-a7de-ecd758ff574f-domain.services.clever-cloud.com
10368,app-055715c6-ceca-406f-afde-788cc9458045-domain.services.clever-cloud.com
10369,app-0576e8ac-f74c-4e15-a666-a8179df39426-domain.services.clever-cloud.com
10370,app-05b03f8d-ba3d-428c-8835-af1f7fcb17c0-domain.services.clever-cloud.com
10371,app-05ba5e7f-43da-4543-b765-aec6f0f06bf5-fsbucket.services.clever-cloud.com
10372,app-05c4a432-cb5c-41b4-a3cb-2164a11361cd-domain.services.clever-cloud.com
10373,app-06aa472f-e5af-4ae7-bbc8-fc89cec131a9-domain.services.clever-cloud.com
10374,app-07729c9e-8b5e-4ac7-a8bc-d4442b865f1b-domain.services.clever-cloud.com
10375,app-077fac5d-ec9c-4660-b07e-b9f024ba3913-domain.services.clever-cloud.com
10376,app-07eb52ad-b1bd-492d-8788-f145d2267f20-domain.services.clever-cloud.com
10377,app-09622398-f5bf-4fb1-b8dd-357aabc5b63b-domain.services.clever-cloud.com
10378,app-0990bcb0-c332-4c8e-a41b-37d265b9a6a6-domain.services.clever-cloud.com
10379,app-0a5b75cf-bb3b-41b3-aebc-929c0ae3b4c3-fsbucket.services.clever-cloud.com
10380,app-0a6a0618-cd9f-439e-a48c-022fc031426a-domain.services.clever-cloud.com
10381,app-0b351b6d-5aac-493d-855c-8192171134cc-domain.services.clever-cloud.com
10382,app-0bebcdb6-e16f-4fa3-a8fe-e2e82e301158-domain.services.clever-cloud.com
10383,app-0d5d9fe0-a32f-4e4e-a5eb-57c085ae9332-domain.services.clever-cloud.com
10384,app-0e9a8e63-d6ea-46ef-891f-e8a4e9b4ed25-domain.services.clever-cloud.com
10385,app-0eac8e95-c68b-4da2-b18a-761cff70908e-domain.services.clever-cloud.com
10386,app-0fbe7068-e38c-4d3d-ab4f-16e1c30e9dd7-domain.services.clever-cloud.com
10387,app-0fffa9de-b3cf-4fbf-a012-f903a0750c6b-domain.services.clever-cloud.com
10388,app-10201386-df7d-4601-a248-e509bff4dafc-domain.services.clever-cloud.com
10389,app-10a13e19-a42e-40cd-8625-fdced42d0a14-domain.services.clever-cloud.com
10390,app-10f59c77-f2ca-4d4d-870d-15f42641ca75-domain.services.clever-cloud.com
10391,app-1129cb62-dcad-485b-847f-63cb96a6667f-fsbucket.services.clever-cloud.com
10392,app-113fa333-becc-48b4-b21a-2ce20b84ecf9-domain.services.clever-cloud.com
10393,app-12107a1f-bded-462b-bc7b-c91da2e87d90-domain.services.clever-cloud.com
10394,app-126d0fc3-defe-4fcc-a42b-5342761b571e-domain.services.clever-cloud.com
10395,app-146c9998-a6b7-48f0-b606-c040a4d3ee9a-domain.services.clever-cloud.com
10396,app-1475ab8a-8d3e-465b-b19a-5d50ecc0c921-domain.services.clever-cloud.com
10397,app-1561e08f-a10b-4c28-bf7e-5f6aeeb11080-domain.services.clever-cloud.com
10398,app-15f7fd2f-fdf2-4f4c-a699-656b951eb5ec-domain.services.clever-cloud.com
10399,app-15fc34ae-439b-43d8-b0a8-bedf3fc67d8f-domain.services.clever-cloud.com
10400,app-162224ea-356b-44f4-9786-b09a0fb9ad83-domain.services.clever-cloud.com
10401,app-168d7d7e-1435-490e-983e-054e2b59bccb-domain.services.clever-cloud.com
10402,app-174c0552-c73b-4b8d-af93-db268aac23f6-domain.services.clever-cloud.com
10403,app-178c9665-dc1a-4d1f-8c08-f92bd93f8f25-fsbucket.services.clever-cloud.com
10404,app-185f6466-e689-4e75-80d6-cd9b036865ea-domain.services.clever-cloud.com
10405,app-188f5c80-defa-49ba-8628-edd5a6d28d93-domain.services.clever-cloud.com
10406,app-18ab8dca-235a-47eb-b6be-da6545401df1-domain.services.clever-cloud.com
10407,app-1907f39e-991f-424e-b08b-b8fd73967931-domain.services.clever-cloud.com
10408,app-192d632d-4a6e-46b9-b675-fdd5bf89d1df-domain.services.clever-cloud.com
10409,app-195d36e8-b72f-4bce-90fc-cfbec7d93385-domain.services.clever-cloud.com
10410,app-19d83b95-c7cb-4801-a5fd-41b6232ffade-domain.services.clever-cloud.com
10411,app-1a872ac0-aeaf-4326-a9a2-cd8e3b79f143-domain.services.clever-cloud.com
10412,app-1ac4d5ed-90cc-433e-a814-b635d01b2809-domain.services.clever-cloud.com
10413,app-1b0c0375-c57b-41ee-966a-31046a404816-domain.services.clever-cloud.com
10414,app-1b3fa24b-e40b-4246-a572-ece238d8dcf5-fsbucket.services.clever-cloud.com
10415,app-1b4656fb-2a9b-41ac-8a7e-05e092e449d3-domain.services.clever-cloud.com
10416,app-1c00124c-154c-478d-a217-e803c20edce4-domain.services.clever-cloud.com
10417,app-1c05e631-ea5e-4345-a30f-55d8e2e68090-domain.services.clever-cloud.com
10418,app-1c8079fa-c67b-4875-9ea2-5d8a834c9de9-domain.services.clever-cloud.com
10419,app-1caeb824-b133-48bc-97b1-05b28425efaf-fsbucket.services.clever-cloud.com
10420,app-1d57a23a-5d8a-4d11-bdde-5e0c04e3d665-domain.services.clever-cloud.com
10421,app-1d9b0e43-e8ed-40e8-bebf-ef658f970da6-domain.services.clever-cloud.com
10422,app-1dcd23c4-4930-422e-9b96-a05f3cfa5844-domain.services.clever-cloud.com
10423,app-1dd86b32-cffd-49a0-b0eb-46c3ec1247e8-domain.services.clever-cloud.com
10424,app-1dff45a0-30ed-4e99-8540-05f6036d36ff-domain.services.clever-cloud.com
10425,app-1e2725ab-ee45-4a4a-a908-5f22091469da-domain.services.clever-cloud.com
10426,app-1e6956f2-fc53-4f69-9804-c6325cd07f3a-domain.services.clever-cloud.com
10427,app-1efc3142-c42f-4cea-82fe-2c2e0e20f0ed-domain.services.clever-cloud.com
10428,app-1f089da3-8f4b-4447-8b1d-0880e2c228dd-domain.services.clever-cloud.com
10429,app-1f65a9f9-f56e-4b77-a853-e99742ac7ea2-domain.services.clever-cloud.com
10430,app-20b90f31-f7df-42fa-8e8e-18a51e93e994-domain.services.clever-cloud.com
10431,app-20bc297a-467a-4f3a-8d9c-fb22cb608be3-domain.services.clever-cloud.com
10432,app-20befbc9-e5cd-46fb-a9cd-6118959cafff-domain.services.clever-cloud.com
10433,app-210f4c32-a1bc-4053-aa55-a6c229f0c380-domain.services.clever-cloud.com
10434,app-2296e009-b99f-4dfa-8543-f30759299c1f-domain.services.clever-cloud.com
10435,app-22a1ca6b-6efc-4c87-bb57-d27cb7d80bd1-domain.services.clever-cloud.com
10436,app-22a9e38f-5a0f-400d-8df4-f58e4c6f4779-domain.services.clever-cloud.com
10437,app-232183b8-b46c-4bbf-b74d-b7cc786ca931-fsbucket.services.clever-cloud.com
10438,app-237e196c-a68e-439b-9337-dccb7eaeb1c0-domain.services.clever-cloud.com
10439,app-23e21006-c88e-42a5-bb0b-4c10967916b3-domain.services.clever-cloud.com
10440,app-24b0f2bb-feeb-4ecd-9f35-b97337ab6eab-domain.services.clever-cloud.com
10441,app-25e8fd1e-536d-4bf6-a173-c21d65a3d655-domain.services.clever-cloud.com
10442,app-25f71457-acbc-41ad-a6ec-b0c8e286c853-domain.services.clever-cloud.com
10443,app-26c3a4fe-138c-410b-8a94-c1e5e5192d09-domain.services.clever-cloud.com
10444,app-2749457e-159c-4f12-a3cd-7e7dd833f320-domain.services.clever-cloud.com
10445,app-2781f543-e8ab-4e63-b15f-f0e4349d4fcf-domain.services.clever-cloud.com
10446,app-27ded718-e50d-467b-acf1-eb7c1e3b81ff-domain.services.clever-cloud.com
10447,app-285b1149-c3ee-455a-8a4b-13e2c7e93e08-domain.services.clever-cloud.com
10448,app-286df2cd-da1e-4aaf-a1bd-7440cfeb0b89-domain.services.clever-cloud.com
10449,app-295b184c-503b-437e-8aac-b344a5fd2e4d-domain.services.clever-cloud.com
10450,app-29d0daaf-a0f3-4d11-8e28-9bfefa96d451-domain.services.clever-cloud.com
10451,app-2a02c8e8-d8fe-41dd-a345-a394effb32c6-domain.services.clever-cloud.com
10452,app-2b64d6c5-b7ca-49ad-8f4e-0ecf82c36524-domain.services.clever-cloud.com
10453,app-2b6ed13f-bc9a-4da6-a24b-866110607fb6-domain.services.clever-cloud.com
10454,app-2c3c8a7c-4c2b-495e-bf66-fa3422b70bf9-domain.services.clever-cloud.com
10455,app-2cc0ffe1-b54a-4001-bd0e-db3855b7248e-domain.services.clever-cloud.com
10456,app-2de6c2ac-0aeb-431e-940b-b564ba77cb2e-domain.services.clever-cloud.com
10457,app-2deb442b-140d-4630-bd36-e94d3f7fb481-domain.services.clever-cloud.com
10458,app-2ecae614-e98f-4c77-b72f-0f8d8d53e4c5-domain.services.clever-cloud.com
10459,app-2f09c4d6-d9cd-4d47-a5b6-beb15fea1513-domain.services.clever-cloud.com
10460,app-30584ccc-ce8d-4fbb-b3f6-c189f74c2ba2-domain.services.clever-cloud.com
10461,app-30db9ada-6bdc-4973-aabd-6c680585f8ac-domain.services.clever-cloud.com
10462,app-319236ae-117b-4bc6-b789-f78e0a31d200-domain.services.clever-cloud.com
10463,app-31ba2349-f13a-442e-b4db-87655d6616b7-domain.services.clever-cloud.com
10464,app-32c7a1dc-d81f-400a-84cc-a01dce31d0bc-domain.services.clever-cloud.com
10465,app-336c4edf-69ae-4f97-bd97-c55c99f76c49-domain.services.clever-cloud.com
10466,app-3475e2e9-b37f-4f91-bee9-e431c2282fdd-domain.services.clever-cloud.com
10467,app-34983fd3-fc0e-43bd-b68e-280068f4f5a2-domain.services.clever-cloud.com
10468,app-35198acf-e7ab-46c7-b3b9-f2d1cc4ba20e-domain.services.clever-cloud.com
10469,app-358cedda-9f7c-4d7c-b18a-109490c11aa0-domain.services.clever-cloud.com
10470,app-35b736dc-ae4f-447b-a0c2-eeb22b0e612b-domain.services.clever-cloud.com
10471,app-35d5a5f3-c74f-4932-a2fc-0a4f1e8eba11-domain.services.clever-cloud.com
10472,app-376d8443-e51a-4f7b-885e-7409e4390290-domain.services.clever-cloud.com
10473,app-37882d5d-2dbb-47a8-bccf-8d7d04e6e80c-domain.services.clever-cloud.com
10474,app-380bc938-f5de-4113-b1db-f4cc7d2709e2-domain.services.clever-cloud.com
10475,app-38ba606d-041b-472f-8e25-f708b6759b06-domain.services.clever-cloud.com
10476,app-3931d090-f2ac-4ea1-bcbe-796d8dd1b0c5-domain.services.clever-cloud.com
10477,app-39dd52ef-4e9c-4f8e-b37b-55206e7289ac-domain.services.clever-cloud.com
10478,app-39e95d5f-880e-4689-bb2b-9a480cba404a-domain.services.clever-cloud.com
10479,app-3d8f0edd-02ae-4c07-b4be-9c1329f5bef1-domain.services.clever-cloud.com
10480,app-404ff636-d04d-4867-b45d-0be0f3d37372-domain.services.clever-cloud.com
10481,app-4094c8af-1ecd-407d-a51c-a0ad43990c13-domain.services.clever-cloud.com
10482,app-414862a3-d2fd-4361-a14c-9346fe7850ef-domain.services.clever-cloud.com
10483,app-4182671e-05ea-41fe-9651-b5e34256e523-domain.services.clever-cloud.com
10484,app-4214dc4e-f1da-4fa5-baec-c15a004536bb-domain.services.clever-cloud.com
10485,app-426629ee-c6bd-4d8d-b7bb-f37b04990407-fsbucket.services.clever-cloud.com
10486,app-427ccf80-fbaf-4c6b-bd0b-1e97d679c93c-domain.services.clever-cloud.com
10487,app-428357d2-b56a-40ec-b2cf-4af0185b8671-domain.services.clever-cloud.com
10488,app-43614f4f-066a-4d6a-87c3-e519365a35bc-domain.services.clever-cloud.com
10489,app-44488463-fb1d-4a90-a17c-33b568106d00-domain.services.clever-cloud.com
10490,app-445c3085-a80e-486e-837d-bcb20c71f4e6-domain.services.clever-cloud.com
10491,app-452625d0-a50e-481e-a370-f2faa4a90322-domain.services.clever-cloud.com
10492,app-45781cef-148f-4c9f-96fb-28a7d34b4af2-domain.services.clever-cloud.com
10493,app-4689580d-a7fe-46ba-b9dc-3cd4ce89fbb8-domain.services.clever-cloud.com
10494,app-4692774b-1f0a-475f-86ef-efb0386a7b0a-domain.services.clever-cloud.com
10495,app-46bc1835-a4aa-42e2-bd30-e7d8e1f0d269-domain.services.clever-cloud.com
10496,app-47e23189-dcff-4fd5-a476-d5e9c8399692-domain.services.clever-cloud.com
10497,app-4a05939a-2fed-4571-ab14-e1ee46432284-domain.services.clever-cloud.com
10498,app-4b29e1ba-776b-406f-a2ab-79e5ccef6664-domain.services.clever-cloud.com
10499,app-4b490adf-575c-4170-b16e-1136aae14e0a-domain.services.clever-cloud.com
10500,app-4b8e46be-6d9d-434d-949b-ca2e6ec7479a-domain.services.clever-cloud.com
10501,app-4c847f78-c87e-4d0e-810a-78b9c08765b0-domain.services.clever-cloud.com
10502,app-4c871c10-fd7f-4949-a6db-ade3fd1526eb-domain.services.clever-cloud.com
10503,app-4cd903e6-a71c-413c-bf7c-3b7e96926966-domain.services.clever-cloud.com
10504,app-4d123dbc-b84b-492f-b744-c69eb433911c-fsbucket.services.clever-cloud.com
10505,app-4e12b1da-b3fd-42e4-ae81-f44bc45c5b4f-domain.services.clever-cloud.com
10506,app-4e44df1f-c1be-464e-b316-d7d1ad7a793a-domain.services.clever-cloud.com
10507,app-4e9eb43c-843d-4212-a48c-64ba5b2c2a07-domain.services.clever-cloud.com
10508,app-4ed1b67b-7f3d-461c-a2ae-25affe0c2c02-domain.services.clever-cloud.com
10509,app-4ef86c1d-21cf-40ff-93d2-f3721e91a6af-domain.services.clever-cloud.com
10510,app-4fea852a-3bcf-4319-a8ed-bbb040262ed5-domain.services.clever-cloud.com
10511,app-50508391-f55e-471d-ba1d-0bee906ab1a7-domain.services.clever-cloud.com
10512,app-51bf9701-a84d-4f4a-a110-e5d3e22a628e-domain.services.clever-cloud.com
10513,app-51ead90b-0e3b-4e49-b42f-52bdb49a5c7f-domain.services.clever-cloud.com
10514,app-520c3edc-9e3f-4a7f-b2f5-e99510504048-fsbucket.services.clever-cloud.com
10515,app-539e0c6f-b48e-48b2-ab3c-db598fbfa9d2-domain.services.clever-cloud.com
10516,app-5473d25b-c46c-41a2-b55e-161a100ce204-domain.services.clever-cloud.com
10517,app-54af140b-cc5d-450e-9123-e798a9a7b2df-domain.services.clever-cloud.com
10518,app-550fd255-ffee-4bb8-a74b-c47ae01749b7-fsbucket.services.clever-cloud.com
10519,app-55d8b72d-794e-4576-a0ff-03cdef42520f-domain.services.clever-cloud.com
10520,app-55e1cad2-aafa-4eb3-a284-ecb5ff4b2c6f-domain.services.clever-cloud.com
10521,app-5604c03e-dd2e-421e-b332-d909e142945a-domain.services.clever-cloud.com
10522,app-566d3c9d-a52c-4f28-a9a7-a990af8d967f-domain.services.clever-cloud.com
10523,app-5683527d-963a-46c6-b40c-4d470191e0a9-domain.services.clever-cloud.com
10524,app-57004cd8-ba2b-4fc4-a0a7-c7fc9ccbf152-domain.services.clever-cloud.com
10525,app-5719bf4a-148e-483e-92db-48259aef613d-domain.services.clever-cloud.com
10526,app-5878a34c-124f-4ebe-997f-c2e173511f20-domain.services.clever-cloud.com
10527,app-5896b06a-c4af-4ab8-bc41-aa6756706cb3-domain.services.clever-cloud.com
10528,app-591629de-240d-4aac-b114-b2835f5ab069-domain.services.clever-cloud.com
10529,app-59a976f3-a82d-4dd8-adba-31951e069b23-fsbucket.services.clever-cloud.com
10530,app-59a9e4b4-a98a-4adf-b1d8-f9113c5828d2-domain.services.clever-cloud.com
10531,app-59c23b96-c02d-401e-911f-43b09f52a2fa-domain.services.clever-cloud.com
10532,app-5ab0ca62-e3bf-42a7-b464-ba905d99f28f-domain.services.clever-cloud.com
10533,app-5b835d5a-b95c-4a15-a49e-02b9d3725f5c-domain.services.clever-cloud.com
10534,app-5bc4f39b-806f-47de-8f5e-489a7c1f959b-domain.services.clever-cloud.com
10535,app-5c28b53b-dacd-4a93-a815-aaab85502a3d-domain.services.clever-cloud.com
10536,app-5c691cad-a77a-48ad-928c-e1cd475e4366-domain.services.clever-cloud.com
10537,app-5dd8e364-e54e-44e3-bd09-c5d08d17c786-domain.services.clever-cloud.com
10538,app-5dfc461c-89ab-4a7c-be25-fcd495ff609d-domain.services.clever-cloud.com
10539,app-5e87244c-d9fa-40ed-a1de-fb2308130f56-domain.services.clever-cloud.com
10540,app-5ea4809f-6ebd-408d-b95f-78d1c0f6196d-domain.services.clever-cloud.com
10541,app-5fb41180-ee2f-46e4-a19d-7aeab5a06baa-domain.services.clever-cloud.com
10542,app-5fbc63cf-f10e-42c3-a9dd-71756cadcdd6-domain.services.clever-cloud.com
10543,app-61429b09-f4bc-4bee-ba55-cadb6945e8fc-domain.services.clever-cloud.com
10544,app-619b1692-f4cd-4f4e-9153-d8a0d7e97e46-domain.services.clever-cloud.com
10545,app-632b76a4-a2cb-47bd-a2ac-fd6af355182f-domain.services.clever-cloud.com
10546,app-63ebfeb4-a12d-497d-9a9e-0e82fbd3b833-domain.services.clever-cloud.com
10547,app-640537b1-d37b-4e4e-b7ca-c21130984562-domain.services.clever-cloud.com
10548,app-65c25d9b-a50a-4a78-adb7-d2a89b0c2b73-domain.services.clever-cloud.com
10549,app-65f4824f-0a6f-40a1-ab2d-4c9c492f3b42-domain.services.clever-cloud.com
10550,app-663b6268-f49a-482e-94f4-fdaffd943e1e-domain.services.clever-cloud.com
10551,app-66c4282c-b51d-4866-bd5a-ec7aceda9a12-domain.services.clever-cloud.com
10552,app-66fddee5-f2fb-4b20-bb8a-5b6299391304-domain.services.clever-cloud.com
10553,app-683b4298-b03c-4ed1-b21f-0b9fe5e12607-domain.services.clever-cloud.com
10554,app-686a5aab-cc4a-481d-8c4b-e45b49096285-domain.services.clever-cloud.com
10555,app-690cebcc-55ce-451a-a7ab-b12512806dc7-domain.services.clever-cloud.com
10556,app-6a672c7d-6dfe-431f-817d-b06312906e0c-domain.services.clever-cloud.com
10557,app-6b8aa34f-309f-4208-a8fc-76e755342570-domain.services.clever-cloud.com
10558,app-6c40fa89-a88e-414f-a3fc-036019ce4816-domain.services.clever-cloud.com
10559,app-6fbd65df-747c-4952-a17c-a9e5a164a2e9-fsbucket.services.clever-cloud.com
10560,app-705f2853-bc0d-47cb-ace3-a31a8d242ac5-domain.services.clever-cloud.com
10561,app-70d5a236-b31d-47eb-b1aa-7b8a19565c26-domain.services.clever-cloud.com
10562,app-7157bf3f-170b-4c7f-9c68-c10df125d322-domain.services.clever-cloud.com
10563,app-73536434-e11a-4a0a-91c8-d1d117cdaab3-fsbucket.services.clever-cloud.com
10564,app-737b39ce-258f-4745-a28f-9fd30deb87db-domain.services.clever-cloud.com
10565,app-7435359d-234e-451e-a79c-728e669334b9-domain.services.clever-cloud.com
10566,app-74e5545a-77fd-4b0d-b71a-9d0019e24944-domain.services.clever-cloud.com
10567,app-751d6266-d94f-40ae-ab6d-1e2c605ca798-domain.services.clever-cloud.com
10568,app-7523136c-b06c-4950-a821-f465fec8a77c-domain.services.clever-cloud.com
10569,app-75239b8e-2f3e-400e-97f7-c73e7b858e17-domain.services.clever-cloud.com
10570,app-7523fba3-c20c-4e83-b0f7-e0408cf42ee9-domain.services.clever-cloud.com
10571,app-757a27ac-d8af-4a33-b729-b32e9444e6f8-domain.services.clever-cloud.com
10572,app-75b1c63c-0c2c-4185-a6cf-5671a5171615-domain.services.clever-cloud.com
10573,app-78deeacb-8c4d-460c-babf-8984fcfe78cf-domain.services.clever-cloud.com
10574,app-7972b490-eb4c-41a8-a33c-c4709a87d800-domain.services.clever-cloud.com
10575,app-7a1fbf66-d71b-481f-96fd-1de520fd4a8f-domain.services.clever-cloud.com
10576,app-7a8df0da-9c1c-486d-b99c-a4fcfd836636-domain.services.clever-cloud.com
10577,app-7ad5efa3-a79f-456e-b9cf-65b5ab7663a2-domain.services.clever-cloud.com
10578,app-7b60a431-bbeb-47cc-a396-ce67599d3fce-domain.services.clever-cloud.com
10579,app-7b626eec-d6bf-4ebc-95ac-f56546a4f228-domain.services.clever-cloud.com
10580,app-7cccca1e-bdfe-44ae-99d5-c3434a2f0e25-domain.services.clever-cloud.com
10581,app-7d3d60bb-9fbb-40c4-a235-b7425c69a520-domain.services.clever-cloud.com
10582,app-7e0f302d-1e1d-4e9b-a851-e5eab5301f49-domain.services.clever-cloud.com
10583,app-7e2aedbb-314d-4880-a0c8-fdbcaf323533-domain.services.clever-cloud.com
10584,app-7e83578b-442e-4169-b18f-ae32b42a0a6f-fsbucket.services.clever-cloud.com
10585,app-7fd269f9-b27a-49ed-b29b-6966b4c26e78-fsbucket.services.clever-cloud.com
10586,app-804268fa-a11a-4cda-8bdd-57e23b7eaa33-domain.services.clever-cloud.com
10587,app-8067814d-ef0a-41fe-97ce-fd39d7391845-domain.services.clever-cloud.com
10588,app-807473cc-33dd-4330-aec8-f3b6ae324b40-domain.services.clever-cloud.com
10589,app-80829eb1-b83e-4b54-b8dd-3f24da5fc8cc-domain.services.clever-cloud.com
10590,app-8147fe1b-050d-4d92-b2e2-e6ed9c3f6efe-domain.services.clever-cloud.com
10591,app-83106b6b-3dfb-43cd-8e2d-d210dec711c0-domain.services.clever-cloud.com
10592,app-832b6905-ce2d-4f39-b0ea-4380fd73167b-domain.services.clever-cloud.com
10593,app-833f971d-12ce-442b-80ae-c46ff7c861df-domain.services.clever-cloud.com
10594,app-8398a70b-ed8a-4aac-b6eb-ebb3ec36825a-domain.services.clever-cloud.com
10595,app-83d923c7-f45f-4b3a-a5ef-bcb92d0223dc-domain.services.clever-cloud.com
10596,app-84e9a8dd-c0cc-45ae-a6bb-2f69c2d0621c-domain.services.clever-cloud.com
10597,app-8533ad0a-942a-4c4f-8663-d83d695cf5da-domain.services.clever-cloud.com
10598,app-856c25da-349a-419b-bd55-ddbaf3cb0f3d-domain.services.clever-cloud.com
10599,app-864dd63a-62ea-415c-8011-ea33c0509872-domain.services.clever-cloud.com
10600,app-866d899f-660d-4484-b663-eb9f29571278-fsbucket.services.clever-cloud.com
10601,app-86e67024-f73e-4017-ac0c-e8288bdfebf4-domain.services.clever-cloud.com
10602,app-8768bdda-12dd-4e2c-bcbf-5151da127b1f-fsbucket.services.clever-cloud.com
10603,app-89410966-eedf-47e9-a7cd-ac5978c0fe48-domain.services.clever-cloud.com
10604,app-895c805a-8e8e-40af-b0e0-af985aebfe6e-domain.services.clever-cloud.com
10605,app-8967ef9e-f28c-4c76-bcb3-a01fe02d33e4-domain.services.clever-cloud.com
10606,app-89762cda-cf1c-465c-9abf-b0b0da19f83e-domain.services.clever-cloud.com
10607,app-899840f3-fdad-4a76-bfb8-d272a43df766-domain.services.clever-cloud.com
10608,app-89c7f32f-492d-4417-ad7d-2760cdb09c22-domain.services.clever-cloud.com
10609,app-8b9a1cb9-ad1a-4f4a-a98b-558c864942b7-domain.services.clever-cloud.com
10610,app-8c15241d-a28a-487a-8e2e-b164f423d065-domain.services.clever-cloud.com
10611,app-8ca063ed-160b-4618-bd0a-63ca043ab5fb-domain.services.clever-cloud.com
10612,app-8cda6d19-e00e-462d-b86d-6843afb25bf7-domain.services.clever-cloud.com
10613,app-8dcc9ec8-a8ed-4f5c-b8ee-a0c3804186f7-domain.services.clever-cloud.com
10614,app-8ea40f56-d09a-41a4-a2b7-b341928cf7be-domain.services.clever-cloud.com
10615,app-8f3cd266-a0be-4462-af8c-0b4cc332aad7-domain.services.clever-cloud.com
10616,app-8fe8a0e8-d51e-4e08-aa36-e440f662713f-domain.services.clever-cloud.com
10617,app-917850aa-65df-479b-ba07-a181d951062e-domain.services.clever-cloud.com
10618,app-91d28a86-e76b-4eca-9f0d-50c4e16baa7c-domain.services.clever-cloud.com
10619,app-9261743e-2f6a-4b3c-93ef-9321ac69c224-domain.services.clever-cloud.com
10620,app-932e6542-d5df-467c-9ee5-b36487c27bd2-domain.services.clever-cloud.com
10621,app-942953cd-01ef-49ec-b0bd-e6433cad28e7-domain.services.clever-cloud.com
10622,app-942a0a7a-0afe-4374-b7c6-d2f37a1b00ef-domain.services.clever-cloud.com
10623,app-94552ddc-8c8f-4db7-a650-b377b77536f1-domain.services.clever-cloud.com
10624,app-94ba3818-bc1a-4edf-92f5-b5528b426c89-domain.services.clever-cloud.com
10625,app-94f03682-c86e-4c06-b9ab-dd5faa26ff44-domain.services.clever-cloud.com
10626,app-9563b5fe-774e-4215-b123-c1c6867fd337-domain.services.clever-cloud.com
10627,app-972fcc18-d5bf-4d18-bd7c-9efebc4e57bb-domain.services.clever-cloud.com
10628,app-97a1c0ad-250e-4a07-a5ae-4fbab40304b8-fsbucket.services.clever-cloud.com
10629,app-984630c6-d68f-4afc-b379-b5a3b59c8bbe-domain.services.clever-cloud.com
10630,app-99c32baa-5b0c-4f41-ab5b-ac12a808d3de-domain.services.clever-cloud.com
10631,app-99f3318c-9cea-44d2-bda5-df7599e52eed-domain.services.clever-cloud.com
10632,app-9a37d08f-c20e-4eda-bc6d-c318277c2e18-domain.services.clever-cloud.com
10633,app-9a5d940a-07fe-4796-bbce-21c07e84f76e-domain.services.clever-cloud.com
10634,app-9acdfe9c-f6aa-4837-b32e-0398b5e1b257-domain.services.clever-cloud.com
10635,app-9cecd09b-319a-453b-8d50-d901498060a0-domain.services.clever-cloud.com
10636,app-9db70c0b-c62c-4b42-ad8d-b903e4e5441f-fsbucket.services.clever-cloud.com
10637,app-9df12339-c13d-446f-a0ea-4516954d22a4-domain.services.clever-cloud.com
10638,app-9e6c689f-b28d-4a4a-848e-671c4230beaa-domain.services.clever-cloud.com
10639,app-9f28ee6e-05ad-4a7b-8b5b-88d97e9046ea-domain.services.clever-cloud.com
10640,app-9f29dfb3-7b09-4fc7-85e2-e0f399457033-fsbucket.services.clever-cloud.com
10641,app-a098866a-b32f-41de-86bb-7c00b6690194-domain.services.clever-cloud.com
10642,app-a114b204-ec2b-40cd-928b-682126824427-domain.services.clever-cloud.com
10643,app-a225088f-dcda-4bde-8a9f-d52e1d39e776-domain.services.clever-cloud.com
10644,app-a231e48e-f69d-424f-976e-2db9d201db1a-domain.services.clever-cloud.com
10645,app-a65cba5c-90bd-4d0f-86a1-a9839c73e73f-fsbucket.services.clever-cloud.com
10646,app-a694bdef-baad-45c7-aab1-c0d367201ed7-domain.services.clever-cloud.com
10647,app-a6b6e9bf-675a-4344-bcbe-4cef8b9e336d-domain.services.clever-cloud.com
10648,app-a6c44d05-fedd-46f0-be3b-8d72bd62391d-domain.services.clever-cloud.com
10649,app-a6e2e2d7-fd0c-4acc-966a-e1049209364d-fsbucket.services.clever-cloud.com
10650,app-a7e588b5-afac-43fe-b92c-4d4a0dce2bfa-domain.services.clever-cloud.com
10651,app-a8e700e8-c18f-4e36-a038-c7063dc87976-domain.services.clever-cloud.com
10652,app-a95806f2-c34c-4ba7-b17b-e53b810c2b97-domain.services.clever-cloud.com
10653,app-a990921a-77ae-433a-b03e-fbbf1da31548-domain.services.clever-cloud.com
10654,app-aaa009b3-fc9e-4b40-b55c-1011296d579a-domain.services.clever-cloud.com
10655,app-ab4fc575-c66e-4bbc-a41e-104ef1d4efda-domain.services.clever-cloud.com
10656,app-abfcf506-c9bf-488a-8c59-a6deb129c64d-domain.services.clever-cloud.com
10657,app-ac20d59a-b99d-40fa-a3f4-d1c77b78362b-domain.services.clever-cloud.com
10658,app-accdeefe-a8ca-481e-943a-a5317aa44bce-domain.services.clever-cloud.com
10659,app-ad357d3e-afdd-40ce-a4c4-afe9addbe404-domain.services.clever-cloud.com
10660,app-adb980de-07db-4665-a331-b9fdee8af06f-domain.services.clever-cloud.com
10661,app-aea98b6d-379c-4eda-959f-0788f13a3c2b-domain.services.clever-cloud.com
10662,app-aff30954-fbdf-43fe-86bd-fc30a8bd5275-domain.services.clever-cloud.com
10663,app-b0d30b1f-122e-4c01-a8b8-fb149a70b38d-domain.services.clever-cloud.com
10664,app-b0e8ea49-d82d-4800-a78f-883a9574a832-domain.services.clever-cloud.com
10665,app-b1d2831f-47ec-4c7d-85e8-ded74a0196ec-fsbucket.services.clever-cloud.com
10666,app-b27d90cf-d56c-47cf-b0fb-6c8b4bfbeccb-domain.services.clever-cloud.com
10667,app-b4389e8d-79ee-4f6c-a80b-f957a04bfb21-fsbucket.services.clever-cloud.com
10668,app-b4554d2e-475a-4429-bacb-c1ecf79df5ba-domain.services.clever-cloud.com
10669,app-b6071bb2-bf2a-438a-a430-e6eb2e12ebfa-domain.services.clever-cloud.com
10670,app-b79074ed-c2da-4fed-bc60-e7e469ae3d88-domain.services.clever-cloud.com
10671,app-b79d260f-dbdb-4f9b-8caa-4097584766bb-domain.services.clever-cloud.com
10672,app-b930402e-04de-4e00-be05-b899540e29d4-domain.services.clever-cloud.com
10673,app-b97ffb2e-873e-47eb-aece-2f19cda7cabf-domain.services.clever-cloud.com
10674,app-b989171b-4efa-48fc-91ed-830be10f9c1a-fsbucket.services.clever-cloud.com
10675,app-b998dc48-b0bf-45ea-a610-c4d7a1549e78-fsbucket.services.clever-cloud.com
10676,app-baa6a83d-771b-4c87-a516-da2423bc8d0e-domain.services.clever-cloud.com
10677,app-baeb426e-990e-426b-a5b9-dcca985adfde-domain.services.clever-cloud.com
10678,app-bb57f1ac-47eb-4c35-b692-d5552ff7001c-domain.services.clever-cloud.com
10679,app-bb5d5e55-c80e-4e9c-bc4c-8218762439f5-domain.services.clever-cloud.com
10680,app-bb98cb5b-2abc-4e5d-a69f-7af59624b103-domain.services.clever-cloud.com
10681,app-bd204fc0-b37f-4847-ad91-d9013f2f18dc-domain.services.clever-cloud.com
10682,app-bd7974dc-a2ec-4f9b-b349-f21157422317-domain.services.clever-cloud.com
10683,app-be6eed1b-2bce-4f20-ae8a-0e3443d47351-domain.services.clever-cloud.com
10684,app-bf5131ae-31bf-449a-91bb-45dda24d85a7-domain.services.clever-cloud.com
10685,app-c0fc39cc-f48d-4096-a4e4-aa9c5f2435c7-fsbucket.services.clever-cloud.com
10686,app-c161e0a6-cd7d-436b-99b1-a69ee11190be-domain.services.clever-cloud.com
10687,app-c22a7bbf-8f8b-4e84-a30b-1797e0266044-domain.services.clever-cloud.com
10688,app-c267d00f-ea1a-44df-ad7b-e27a25312af3-domain.services.clever-cloud.com
10689,app-c2bb9c1f-4fbf-43cf-ac38-fe088d7d9268-domain.services.clever-cloud.com
10690,app-c314c6cb-2fef-450b-ae05-f6b0e6ccb538-domain.services.clever-cloud.com
10691,app-c39da3d4-f0cd-435d-96be-cf34d1c4ba38-domain.services.clever-cloud.com
10692,app-c5981c9f-057e-4522-b1df-be45ee575039-domain.services.clever-cloud.com
10693,app-c605853c-336e-4cf1-ac34-fde2ae94555f-domain.services.clever-cloud.com
10694,app-c6272806-dc2d-4cd4-a97c-6feacbae286f-domain.services.clever-cloud.com
10695,app-c67528e6-d82e-48da-a1b6-ef8084d979a8-domain.services.clever-cloud.com
10696,app-c6d4abf1-e3cf-4679-a3ad-26725dcbff14-domain.services.clever-cloud.com
10697,app-c9696779-d51f-4e99-b4d9-d90633e4a323-domain.services.clever-cloud.com
10698,app-c9d364eb-533b-47b8-bfab-36271ace867e-domain.services.clever-cloud.com
10699,app-ca3f20c5-c5cc-4f8e-a3cf-f54b135508f1-domain.services.clever-cloud.com
10700,app-cb463fab-ff4c-4807-acb4-fa12c1b86bc9-domain.services.clever-cloud.com
10701,app-cc53823c-7d3b-481b-8caf-fdd2fddb1d77-domain.services.clever-cloud.com
10702,app-cc770484-cead-417d-a9fc-45601f26c203-domain.services.clever-cloud.com
10703,app-cd16c9a8-cc5f-4359-b699-b9450e5a7d01-domain.services.clever-cloud.com
10704,app-cdb70246-f2da-490c-adae-28e93ab105e6-domain.services.clever-cloud.com
10705,app-cdc36524-ce8b-42c4-ba0e-a1ae6a6446c6-domain.services.clever-cloud.com
10706,app-ce80e39d-721e-47dd-93da-b8013f556314-domain.services.clever-cloud.com
10707,app-cec25972-b54b-4c9c-9093-db0f54fc457e-domain.services.clever-cloud.com
10708,app-ced84036-a61c-45cb-aa13-eb2681dea0e3-domain.services.clever-cloud.com
10709,app-cf255fe1-d53e-4155-a33e-6f9d3ba56792-domain.services.clever-cloud.com
10710,app-d0f1a702-ec5c-4435-a6bd-89924d36b363-domain.services.clever-cloud.com
10711,app-d2e3d3f5-adae-4ae1-afde-a76d76081b3d-domain.services.clever-cloud.com
10712,app-d30714dc-daea-408f-819c-cd8a00da80b0-domain.services.clever-cloud.com
10713,app-d46d7831-f10a-436a-b9d1-da20189865e4-domain.services.clever-cloud.com
10714,app-d4d914c2-eb7e-4aef-b525-c647d057d5c2-domain.services.clever-cloud.com
10715,app-d51f8639-b67c-4abe-bbe3-f7df616fc116-domain.services.clever-cloud.com
10716,app-d5d22d3f-95cb-409c-ae09-dc3a1f1d8140-domain.services.clever-cloud.com
10717,app-d64144be-7d2a-412b-86fa-3cf803ab4fb6-domain.services.clever-cloud.com
10718,app-d647a5a6-db3f-439e-944d-260818f49433-domain.services.clever-cloud.com
10719,app-d6ebac28-e3fa-426d-a640-feb6a2c50eac-domain.services.clever-cloud.com
10720,app-d8347a5f-934b-49ef-a41a-82b772f516d2-domain.services.clever-cloud.com
10721,app-d974e674-e9ea-414f-a066-e7a72fbae121-domain.services.clever-cloud.com
10722,app-d9afb09e-7f9d-412e-bbde-778b23cfd329-domain.services.clever-cloud.com
10723,app-daf87831-c6ae-4e1e-a0f6-e3d1148fd524-domain.services.clever-cloud.com
10724,app-db18c6bd-4efe-4d6b-a30f-1d978e4bfadc-domain.services.clever-cloud.com
10725,app-dcd04b7a-d56c-47ec-9604-e88594358f46-domain.services.clever-cloud.com
10726,app-de7b0817-b83e-422f-be55-ebf8d17adff5-domain.services.clever-cloud.com
10727,app-def45ff1-ce3a-44ce-ae2c-029ecbc9b89f-domain.services.clever-cloud.com
10728,app-df148e9b-b24a-4bff-b649-b26db707b16d-fsbucket.services.clever-cloud.com
10729,app-dfa524ec-a1ec-4b4b-939f-bdcdec09dbe0-domain.services.clever-cloud.com
10730,app-e1a4eba6-b96e-40b5-a85f-6b9884394d2a-fsbucket.services.clever-cloud.com
10731,app-e22c43ef-dfbd-4bcc-b7be-234d77682a65-domain.services.clever-cloud.com
10732,app-e280765b-63db-4c22-ba97-e95ba8ab0124-domain.services.clever-cloud.com
10733,app-e362a455-bf2c-4d46-bfbf-3473bd73905b-domain.services.clever-cloud.com
10734,app-e37f2633-c03b-46fe-a62a-8562c4182b1f-domain.services.clever-cloud.com
10735,app-e3a10c44-cf0b-4253-a102-c6f80fba5576-fsbucket.services.clever-cloud.com
10736,app-e466baed-241b-40b8-a18a-0c5aa4e99cab-fsbucket.services.clever-cloud.com
10737,app-e55e84ec-297a-46c7-ac48-a1f02e355f50-domain.services.clever-cloud.com
10738,app-e591cb17-ab1d-483f-9aa5-eba481fcfe7a-domain.services.clever-cloud.com
10739,app-e5e0eddb-ff2a-41cb-a3cd-8d0d71265e63-domain.services.clever-cloud.com
10740,app-e6482bb1-b35c-42b2-bda8-ed2924812472-domain.services.clever-cloud.com
10741,app-e69e7418-f8dd-4c2f-8f98-e131fedf3022-domain.services.clever-cloud.com
10742,app-e6b59c42-d7ca-4983-a938-b7156c882243-domain.services.clever-cloud.com
10743,app-e765ff6f-3a0c-49b1-b4b1-d0cc36c222b0-domain.services.clever-cloud.com
10744,app-e882483b-6cab-41c3-a016-a6aee50f0c11-domain.services.clever-cloud.com
10745,app-e88f72ef-2f2f-434f-a65d-ab1b1a3dc913-domain.services.clever-cloud.com
10746,app-e9234464-e49b-4e02-b61e-108e05b81be9-domain.services.clever-cloud.com
10747,app-eac32dfe-335e-4c57-b58d-734c3d1bfa6e-domain.services.clever-cloud.com
10748,app-eaea0915-d27e-475e-a305-a6f6ca78cc21-domain.services.clever-cloud.com
10749,app-eaf569e8-bb2d-4328-a9b5-a65d480ad92a-fsbucket.services.clever-cloud.com
10750,app-eb3d9081-e82b-439d-a7da-c882fc8878a4-fsbucket.services.clever-cloud.com
10751,app-eb4c3e9d-735b-4f3b-a4ea-a9f5511152cb-fsbucket.services.clever-cloud.com
10752,app-ec98b23f-c35c-422b-9ef7-a5d37525e0da-domain.services.clever-cloud.com
10753,app-ed67862b-5d3f-4b22-a9d3-e447f92e10a8-domain.services.clever-cloud.com
10754,app-ed71cbc0-e58a-4a7c-9713-e3f4acfd61b2-domain.services.clever-cloud.com
10755,app-ed88213f-f26e-4aaf-b9cc-3bee7c8c6eef-domain.services.clever-cloud.com
10756,app-ed9eb49e-303e-4ec3-b65d-113c83661ddf-domain.services.clever-cloud.com
10757,app-edbf01cd-a0af-4e11-a3fa-a1afdcd2bf59-domain.services.clever-cloud.com
10758,app-eedb4117-eb2b-450a-9dc7-e5c9045d71fa-domain.services.clever-cloud.com
10759,app-efbf739a-294e-476e-9e72-fc31013125bc-domain.services.clever-cloud.com
10760,app-f043845c-1cdb-49bb-95c8-aa17a85a05f4-domain.services.clever-cloud.com
10761,app-f185d18e-c64d-4a7d-b22b-72015eac6af2-domain.services.clever-cloud.com
10762,app-f2ee7a73-a66e-4e84-ace0-ec835260e9a7-domain.services.clever-cloud.com
10763,app-f31a614c-bfbb-4dff-8448-c9dfaeafebb4-domain.services.clever-cloud.com
10764,app-f49213ea-e6ba-483a-9bb7-c60084506ecc-domain.services.clever-cloud.com
10765,app-f551caea-80eb-44cb-bded-323d0eec9716-domain.services.clever-cloud.com
10766,app-f648faaa-2abc-49bb-ba56-c019b3e4c778-domain.services.clever-cloud.com
10767,app-f8d0ca8f-010d-499f-9d5a-1c2a7d90a45c-domain.services.clever-cloud.com
10768,app-f9f244af-cf0e-4158-a5d0-d93c7b36dcad-fsbucket.services.clever-cloud.com
10769,app-fa403923-dbca-4af5-a03b-d2144165149f-domain.services.clever-cloud.com
10770,app-fc3f800f-b52e-4e13-a188-a88ecede6c06-fsbucket.services.clever-cloud.com
10771,app-fd156a41-c7ef-4a4e-9557-d352c45524d1-domain.services.clever-cloud.com
10772,app-fe3cc2bc-44ed-47f1-bb9a-f00113aabf7f-domain.services.clever-cloud.com
10773,app-fe43bfad-80bc-4626-b05f-2137caa96928-domain.services.clever-cloud.com
10774,apps-oe.mm
10775,apps.pg
10776,appsw9.mm
10777,appudo.net
10778,appyruns.mm
10779,aqua-medya.mm
10780,aquila-secure.run.app
10781,aquilatransportationlic.mm
10782,aracilbus.mm
10783,arakawa.saitama.jp
10784,aramcotradingamericas.mm
10785,arantes.nom.br
10786,arao.kumamoto.jp
10787,archiveofhorror.mm
10788,arcsameaw.mm
10789,ardemagnispa.mm
10790,areastopandgo.mm
10791,areastopandgo.np
10792,aretevegan.mm
10793,argepp1.run.app
10794,arguidebot.mm
10795,argyllwindowsandrepairs.mm
10796,ariake.saga.jp
10797,arida.wakayama.jp
10798,aristra.kh
10799,arita.saga.jp
10800,arizonamagellancompletecare.mm
10801,arjt.r.appspot.com
10802,arkadacasino158.mm
10803,arkhangelsk.su
10804,art.sch.uk
10805,art.sn
10806,artabon.mm
10807,arteingaskets.mm
10808,arthur.nom.br
10809,artifactory.services.clever-cloud.com
10810,artineraire.mm
10811,artistestractor.mm
10812,artistmelodie.mm
10813,artofficialsupply.mm
10814,artofrockwrapping.mm
10815,arts.nf
10816,arts.ve
10817,artsoftit.mm
10818,artuklugroup.mm
10819,as.us
10820,asahi-kasei-plastics.mm
10821,asahi-kasei-plastics.pg
10822,asahi.ibaraki.jp
10823,asahi.yamagata.jp
10824,asaka.saitama.jp
10825,asakuchi.okayama.jp
10826,ascenderpcloud.run.app
10827,ascoli-piceno.it
10828,asgsoap.mm
10829,ashe-and-norton.mm
10830,asia-northeast1.mtls.run.app
10831,askadwise.mm
10832,askuroxibaf.beget.app
10833,asnes.no
10834,aso.kumamoto.jp
10835,ass.km
10836,assignedconstruction.mm
10837,assistforbusiness.mm
10838,asso.km
10839,astardhari.mm
10840,astartehandmade.mm
10841,asterisksinternational.mm
10842,asthmaallergynetwork.mm
10843,astrotechlab.mm
10844,asuke.aichi.jp
10845,ate.mm
10846,athapobosnay.beget.app
10847,athlonmb.mm
10848,atik.er
10849,atjpektph5j5420sk56qof615f3fgnh6.mm
10850,atlantasrms.mm
10851,atlanticreality.mm
10852,atlasdiscus.mm
10853,atozohio.mm
10854,atsuma.hokkaido.jp
10855,attcompute.run.app
10856,attentivecaresc.mm
10857,au.bd
10858,au.pg
10859,au.user.fm
10860,audband.mm
10861,audio-blog.mm
10862,audioenfa.mm
10863,audioproductionsystems.mm
10864,audiosummit.ck
10865,audiosummit.mm
10866,augustobaschera.er
10867,aurailieus.mm
10868,aurland.no
10869,aurora-aron-css.ex.ortsinfo.at
10870,auroraleap.mm
10871,aurskog-holand.no
10872,aus.basketball
10873,auth-fips.us-gov-east-1.amazoncognito.com
10874,auth-stage.run.app
10875,auth.ap-northeast-3.amazoncognito.com
10876,authgear-staging.com
10877,authorqueenofspades.mm
10878,authscopilot.mm
10879,auti-net.mm
10880,autismremotetherapy.mm
10881,autocad.mm
10882,autodiscover.0e.vc
10883,autoloader.run.app
10884,autotekincstockbridgega.mm
10885,avalias-teamready.mm
10886,avcirulman.mm
10887,avenuedereboyu.mm
10888,aviationforinnovation.jm
10889,aviationfuelingservices.mm
10890,avocats-gravellier-lief.mm
10891,avon.sch.uk
10892,avoues.fr
10893,awakensuccess.mm
10894,awjsno.mm
10895,awsapnortheast1.snowflake.app
10896,awscacentral1.snowflake.app
10897,awseuwest2caponeuk.snowflake.app
10898,awsmemarya.mm
10899,awsuseast1e291ab3.privatelink.snowflake.app
10900,awsuseast1e291ab3.snowflake.app
10901,awsuseast1e855cad.privatelink.snowflake.app
10902,awsuseast1e855cad.snowflake.app
10903,awsuseast1gfts.snowflake.app
10904,awsuseast1gov.snowflake.app
10905,awsuseast2citi.snowflake.app
10906,awsuseast2o7de425.snowflake.app
10907,awsusgoveast1fhplus.snowflake.app
10908,awsusgovwest1.snowflake.app
10909,awsuswest2goldman.snowflake.app
10910,awsuswest2preprod8.snowflake.app
10911,awsuswest2preprodgsh.privatelink.snowflake.app
10912,awsuswest2preprodgsh.snowflake.app
10913,awsuswest2qa6.privatelink.snowflake.app
10914,awsuswest2qa6.snowflake.app
10915,axionsolidbah.mm
10916,ayabe.kyoto.jp
10917,ayagawa.kagawa.jp
10918,ayeheya.mm
10919,ayiyakonkoy.beget.app
10920,azidine.mm
10921,azmexicocentral.snowflake.app
10922,aznortheurope.privatelink.snowflake.app
10923,azsouthcentralus.privatelink.snowflake.app
10924,azurcasino2.mm
10925,b-blingzz.mm
10926,b00bixzapj7qkgnxockr-mysql.services.clever-cloud.com
10927,b00wlstunpze1nk5nnm8-mysql.services.clever-cloud.com
10928,b03n9vm4fttvpczdu8yw-mysql.services.clever-cloud.com
10929,b04w0q5cj6lemnz1ffco-mysql.services.clever-cloud.com
10930,b06z6sfuhiojcty-mongodb.services.clever-cloud.com
10931,b0afswvipd7zrlo-mongodb.services.clever-cloud.com
10932,b0cbtqkktxhvr9rx03zk-mysql.services.clever-cloud.com
10933,b0ccsqviazxzwkmkzomm-mysql.services.clever-cloud.com
10934,b0ceembaezywnmdsvgdv-mysql.services.clever-cloud.com
10935,b0f8z9fdgiiep16-mongodb.services.clever-cloud.com
10936,b0gpicvx0potnjwowvxa-postgresql.services.clever-cloud.com
10937,b0jiau117j0hmzoq5qax-mysql.services.clever-cloud.com
10938,b0jkjccy2yjywwkor5lg-mongodb.services.clever-cloud.com
10939,b0kqahyquixrcgv-mongodb.services.clever-cloud.com
10940,b0mbi3dgptznjta-mongodb.services.clever-cloud.com
10941,b0mzsqefyp8zw52c49ph-mysql.services.clever-cloud.com
10942,b0nog3dti1nhunj-mongodb.services.clever-cloud.com
10943,b0ow2p5xhecnyngsttfi-mysql.services.clever-cloud.com
10944,b0ppa3brcz8t6awsqyiy-postgresql.services.clever-cloud.com
10945,b0tgs1kinee9kmcwxqlj-mysql.services.clever-cloud.com
10946,b0twbeu89faaz7ise06u-mysql.services.clever-cloud.com
10947,b0uxtxrnqosy34j-mongodb.services.clever-cloud.com
10948,b0vaqewgt8z4hj4-mongodb.services.clever-cloud.com
10949,b0wesuod10ktj0vlazy9-mysql.services.clever-cloud.com
10950,b0wfenc4prhvdpdvsyl3-mysql.services.clever-cloud.com
10951,b0x3wvamvvlwuqs-mongodb.services.clever-cloud.com
10952,b0xbt5fofrcz06q-mongodb.services.clever-cloud.com
10953,b0ypvvzdlls4sxgbx5ya-mysql.services.clever-cloud.com
10954,b0zbezfesothcdnasznd-mysql.services.clever-cloud.com
10955,b115liqyfcthptrpra9s-mysql.services.clever-cloud.com
10956,b11ba0dydnkk1detbpkz-elasticsearch.services.clever-cloud.com
10957,b12iqcnoazqoivuuzhew-mysql.services.clever-cloud.com
10958,b13rgyv70wcv0u1-mongodb.services.clever-cloud.com
10959,b13xehxsquumuv5vw6da-mysql.services.clever-cloud.com
10960,b14cmun7tpw8vgpzfh7f-mysql.services.clever-cloud.com
10961,b15nswegsu7aw7b-mongodb.services.clever-cloud.com
10962,b17fwwgynuccjezwxfki-mysql.services.clever-cloud.com
10963,b193k35px74frdn8solo-mysql.services.clever-cloud.com
10964,b1ao98szgwl9zevc0btc-mysql.services.clever-cloud.com
10965,b1bplmutywwffhteih3q-mysql.services.clever-cloud.com
10966,b1br9oygucrhhssc5hee-mysql.services.clever-cloud.com
10967,b1dedu83pvzrxesmwgp0-mysql.services.clever-cloud.com
10968,b1dfrxii6fw4ydl-mongodb.services.clever-cloud.com
10969,b1dn2fak1ehfep5-mongodb.services.clever-cloud.com
10970,b1dnvgks5lpivclt9stx-mysql.services.clever-cloud.com
10971,b1ehen0hxz3aklq-mongodb.services.clever-cloud.com
10972,b1ewv4ycldam66znisq5-mysql.services.clever-cloud.com
10973,b1flmjahekkdzhzihz4z-mysql.services.clever-cloud.com
10974,b1ham7q7h5zbga3hdl8m-mysql.services.clever-cloud.com
10975,b1iyxr5xg9euiu8tvw5l-mysql.services.clever-cloud.com
10976,b1kfpburfsnzzv2-mongodb.services.clever-cloud.com
10977,b1lxxabnc5vxznl-mongodb.services.clever-cloud.com
10978,b1mpjqaakag99q7xutqk-mysql.services.clever-cloud.com
10979,b1ofoqmfxncrexz-mongodb.services.clever-cloud.com
10980,b1olmyo7b2jy9phk9sxx-mysql.services.clever-cloud.com
10981,b1p59qbrhfnnninh2ucx-mysql.services.clever-cloud.com
10982,b1pbtsiw0jlyozs86myr-mysql.services.clever-cloud.com
10983,b1q1fzggzrqausy-mongodb.services.clever-cloud.com
10984,b1qpgtqcqgslwp0jviex-mysql.services.clever-cloud.com
10985,b1qrfgryauc2q2j-mongodb.services.clever-cloud.com
10986,b1qrgcty4sc2y1g-mongodb.services.clever-cloud.com
10987,b1rao6vl3fzmknn3oex4-mysql.services.clever-cloud.com
10988,b1rfodhoaz5d0erzn2jb-mysql.services.clever-cloud.com
10989,b1woth7kf1ouauaweurw-mysql.services.clever-cloud.com
10990,b1xtdyfdhi2drg0-mongodb.services.clever-cloud.com
10991,b1xtgtyfns4qxo3y78pn-postgresql.services.clever-cloud.com
10992,b1yjfm1gemaemoj0pwni-mysql.services.clever-cloud.com
10993,b1yuyxbh8naohkocm5uw-mysql.services.clever-cloud.com
10994,b216dec0555011eb87ccaf408a3af0bf.kh
10995,b22cksmpzvy8m8d-mongodb.services.clever-cloud.com
10996,b23b94d05ae211eb8891f32d17dd2646.kh
10997,b26s6aomo21snqaedcxn-mysql.services.clever-cloud.com
10998,b27cyodzrfbkczu7ycow-mysql.services.clever-cloud.com
10999,b29qry1hz2m8ydl8eoxt-elasticsearch.services.clever-cloud.com
11000,b2beux73a0bvk6ktpoil-mysql.services.clever-cloud.com
11001,b2bka8k1neexiiy-mongodb.services.clever-cloud.com
11002,b2de0fuvw0jky5cm8dyc-mysql.services.clever-cloud.com
11003,b2htltj7akfzxe0muclw-mysql.services.clever-cloud.com
11004,b2inyy8ixkd9taz9qhrv-mysql.services.clever-cloud.com
11005,b2jpey3eedjglvo2zslb-mysql.services.clever-cloud.com
11006,b2krjsvyo0iaayp-mongodb.services.clever-cloud.com
11007,b2ldeck9ha7ubvq1u5id-mysql.services.clever-cloud.com
11008,b2mzgufdklna58m0ohak-mysql.services.clever-cloud.com
11009,b2oaj3pkhsskukl-mongodb.services.clever-cloud.com
11010,b2oc1vsn2wsgtrjvaphv-mysql.services.clever-cloud.com
11011,b2oe0uul4qfbmoc102qk0jsd1emgaokd.mm
11012,b2ope2d9klmblupyv1xh-mysql.services.clever-cloud.com
11013,b2pjggftdvp1nn6-mongodb.services.clever-cloud.com
11014,b2qkv2jiwxxglhctp5ub-mysql.services.clever-cloud.com
11015,b2rhg0go2ubxzyhsrvt1-mysql.services.clever-cloud.com
11016,b2t3brs8ipp0a42vewy5-mysql.services.clever-cloud.com
11017,b2tcbvxcruvpyqn-mongodb.services.clever-cloud.com
11018,b2v6j07arrym6hgl9cn9-mysql.services.clever-cloud.com
11019,b2v6ro2csdin27c1yai1-mysql.services.clever-cloud.com
11020,b2wmhjbnndi7yz6cks6r-mysql.services.clever-cloud.com
11021,b2xipubqgttqcbm-mongodb.services.clever-cloud.com
11022,b2yryfbt1ugqfcu-mongodb.services.clever-cloud.com
11023,b2zo3zv64ynu0pzrizft-mysql.services.clever-cloud.com
11024,b35fdd6rb5kpn2g-mongodb.services.clever-cloud.com
11025,b3695bed4c09.hosting.myjino.ru
11026,b36qvh0rll3k1xhzg4ih-mysql.services.clever-cloud.com
11027,b37enj2rca0e68f-mongodb.services.clever-cloud.com
11028,b39e5vuo7orrhvukmem1-mysql.services.clever-cloud.com
11029,b3am4kkzw4wymoqxgwe8-mysql.services.clever-cloud.com
11030,b3gvpugciiwagbyqxel2-mysql.services.clever-cloud.com
11031,b3hjguvuz5ruvs4hlya5-postgresql.services.clever-cloud.com
11032,b3hww4i9b9fbvjo0ar0e-mysql.services.clever-cloud.com
11033,b3jdof368fkkrbanng4g-postgresql.services.clever-cloud.com
11034,b3khs2g083nccef8m34c-mysql.services.clever-cloud.com
11035,b3kylyu7z.localto.net
11036,b3lxhkbbzvyckiydcx9p-mysql.services.clever-cloud.com
11037,b3mkdsbav6arjzl5qhdh-mysql.services.clever-cloud.com
11038,b3mz95efxus0owi-mongodb.services.clever-cloud.com
11039,b3oabfnwqdok17g9nhyg-mysql.services.clever-cloud.com
11040,b3pcetdmzbsypj0463vj-elasticsearch.services.clever-cloud.com
11041,b3rkpva1pogzaj3-mongodb.services.clever-cloud.com
11042,b3su7owfnm6osioreqen-mysql.services.clever-cloud.com
11043,b3sxhkyi7oasv5szdqgm-elasticsearch.services.clever-cloud.com
11044,b3tmv6xfv8l00cu-mongodb.services.clever-cloud.com
11045,b3upv4irus5pfzr3yygu-mysql.services.clever-cloud.com
11046,b3uqvtqjbhj431gln5wa-postgresql.services.clever-cloud.com
11047,b3vzipv2tebgir0-mongodb.services.clever-cloud.com
11048,b3vzwgxereesrkn-mongodb.services.clever-cloud.com
11049,b3xuf0lssjj1az1kuhb3-mysql.services.clever-cloud.com
11050,b3ydmjkeigt2nbuvtnbc-mysql.services.clever-cloud.com
11051,b406ytc7zbw0axojlrww-mysql.services.clever-cloud.com
11052,b42pwroav3pwhwy-mongodb.services.clever-cloud.com
11053,b43lpbkrlsuaa6rp5ftr-mysql.services.clever-cloud.com
11054,b47rzmxr0ynpwvchbfxn-mysql.services.clever-cloud.com
11055,b48flziek74cmlazooik-mysql.services.clever-cloud.com
11056,b4a28e702a2911eba6eec18637080b35.kh
11057,b4as7uzfpg3pmd1tfw1b-mysql.services.clever-cloud.com
11058,b4byq5mhnkdoqnicwtrk-mysql.services.clever-cloud.com
11059,b4c5qsn2p8.code.run
11060,b4flqq3vm7mwwv6dw33s-mongodb.services.clever-cloud.com
11061,b4fmeawya6qx2un-mongodb.services.clever-cloud.com
11062,b4fzfmz43actrsk-mongodb.services.clever-cloud.com
11063,b4hujfabwe6rc3uvskxw-mysql.services.clever-cloud.com
11064,b4iye7u6j6cdzea5w7dk-mysql.services.clever-cloud.com
11065,b4mvvych6ayyihud1jpj-postgresql.services.clever-cloud.com
11066,b4mxhyzygkcwum5yvrti-mysql.services.clever-cloud.com
11067,b4nve4wqf4ca1yo-mongodb.services.clever-cloud.com
11068,b4nvtuyp4qpukxoot8q7-mysql.services.clever-cloud.com
11069,b4o8otakqwjblolc7ph4-mysql.services.clever-cloud.com
11070,b4oqhocmxhcl3o1knowc-mysql.services.clever-cloud.com
11071,b4pelr6zb7jtesgmirpn-mysql.services.clever-cloud.com
11072,b4pj0aszuewm8ejbzd1a-mysql.services.clever-cloud.com
11073,b4psjcp5iufwgsx3fmrn-mysql.services.clever-cloud.com
11074,b4qafy366zqocitrzfru-mysql.services.clever-cloud.com
11075,b4qzcusimdbfuv9sahft-mysql.services.clever-cloud.com
11076,b4qzvg0iu2ifmtyndelp-redis.services.clever-cloud.com
11077,b4rjbu234qcgg4cxee3a-mysql.services.clever-cloud.com
11078,b4s2kxziye3n8gc4l1zu-mysql.services.clever-cloud.com
11079,b4tvu1k81s6tyzc4gonm-mysql.services.clever-cloud.com
11080,b4uip4nfj11vpra5nn1vf9skrd2lv0ac.mm
11081,b4wooyrobwu3bwf-mongodb.services.clever-cloud.com
11082,b4ybcwg9dskjhts5todx-mysql.services.clever-cloud.com
11083,b4zcbd3szmnmt8w-mongodb.services.clever-cloud.com
11084,b4zvlveervjblrt-mongodb.services.clever-cloud.com
11085,b51noxtxlheb2kbd3xyq-mysql.services.clever-cloud.com
11086,b53wcczrtvjkzlglhljb-mysql.services.clever-cloud.com
11087,b55twmqjbdyrveg-mongodb.services.clever-cloud.com
11088,b5bg4clobz2o9z8saq2z-mysql.services.clever-cloud.com
11089,b5bh9pspvnhlfdsdvean-mysql.services.clever-cloud.com
11090,b5bx8qbigdu2rroeb7fn-mysql.services.clever-cloud.com
11091,b5caw0fnmy8eryy-mongodb.services.clever-cloud.com
11092,b5dg8xn3y85f3xju2xfd-postgresql.services.clever-cloud.com
11093,b5dpdtuzkdh9h1y-mongodb.services.clever-cloud.com
11094,b5faam2cuacswoln8vxe-mysql.services.clever-cloud.com
11095,b5frgzvrqkgzpmr-mongodb.services.clever-cloud.com
11096,b5fzvxugdywuhpc-mongodb.services.clever-cloud.com
11097,b5kppw57pnv4zvngvjqc-mysql.services.clever-cloud.com
11098,b5krhgdrziqxaurnnl6p-mysql.services.clever-cloud.com
11099,b5ksdtixnki3zmno3fts-mysql.services.clever-cloud.com
11100,b5lpgqxvu2wy0mgw3ysc-mysql.services.clever-cloud.com
11101,b5mtdvimzcwqnueaegoi-mysql.services.clever-cloud.com
11102,b5n6na5n7xh71dg-mongodb.services.clever-cloud.com
11103,b5nskurujrip7zb-mongodb.services.clever-cloud.com
11104,b5q9ctsugb9mvoc-mongodb.services.clever-cloud.com
11105,b5rerncw3wyrxy9xjltk-mysql.services.clever-cloud.com
11106,b5sxlmmsiaczlstnhxbu-mysql.services.clever-cloud.com
11107,b5tz8isljwu1xftlstqo-postgresql.services.clever-cloud.com
11108,b5vgzbivztwy8ua6we0t-mysql.services.clever-cloud.com
11109,b5vhxq1m07agt2r244mf-mysql.services.clever-cloud.com
11110,b5wdpl5awjmolgs22oon-mysql.services.clever-cloud.com
11111,b5xjcqo5hhwxrt1-mongodb.services.clever-cloud.com
11112,b5xrwsnezuojpt4kowfd-mysql.services.clever-cloud.com
11113,b5xsz6yjvor6fwu-mongodb.services.clever-cloud.com
11114,b5xvsoplpyxwocl-mongodb.services.clever-cloud.com
11115,b5xxrnw0wfavnwdpe9ms-mysql.services.clever-cloud.com
11116,b5y4tafaauqylnzxea7f-mysql.services.clever-cloud.com
11117,b60f8eurwlzowgmjrys1-mysql.services.clever-cloud.com
11118,b61cxiub1f5xv8ctwpyq-mysql.services.clever-cloud.com
11119,b64wqh1ihfe7c2w-mongodb.services.clever-cloud.com
11120,b65w3jz8mlyjitaydt41-mysql.services.clever-cloud.com
11121,b6aezzad1quiioee0xwj-mysql.services.clever-cloud.com
11122,b6bo1e9l2zv3ollzt2ij-mysql.services.clever-cloud.com
11123,b6c6nspijn3tf5w8nshb-mysql.services.clever-cloud.com
11124,b6cgg2lheujjxpy-mongodb.services.clever-cloud.com
11125,b6ct6gyluywxbtt-mongodb.services.clever-cloud.com
11126,b6fmgovoxln4hvbjq0va-mysql.services.clever-cloud.com
11127,b6fmjy.mm
11128,b6gfpjix1jnhshe-mongodb.services.clever-cloud.com
11129,b6gisgpxx0fdlobnw9va-mysql.services.clever-cloud.com
11130,b6gknvxyc49tfy4-mongodb.services.clever-cloud.com
11131,b6h7kfzafrafkx6xlage-mysql.services.clever-cloud.com
11132,b6i2khokbptocpidswff-mysql.services.clever-cloud.com
11133,b6j1a02l6jxtvqo1iwxf-mysql.services.clever-cloud.com
11134,b6ktfamljujitg8-mongodb.services.clever-cloud.com
11135,b6kthhxuduvdcz7-mongodb.services.clever-cloud.com
11136,b6kueunafcjva0hs7e4g-mysql.services.clever-cloud.com
11137,b6mr3axblcskpxr1nva3-mysql.services.clever-cloud.com
11138,b6msbojpfg5vctt-mongodb.services.clever-cloud.com
11139,b6n7htft3-postgresql.services.clever-cloud.com
11140,b6nz29buuckgamlqobho-mysql.services.clever-cloud.com
11141,b6og14jjgufjt4n-mongodb.services.clever-cloud.com
11142,b6opar4o3dvrdkxuw74k-mysql.services.clever-cloud.com
11143,b6phb9lel3duemr-mongodb.services.clever-cloud.com
11144,b6pnuw2ehwji5p67prx4-mysql.services.clever-cloud.com
11145,b6quluulggy9t1olea2u-mysql.services.clever-cloud.com
11146,b6rno7sl7sklkrq-mongodb.services.clever-cloud.com
11147,b6tkefk2i7fvbhwqquag-mysql.services.clever-cloud.com
11148,b6txx6dwbhqcorjpyhos-mysql.services.clever-cloud.com
11149,b6v7gg1qgwbxgx5nfi80-mysql.services.clever-cloud.com
11150,b6xpt0xjilmkqm9-mongodb.services.clever-cloud.com
11151,b6zkkyymagxjxka-mongodb.services.clever-cloud.com
11152,b706xfvvbn9gz36-mongodb.services.clever-cloud.com
11153,b7288d3e00c3.hosting.myjino.ru
11154,b74dljadjbjbxot-mongodb.services.clever-cloud.com
11155,b75fpuwul01joygmujwq-mysql.services.clever-cloud.com
11156,b76vcilqetawmhk-mongodb.services.clever-cloud.com
11157,b7cmevjmv99wwog-mongodb.services.clever-cloud.com
11158,b7cutspk38m8cy1mocbi-mysql.services.clever-cloud.com
11159,b7dcnaudsq0ltez-mongodb.services.clever-cloud.com
11160,b7dei6rqyo17vmdqaszd-mysql.services.clever-cloud.com
11161,b7dk1cprzifmy2lzqloc-postgresql.services.clever-cloud.com
11162,b7f6oixh3tdyakpd4roh-mysql.services.clever-cloud.com
11163,b7fejuhtemx7xipjjg8b-postgresql.services.clever-cloud.com
11164,b7gcmrrnwosanpo4ibdt-mysql.services.clever-cloud.com
11165,b7hvkzeot7rrwgjxe7qq-mysql.services.clever-cloud.com
11166,b7j2zumjtj8ji15eqqj4-mysql.services.clever-cloud.com
11167,b7jezndgz0nmy1ukhua9-mysql.services.clever-cloud.com
11168,b7jggfkxoaqenunmhufc-mysql.services.clever-cloud.com
11169,b7jhnv2as0pxzmrts1lh-mysql.services.clever-cloud.com
11170,b7ls1jvh7yhqftbb7wgh-mysql.services.clever-cloud.com
11171,b7ohlg09nsahj96vdjsn-postgresql.services.clever-cloud.com
11172,b7oqjsuqnrydksrto8xj-mysql.services.clever-cloud.com
11173,b7pzjixbchqwfua-mongodb.services.clever-cloud.com
11174,b7q98ybpcgqa1dg-mongodb.services.clever-cloud.com
11175,b7rebssuvvk6cmb-mongodb.services.clever-cloud.com
11176,b7rivu1kumgbmix-mongodb.services.clever-cloud.com
11177,b7tpsr8tjwpmqhkqyeey-mysql.services.clever-cloud.com
11178,b7vbpiitjlsr2ws6fu8w-mysql.services.clever-cloud.com
11179,b7wjkhqigdv0jjrpuayc-mysql.services.clever-cloud.com
11180,b7wzpeqialbv7hroozu6-postgresql.services.clever-cloud.com
11181,b84dqwfhqpm5c7276nrx-mysql.services.clever-cloud.com
11182,b84hnvhpob9yk5d-mongodb.services.clever-cloud.com
11183,b857z9pfehoz01j-mongodb.services.clever-cloud.com
11184,b85zmtrky4txn6favmdq-mysql.services.clever-cloud.com
11185,b879famnfamxs1p-mongodb.services.clever-cloud.com
11186,b87pfaweruunlow-mongodb.services.clever-cloud.com
11187,b8akialgorhhmtpwbzjv-mysql.services.clever-cloud.com
11188,b8amzz6pxl1jejitvwzo-mysql.services.clever-cloud.com
11189,b8cnvfdz6gzsgzza8i0c-mysql.services.clever-cloud.com
11190,b8gqfahoe4si97cggnha-mysql.services.clever-cloud.com
11191,b8ivua0wbpcwyqhz9alw-mysql.services.clever-cloud.com
11192,b8jccx5s7f43qtkcgtau-mysql.services.clever-cloud.com
11193,b8jflw8b7jf8rx8hxkzb-mysql.services.clever-cloud.com
11194,b8jhhp1fykqw0nudmfmd-mysql.services.clever-cloud.com
11195,b8kjahhdmnbo02hfzi77-mysql.services.clever-cloud.com
11196,b8kjqkpnk7joid2xlrve-mysql.services.clever-cloud.com
11197,b8lzecqk4lrq8yi-mongodb.services.clever-cloud.com
11198,b8nfnqwu2ojida3n6jek-mysql.services.clever-cloud.com
11199,b8obgkg4lwsfdue7fzqv-mysql.services.clever-cloud.com
11200,b8p8bsupntoiz6ttw2mb-mysql.services.clever-cloud.com
11201,b8pm3ukrblwa3eiai0fc-mysql.services.clever-cloud.com
11202,b8r9auutomfkaqk6gnxd-postgresql.services.clever-cloud.com
11203,b8r9mzgindu5skjmt07u-mysql.services.clever-cloud.com
11204,b8rbvbgxjumx2lu-mongodb.services.clever-cloud.com
11205,b8rsgfgbrkmz0nkc6bld-mysql.services.clever-cloud.com
11206,b8sdzbslv39v7yg-mongodb.services.clever-cloud.com
11207,b8so2ifbrnlld6wnbchv-mysql.services.clever-cloud.com
11208,b8t1jxj0hklfyaupuvmu-mysql.services.clever-cloud.com
11209,b8tpa1pe8ful752tzk4w-mysql.services.clever-cloud.com
11210,b8ujbtw5hokzedx-mongodb.services.clever-cloud.com
11211,b8w5tf4caajpstpoytl1-mysql.services.clever-cloud.com
11212,b8xbnlfm4xj3pk6-mongodb.services.clever-cloud.com
11213,b8yqzpoak6gjaqhxm08d-postgresql.services.clever-cloud.com
11214,b8zdcb3owgysp6kesmmt-mysql.services.clever-cloud.com
11215,b91mfzf3o2j4mliqfzga-mysql.services.clever-cloud.com
11216,b93ry0ig5w0rrqw2fkph-mysql.services.clever-cloud.com
11217,b9609.mm
11218,b97tnaaosdapbosj7rqc-mysql.services.clever-cloud.com
11219,b98og3znmqfx30segcwg-mysql.services.clever-cloud.com
11220,b9aie7ykl3rncbvfunej-mysql.services.clever-cloud.com
11221,b9azyncnrslo2j1-mongodb.services.clever-cloud.com
11222,b9c0vxavasjaspxrmsdz-mysql.services.clever-cloud.com
11223,b9cr7h73iatoius-mongodb.services.clever-cloud.com
11224,b9ekpt3nq50cchjwzams-mysql.services.clever-cloud.com
11225,b9ey4qae1jvqsxoaqf0x-mysql.services.clever-cloud.com
11226,b9fgpx56azq4rvw1ayjr-mysql.services.clever-cloud.com
11227,b9gjjnzdgi7qqrqwre5i-mysql.services.clever-cloud.com
11228,b9gqzffgxhbnvmbdttw0-mysql.services.clever-cloud.com
11229,b9gvibm1euk2ilsnstt9-mysql.services.clever-cloud.com
11230,b9han9alxhhjvct-mongodb.services.clever-cloud.com
11231,b9hvkwquopmqwe3-mongodb.services.clever-cloud.com
11232,b9hyuvibp7v7lafgkj2q-mysql.services.clever-cloud.com
11233,b9ikg75yyczddpg1m2jp-mysql.services.clever-cloud.com
11234,b9itqnytgunpnuo-mongodb.services.clever-cloud.com
11235,b9jnf5sfeinotww-mongodb.services.clever-cloud.com
11236,b9k6m7tna0gpmqk-mongodb.services.clever-cloud.com
11237,b9mdantjf5dql5hsmbf77ti0q2rgba53.mm
11238,b9na0plyapq5vq3ckmkz-mysql.services.clever-cloud.com
11239,b9nboeuqox6nrbalu3o4-mysql.services.clever-cloud.com
11240,b9opoq8xknsrak4aor4x-elasticsearch.services.clever-cloud.com
11241,b9qqidkqdhmszs7sfdk5-postgresql.services.clever-cloud.com
11242,b9r5kbrauqt4rgd9zd44-mysql.services.clever-cloud.com
11243,b9to4sfze0hsctb-mongodb.services.clever-cloud.com
11244,b9wbnybldyv6ld8k4uvc-postgresql.services.clever-cloud.com
11245,b9wioozwzhle3nyqlrnz-mysql.services.clever-cloud.com
11246,b9xkobigrrma2c6tsmeu-postgresql.services.clever-cloud.com
11247,b9y9k5dhjq0pfgs77knd-mysql.services.clever-cloud.com
11248,b9yjtyjeh4r5oixg2ty4-mysql.services.clever-cloud.com
11249,ba.jm
11250,ba.mm
11251,ba0a4injihadtbrgblrr-mysql.services.clever-cloud.com
11252,ba0fmmxnrntvlpxjnhkj-mysql.services.clever-cloud.com
11253,ba12gyd7ri2fgib-mongodb.services.clever-cloud.com
11254,ba1fylzkfflyw34fvb4u-postgresql.services.clever-cloud.com
11255,ba1lgp20tk2qrns-mongodb.services.clever-cloud.com
11256,ba1mehzfifxfkmftb2zd-mysql.services.clever-cloud.com
11257,ba2c7efbdlwl4sc-mongodb.services.clever-cloud.com
11258,ba2gm1akldbfr9utsl3t-mysql.services.clever-cloud.com
11259,ba4jpm16bgeiv2een6hi-mysql.services.clever-cloud.com
11260,ba5eer2evhr3dwd-mongodb.services.clever-cloud.com
11261,ba5kmqewimclm4f5lbtj-mysql.services.clever-cloud.com
11262,ba5tc1p7legar8kp6cik80h6nhqfm4vu.mm
11263,ba9xt6jgq5ofyql4q3hv-mysql.services.clever-cloud.com
11264,baauuh29xzrbmfrnejwb-mysql.services.clever-cloud.com
11265,babg7buz13pfkhk-mongodb.services.clever-cloud.com
11266,babkwih90lccvdgmvxgo-mysql.services.clever-cloud.com
11267,bac1o7wnszeodfemghmg-mysql.services.clever-cloud.com
11268,bacgiang.vn
11269,backend.compute-1.amazonaws.com
11270,baclieu.vn
11271,bacninh.vn
11272,bacoykobun.beget.app
11273,bad8uveanhziszymbvlm-mysql.services.clever-cloud.com
11274,bad8yjvuzmytxdfzxudp-mysql.services.clever-cloud.com
11275,badassbluestalkingstick.mm
11276,badinfluenceclo.mm
11277,badtlqnl2b1a1m5b1kmv-mysql.services.clever-cloud.com
11278,baelnyfyqgww0edhfoyc-mysql.services.clever-cloud.com
11279,baepb7uzc5re5klphgjz-mysql.services.clever-cloud.com
11280,baezx7opwtmqq1m-mongodb.services.clever-cloud.com
11281,baf62blprphaxa4tefof-mysql.services.clever-cloud.com
11282,baf7evjia7oc4e6-mongodb.services.clever-cloud.com
11283,bagj6nszbcxpszkddt8q-mysql.services.clever-cloud.com
11284,bagj7qwby7txuf4beul5-mysql.services.clever-cloud.com
11285,bagovrg8ldy8w2fq0occ-mysql.services.clever-cloud.com
11286,bahccavuotna.no
11287,bahh1qqfgt63a6odemxa-mysql.services.clever-cloud.com
11288,bahim5sg3un3lrkg6uro-mysql.services.clever-cloud.com
11289,bahttmueeyyogd71osg0-mysql.services.clever-cloud.com
11290,bai4l8ab2twbwz05bk0u-mysql.services.clever-cloud.com
11291,baichengxiangqin.mm
11292,baijvp82rxfzopmpmkhr-mysql.services.clever-cloud.com
11293,baileysmobileservices.mm
11294,baithakaiclub.mm
11295,baj6j7gyz5zrbeavtbsh-mysql.services.clever-cloud.com
11296,bajddar.no
11297,bakalai.kh
11298,bakersprideug.mm
11299,bakkyhfm16bo56e0ttzf-mysql.services.clever-cloud.com
11300,bakuedsn9jk75guz13w3-mysql.services.clever-cloud.com
11301,bal2g7oykqodxr2omomx-mysql.services.clever-cloud.com
11302,balbdivsiygyvnv-mongodb.services.clever-cloud.com
11303,ballardsbowlingacademy.mm
11304,balletik.mm
11305,ballhitmania.mm
11306,balloon-arg.mm
11307,balonmanoleganes.mm
11308,balsan-sudtirol.it
11309,balsan-suedtirol.it
11310,balsan.it
11311,balticloco.mm
11312,baltomascotas.mm
11313,bamifwjcrmxqleo-mongodb.services.clever-cloud.com
11314,bamuhenood.beget.app
11315,banarri.mm
11316,bancofinancieracomercialhondurenasa.ck
11317,bancofinancieracomercialhondurenasa.np
11318,bandoaqentramiga.mm
11319,bandpack.nom.br
11320,baniquafou.beget.app
11321,bankordrenag.beget.app
11322,banoymimnojyvs8-mongodb.services.clever-cloud.com
11323,baomt22ichhmzazvubwe-postgresql.services.clever-cloud.com
11324,baonctbruf0vh8e3mke5-mysql.services.clever-cloud.com
11325,baos8wlctwnopyxpcphs-mysql.services.clever-cloud.com
11326,baoxvzougd9aduun3pu6-mysql.services.clever-cloud.com
11327,bapacrmxeupyugaqn0gr-mysql.services.clever-cloud.com
11328,bapccl0thfmonkhfawbo-mysql.services.clever-cloud.com
11329,bapjm6l5w0icy8z-mongodb.services.clever-cloud.com
11330,bapn7mg33wogwh9ahnep-mysql.services.clever-cloud.com
11331,baqdrigv9evgbreoqlos-mysql.services.clever-cloud.com
11332,baqh3zmouwbbk1ctrpkx-mysql.services.clever-cloud.com
11333,bar.pro
11334,bar62g277d6851fs14061fu7e4sp2dvi.mm
11335,baran99t4ibeou0i74bm-mysql.services.clever-cloud.com
11336,barbarabernardinello.mm
11337,barbaracol.mm
11338,bareskinsa.mm
11339,bariripil.beget.app
11340,barletta-trani-andria.it
11341,barlettatraniandria.it
11342,barnacle-11.lcl.dev
11343,barreyy.mm
11344,barrow.ck
11345,barsforsalespain.mm
11346,barsy.ca
11347,barsy.club
11348,barsy.de
11349,barsy.info
11350,barsy.me
11351,barsy.mobi
11352,barsy.org
11353,barsy.pub
11354,barsy.ro
11355,barsy.site
11356,barsy.store
11357,barsy.uk
11358,barsycenter.com
11359,bartsbusinessforms.mm
11360,basedbebi.mm
11361,basgpxzuluteztdx5hej-mysql.services.clever-cloud.com
11362,basiclabsupplies.mm
11363,basnp5tlmqla6a2idvzw-elasticsearch.services.clever-cloud.com
11364,bass-17.lcl.dev
11365,bass-59.lcl.dev
11366,basurofif.beget.app
11367,bat4lf4suohrtgg-mongodb.services.clever-cloud.com
11368,bat6swg61ta9unudoop1-mysql.services.clever-cloud.com
11369,bateosldqbkghdr-mongodb.services.clever-cloud.com
11370,bath.sch.uk
11371,bato.tochigi.jp
11372,bau0azelhgpyptienc61-postgresql.services.clever-cloud.com
11373,baurarptfwoixloaogzv-mysql.services.clever-cloud.com
11374,bauuttbhf6td0pt-mongodb.services.clever-cloud.com
11375,bauxxhhnp1p0bbryltnn-mysql.services.clever-cloud.com
11376,bauztavxkvlojidznzfu-mysql.services.clever-cloud.com
11377,bavame.mm
11378,bavmpvdgrkjoo4uanfal-mysql.services.clever-cloud.com
11379,bax3zf3o8gzs6z6-mongodb.services.clever-cloud.com
11380,bayjptn3xsdd6i7zbv40-mysql.services.clever-cloud.com
11381,bayk5r10ciurmkol7qws-mysql.services.clever-cloud.com
11382,bayou-bgddzkjns.builder.code.com
11383,bayoyt57waeeevenf4fe-mysql.services.clever-cloud.com
11384,baz5ih4enstm6if-mongodb.services.clever-cloud.com
11385,bb00p3flsxtwgua-mongodb.services.clever-cloud.com
11386,bb2vnfekqdwctbu5uurg-mysql.services.clever-cloud.com
11387,bb2x2lm4t5f4ncfpxvxj-postgresql.services.clever-cloud.com
11388,bb38qmfjbewkpif0dppf-postgresql.services.clever-cloud.com
11389,bb3qwub3ulfckvid17ar-mysql.services.clever-cloud.com
11390,bb425t0kgt9tnku-mongodb.services.clever-cloud.com
11391,bb4ybeozwentzqvgyypq-mysql.services.clever-cloud.com
11392,bb62dqinpdmvy8et5qwr-mysql.services.clever-cloud.com
11393,bb6muush83anoqqfcbqs63atvv62l731.mm
11394,bb8oqu6awyfee9bjepgz-mysql.services.clever-cloud.com
11395,bb950athzmuw26u-mongodb.services.clever-cloud.com
11396,bb9wuypsdsqoj1xhz8vt-mysql.services.clever-cloud.com
11397,bbagvqnjvpxblf4-mongodb.services.clever-cloud.com
11398,bbaxlramlalce0bhe0vn-mysql.services.clever-cloud.com
11399,bbbdpj1t41vw6iyiflyu-mysql.services.clever-cloud.com
11400,bbbowdhxzym32kxzd6qg-mysql.services.clever-cloud.com
11401,bbbqtxoyloq4nyz0ygl0-mysql.services.clever-cloud.com
11402,bbbxk699rjp3uuwjuewd-mysql.services.clever-cloud.com
11403,bbcyyuqjq27oi8vwgkp2-mysql.services.clever-cloud.com
11404,bbd4i8wogbmmz1x6frex-mysql.services.clever-cloud.com
11405,bbe8ontdts7yjfvp6vrw-mysql.services.clever-cloud.com
11406,bbfm7nbqbvyvekc-mongodb.services.clever-cloud.com
11407,bbftvicfxzgqt5v-mongodb.services.clever-cloud.com
11408,bbgvnqiq43lypes-mongodb.services.clever-cloud.com
11409,bbhyeoztxsrwfhp-mongodb.services.clever-cloud.com
11410,bbhyzapen-redis.services.clever-cloud.com
11411,bbjdcff80uugvinnrrxm-mysql.services.clever-cloud.com
11412,bbn773tstt7nxmx-mongodb.services.clever-cloud.com
11413,bbo7zwkkq8zw0hriicoh-mysql.services.clever-cloud.com
11414,bbpdijwbztomygjbv7n0-mysql.services.clever-cloud.com
11415,bbpfk8mvek2pin7y9lkp-mysql.services.clever-cloud.com
11416,bbpns.mm
11417,bbpyd6n7vn0pqgmjquhf-mysql.services.clever-cloud.com
11418,bbq667.mm
11419,bbqioawfob1xvvmeohbe-mysql.services.clever-cloud.com
11420,bbqpjotgzrwhpurabckx-mysql.services.clever-cloud.com
11421,bbqr8cjrip5utd5tamvs-mysql.services.clever-cloud.com
11422,bbrqsonsk4i2sjo-mongodb.services.clever-cloud.com
11423,bbrxstpsibslqth-mongodb.services.clever-cloud.com
11424,bbspoppagxwtefe-mongodb.services.clever-cloud.com
11425,bbto4hldhpj5ykb-mongodb.services.clever-cloud.com
11426,bbvoeogk2cfuus3-mongodb.services.clever-cloud.com
11427,bbw4d87bguycabw-mongodb.services.clever-cloud.com
11428,bbw9g2rmfjb1xkn-mongodb.services.clever-cloud.com
11429,bbwplmgrj84z4ftzwobm-mysql.services.clever-cloud.com
11430,bbxcjfryshybubcvdg4o-mysql.services.clever-cloud.com
11431,bbxhvdikqv5dggs-mongodb.services.clever-cloud.com
11432,bbxm38aclgtzwcmdavwp-mysql.services.clever-cloud.com
11433,bbzfnvyj9opdk34ewqqx-mysql.services.clever-cloud.com
11434,bc1dpwswsbaoxx9ruszs-mysql.services.clever-cloud.com
11435,bc1jbsl8bmknbg1-mongodb.services.clever-cloud.com
11436,bc290wszt3hwjqs-mongodb.services.clever-cloud.com
11437,bc78wxenqfx8ibo-mongodb.services.clever-cloud.com
11438,bc79yleghiezwpg-mongodb.services.clever-cloud.com
11439,bc7gqhidmmqfaj6lctkp-mysql.services.clever-cloud.com
11440,bc8m7uu3nxbsdygq6oxy-mysql.services.clever-cloud.com
11441,bc9tyggra3bxpmw-mongodb.services.clever-cloud.com
11442,bcb9kpvgzkqkwbu1vpt5-mysql.services.clever-cloud.com
11443,bcbk8phhdte7p12ihyuw-mysql.services.clever-cloud.com
11444,bcbl3ru7wdz2znb-mongodb.services.clever-cloud.com
11445,bccoiv5dtt2fnbaluyks-mysql.services.clever-cloud.com
11446,bccvie28wgn8uwv-mongodb.services.clever-cloud.com
11447,bcdajpyf1adxu9vwnvn0-mysql.services.clever-cloud.com
11448,bcdkugs1mdccygwpmwsb-mysql.services.clever-cloud.com
11449,bce9ww7gqel0resoolal-mysql.services.clever-cloud.com
11450,bces3vhzj5ynrq6-mongodb.services.clever-cloud.com
11451,bcgn3ag2isgejbdkrzoh-mysql.services.clever-cloud.com
11452,bch8gyfbjkwewm7nm2eg-mysql.services.clever-cloud.com
11453,bcjddqvvuqnvtstrpm6g-mysql.services.clever-cloud.com
11454,bckcm7fwnctk0pwsflmx-mysql.services.clever-cloud.com
11455,bckj6rskapbfkpfh9enq-mysql.services.clever-cloud.com
11456,bcm6h7xkukzphct1osva-elasticsearch.services.clever-cloud.com
11457,bcmeyyktw51gec9h2f7q-mysql.services.clever-cloud.com
11458,bcmrcpgdkcnux20fsb1u-mysql.services.clever-cloud.com
11459,bcn6u7im2uoj0umapvae-mysql.services.clever-cloud.com
11460,bcnc3ch2egvadinbxkrn-mysql.services.clever-cloud.com
11461,bcoktcbhhunho13vlluz-mysql.services.clever-cloud.com
11462,bcpdte0l5tt6f296l1yx-mysql.services.clever-cloud.com
11463,bcpoabjugpnm4bpyghht-mysql.services.clever-cloud.com
11464,bcpzcxf2tqpkmlzibyrg-mysql.services.clever-cloud.com
11465,bcqrkofijqvqik0bv5lx-mysql.services.clever-cloud.com
11466,bcrhdoyj9ejipaa4qvpi-postgresql.services.clever-cloud.com
11467,bcrnpye8mzgjszv-mongodb.services.clever-cloud.com
11468,bcrsbyawptra8glh68jh-mysql.services.clever-cloud.com
11469,bcsurwg8ytxmq7q-mongodb.services.clever-cloud.com
11470,bctgowh5gg8ryzwri4md-mysql.services.clever-cloud.com
11471,bcu2mnzlywuhgnb-mongodb.services.clever-cloud.com
11472,bcuiligdh805btzaogts-mysql.services.clever-cloud.com
11473,bcum0jnnoodkzr6-mongodb.services.clever-cloud.com
11474,bcur1zbmr7zydkapm7ax-mysql.services.clever-cloud.com
11475,bcusyrix7e8xbwkpv09k-mysql.services.clever-cloud.com
11476,bcuvsboc7owyw3j-mongodb.services.clever-cloud.com
11477,bcv6udbtwl654swkwjbu-mysql.services.clever-cloud.com
11478,bcvj2d10ujqg9bzjn4fk-mysql.services.clever-cloud.com
11479,bcvzse8lrapz367-mongodb.services.clever-cloud.com
11480,bcwg32ivz2q4hsgznh5y-postgresql.services.clever-cloud.com
11481,bcwhfpaufxahg2lbqzb5-postgresql.services.clever-cloud.com
11482,bcwhltd01jnx2qdzr4by-mysql.services.clever-cloud.com
11483,bcx1lkv3ctbuv11bnz0y-mysql.services.clever-cloud.com
11484,bcx2p1mqv7vi9dxaib64-mysql.services.clever-cloud.com
11485,bcxurofl7mlbgmuudmrg-mysql.services.clever-cloud.com
11486,bczehcwotxwpgjg-mongodb.services.clever-cloud.com
11487,bczprupzo8mdrpwse1p6-mysql.services.clever-cloud.com
11488,bd.se
11489,bd1seaopjf9fbrxwqptg-mysql.services.clever-cloud.com
11490,bd5iwjteg9hmzw3-mongodb.services.clever-cloud.com
11491,bd6dkn88v2nnqo1h5pox-mysql.services.clever-cloud.com
11492,bd7ehuvmin7fscf0koqp-mysql.services.clever-cloud.com
11493,bd8mz7oxomywrle-mongodb.services.clever-cloud.com
11494,bd8pwdfywwolilyteewa-mysql.services.clever-cloud.com
11495,bda2lxuuvhx0znr-mongodb.services.clever-cloud.com
11496,bdaakmgqhblctmgks0ro-mysql.services.clever-cloud.com
11497,bdampa8unhpnz2u-mongodb.services.clever-cloud.com
11498,bdbklk3bqxvbeyuo8y1l-postgresql.services.clever-cloud.com
11499,bdbz9mmihzvr62n9xmed-mysql.services.clever-cloud.com
11500,bdcbrxbermwbfbg6ob2e-mysql.services.clever-cloud.com
11501,bdccai1c7cc7jayb1jlu-mysql.services.clever-cloud.com
11502,bdcl567eqpb97ms7fqrn-mysql.services.clever-cloud.com
11503,bdcqr0qo2izx8fw5wohb-mysql.services.clever-cloud.com
11504,bdcud6v1cgmshmk-mongodb.services.clever-cloud.com
11505,bddf7bwz7oll0jjdczfq-mysql.services.clever-cloud.com
11506,bde-cgfirstone.mm
11507,bden0k7elsmor2u7ws0o-mysql.services.clever-cloud.com
11508,bdffecm24jeepflvwgef-mysql.services.clever-cloud.com
11509,bdgcj3omkvorzxjihl5b-postgresql.services.clever-cloud.com
11510,bdgttjhigdhkj9mxxaw8-mongodb.services.clever-cloud.com
11511,bdh0qxg3g7yfwnpycvum-postgresql.services.clever-cloud.com
11512,bdhqmfwsxvm4jnbqc0kg-mysql.services.clever-cloud.com
11513,bdhxdvifit6ejcbqgpom-mysql.services.clever-cloud.com
11514,bdhysarjgb6h6jh06ml3-mysql.services.clever-cloud.com
11515,bdi6czeumpbweyoxw3zd-mysql.services.clever-cloud.com
11516,bdifdh13wdte9oqwb80g-mysql.services.clever-cloud.com
11517,bdigqhe75naoqizdssfx-mysql.services.clever-cloud.com
11518,bdjanyckbsn6nbtdnyre-mysql.services.clever-cloud.com
11519,bdjt4dunplblbepnhdzk-mysql.services.clever-cloud.com
11520,bdk6fvwcxkdbrinklklm-mysql.services.clever-cloud.com
11521,bdkjg2kmov5oyv0-mongodb.services.clever-cloud.com
11522,bdkod2vkgj2skl3-mongodb.services.clever-cloud.com
11523,bdkutfjrfma7w4shm3ln-mysql.services.clever-cloud.com
11524,bdl5wi.mm
11525,bdlnqeq3gmhrndvsuqfk-postgresql.services.clever-cloud.com
11526,bdltuotshwk1nmonkbvq-mysql.services.clever-cloud.com
11527,bdmdmdgqajn1mzggumfl-mysql.services.clever-cloud.com
11528,bdmjullhkaimyuf46aye-mysql.services.clever-cloud.com
11529,bdmnbb9krqbqfkfoyic3-mysql.services.clever-cloud.com
11530,bdmtxg1cltytqehpbvlo-postgresql.services.clever-cloud.com
11531,bdmxmbwvo3fkjd0o9mer-mysql.services.clever-cloud.com
11532,bdnuohne7damqhvfc7oa-mysql.services.clever-cloud.com
11533,bdoi3k45ihhxuq35cki6-postgresql.services.clever-cloud.com
11534,bdpbhgi0jbzwpoftwisg-mysql.services.clever-cloud.com
11535,bdpbid3rs1fzgzo7ijqb-redis.services.clever-cloud.com
11536,bdpghxsn4nmxhb1tc4qm-mysql.services.clever-cloud.com
11537,bdpolknf0thb6e4pnsoy-mysql.services.clever-cloud.com
11538,bdpynnjudwl1h6ugmc47-mysql.services.clever-cloud.com
11539,bdpyobjz69k7pch-mongodb.services.clever-cloud.com
11540,bdqpgdpxekfm25wbbbnm-mysql.services.clever-cloud.com
11541,bdqquhcqggd4i8vdokna-mysql.services.clever-cloud.com
11542,bdqyngbnbsudmj189t37-mysql.services.clever-cloud.com
11543,bdqzasggjcglc1d1sg2y-mysql.services.clever-cloud.com
11544,bdr5pgpsyd3yejd-mongodb.services.clever-cloud.com
11545,bdrchsbjdpo1zk0fjzrf-mysql.services.clever-cloud.com
11546,bdrp74lngmqde8wplanx-mysql.services.clever-cloud.com
11547,bdstlh1ivpq1yafekffh-mysql.services.clever-cloud.com
11548,bdsvwtw8sgkjq27baylx-postgresql.services.clever-cloud.com
11549,bdtbdz9tkqrxnsgloo7i-mysql.services.clever-cloud.com
11550,bdtjf8ivsxdxqqy-mongodb.services.clever-cloud.com
11551,bdubg4eesybpmd036th5-mysql.services.clever-cloud.com
11552,bducqvova5y8kkukr9gp-mysql.services.clever-cloud.com
11553,bdv13p7ggah8rblyzmc3-mysql.services.clever-cloud.com
11554,bdvwwx99tq4udw0dpgnb-mysql.services.clever-cloud.com
11555,bdwho87jth1ggehuac8j-mysql.services.clever-cloud.com
11556,bdwkwusjosqeiql-mongodb.services.clever-cloud.com
11557,bdxmnmvbygv2zvcl7ajz-mysql.services.clever-cloud.com
11558,bdxxel4qmykhkx0ylpfv-postgresql.services.clever-cloud.com
11559,bdy3yjhcq4aaoaw8qak1-mysql.services.clever-cloud.com
11560,bdyau8a4qgj4qp3aogfp-postgresql.services.clever-cloud.com
11561,bdybvdqfvlxieedxuutl-mysql.services.clever-cloud.com
11562,bdykaow07ugav1r-mongodb.services.clever-cloud.com
11563,bdzbgib5l7zbudo3btrd-mysql.services.clever-cloud.com
11564,bdzjyiekxxdgsyoxuj3o-mysql.services.clever-cloud.com
11565,bdzsnsnvyg9pqkt-mongodb.services.clever-cloud.com
11566,bdzumh2q6ocnnlgyg53i-mysql.services.clever-cloud.com
11567,be0hyzrczwhz6tmddwsj-mysql.services.clever-cloud.com
11568,be1b4bl3hjak70h0ee0kuc7i79huhfkg.mm
11569,be1e8ui6ydd0mpkpihza-postgresql.services.clever-cloud.com
11570,be1p4apjfkdua8zazyqo-mysql.services.clever-cloud.com
11571,be23yjrmyxbyc84fmqgc-mysql.services.clever-cloud.com
11572,be2sdasbih0audr-mongodb.services.clever-cloud.com
11573,be4henhap4idxjchfi6j-mysql.services.clever-cloud.com
11574,be4npkci19voiux-mongodb.services.clever-cloud.com
11575,be4zatk8jun9cfneoiuz-mysql.services.clever-cloud.com
11576,be6mikl6bufm4miuceee-mysql.services.clever-cloud.com
11577,be79gqgwo2zmxtt-mongodb.services.clever-cloud.com
11578,be7nekohhus7nfg2g8kh-mysql.services.clever-cloud.com
11579,be7z4fnypixggvqx6ia7-mysql.services.clever-cloud.com
11580,be8eqlnxzynvbb1fdgpv-mysql.services.clever-cloud.com
11581,be9jsj2ihndtulvxceaa-mysql.services.clever-cloud.com
11582,bea5piiukeregg4raumx-mysql.services.clever-cloud.com
11583,beachcovemedia.mm
11584,beandefi.mm
11585,beanejzdtpnf69z2dtgk-mysql.services.clever-cloud.com
11586,beangram.mm
11587,beanstalkchildcareacademy.mm
11588,beapowerfulleader.mm
11589,bear-wtq1uupyqm.builder.code.com
11590,bearalvahki.no
11591,beardu.no
11592,bearings-and-more.mm
11593,beauty-voicee.mm
11594,beaverstatecanchasers.mm
11595,bebgf8psqbm08kqlv2kw-redis.services.clever-cloud.com
11596,bebidas.pg
11597,beblyhtiuyjzva1nrxqb-mysql.services.clever-cloud.com
11598,bebmfmr70dlykrbuvl8c-mysql.services.clever-cloud.com
11599,beboufatoqua.beget.app
11600,bebowtcrwc7ceug-mongodb.services.clever-cloud.com
11601,bebqts4pskmejbv-mongodb.services.clever-cloud.com
11602,bech7ovqynbn1hd-mongodb.services.clever-cloud.com
11603,becuihxzllofccm-mongodb.services.clever-cloud.com
11604,becynwoimxogid5-mongodb.services.clever-cloud.com
11605,becyu7xdam01tcwy5irq-postgresql.services.clever-cloud.com
11606,bedaquistuteg.beget.app
11607,bedesix5rjkcrzv947nf-postgresql.services.clever-cloud.com
11608,bedijwz4tzm2bq0kafjv-redis.services.clever-cloud.com
11609,bednzcaxcsawxqs-mongodb.services.clever-cloud.com
11610,beear4bxnrm9gntpfv8u-mysql.services.clever-cloud.com
11611,beegeescoastalquarters.mm
11612,beegu4enhagjiwunooel-mysql.services.clever-cloud.com
11613,beetdesb4xwuxlgmmnfc-mysql.services.clever-cloud.com
11614,befaprd6k6qyo1x-mongodb.services.clever-cloud.com
11615,befdditaboxwv6odhyi3-mysql.services.clever-cloud.com
11616,beffxccgvjvllb0-mongodb.services.clever-cloud.com
11617,begaeqgfbzd60oq8lfql-mysql.services.clever-cloud.com
11618,behqfj7ofikn42ri1qt8sjgicfddbgmt.mm
11619,beicnd4o1e3hymq5ek7v-mysql.services.clever-cloud.com
11620,beigemotions.mm
11621,beiiyva0kvgrcj2blexv-postgresql.services.clever-cloud.com
11622,beijinghuianjin.mm
11623,bej6whjtyse6k9y5pobd-mysql.services.clever-cloud.com
11624,bej8dxrd6dbjlw9np1yw-mysql.services.clever-cloud.com
11625,bejpfvva4mijrsriwplk-mysql.services.clever-cloud.com
11626,bek1nsck7ewrulmnswce-mysql.services.clever-cloud.com
11627,bekfjxlzxlhzmfsd7uwy-mysql.services.clever-cloud.com
11628,belgiosa.mm
11629,beljez.sch.uk
11630,belvyw9nutmgrvb0fx3b-mysql.services.clever-cloud.com
11631,bem7xrcfzd8jq1c-mongodb.services.clever-cloud.com
11632,bemnppqvyiqvyuw1541s-mysql.services.clever-cloud.com
11633,bemqboo45fsfdfwx68os-mysql.services.clever-cloud.com
11634,bemsqwntmxyozbw-mongodb.services.clever-cloud.com
11635,ben-spittle.mm
11636,bencocreative.mm
11637,benh2fovcp44dkfaulyh-mysql.services.clever-cloud.com
11638,bentley-camaro-4.run.app
11639,beog8yyrc9lxgrvrobpn-mysql.services.clever-cloud.com
11640,beouk5u897wp1wcg4dcc-mysql.services.clever-cloud.com
11641,bepdyffo1bzbbnqmql1y-mysql.services.clever-cloud.com
11642,bepjd6wyxkg8i157jrtn-mysql.services.clever-cloud.com
11643,bepwnurf6ei0cclxmpbz-mysql.services.clever-cloud.com
11644,beqcftbsir0hmapzknvw-mysql.services.clever-cloud.com
11645,beqgqj3p8jyvcfptsvyx-mysql.services.clever-cloud.com
11646,berg.no
11647,berks.sch.uk
11648,beshearnomics.mm
11649,bespaceindia.mm
11650,best-equity.mm
11651,bestattorneysintown.mm
11652,bestchristmashillstations.mm
11653,bestdjreview.mm
11654,bestlandscapingjobs.mm
11655,bestpricecruiser.mm
11656,bestqualitymover.mm
11657,bestweddingdjitaly.mm
11658,besvmhu9as0sfcffa6gi-mysql.services.clever-cloud.com
11659,bet86hb.mm
11660,bet959bet-vv.mm
11661,betdaq.run.app
11662,betmeeyotipkur.beget.app
11663,betnz4zodz0gicx-mongodb.services.clever-cloud.com
11664,better-products.paywhirl.com
11665,bettertimesfinancialmail.mm
11666,bettingwiz.mm
11667,betwimurrau9vuev9jbb-mysql.services.clever-cloud.com
11668,betzavwbkw3owxxbg6td-elasticsearch.services.clever-cloud.com
11669,beulvktthadhxie-mongodb.services.clever-cloud.com
11670,beutecos.mm
11671,beuvamejgrcg0llk2raq-mysql.services.clever-cloud.com
11672,beuz5pq8yn5vtuhvn3hs-mysql.services.clever-cloud.com
11673,bewgd0avpiirk26tibd2-mysql.services.clever-cloud.com
11674,bewi59xwegteahdnxwju-mysql.services.clever-cloud.com
11675,bewlmurevra3afiohccb-mysql.services.clever-cloud.com
11676,bex2vm9dpm3mf.bd
11677,bex9ce3s9th8a6z-mongodb.services.clever-cloud.com
11678,bexln5nq6kaiskmgndpt-mysql.services.clever-cloud.com
11679,bexwbndsbznylosk2not-mysql.services.clever-cloud.com
11680,bexxaeskzr2iz4shw5p8-mysql.services.clever-cloud.com
11681,bey0aa08lglm55f-mongodb.services.clever-cloud.com
11682,beygh9euaedzwmgytlpo-postgresql.services.clever-cloud.com
11683,beyjjcgczr52gibjfybs-mysql.services.clever-cloud.com
11684,beyond-bound.mm
11685,beyondcleaningservicesllc.mm
11686,beyondeffable.mm
11687,bf0s4gcnms6uz7dqdlvt-mysql.services.clever-cloud.com
11688,bf2fmp7rxrrlphw-mongodb.services.clever-cloud.com
11689,bf3gemr3c442udcdfbau-mysql.services.clever-cloud.com
11690,bf3iqjqvsa7mzdwqlkli-mysql.services.clever-cloud.com
11691,bf4vqlzovn4vc12mss5j-mysql.services.clever-cloud.com
11692,bf51vnpdldklocrtxnxd-mysql.services.clever-cloud.com
11693,bf6hpgjaiiiaqnqhwt0l-mysql.services.clever-cloud.com
11694,bf7oqcpahij6icqifvjj-mysql.services.clever-cloud.com
11695,bf8rrevspdhnzk4b6y5h-postgresql.services.clever-cloud.com
11696,bfa8ocz2yj0i8haupvam-mysql.services.clever-cloud.com
11697,bfazi0xequlec8sdwfbh-mysql.services.clever-cloud.com
11698,bfccogwuclgepq3-mongodb.services.clever-cloud.com
11699,bfcjttnznrpn3r8cdcdo-mysql.services.clever-cloud.com
11700,bfcynpnycukq5y3ywylu-mysql.services.clever-cloud.com
11701,bfczqzky0yuyxl1c5faz-mysql.services.clever-cloud.com
11702,bfczs0yvzkn4esu2aqjb-mysql.services.clever-cloud.com
11703,bfdkckipiwdboos6h61u-mysql.services.clever-cloud.com
11704,bfdo2hscrucdpy5h0qwf-mysql.services.clever-cloud.com
11705,bfe0apkcdbokcogc5u3t-mysql.services.clever-cloud.com
11706,bffic0s83dkegpkv6pwa-mysql.services.clever-cloud.com
11707,bfg6zdxpnluof4n-mongodb.services.clever-cloud.com
11708,bfgvnm6ajhbocjxbjmly-mysql.services.clever-cloud.com
11709,bfhgqglkifuldwn07fln-mysql.services.clever-cloud.com
11710,bfhuxa0e0kcxxslbnnmr-mysql.services.clever-cloud.com
11711,bfjq6lkoyme33fq-mongodb.services.clever-cloud.com
11712,bfjx1hzkd3xf1df-mongodb.services.clever-cloud.com
11713,bflubfaklkzeo3s8xtdt-postgresql.services.clever-cloud.com
11714,bfm2x4zmkkdelajdhs5z-mysql.services.clever-cloud.com
11715,bfne6gvifvieem7rv5ki-mysql.services.clever-cloud.com
11716,bfpzb7fowidf0u8ad3jm-mysql.services.clever-cloud.com
11717,bfqvuomd0kgvkhkp1uq8-mysql.services.clever-cloud.com
11718,bfrbslazn-redis.services.clever-cloud.com
11719,bfrsdqae49isp3p708gx-mysql.services.clever-cloud.com
11720,bfrzaeyvgijhk9pvxb6z-mysql.services.clever-cloud.com
11721,bfsojwq45hhy9mu-mongodb.services.clever-cloud.com
11722,bfsx5xbjrs9onxs2nix2-postgresql.services.clever-cloud.com
11723,bftdb4pghormsfmaivdo-redis.services.clever-cloud.com
11724,bftsjxqt55ml94monqdt-mysql.services.clever-cloud.com
11725,bfuoo1x5rxo8kfaykryt-mysql.services.clever-cloud.com
11726,bfuqt9942cddjuzxkdfc-mysql.services.clever-cloud.com
11727,bfurf28vozgurtahz92s-mysql.services.clever-cloud.com
11728,bfuuygabx8lkqe9-mongodb.services.clever-cloud.com
11729,bfuvebeyykktqonwecfs-mysql.services.clever-cloud.com
11730,bfvkda6wl22r7rw-mongodb.services.clever-cloud.com
11731,bfvrrj57hciblxemaaup-mysql.services.clever-cloud.com
11732,bfweg9ell81inv5em5ci-mysql.services.clever-cloud.com
11733,bfwotycvirakvyx-mongodb.services.clever-cloud.com
11734,bfwz6gmrlyyraa5-mongodb.services.clever-cloud.com
11735,bfxoq8dlnm1fpqx-mongodb.services.clever-cloud.com
11736,bfxoqkhtl9kzeajhvdti-mysql.services.clever-cloud.com
11737,bfxscmrzddunjqs-mongodb.services.clever-cloud.com
11738,bfxsk4jnc2ylwjyxxo6u-mysql.services.clever-cloud.com
11739,bfxvirnwhyqmmoa-mongodb.services.clever-cloud.com
11740,bfygow1yidorbentdcny-mysql.services.clever-cloud.com
11741,bfyydtpl8yn3tyszi25h-mysql.services.clever-cloud.com
11742,bfzf8dg1ndpi05l-mongodb.services.clever-cloud.com
11743,bfzgtz7jbjrahwqw6c1l-postgresql.services.clever-cloud.com
11744,bfznncrobhsogbr1kn9e-mysql.services.clever-cloud.com
11745,bg.eu.org
11746,bg0uiqkzuuwn9rpllod0-mysql.services.clever-cloud.com
11747,bg207posdezeu5hgs15d-mysql.services.clever-cloud.com
11748,bg2ldrcr2g5lbuw-mongodb.services.clever-cloud.com
11749,bg455twdnujiqhua1r0n-mysql.services.clever-cloud.com
11750,bg47.run.app
11751,bg5kkalaqwl2jkzlot34-mysql.services.clever-cloud.com
11752,bg60yuzdfffvnyk-mongodb.services.clever-cloud.com
11753,bg9bcwccpwjp9dr-mongodb.services.clever-cloud.com
11754,bg9nxbfgfddmse2-mongodb.services.clever-cloud.com
11755,bga8khlsdmaczrjeykcm-mysql.services.clever-cloud.com
11756,bgbfptta40u1s4s-mongodb.services.clever-cloud.com
11757,bgebyaimreysnj7-mongodb.services.clever-cloud.com
11758,bgegj75t5qhq0aw-mongodb.services.clever-cloud.com
11759,bgeozumawifvsl8khgzx-postgresql.services.clever-cloud.com
11760,bgfeqwks53ozam7b6xcx-mysql.services.clever-cloud.com
11761,bgfignm9jqbtwey-mongodb.services.clever-cloud.com
11762,bgghg6xz4dauhxiwyf6p-mysql.services.clever-cloud.com
11763,bgiofwyi6q38q9cb9d8k-mysql.services.clever-cloud.com
11764,bgiqotecoccpgutwbswk-mysql.services.clever-cloud.com
11765,bgj7rptchqtvpx8fwmw0-mysql.services.clever-cloud.com
11766,bgjzgqtinav43nf3zjhh-mysql.services.clever-cloud.com
11767,bglbwbuj7bauuprsmwdn-mysql.services.clever-cloud.com
11768,bgli6couk29biti54ubj-mysql.services.clever-cloud.com
11769,bglzynxpqwb3tqtdqkfv-mysql.services.clever-cloud.com
11770,bgmciry88nxbvxu-mongodb.services.clever-cloud.com
11771,bgmgxrbdmuof3js9pky1-mysql.services.clever-cloud.com
11772,bgmwcgzlzssdlo5gviwnwpjjlebgkrvhpbf.er
11773,bgmwgke8nrk49bh7ea7q-mysql.services.clever-cloud.com
11774,bgn7cecs97odji7vji6l-mysql.services.clever-cloud.com
11775,bgnok6hzdycwut0u1agt-mysql.services.clever-cloud.com
11776,bgo.spectrum.myjino.ru
11777,bgoadtrrcpfm0yaj9g4z-mysql.services.clever-cloud.com
11778,bgoax5vdcysbajkex1i1-mysql.services.clever-cloud.com
11779,bgovfj8sfc46osbewdlx-redis.services.clever-cloud.com
11780,bgow5jldhmh4fr1-mongodb.services.clever-cloud.com
11781,bgoxe6wiknntp2g-mongodb.services.clever-cloud.com
11782,bgpcqj3qowhlsaywemfl-mysql.services.clever-cloud.com
11783,bgpoc4gcmjfgn1e-mongodb.services.clever-cloud.com
11784,bgpv8lva6yav49rrziif-mysql.services.clever-cloud.com
11785,bgqfzegiywg8wy7cg8ej-mysql.services.clever-cloud.com
11786,bgrbcph5pduiv6a-mongodb.services.clever-cloud.com
11787,bgrhkj79mqe1ldhvxtdk-mysql.services.clever-cloud.com
11788,bgrnbmrlnhqe1vb-mongodb.services.clever-cloud.com
11789,bgruvix2qg0w9ab-mongodb.services.clever-cloud.com
11790,bgstkosanjk7gxoxyw6h-mysql.services.clever-cloud.com
11791,bgtligfcywwet8t88xdp-mysql.services.clever-cloud.com
11792,bgvetvxo3ugrm1xdj6t4-postgresql.services.clever-cloud.com
11793,bgwcsecrldeztjy-mongodb.services.clever-cloud.com
11794,bgwcyvnxaa32r8z-mongodb.services.clever-cloud.com
11795,bgwftrlgozkxrqgirhy7-mysql.services.clever-cloud.com
11796,bgwm636qfs6uywa2vbbb-mysql.services.clever-cloud.com
11797,bgxb4x24yz6mdnpxor1w-mysql.services.clever-cloud.com
11798,bgxvad3wd0qycnkm1rug-mysql.services.clever-cloud.com
11799,bgyf1cmz3jeiooahwg1s-postgresql.services.clever-cloud.com
11800,bgyoyzimoexbaqnoqu3o-postgresql.services.clever-cloud.com
11801,bgyqiiilgdf7rbe-mongodb.services.clever-cloud.com
11802,bgyzacpcib602wgj104b-mysql.services.clever-cloud.com
11803,bgzjuwhf3n1j60znrjl3-mysql.services.clever-cloud.com
11804,bh0utyz45ifbhhd0pjem-mysql.services.clever-cloud.com
11805,bh1yny2nipzhkjia1gse-postgresql.services.clever-cloud.com
11806,bh23b2dziir9kc7nxmdt-mysql.services.clever-cloud.com
11807,bh25qscejgu8hm24c9su-mysql.services.clever-cloud.com
11808,bh2hhzwvu8ng5m8hbgd3-mysql.services.clever-cloud.com
11809,bh3a1gaka5geseh-mongodb.services.clever-cloud.com
11810,bh4hle8zg1fsoj31lqib-mysql.services.clever-cloud.com
11811,bh4yn5zt4lovh3v-mongodb.services.clever-cloud.com
11812,bh54vp8s1vcwvpy7imyw-mysql.services.clever-cloud.com
11813,bh9ajksd413t3eimneeu-mysql.services.clever-cloud.com
11814,bh9hqnxlga3zhna749dp-mysql.services.clever-cloud.com
11815,bhahnmvnnoykstku4uel-mysql.services.clever-cloud.com
11816,bhavanalearninggroup.mm
11817,bhcaqjhaqh2g7sl-mongodb.services.clever-cloud.com
11818,bhcw1557onocnuj-mongodb.services.clever-cloud.com
11819,bhdgoakkdlu6wjp-mongodb.services.clever-cloud.com
11820,bhejb1kcejnk9sx7agqa-mysql.services.clever-cloud.com
11821,bhet7naokqk8bfqk9hqk-mysql.services.clever-cloud.com
11822,bhetbi1ksjqs8iyu9dpg-mysql.services.clever-cloud.com
11823,bhg8j6mkyhip14ujk46u-mysql.services.clever-cloud.com
11824,bhgdop2gmbafbfndtomk-mysql.services.clever-cloud.com
11825,bhgeyixry2oauqp-mongodb.services.clever-cloud.com
11826,bhghhrentacbmbcsoqsn-postgresql.services.clever-cloud.com
11827,bhgmdqopiqcjmg6mvvw4-mysql.services.clever-cloud.com
11828,bhgqomyzkocj933jfs3n-mysql.services.clever-cloud.com
11829,bhhcbt2xq7y0jo6-mongodb.services.clever-cloud.com
11830,bhhcj8tggnwjju9dtbbv-mysql.services.clever-cloud.com
11831,bhigeh01va3q9tpjv4rx-mysql.services.clever-cloud.com
11832,bhio8c3pxez2dwy8wt3p-mysql.services.clever-cloud.com
11833,bhis3fbnmsxchldbijmt-mysql.services.clever-cloud.com
11834,bhitrnx3z6pkaka-mongodb.services.clever-cloud.com
11835,bhjasheqp0uy3ar8myqy-mysql.services.clever-cloud.com
11836,bhk05n30lq6bj6lcln30-mysql.services.clever-cloud.com
11837,bhm17czq9qjsghpp7jsh-mysql.services.clever-cloud.com
11838,bhmfn7rbkv14rz066weg-postgresql.services.clever-cloud.com
11839,bhmmbkw57u9gthp8vv7f-mysql.services.clever-cloud.com
11840,bhnrcaiesm8vg5e-mongodb.services.clever-cloud.com
11841,bhobpwfghzet2pk-mongodb.services.clever-cloud.com
11842,bhody.mm
11843,bhoojckqqpbknmq-mongodb.services.clever-cloud.com
11844,bhq3jawxh3zt8m4-mongodb.services.clever-cloud.com
11845,bhqjh5xremcasqq92cin-mysql.services.clever-cloud.com
11846,bhrkluyw7v0ttkfk6hdw-mysql.services.clever-cloud.com
11847,bhs41buwqfyufzkz5zdo-mysql.services.clever-cloud.com
11848,bhszn4nulumap1ghpj9c-mysql.services.clever-cloud.com
11849,bht100th.mm
11850,bhu0t2gwkq50edn-mongodb.services.clever-cloud.com
11851,bhv2cmxpy36wb08-mongodb.services.clever-cloud.com
11852,bhvfg5ev9iskfl1-mongodb.services.clever-cloud.com
11853,bhvhxyh6wqzyebdtbndb-mysql.services.clever-cloud.com
11854,bhviazt6xwiowuaspr7s-mysql.services.clever-cloud.com
11855,bhw7buiuup2cwxk3fpc7-mysql.services.clever-cloud.com
11856,bhw7niicwbddqmgsryea-mysql.services.clever-cloud.com
11857,bhwbmuk4sgp0ppjeaiit-mysql.services.clever-cloud.com
11858,bhwj1litfbsdkyz-mongodb.services.clever-cloud.com
11859,bhwk0kuh7dhyearjwvok-mysql.services.clever-cloud.com
11860,bhwn4hiwncp5cttj2yue-mysql.services.clever-cloud.com
11861,bhwpldplpza22kkm5js9-mysql.services.clever-cloud.com
11862,bhwz4kjqkujckao-mongodb.services.clever-cloud.com
11863,bhxcjtw8vnzjuhz-mongodb.services.clever-cloud.com
11864,bhxjsgefi4tg11punvnt-mysql.services.clever-cloud.com
11865,bhywfr4d3u4taeuamgwi-mysql.services.clever-cloud.com
11866,bhzanapq2hkxktf-mongodb.services.clever-cloud.com
11867,bhzatsnwoosbgtqvwxrj-mysql.services.clever-cloud.com
11868,bhzddedsnvx8hbvmxpgx-mysql.services.clever-cloud.com
11869,bhzkvd1uvvg8llg-mongodb.services.clever-cloud.com
11870,bhzobosanem6potu2aud-mysql.services.clever-cloud.com
11871,bhzvlyfryl1ambttnjxg-mysql.services.clever-cloud.com
11872,bi0vztfpodd7joj-mongodb.services.clever-cloud.com
11873,bi2ct7cw7hmpwbltpnbe-mysql.services.clever-cloud.com
11874,bi373zmlyognlhe-mongodb.services.clever-cloud.com
11875,bi3dnrsxtg2wyfr-mongodb.services.clever-cloud.com
11876,bi3dpixtsk0u4pb-mongodb.services.clever-cloud.com
11877,bi5vf6qoe-postgresql.services.clever-cloud.com
11878,bi8igdrfccrqn8wcyqp0-postgresql.services.clever-cloud.com
11879,bi9sy0osfhwqmg4-mongodb.services.clever-cloud.com
11880,bi9xtxk0a8tdlixc31om-postgresql.services.clever-cloud.com
11881,bi9zzyjjtrg6bvn1cvlz-mysql.services.clever-cloud.com
11882,biacltekri81s5v0bdqk-mysql.services.clever-cloud.com
11883,biakitcd5fb3zoaw4u3j-mysql.services.clever-cloud.com
11884,biaq7mtbdomf8oy-mongodb.services.clever-cloud.com
11885,biazej52tffipiv-mongodb.services.clever-cloud.com
11886,bib.ve
11887,bibai.hokkaido.jp
11888,bibhdgty2wnncbqbiwhu-mysql.services.clever-cloud.com
11889,bibhkwulgkabllibpezu-mysql.services.clever-cloud.com
11890,biblespell.mm
11891,bibliotecauniversalderiad.kh
11892,bibliotecauniversalderiyadh.bd
11893,bibliotecauniversalderyad.np
11894,bibliotecauniversaleriyad.bd
11895,bibliotecauniversaleriyad.np
11896,bibliotheque-universelle-riad.kh
11897,bibliotheque-universelle-riad.mm
11898,bibliothequeuniversellederiad.jm
11899,bibliothequeuniversellederiad.kh
11900,bibliothequeuniversellederiad.np
11901,bibliothequeuniversellederiyadh.mm
11902,bibliothequeuniversellederiyadh.pg
11903,bibw56qny1lyvpkkbeng-mysql.services.clever-cloud.com
11904,bibyctgztvkjz7s3qdix-mysql.services.clever-cloud.com
11905,bidncm0rayg48eu-mongodb.services.clever-cloud.com
11906,bie4qcn3qfhykw9-mongodb.services.clever-cloud.com
11907,bieiujoms6b7zia-mongodb.services.clever-cloud.com
11908,biennaledesculpture.mm
11909,bigmigen.mm
11910,bigmusclesireland.mm
11911,bigr7mgakkn8pxtb5ynx-mysql.services.clever-cloud.com
11912,bigskysoftwash.mm
11913,bigvzuzyelkwxlx-mongodb.services.clever-cloud.com
11914,bigxscreen.mm
11915,bih9othk2nbjnedjlfrm-mysql.services.clever-cloud.com
11916,bihq0qppe9bn10q-mongodb.services.clever-cloud.com
11917,bihwqdq0o810hu6eczfz-postgresql.services.clever-cloud.com
11918,bii9aoomeqefsuh1ecpq-mysql.services.clever-cloud.com
11919,biihfozbtteikru-mongodb.services.clever-cloud.com
11920,bijjldghjawflw7-mongodb.services.clever-cloud.com
11921,bijv9wio9tpt5rl-mongodb.services.clever-cloud.com
11922,bikeroute1.mm
11923,bil0ftmbyksqi7qtjow7-mysql.services.clever-cloud.com
11924,bilahus.bd
11925,bilangcrl5xh02dcrii0-mysql.services.clever-cloud.com
11926,billycandrink.mm
11927,billyjosie.mm
11928,bilqt8egcsksgcvbgux8-mysql.services.clever-cloud.com
11929,bilzme7za-elasticsearch.services.clever-cloud.com
11930,bimdbgh5eeojbvmxnhx7-mysql.services.clever-cloud.com
11931,bimerfaigmkvpeonqkwk-mysql.services.clever-cloud.com
11932,bin90fdbb1juwjbiq2gz-mysql.services.clever-cloud.com
11933,bindal.no
11934,bintgks.localto.net
11935,binuqiivkkzxv4ipkkyl-mysql.services.clever-cloud.com
11936,bio33milyigiwgwuychr-mysql.services.clever-cloud.com
11937,biochem.run.app
11938,biojon5xkeqz1ov-mongodb.services.clever-cloud.com
11939,bioz3lt0mhbw1te0dxfv-elasticsearch.services.clever-cloud.com
11940,bip4jxltmdgsiwnqs1yj-postgresql.services.clever-cloud.com
11941,bipxbkgnicwwvoxhlm9f-mysql.services.clever-cloud.com
11942,bipxgeyslisftca5svuz-mysql.services.clever-cloud.com
11943,biqb9bdshhyalnuimw1c-mysql.services.clever-cloud.com
11944,biqey5e0fvwlopb-mongodb.services.clever-cloud.com
11945,biqweyvvkfa56sz-mongodb.services.clever-cloud.com
11946,birb.run.app
11947,birdge33capital.mm
11948,birhokvn04quxuulgotq-mysql.services.clever-cloud.com
11949,birminghamvans.mm
11950,biro.run.app
11951,bisegliquosiz.beget.app
11952,bisjcmz47g02si9-mongodb.services.clever-cloud.com
11953,bisnisberkahberlimpah.mm
11954,bisser-gion.mm
11955,bistrot-bsg.mm
11956,bisvbnyhbiuptpk60ure-mysql.services.clever-cloud.com
11957,biswekafppzctlvdbzv2-mysql.services.clever-cloud.com
11958,bit4uhbzgogumxp-mongodb.services.clever-cloud.com
11959,bithey6ubcu8kcihev1e-mysql.services.clever-cloud.com
11960,bitpvtwex1ubx06ktjqu-mysql.services.clever-cloud.com
11961,bitxlbfoljnmnxvdojxt-mysql.services.clever-cloud.com
11962,biu0g39ufkijzavwd08k-mysql.services.clever-cloud.com
11963,biumoyl3sfc4cdcnwjnz-mysql.services.clever-cloud.com
11964,bivh8ui6saydmxeeauqt-mysql.services.clever-cloud.com
11965,biwempdsirjd7rc-mongodb.services.clever-cloud.com
11966,biwwrxpo8lvxxr3eth5q-mysql.services.clever-cloud.com
11967,bix6uwp2d3rpreiaozol-mysql.services.clever-cloud.com
11968,biy73vieb0txu0h-mongodb.services.clever-cloud.com
11969,biyyvfkffee1kvbxbp1m-mysql.services.clever-cloud.com
11970,biz.dk
11971,biz.mm
11972,biz.tj
11973,biz.zm
11974,bizetlouvetimmobilier.mm
11975,bizlf3jcldrfnvor5ahm-mysql.services.clever-cloud.com
11976,bizm0hs4mjqgj4h0iwlk-mysql.services.clever-cloud.com
11977,bizm2svpxdcqfnybm8dg-mysql.services.clever-cloud.com
11978,bizpzndfurrxw6eod2ho-mysql.services.clever-cloud.com
11979,bizv2dkqajuck4tr1iao-mysql.services.clever-cloud.com
11980,bj0rxfq7e8pus9z-mongodb.services.clever-cloud.com
11981,bj0tasj7qrcghsdlmpxb-mysql.services.clever-cloud.com
11982,bj0zlllyhzkspha-mongodb.services.clever-cloud.com
11983,bj16j83kfgu3jxd-mongodb.services.clever-cloud.com
11984,bj1egdlzinrjhg76xp24-mysql.services.clever-cloud.com
11985,bj1lbmaptmvsj8a45fj4-mysql.services.clever-cloud.com
11986,bj5uyczyd9jkkxb2i1rp-mysql.services.clever-cloud.com
11987,bj61ekyy.mm
11988,bj63qdn1byamsk4ypu9e-postgresql.services.clever-cloud.com
11989,bj66pvgwriw5mrlyhakm-mysql.services.clever-cloud.com
11990,bj6ak2wboiyqysbgecr8-mysql.services.clever-cloud.com
11991,bj6e0ft20dwcvdo-mongodb.services.clever-cloud.com
11992,bj6zsvrq9atuhkpredao-mysql.services.clever-cloud.com
11993,bj7dz0hdhetle5f-mongodb.services.clever-cloud.com
11994,bj7l3xtoftrlpschwtah-mysql.services.clever-cloud.com
11995,bj7qonwb7zwti1jl2pvd-mysql.services.clever-cloud.com
11996,bj9iyxouvbbfpw0k6iej-mysql.services.clever-cloud.com
11997,bjatygnyap3v61i-mongodb.services.clever-cloud.com
11998,bjawr3alqjhfncjnyxma-mysql.services.clever-cloud.com
11999,bjbkdbsifyv1gte-mongodb.services.clever-cloud.com
12000,bjctxbabyfuuxzyq7eay-mysql.services.clever-cloud.com
12001,bjdlyqzgaq3qvkzzmx37-elasticsearch.services.clever-cloud.com
12002,bjefjkuuoi1qeqh-mongodb.services.clever-cloud.com
12003,bjehkelevpd6ct84lfe8-postgresql.services.clever-cloud.com
12004,bjesdhcjnmruc6jca2bk-mysql.services.clever-cloud.com
12005,bjeslnbjlqdzarnko863-postgresql.services.clever-cloud.com
12006,bjetukbyqthsoxhdlmpp-mysql.services.clever-cloud.com
12007,bjfd7tmifhwnber-mongodb.services.clever-cloud.com
12008,bjilbmcqxsqmfsi3z02v-postgresql.services.clever-cloud.com
12009,bjiqdeph1fnhmlq5lamh-mysql.services.clever-cloud.com
12010,bjjphfy6hkfmve2-mongodb.services.clever-cloud.com
12011,bjjtawi2gcpkk7uxq6mv-mysql.services.clever-cloud.com
12012,bjkerrmgwyu1htb3p9rz-mysql.services.clever-cloud.com
12013,bjkvewuz3x5topu-mongodb.services.clever-cloud.com
12014,bjkzmezkcvw8trn-mongodb.services.clever-cloud.com
12015,bjl0r0mzggsam4lpmbw8-postgresql.services.clever-cloud.com
12016,bjltvqxun9xllyoozyqd-mysql.services.clever-cloud.com
12017,bjmct8rta40ssnw-mongodb.services.clever-cloud.com
12018,bjmkddhrg0fu6rqwvxnv-mysql.services.clever-cloud.com
12019,bjmleqyzngpickvxbalx-mysql.services.clever-cloud.com
12020,bjn1o7hmgat5dakv4w87-mysql.services.clever-cloud.com
12021,bjnafjzr2vfucil3k1jh-mysql.services.clever-cloud.com
12022,bjne6jwbehrbltwwaina-mysql.services.clever-cloud.com
12023,bjnidzforcav2cdsxhdr-mysql.services.clever-cloud.com
12024,bjno8rzxxpi9fpf-mongodb.services.clever-cloud.com
12025,bjnsya5eyxmch9423ghn-mysql.services.clever-cloud.com
12026,bjnw0vq1wz2hsoxx4obv-mysql.services.clever-cloud.com
12027,bjordwakofcjuivwiq6x-mysql.services.clever-cloud.com
12028,bjoxloeumdbgk3rwwyk2-mysql.services.clever-cloud.com
12029,bjpb5ldxpkgpbjcwhk8r-mysql.services.clever-cloud.com
12030,bjpeaaq0uxpgubh-mongodb.services.clever-cloud.com
12031,bjpzn7gljcywtcnzgy6k-mysql.services.clever-cloud.com
12032,bjq6jnnrgqow5kow7aun-mysql.services.clever-cloud.com
12033,bjqmivjisgfzxg15gkxg-mysql.services.clever-cloud.com
12034,bjr1h8yic2dkg1drn0jy-mysql.services.clever-cloud.com
12035,bjsvdz2hyq6r8d7hcwhk-mysql.services.clever-cloud.com
12036,bjswqg3pyk6hjbjuqeed-mysql.services.clever-cloud.com
12037,bjtfe9w48ttwvcyoxu8o-mysql.services.clever-cloud.com
12038,bjthreading.mm
12039,bjtyko2f3suzljfn36wk-mysql.services.clever-cloud.com
12040,bjvkc4ubu6wcjcy-mongodb.services.clever-cloud.com
12041,bjvudqt3ltqpg7ksqafv-mysql.services.clever-cloud.com
12042,bjvxsxs5j3grmcv-mongodb.services.clever-cloud.com
12043,bjwowhiim0hb6gprof9j-mysql.services.clever-cloud.com
12044,bjwqyhrutth8euxuwg9x-mysql.services.clever-cloud.com
12045,bjxibdeb4973nq4-mongodb.services.clever-cloud.com
12046,bjxkhofr3pwgfrtqbrvo-mysql.services.clever-cloud.com
12047,bjxmmrbzfokefoigoeho-mysql.services.clever-cloud.com
12048,bjxt5wqo9dp4f6s-mongodb.services.clever-cloud.com
12049,bjxwkrrzvusz4y7-mongodb.services.clever-cloud.com
12050,bjyiwph77q8bftvjtlzs-mysql.services.clever-cloud.com
12051,bk0yinw77r2vqmd-mongodb.services.clever-cloud.com
12052,bk2djhelqjju5ad5mdwk-mysql.services.clever-cloud.com
12053,bk2fouwrffyavj1-mongodb.services.clever-cloud.com
12054,bk3ozsri0ntij1oggdnb-mysql.services.clever-cloud.com
12055,bk5uxv65pqj8tvkbpk3x-mysql.services.clever-cloud.com
12056,bk6ihhnmveflpnk-mongodb.services.clever-cloud.com
12057,bk7p1gfo89lxro2xdcw7-mysql.services.clever-cloud.com
12058,bk9bhglp3vpcjob-mongodb.services.clever-cloud.com
12059,bk9thjb3htzcxngtidli-mysql.services.clever-cloud.com
12060,bkbbi88of9ujr6b9dj4x-mysql.services.clever-cloud.com
12061,bkcx5dtapyhik4npcvmu-mysql.services.clever-cloud.com
12062,bkd119evtoye4hsw5q2t-mysql.services.clever-cloud.com
12063,bkdcaxyysmsx0jx-mongodb.services.clever-cloud.com
12064,bkdloy1hsnvymtdmvrxg-postgresql.services.clever-cloud.com
12065,bkdlwiq8dw1bi0ifl5ou-mysql.services.clever-cloud.com
12066,bke4wxpqxsrirjkomyp5-mysql.services.clever-cloud.com
12067,bkeuas9pbancb1fdppkh-mysql.services.clever-cloud.com
12068,bkfjm5uybdxzkazqkbev-mysql.services.clever-cloud.com
12069,bkfsqplt7uqogssb9je4-mysql.services.clever-cloud.com
12070,bkft2auijx5xgru2wm3i-mysql.services.clever-cloud.com
12071,bkhrgwkn8vkau1ahftya-mysql.services.clever-cloud.com
12072,bki4ch63.mm
12073,bkiaxdtaoyeie2ewlohu-mysql.services.clever-cloud.com
12074,bkigmuqiemz1kcf-mongodb.services.clever-cloud.com
12075,bkjldvirugacaeljcfrd-mysql.services.clever-cloud.com
12076,bkjmhjymwtdlxr23jdgl-mysql.services.clever-cloud.com
12077,bkjpkmrrys2gfiovjg8t-mysql.services.clever-cloud.com
12078,bkkrvj9vfjeang5npmbm-elasticsearch.services.clever-cloud.com
12079,bklwmvrrksqkh5c4btbu-mysql.services.clever-cloud.com
12080,bkm7vcjidmn7qfn6ftdp-mysql.services.clever-cloud.com
12081,bkmmtvbwmjaozq8y1zhv-mysql.services.clever-cloud.com
12082,bkmtqikvbi8sejmp02rl-mysql.services.clever-cloud.com
12083,bkn67fptmafu05f1vqfp-mysql.services.clever-cloud.com
12084,bkols2lmsy190sfzlc5f-mysql.services.clever-cloud.com
12085,bkouyjpu1ccuq0dq5v2y-mysql.services.clever-cloud.com
12086,bkoxflbcybyahhd-mongodb.services.clever-cloud.com
12087,bkphp4iyvaprdym56rs3-postgresql.services.clever-cloud.com
12088,bkpi1elbfgxwjslyuod9-mysql.services.clever-cloud.com
12089,bkqytjzjuefabccow2pj-mysql.services.clever-cloud.com
12090,bkr1pxv1izrspq88trwa-postgresql.services.clever-cloud.com
12091,bkr8tedulyl5ouukxlnw-mysql.services.clever-cloud.com
12092,bkrd4dmvgmbunzutgnyf-mysql.services.clever-cloud.com
12093,bkrfh0cajjmiqkspycfg-mysql.services.clever-cloud.com
12094,bktjnr5ltzh8udqcnnjh-mysql.services.clever-cloud.com
12095,bktquswftytggeg-mongodb.services.clever-cloud.com
12096,bkttpujv60yzdr5-mongodb.services.clever-cloud.com
12097,bkuhe873h9ubmhhfov43-mysql.services.clever-cloud.com
12098,bkuqkyphpexo3o0yd0q9-mongodb.services.clever-cloud.com
12099,bkvodmvlyd5iwx338amj-mysql.services.clever-cloud.com
12100,bkw2ttvcxxeya3k-mongodb.services.clever-cloud.com
12101,bkwx7gc0glpfzsxom2by-postgresql.services.clever-cloud.com
12102,bkxbeopsloubfkm-mongodb.services.clever-cloud.com
12103,bkxlz2ghvojaefajdvwr-mysql.services.clever-cloud.com
12104,bky3kiwhfooo9ao-mongodb.services.clever-cloud.com
12105,bky7gs7rawepedzlv2ou-mysql.services.clever-cloud.com
12106,bkytpn64pjguwkd-mongodb.services.clever-cloud.com
12107,bkzazsrrvcnoeea3ycjf-mysql.services.clever-cloud.com
12108,bkzio43hzkzkyggbrq4a-mysql.services.clever-cloud.com
12109,bkzlbn85wq5kf9e2tjtj-mysql.services.clever-cloud.com
12110,bl3padsqxgowppr1serj-postgresql.services.clever-cloud.com
12111,bl4uuq6affxdvj0psufh-mysql.services.clever-cloud.com
12112,bl5ux5krulw62lcqnk7b-mysql.services.clever-cloud.com
12113,bl6qz1gfmoaddjukcp1t-mysql.services.clever-cloud.com
12114,bl6yeqpr4m8fftwgsnti-mysql.services.clever-cloud.com
12115,bl7xfxjjr3dpaeb-mongodb.services.clever-cloud.com
12116,blackbeecnc.mm
12117,blackfriday-laptopdeals.mm
12118,blackrocksolarpower.mm
12119,blaquudaqua.beget.app
12120,blayaqm4ad5mzjdv4jx8-mysql.services.clever-cloud.com
12121,blb7b8soco6omup1sehg-mysql.services.clever-cloud.com
12122,blbexuflqc8b3id-mongodb.services.clever-cloud.com
12123,blbnhzfrjzl23wbnu7xj-mysql.services.clever-cloud.com
12124,blbplgulypsqvnoz9npq-mysql.services.clever-cloud.com
12125,blbujliisdvmyib-mongodb.services.clever-cloud.com
12126,blbviwippsjnf2myelbf-postgresql.services.clever-cloud.com
12127,blcedes3wzjbqw159alb-mysql.services.clever-cloud.com
12128,blclybr14xvtgcsupjg1-mysql.services.clever-cloud.com
12129,blcmrpqnxnaoied-mongodb.services.clever-cloud.com
12130,blct1qwvjutziy9q1pk1-postgresql.services.clever-cloud.com
12131,bld176omywpzznq-mongodb.services.clever-cloud.com
12132,ble183gbj3i9zgx-mongodb.services.clever-cloud.com
12133,ble2jset8heuiqf-mongodb.services.clever-cloud.com
12134,blender96.mm
12135,blewg2hodllu3ow0zhlo-mysql.services.clever-cloud.com
12136,blf1aowqzvz0lxcbmniq-mysql.services.clever-cloud.com
12137,blf7j9lkmezta1r8crom-mysql.services.clever-cloud.com
12138,blgmtayfxbgztuj-mongodb.services.clever-cloud.com
12139,blgriqztasmo4bnzwqhz-mysql.services.clever-cloud.com
12140,blhwlxzgy.localto.net
12141,blich7u41jcsovk-mongodb.services.clever-cloud.com
12142,bliri2y0pgdcbmm-mongodb.services.clever-cloud.com
12143,blivenumure.beget.app
12144,bljmveqg23vysou-mongodb.services.clever-cloud.com
12145,bljpbssgm3ds2xklfvw6-postgresql.services.clever-cloud.com
12146,bljpr6sw29wdcqw-mongodb.services.clever-cloud.com
12147,blk6pbfo0ipzevp-mongodb.services.clever-cloud.com
12148,blkhybjqferw2aiiybqg-postgresql.services.clever-cloud.com
12149,blktik0b8kskloxtgop4-mysql.services.clever-cloud.com
12150,blkwkimvruwmmvjcll3r-mysql.services.clever-cloud.com
12151,bllxlfrlxjpqpqz-mongodb.services.clever-cloud.com
12152,blmehe8lxaxnqryv05k4-mysql.services.clever-cloud.com
12153,blnmu8qd4caamio-mongodb.services.clever-cloud.com
12154,blnvlj18nwh1pz8-mongodb.services.clever-cloud.com
12155,blockpartys.mm
12156,blog.compute-1.amazonaws.com
12157,blogs.compute-1.amazonaws.com
12158,blohaqyxhnstv606cmna-mysql.services.clever-cloud.com
12159,bloombergmtf.sch.uk
12160,bloombergprep.jm
12161,bloplckow4f3hlsnc0xr-mysql.services.clever-cloud.com
12162,blpac1xwj8qnellddsh8-mysql.services.clever-cloud.com
12163,blre9njwtgcaeqoqkieb-mysql.services.clever-cloud.com
12164,blscxtacp6x0ddlhptwo-elasticsearch.services.clever-cloud.com
12165,blshtgmdsnv3tzzijnje-mysql.services.clever-cloud.com
12166,blsuvxgq3bvwh8qw4ah7-mysql.services.clever-cloud.com
12167,blth9xeqbyk1o384pcac-mysql.services.clever-cloud.com
12168,bltiogiznsqd0j2-mongodb.services.clever-cloud.com
12169,bltt2lmubkuo9ejuvweu-mysql.services.clever-cloud.com
12170,bltyetv3v4e8qv4gvj3g-mysql.services.clever-cloud.com
12171,bluadvisor.jm
12172,bluadvisor.pg
12173,blue-taj.mm
12174,bluebirdforestgarden.mm
12175,bluegrassrenalcare.mm
12176,blueoceanbrokerage2024.mm
12177,bluesketchdesigns.mm
12178,blueweep.mm
12179,bluokesod746ic370pry-mysql.services.clever-cloud.com
12180,bluraybrands.mm
12181,bluscfxzfwapybgygx20-mysql.services.clever-cloud.com
12182,blutoy9vjreso1b-mongodb.services.clever-cloud.com
12183,bluzvhlltudhs7a-mongodb.services.clever-cloud.com
12184,blvigtoakvhakeo-mongodb.services.clever-cloud.com
12185,blvwq8ndqdpvyksml5pk-mysql.services.clever-cloud.com
12186,blw0snvjnx9eqnwpk721-mysql.services.clever-cloud.com
12187,blwvb4bkfv8xtbkc7zng-mysql.services.clever-cloud.com
12188,blxcfs6hfrdlgtyqci3d-mysql.services.clever-cloud.com
12189,blxwhsxcjj8da8eo6tco-mysql.services.clever-cloud.com
12190,blxwuwglnize7fgpgqdy-postgresql.services.clever-cloud.com
12191,bm0wqbjjsot2wlxcs5o7-mysql.services.clever-cloud.com
12192,bm21nsrwrq4lnrna4o3z-postgresql.services.clever-cloud.com
12193,bm3pn1gwifwwrowb40pr-mysql.services.clever-cloud.com
12194,bm4bhtc02vbq6wqjc6qq-mysql.services.clever-cloud.com
12195,bm5ti3vvn8a2gwmr5jk6-mysql.services.clever-cloud.com
12196,bm6tdou9le4vcdkqzpbc-mysql.services.clever-cloud.com
12197,bm7lcqux42zgdlu-mongodb.services.clever-cloud.com
12198,bm7rjmyp88b2aco-mongodb.services.clever-cloud.com
12199,bm7y6tlzdi3g5uwdixdl-elasticsearch.services.clever-cloud.com
12200,bm8b1id2tyh9dwmrey4x-mysql.services.clever-cloud.com
12201,bm8zus3nc1qisz2xfkkb-mysql.services.clever-cloud.com
12202,bm9tdg40dssnnlouyokd-mysql.services.clever-cloud.com
12203,bmaag5ebgl6mgqnmtma8-postgresql.services.clever-cloud.com
12204,bmamrxwrvqahsptlr5kp-mysql.services.clever-cloud.com
12205,bmayhicxmwmiftbooz93-mysql.services.clever-cloud.com
12206,bmbbh8qnc5vsvva6pcns-mysql.services.clever-cloud.com
12207,bmbeicgvadsfhgtg6n1c-mysql.services.clever-cloud.com
12208,bmbotckdplwnw9xbwtam-mysql.services.clever-cloud.com
12209,bmbu7ynqra11rqi-mongodb.services.clever-cloud.com
12210,bmcfjwejyyiupl6tqvoo-mysql.services.clever-cloud.com
12211,bmckwflyuged6jwee9qr-mysql.services.clever-cloud.com
12212,bmcmwcwzbg8brnb-mongodb.services.clever-cloud.com
12213,bmdthgxmm4uwqfq-mongodb.services.clever-cloud.com
12214,bmebcv16j66mwck-mongodb.services.clever-cloud.com
12215,bmeik5p4q8vefv3-mongodb.services.clever-cloud.com
12216,bmeqox4ykftgsbitdqdy-mysql.services.clever-cloud.com
12217,bmes35bvhzh29pp7027i-mysql.services.clever-cloud.com
12218,bmevxujeqoccxy1evbze-mysql.services.clever-cloud.com
12219,bmf5cauhdlvrxlwcufpn-mysql.services.clever-cloud.com
12220,bmgsmkuz31lp3d6ivqsc-mysql.services.clever-cloud.com
12221,bmh3738z8zhhfcl-mongodb.services.clever-cloud.com
12222,bmhd0uoobncjb2ovsana-postgresql.services.clever-cloud.com
12223,bmhproperties.mm
12224,bmhzlpettee803v-mongodb.services.clever-cloud.com
12225,bmirumbbi1591ac-mongodb.services.clever-cloud.com
12226,bmj44iktgscpqrwertyy-mysql.services.clever-cloud.com
12227,bmjhovpv4bog3gghryyh-mysql.services.clever-cloud.com
12228,bmjv8kakyofflpwas4xd-mysql.services.clever-cloud.com
12229,bmjy4kq6uat1llvnlhr1-mysql.services.clever-cloud.com
12230,bmkfdjzrw539xeg-mongodb.services.clever-cloud.com
12231,bmkrg9zjd7n4mfm-mongodb.services.clever-cloud.com
12232,bmm5ean3hoo2hxfh7osz-mysql.services.clever-cloud.com
12233,bmm5ghkkjpawuvb-mongodb.services.clever-cloud.com
12234,bmnhpti2xsnwedo3okiy-mysql.services.clever-cloud.com
12235,bmnxw2bmidgwdg2qclnh-mysql.services.clever-cloud.com
12236,bmolihkwguimbag1bk8i-mysql.services.clever-cloud.com
12237,bmoyylhobsvxvyybvwoq-mysql.services.clever-cloud.com
12238,bmpc5wy4e5czr3cst6a1-mysql.services.clever-cloud.com
12239,bmpingenieros.mm
12240,bmpxli6jg2otumu-postgresql.services.clever-cloud.com
12241,bmqqy9bjero3zbgiec1g-mysql.services.clever-cloud.com
12242,bmr6uflhj-elasticsearch.services.clever-cloud.com
12243,bmrfzypldungfpq-mongodb.services.clever-cloud.com
12244,bmsicsi0lxvm2vt8u6z9-postgresql.services.clever-cloud.com
12245,bmsoeupfhcmg6ptemwrp-mysql.services.clever-cloud.com
12246,bmstglazeiymfruqhtmb-mysql.services.clever-cloud.com
12247,bmsuzvxnw1l3az5al0zw-mysql.services.clever-cloud.com
12248,bmtjppbshxmfzh6-mongodb.services.clever-cloud.com
12249,bmtptotb8ialegnviscg-postgresql.services.clever-cloud.com
12250,bmtqayoefjwgd9v0kf8y-mysql.services.clever-cloud.com
12251,bmts1gzo29t35metca9u-mysql.services.clever-cloud.com
12252,bmuqxdvfeh8bivo9rimk-mysql.services.clever-cloud.com
12253,bmwneq8wesrxurp-mongodb.services.clever-cloud.com
12254,bmwquxklrqjb48nnte0v-mysql.services.clever-cloud.com
12255,bmwv38gnxznpr6ih3azg-mysql.services.clever-cloud.com
12256,bmxikoxxnl0ikcaidpam-mysql.services.clever-cloud.com
12257,bmxjiru3u9bwbmxzr0ah-postgresql.services.clever-cloud.com
12258,bmxldx3g1sagbzh-mongodb.services.clever-cloud.com
12259,bmxze2zesdpvpxceyezd-mysql.services.clever-cloud.com
12260,bmybwkq7wbwumbf-mongodb.services.clever-cloud.com
12261,bmyggjbpptsobywo24uc-redis.services.clever-cloud.com
12262,bmyjbimyrvcefkhwvvtd-mysql.services.clever-cloud.com
12263,bmyjzumwpmrw8gr5qxfg-mysql.services.clever-cloud.com
12264,bmzhg2mev7d3o0f-mongodb.services.clever-cloud.com
12265,bmznnvnnuh65bmolx7hn-mysql.services.clever-cloud.com
12266,bmzvvr0jmfgf1kigdb2k-mysql.services.clever-cloud.com
12267,bn12utiqveliehfcciia-mysql.services.clever-cloud.com
12268,bn1iykkcny8xhbaqqnev-mysql.services.clever-cloud.com
12269,bn24qrhzhtbmncpd0hfo-mysql.services.clever-cloud.com
12270,bn4a7py0a8uurhaxofah-mysql.services.clever-cloud.com
12271,bn63fb3byips6qpfqgyl-postgresql.services.clever-cloud.com
12272,bn6dwpb6ex5ab50ysqwy-mysql.services.clever-cloud.com
12273,bn6qx6envrdnk.run.app
12274,bn7enzogcogclnheujqg-mysql.services.clever-cloud.com
12275,bn8nhyj8vhibdni1h94o-mysql.services.clever-cloud.com
12276,bnakmno0fotneec-mongodb.services.clever-cloud.com
12277,bnb9y3g0nn34bdrqiebi-mysql.services.clever-cloud.com
12278,bncvtqcu1euh3z7jxvsu-mysql.services.clever-cloud.com
12279,bncwhkk0qh75uhkzdctr-mysql.services.clever-cloud.com
12280,bndconsulting.np
12281,bndconsulting.pg
12282,bnee5eygxg22acr9fbde-mysql.services.clever-cloud.com
12283,bnerixvtepdhsc0zr0fr-mysql.services.clever-cloud.com
12284,bney2rtl7ut6b8m4eg4y-postgresql.services.clever-cloud.com
12285,bnfopvrwfdcrdb5qi4mo-mysql.services.clever-cloud.com
12286,bngcsifk7ngxiqxnxkak-mysql.services.clever-cloud.com
12287,bnggv08mcpi200hxj3gq-mysql.services.clever-cloud.com
12288,bngpgrwwtmrkasiala2b-postgresql.services.clever-cloud.com
12289,bngqgslmjcamcfuxmzrp-mysql.services.clever-cloud.com
12290,bnh3cqibk5i5w6k-mongodb.services.clever-cloud.com
12291,bnhtzjory0cdjoh-mongodb.services.clever-cloud.com
12292,bnisze9ipown39o-mongodb.services.clever-cloud.com
12293,bnjlerhqf93nwgh4ooqo-mysql.services.clever-cloud.com
12294,bnk1opwyacrknpuzzb5j-mysql.services.clever-cloud.com
12295,bnkmuokap9bij45-mongodb.services.clever-cloud.com
12296,bnkox7fndm4u3sk-mongodb.services.clever-cloud.com
12297,bnl9dz9uoif58yr-mongodb.services.clever-cloud.com
12298,bnlrjjogqqtrux5dkhx3-mysql.services.clever-cloud.com
12299,bnm6gax8lem3cbipj6n6-mysql.services.clever-cloud.com
12300,bnmpgyul2uala88nbtqr-mysql.services.clever-cloud.com
12301,bnmt7udcux6fgsh-mongodb.services.clever-cloud.com
12302,bnmtshjy0t7ckmhsqyz1-postgresql.services.clever-cloud.com
12303,bnni8ihjpwwptv3pnzkc-mysql.services.clever-cloud.com
12304,bnnl8xd1l4wkobz1n618-mongodb.services.clever-cloud.com
12305,bnpjejo4acdaqwk-mongodb.services.clever-cloud.com
12306,bnpjj4jiaxzbotujtodo-mysql.services.clever-cloud.com
12307,bnrekspmzt501v7noc2o-postgresql.services.clever-cloud.com
12308,bnsjq2kowbtome0lvpaw-mysql.services.clever-cloud.com
12309,bnsv5yihgpcnyzy-mongodb.services.clever-cloud.com
12310,bntf36qqhhkxflf-mongodb.services.clever-cloud.com
12311,bnty2a2lswodbse3bl9g-mysql.services.clever-cloud.com
12312,bnuqsvyicu3h3dqrldlb-mysql.services.clever-cloud.com
12313,bnvk8twowrpcgj5s7vt5-mysql.services.clever-cloud.com
12314,bnvlqivauzcwy8mezhpq-mysql.services.clever-cloud.com
12315,bnvuwyqn50zdb7q0cjda-mysql.services.clever-cloud.com
12316,bnwax4vm9te3saozejqh-mysql.services.clever-cloud.com
12317,bnyxi0mhn50zcco-mongodb.services.clever-cloud.com
12318,bnz0agtmfcxnrgp-mongodb.services.clever-cloud.com
12319,bnzaupzpdfrwncuael3m-mysql.services.clever-cloud.com
12320,bnznzkwebv7itz2mhjes-mysql.services.clever-cloud.com
12321,bnzrobzddxvwvg1yye62-mysql.services.clever-cloud.com
12322,bnzsfzw6m1ohjfu-mongodb.services.clever-cloud.com
12323,bo.telemark.no
12324,bo0jhxe6rylbo7p-mongodb.services.clever-cloud.com
12325,bo0qmwdxk7frdjqezkuw-mysql.services.clever-cloud.com
12326,bo1koprywppkabtdvnrq-mysql.services.clever-cloud.com
12327,bo1ora9xf7a2niq0olyn-mysql.services.clever-cloud.com
12328,bo55tbxsawhurjf-mongodb.services.clever-cloud.com
12329,bo6mv3a4d9itbp9fdsy1-mysql.services.clever-cloud.com
12330,bo7u6pimi9mondx2jxvm-mysql.services.clever-cloud.com
12331,bo7wpjhftso6tmm-mongodb.services.clever-cloud.com
12332,bo8wxwcirwgitj8pl3qn-mysql.services.clever-cloud.com
12333,boacib9e19dvkss-mongodb.services.clever-cloud.com
12334,boajqwads5whbobt3uzq-mysql.services.clever-cloud.com
12335,boarrx5r41kd6jmvaf3e-mysql.services.clever-cloud.com
12336,boat5hsg8nh1qux3fz3e-mysql.services.clever-cloud.com
12337,bobk7z7czqwcd10f1zoq-mysql.services.clever-cloud.com
12338,bobmooreokcjeep.mm
12339,boboca7ea4gyamwwggtm-redis.services.clever-cloud.com
12340,bocclarxyblhiufxwqhb-mysql.services.clever-cloud.com
12341,bodegasbrotons.mm
12342,bodegupe.beget.app
12343,bodpvplpi7abdlwibvvh-mysql.services.clever-cloud.com
12344,bodqpyzvko8gzir-mongodb.services.clever-cloud.com
12345,bodymassageinnerul.mm
12346,boe3z9czyijbppu-mongodb.services.clever-cloud.com
12347,boed0eaafkqbsadaavot-mysql.services.clever-cloud.com
12348,boedkqyqmgalajcchlew-mysql.services.clever-cloud.com
12349,boels-surveylaser.mm
12350,boeqbcufuecn4hkrvi0e-mysql.services.clever-cloud.com
12351,boermjokuetum9wvx4dt-mysql.services.clever-cloud.com
12352,bofoxytoicrjg3ht0q2t-mysql.services.clever-cloud.com
12353,bofpbevtya8h9pqsys0i-mysql.services.clever-cloud.com
12354,bog.bd
12355,bog.jm
12356,boggixfql72iitdzsdus-postgresql.services.clever-cloud.com
12357,bogiswdcsvfbcwxrxbwm-mysql.services.clever-cloud.com
12358,bogrc6koqrjitij-mongodb.services.clever-cloud.com
12359,bogura.bd
12360,boir6h4l9fncvepqruhm-mysql.services.clever-cloud.com
12361,boisestatecompliance.mm
12362,boitedefibre.mm
12363,bokadunsotel.beget.app
12364,bokirbenag.beget.app
12365,bokzfymrzwfpccbqsjza-mysql.services.clever-cloud.com
12366,boldsparked.mm
12367,bolkfczpjcmx2o6kzp1y-postgresql.services.clever-cloud.com
12368,bolzano-altoadige.it
12369,bonanzamotorsca.mm
12370,bonb5u85jag2ywy-mongodb.services.clever-cloud.com
12371,bonzeeconsulting.mm
12372,booarcwjejfsblfveob1-mysql.services.clever-cloud.com
12373,boohwpqnnp6dvxruer0r-mysql.services.clever-cloud.com
12374,booking-byte.mm
12375,bookonline.app
12376,boostcycling.mm
12377,boostill.mm
12378,booty360.mm
12379,bopywtvs4bvoggf-mongodb.services.clever-cloud.com
12380,boq9xwp7trk1vrihlvkf-mysql.services.clever-cloud.com
12381,boqfox7ezisoefatgg6c-mysql.services.clever-cloud.com
12382,boqjhskbdxgfqsfgnb74-mysql.services.clever-cloud.com
12383,bor0lluordwvhlr3i2jj-mysql.services.clever-cloud.com
12384,bor1u77dln6bahh-mongodb.services.clever-cloud.com
12385,borbolla-mx.mm
12386,bordieruk.ck
12387,bordieruk.pg
12388,borequampod.beget.app
12389,bornabley.mm
12390,bornemann-ru.mm
12391,borykim.mm
12392,boscosgrill.mm
12393,bosp87eso7g9qoiqeltj-mysql.services.clever-cloud.com
12394,bosuon7gzjgeh6baag99-postgresql.services.clever-cloud.com
12395,bothydhscqkfrcbpfs2y-postgresql.services.clever-cloud.com
12396,botl5n7njglgpwgsdqic-postgresql.services.clever-cloud.com
12397,bott8zvez6uc6c2qpptk-mysql.services.clever-cloud.com
12398,botzkrupepnzjjo-mongodb.services.clever-cloud.com
12399,bouirevzgjfarsmr93jr-mysql.services.clever-cloud.com
12400,boutique-tirelire.mm
12401,bouzuseikatsu.mm
12402,bov7xgf1jockhw9-mongodb.services.clever-cloud.com
12403,bovkntprt0toqsofcrzh-postgresql.services.clever-cloud.com
12404,boxer-28.lcl.dev
12405,boxpioheuahj7odir4fn-postgresql.services.clever-cloud.com
12406,boxxaane96kn7vr9vgnq-mysql.services.clever-cloud.com
12407,boxxt0vfpsk7pqce2952-mysql.services.clever-cloud.com
12408,boyeee.mm
12409,boymzzyjeg0ouvjrsydy-mysql.services.clever-cloud.com
12410,boysg4icdmirziuqumuz-mysql.services.clever-cloud.com
12411,boyu4978.mm
12412,bozen-sudtirol.it
12413,bozen-suedtirol.it
12414,bp01lq1fpl6rvwacqjlt-mysql.services.clever-cloud.com
12415,bp06a5yg3mx2kei-mongodb.services.clever-cloud.com
12416,bp1vy5hncagtualjrqfc-postgresql.services.clever-cloud.com
12417,bp224bmyfwhddyzyf1jc-mysql.services.clever-cloud.com
12418,bp43zaph3l07degzwu5b-mysql.services.clever-cloud.com
12419,bp7zzvoxfi1n4hbjca6p-mysql.services.clever-cloud.com
12420,bp8k8m04war9xhm4gaem-mysql.services.clever-cloud.com
12421,bp99pjzwmve574u-mongodb.services.clever-cloud.com
12422,bpbegxzvzbakl8am10mx-mysql.services.clever-cloud.com
12423,bpbzhfwz982fiwva8uuw-mysql.services.clever-cloud.com
12424,bpcek3ew2gqv7rdmv8nj-mysql.services.clever-cloud.com
12425,bpcntzhvucrdjrrfn6ke-mysql.services.clever-cloud.com
12426,bpcqex6uyoekqvtaiabd-mysql.services.clever-cloud.com
12427,bpctv9dpakbxgssmsjrf-mysql.services.clever-cloud.com
12428,bpdyjdtlpfvlift-mongodb.services.clever-cloud.com
12429,bpeb1royzwh7u7qplbjf-mysql.services.clever-cloud.com
12430,bpeo4ozks-mysql.services.clever-cloud.com
12431,bpf5fse0whytkceucagb-mysql.services.clever-cloud.com
12432,bpfq1snqglza9tc2ynph-mysql.services.clever-cloud.com
12433,bpgumhqgvazuqzn3tmmg-mysql.services.clever-cloud.com
12434,bphbxodqlnm2mdxrkzgm-mysql.services.clever-cloud.com
12435,bphkfa9jfountwm-mongodb.services.clever-cloud.com
12436,bphswfnwxngfkwb-mongodb.services.clever-cloud.com
12437,bpim9ooquoj70iqbv7az-mysql.services.clever-cloud.com
12438,bpimvj07hg4rt4lbsqapvt9odjg038fm.mm
12439,bpizdnka36cerc2-mongodb.services.clever-cloud.com
12440,bpjnlvhvybsput1cecr9-mysql.services.clever-cloud.com
12441,bpkevbzgp2ehwlr-mongodb.services.clever-cloud.com
12442,bpkg8aosrhmrkha-mongodb.services.clever-cloud.com
12443,bpkmklqr1fr0zbn1xl2u-mysql.services.clever-cloud.com
12444,bpldbtjvoc0hiebtumps-postgresql.services.clever-cloud.com
12445,bplmvepjlg5c7pt-mongodb.services.clever-cloud.com
12446,bpmaf9d7cghjnkbunw9l-mysql.services.clever-cloud.com
12447,bpnyvanr4jyfmgcozndk-postgresql.services.clever-cloud.com
12448,bpou2zlcnzlsrr4-mongodb.services.clever-cloud.com
12449,bpovcb9nrlovxdfwk58d-mysql.services.clever-cloud.com
12450,bpoytqxjyfpiq2ab4tak-mysql.services.clever-cloud.com
12451,bpppd4ey7svqp8xt1ola-mysql.services.clever-cloud.com
12452,bppt6ikwsmugi6i-mongodb.services.clever-cloud.com
12453,bppul6mjxzb4j3qoj6g3-mysql.services.clever-cloud.com
12454,bppzhrdgz4ehcc5l7sem-mysql.services.clever-cloud.com
12455,bpqnmuddh6jdz7jm2gub-mysql.services.clever-cloud.com
12456,bpqq1lclzymnzyu5dbdf-mysql.services.clever-cloud.com
12457,bpqsjs67gjynxlm4muhl-elasticsearch.services.clever-cloud.com
12458,bpquo50pkoctptqitfe8it646gq3dkfh.mm
12459,bprixzirerehu4dlftyk-mysql.services.clever-cloud.com
12460,bprtnqckaaqplgu-mongodb.services.clever-cloud.com
12461,bpsdndowgyefly6-mongodb.services.clever-cloud.com
12462,bpsgipvrweoaadljydkq-mysql.services.clever-cloud.com
12463,bpspiccspc5gua6q2fdd-mysql.services.clever-cloud.com
12464,bpt4obn98ihekdpcbtul-mysql.services.clever-cloud.com
12465,bptazauettwdeox3jt1j-mysql.services.clever-cloud.com
12466,bptx0zbslaw4ca8iydzh-mysql.services.clever-cloud.com
12467,bpu6yai621anquee3awv-mysql.services.clever-cloud.com
12468,bpuzanq87wq3r4olqj0l-mysql.services.clever-cloud.com
12469,bpvgvgcgmbpxuhkipa7s-mysql.services.clever-cloud.com
12470,bpvxpr801s3mzgeom4vt-mysql.services.clever-cloud.com
12471,bpwcyl2t31i3mlpf1bj3-mysql.services.clever-cloud.com
12472,bpwsaawni3xsh3htlq0e-mysql.services.clever-cloud.com
12473,bpwxtnuggcxtiku-mongodb.services.clever-cloud.com
12474,bpx1oqanq3k7zgm-mongodb.services.clever-cloud.com
12475,bpxnb3vviuxsz5usdxiu-mysql.services.clever-cloud.com
12476,bpyprg7awfm4ryf-mongodb.services.clever-cloud.com
12477,bpzhoqu86gisax2gtg9a-mysql.services.clever-cloud.com
12478,bpzvww8bi3znyz3-mongodb.services.clever-cloud.com
12479,bq169y39biby2rymx0gv-mysql.services.clever-cloud.com
12480,bq2nqfruyvru52cfptxn-mysql.services.clever-cloud.com
12481,bq3o3albnjuwlingdqv8-mysql.services.clever-cloud.com
12482,bq3t1geyjapslka-mongodb.services.clever-cloud.com
12483,bq4cbwjpuintxrdnmvw9-mysql.services.clever-cloud.com
12484,bq5ml6fstunzy1s-mongodb.services.clever-cloud.com
12485,bq5s2sc4q7nrxpquvd84-mysql.services.clever-cloud.com
12486,bq6ogktg5nnsngz0nu3c-mysql.services.clever-cloud.com
12487,bq6tnnawnzbi3w5opmri-mysql.services.clever-cloud.com
12488,bq7hyptek-postgresql.services.clever-cloud.com
12489,bq9s0w8ttckg34lsssot-mysql.services.clever-cloud.com
12490,bqa7u4qsp8crmlatmrju-mysql.services.clever-cloud.com
12491,bqabtbxepdyiaa6kiq8s-mysql.services.clever-cloud.com
12492,bqavcfdkxrq56s5z1aqh-mysql.services.clever-cloud.com
12493,bqb3uucer6cioxljpk1o-mysql.services.clever-cloud.com
12494,bqbo8qnkivxyrhq1o8si-mysql.services.clever-cloud.com
12495,bqbofmb664xzxblf51fh-mysql.services.clever-cloud.com
12496,bqc2cace8sdyumx-mongodb.services.clever-cloud.com
12497,bqdrwrxpia1swfjyziod-mysql.services.clever-cloud.com
12498,bqeamaf4tzi89bpd1esn-mysql.services.clever-cloud.com
12499,bqh0n8d3ikpjskrtq0hz-mysql.services.clever-cloud.com
12500,bqhd9nbafrpsvzpzrgvc-mysql.services.clever-cloud.com
12501,bqifnm8xxpyt88i8xdcn-postgresql.services.clever-cloud.com
12502,bqj0b1r7lu80mmhmrdh4-mysql.services.clever-cloud.com
12503,bqkyz0cwsigitpxy4feb-mysql.services.clever-cloud.com
12504,bql4bq3e06cjh6sajtj20miium7bvnqp.mm
12505,bqlcq9e9o4070atcjplu-postgresql.services.clever-cloud.com
12506,bqlujt3tbffdu10fdgql-postgresql.services.clever-cloud.com
12507,bqlwhyx1hqkknik-mongodb.services.clever-cloud.com
12508,bqmcui1vqkiqvdhih7it-postgresql.services.clever-cloud.com
12509,bqnaxdojld4h3qylme5g-mysql.services.clever-cloud.com
12510,bqnyoakzw2ktyga-mongodb.services.clever-cloud.com
12511,bqobzz71vkk73e5evjrf-postgresql.services.clever-cloud.com
12512,bqoixwtibb5oxcxhvdvh-mysql.services.clever-cloud.com
12513,bqp0kspdjl2fx7xl5l5u-postgresql.services.clever-cloud.com
12514,bqphf6sah88gysv045wy-mysql.services.clever-cloud.com
12515,bqpn6yadwqdlqxmrgmhi-mysql.services.clever-cloud.com
12516,bqrp5louzua0z943r2u1-mysql.services.clever-cloud.com
12517,bqsayewu6pcmcokunw2w-elasticsearch.services.clever-cloud.com
12518,bqsefldoipizgbnvws6l-mysql.services.clever-cloud.com
12519,bqtk4nz4zbhnonetyplk-mysql.services.clever-cloud.com
12520,bqtnqqp8fmfclg5-mongodb.services.clever-cloud.com
12521,bqtvmhsltlcwwz5gfhsx-mysql.services.clever-cloud.com
12522,bqu6zbuzr2px8on-mongodb.services.clever-cloud.com
12523,bqugmzj3xjuexxt4vyeo-mysql.services.clever-cloud.com
12524,bqukg28xjupkopy5uo2a-mysql.services.clever-cloud.com
12525,bquwpkb77iwvmml-mongodb.services.clever-cloud.com
12526,bqvvhy1y4m1lexilfuyi-mysql.services.clever-cloud.com
12527,bqw55rd4och1jsq-mongodb.services.clever-cloud.com
12528,bqwhgbvd6huumw6ws3to-mysql.services.clever-cloud.com
12529,bqwit5c9s0s5senbda5y-mysql.services.clever-cloud.com
12530,bqwuiuiuqxvqccvkhysf-mysql.services.clever-cloud.com
12531,bqxebwx8rjfgyiy-mongodb.services.clever-cloud.com
12532,bqyhe9oh6rw51hli1bgz-mysql.services.clever-cloud.com
12533,bqyipg4y5wwhotm-mongodb.services.clever-cloud.com
12534,bqyo8kbwlubsraw-mongodb.services.clever-cloud.com
12535,bqyvcqmbxjvvoyd-mongodb.services.clever-cloud.com
12536,bqzjgqgmx4yfxas1dltn-mysql.services.clever-cloud.com
12537,bqzqkryvrstg9jznkcmz-mysql.services.clever-cloud.com
12538,br.ck
12539,br0fwignvvpehpqkutu6-mysql.services.clever-cloud.com
12540,br0ojhscslxvioao23mn-mysql.services.clever-cloud.com
12541,br0wcocayjps2mkjbera-mysql.services.clever-cloud.com
12542,br16dg2yjexncmzto8lr-mysql.services.clever-cloud.com
12543,br2jmmhrmrtyygl-mongodb.services.clever-cloud.com
12544,br3ghtorbxaneah-mongodb.services.clever-cloud.com
12545,br4tgujrft3rpbq7xsaw-mysql.services.clever-cloud.com
12546,br6ok3dyd1m1fzz5ksdk-mysql.services.clever-cloud.com
12547,br871424.mm
12548,br8xtttqdzd1ynzqsjgn-mysql.services.clever-cloud.com
12549,br90dsbataxih8z-mongodb.services.clever-cloud.com
12550,br9cqglfb5mom9c-mongodb.services.clever-cloud.com
12551,bra8qbu1fad4tuyjitj4-mysql.services.clever-cloud.com
12552,braatqto9yimccqvuuxb-mysql.services.clever-cloud.com
12553,brak5bctwhetnrxsqbzp-mysql.services.clever-cloud.com
12554,bramhavision.mm
12555,bramptonflowercitypageant.mm
12556,brandingssolutions.mm
12557,brandzone-sennheiser.jm
12558,branforddawsonfuneralhome.mm
12559,brasfox-com-br.pg
12560,bratbcxdv58dssp-mongodb.services.clever-cloud.com
12561,brazjw1cpswjpzxr6hon-mysql.services.clever-cloud.com
12562,brcftyv9wl8s2sq-mongodb.services.clever-cloud.com
12563,brckzzz4h8hua3lymf7k-mysql.services.clever-cloud.com
12564,brd1si78db3wu3a-mongodb.services.clever-cloud.com
12565,brdur3xcmyx6zvtp2e6c-mysql.services.clever-cloud.com
12566,bre1ko58sim9szi3xk08-mysql.services.clever-cloud.com
12567,bre1nmsiqqvxtymlhsrj-mysql.services.clever-cloud.com
12568,breakthekaleidoscopeceiling.mm
12569,brealp.mm
12570,brendanjowett.mm
12571,brettbarmby.mm
12572,brewbuiltrenos.mm
12573,brewersforcleanwater.mm
12574,brewerytownapartments.mm
12575,brfmx9hnyd82gt0xfupn-mysql.services.clever-cloud.com
12576,brfwg4jtlosupyx8jgcx-mysql.services.clever-cloud.com
12577,brgeicfqg8kyazonirom-postgresql.services.clever-cloud.com
12578,brgukz98fhckbmlhjfoo-mysql.services.clever-cloud.com
12579,brhygsp8zhkkiii-mongodb.services.clever-cloud.com
12580,brhzw1087yhtq3y-mongodb.services.clever-cloud.com
12581,bri0sqdeuxo23cvywdqg-mysql.services.clever-cloud.com
12582,bribdaruyunuk.beget.app
12583,bridesof1941.mm
12584,brigadoonfitness.mm
12585,brightoncourtapts.mm
12586,brightsmiledentalguwahati.mm
12587,briioqhh2uahxsl-mongodb.services.clever-cloud.com
12588,brilveus2h5idju-mongodb.services.clever-cloud.com
12589,brinxehf.mm
12590,briofilterstore.mm
12591,briprosperity.mm
12592,briteprollc.mm
12593,briuvr24tkgcsnajz7vc-mysql.services.clever-cloud.com
12594,brj9csqliktgn44ihh0n-mysql.services.clever-cloud.com
12595,brjilofuhd72fhcevq9c-postgresql.services.clever-cloud.com
12596,brlbbrhblaomsd7vig5x-mysql.services.clever-cloud.com
12597,brlk4ady3fgmgwsvrenu-mysql.services.clever-cloud.com
12598,brnqzupc9jnwrpw5ncte-mysql.services.clever-cloud.com
12599,brnxkqkekg2xpwnfqd2k-mysql.services.clever-cloud.com
12600,broadcastdelivery.mm
12601,broccoli-ehbrme.builder.code.com
12602,broillc5u5smtfwyoxs0-mysql.services.clever-cloud.com
12603,brojpuc5ww89dow-mongodb.services.clever-cloud.com
12604,brokenlilacs.mm
12605,brokoupbalurn.beget.app
12606,brol6jequthtbwwkq8lx-mysql.services.clever-cloud.com
12607,broomfieldusa.mm
12608,brrcdkppqnnqd6ot2k1b-mysql.services.clever-cloud.com
12609,brrynumn2ky2d4kr0doq-mysql.services.clever-cloud.com
12610,brseoqtlyrh1pgru9jh5-mysql.services.clever-cloud.com
12611,brtjafgdfra7yoxwagcc-mysql.services.clever-cloud.com
12612,brttgxglxyozrnobnktz-mysql.services.clever-cloud.com
12613,brunellocuccinelli.bd
12614,brunelloecucinelli.jm
12615,brushedbrasstore.mm
12616,bruxv90ozeaihcv92r0d-mysql.services.clever-cloud.com
12617,brvfs4v2glo6q93zwukz-mysql.services.clever-cloud.com
12618,brvifm8ktwrqgydfomdv-mysql.services.clever-cloud.com
12619,brw8pq8ndmby3w8-mongodb.services.clever-cloud.com
12620,brx-bet-login.mm
12621,brxaoxfeb1sx6i20xbmc-redis.services.clever-cloud.com
12622,brxkiu1zqp83npd6pury-postgresql.services.clever-cloud.com
12623,bryrb8vptbobryfsboyq-mysql.services.clever-cloud.com
12624,brz9yeekntes1li-mongodb.services.clever-cloud.com
12625,brzfkuu6h4zuoteupk1x-elasticsearch.services.clever-cloud.com
12626,brzox6vogk3wulm-mongodb.services.clever-cloud.com
12627,brzqp7v44cmk8tsteldx-mysql.services.clever-cloud.com
12628,bs12z41pjigsdai8cgo1-mysql.services.clever-cloud.com
12629,bs3pmqbrofdxsj2-mongodb.services.clever-cloud.com
12630,bs3sjvszh03zjirslzjp-mysql.services.clever-cloud.com
12631,bs3wmromd-redis.services.clever-cloud.com
12632,bs43lzggafdzd54-mongodb.services.clever-cloud.com
12633,bs4mbhjxdtugzz2jks6b-mysql.services.clever-cloud.com
12634,bs4ttoxa3uefryx7uje7-mysql.services.clever-cloud.com
12635,bs6celsx0mcgv5tq0jat-mysql.services.clever-cloud.com
12636,bs6n3ekhzz7wehmgalrf-mysql.services.clever-cloud.com
12637,bs6twz5vdcjxxcqbqmow-mysql.services.clever-cloud.com
12638,bs75goqhiolpzcita0xq-mysql.services.clever-cloud.com
12639,bs7jehvhrqfcg085jgfc-mysql.services.clever-cloud.com
12640,bs8ctmfyiyngqmqoki3f-mysql.services.clever-cloud.com
12641,bsat8p5xnva0yj1vchrm-mysql.services.clever-cloud.com
12642,bsavvqnetsgyzupekeop-mysql.services.clever-cloud.com
12643,bsbj5sznayzrwdvryqsc-postgresql.services.clever-cloud.com
12644,bsc3rnfeyypc17nppmcj-mysql.services.clever-cloud.com
12645,bscoqefekabc8ofybkhd-mysql.services.clever-cloud.com
12646,bscrf0alfwfklghw11tl-mysql.services.clever-cloud.com
12647,bseaze7b6pvenmnz6v15-mysql.services.clever-cloud.com
12648,bsemh.mm
12649,bsfhlzjitcsuefa-mongodb.services.clever-cloud.com
12650,bsfqidk2ehbbvaqexzy5-mysql.services.clever-cloud.com
12651,bsg960ye50virr4lwhxp-mysql.services.clever-cloud.com
12652,bsgjumzp7z3mvooqdaqi-mysql.services.clever-cloud.com
12653,bsgnriqgqig3b51plhae-mysql.services.clever-cloud.com
12654,bshqwlxfia1vfnt-mongodb.services.clever-cloud.com
12655,bsibk71k5ufqjk8tjxie-mysql.services.clever-cloud.com
12656,bsimqzb7ysmbtzzilbyl-mysql.services.clever-cloud.com
12657,bsisjgv0xhzxjlf-mongodb.services.clever-cloud.com
12658,bsjelmy0wqbpqwpopt17-mysql.services.clever-cloud.com
12659,bsjhvozrzd2huve-mongodb.services.clever-cloud.com
12660,bsjhwsnq6yet32b-mongodb.services.clever-cloud.com
12661,bskbhte15oncmvc-mongodb.services.clever-cloud.com
12662,bsktacjzxyqzhvjhmdyw-mysql.services.clever-cloud.com
12663,bslchemo.mm
12664,bslnkdwj4ri32hpitvny-mysql.services.clever-cloud.com
12665,bsmek1gdpdjk4uwevpt0-postgresql.services.clever-cloud.com
12666,bsn0wwbzy8p3mgz-mongodb.services.clever-cloud.com
12667,bsn72tmn1dycs9sv2mhd-mysql.services.clever-cloud.com
12668,bsns.mm
12669,bsogajkqgaisbpf8og4y-mysql.services.clever-cloud.com
12670,bsoxrkbrnlrig4swmtfa-mysql.services.clever-cloud.com
12671,bsp6mhyf15txd3wl3fzu-mysql.services.clever-cloud.com
12672,bsppwnqmtqjrqskdc97u-mysql.services.clever-cloud.com
12673,bsprsfskdbthr3a-mongodb.services.clever-cloud.com
12674,bspxuj2b9texybz-mongodb.services.clever-cloud.com
12675,bsqd9jo2fsbwjwmjhnut-mysql.services.clever-cloud.com
12676,bsr3bpys3kpml8j-mongodb.services.clever-cloud.com
12677,bsr9pd5bjv0nc8e-mongodb.services.clever-cloud.com
12678,bsryvyqvwwn5dnd-mongodb.services.clever-cloud.com
12679,bssiesrwsfbfd4iotym6-postgresql.services.clever-cloud.com
12680,bstsjjetowfafkf7fcrq-mysql.services.clever-cloud.com
12681,bsuatgriibosyyviq4fk-mysql.services.clever-cloud.com
12682,bsucnqk9j2txxgnys5d3-postgresql.services.clever-cloud.com
12683,bsuk3gl2kb5mps8-mongodb.services.clever-cloud.com
12684,bsumnpnpmpuifxi-mongodb.services.clever-cloud.com
12685,bsut7mz1oayh77aaf6yn-mysql.services.clever-cloud.com
12686,bsvlgb1gvfdbys3-mongodb.services.clever-cloud.com
12687,bsvn9wks7n4tcxm9707w-mysql.services.clever-cloud.com
12688,bsvvvqfjx0qfkq4sewhu-mysql.services.clever-cloud.com
12689,bswfhyhurmgadcbjofpa-mysql.services.clever-cloud.com
12690,bswvxzz7ujzflpia96oy-mysql.services.clever-cloud.com
12691,bsxifvo0pco3rnu-mongodb.services.clever-cloud.com
12692,bsxjvw1oyagpg4lurm3y-mysql.services.clever-cloud.com
12693,bsxph6i7hl6jxo3fjju4-redis.services.clever-cloud.com
12694,bsy2b3kfb8qsseb-mongodb.services.clever-cloud.com
12695,bsyakduqi9eqgyamloha-mysql.services.clever-cloud.com
12696,bsyebrdy9qh2msdx7kgb-mysql.services.clever-cloud.com
12697,bt0bknqueshuvoyyvfc7-mysql.services.clever-cloud.com
12698,bt0c6vktonxfkcp-mongodb.services.clever-cloud.com
12699,bt1egbzrb9q9umkulq9l-mysql.services.clever-cloud.com
12700,bt35hcvpbu1vgne-mongodb.services.clever-cloud.com
12701,bt6sumjzetj7zimdeewg-mysql.services.clever-cloud.com
12702,bt90w2w0depb8axps5yn-mysql.services.clever-cloud.com
12703,bta7cw578uzih62ijnnc-postgresql.services.clever-cloud.com
12704,btaftswxcocfyr5air3v-mysql.services.clever-cloud.com
12705,btajfau9ko4i4uhk55ss2iiq1i3tds0u.mm
12706,btapcsoxewypksld6d26-mysql.services.clever-cloud.com
12707,btawwyw9ucdgq2h9pd2e-mysql.services.clever-cloud.com
12708,btbn9g9ru97a7onzg57k-mysql.services.clever-cloud.com
12709,btbxbzrbnlwjl6gelsvn-mysql.services.clever-cloud.com
12710,btcd43.mm
12711,btcm50cpqdseesjdusa9-mysql.services.clever-cloud.com
12712,btcrwqv5otj9rke-mongodb.services.clever-cloud.com
12713,btct8lfdhfabweakgygm-mysql.services.clever-cloud.com
12714,btcvjn21mrmgmtq-mongodb.services.clever-cloud.com
12715,btdfrio.mm
12716,bteb4ttvp7zfraevcqxd-postgresql.services.clever-cloud.com
12717,btedle9qiufsuxkr9gyh-mysql.services.clever-cloud.com
12718,btelc242rq3c4jji9wm7-mysql.services.clever-cloud.com
12719,btenvb2mffocuxt-mongodb.services.clever-cloud.com
12720,btfafq7bks6gsbiwytmn-mysql.services.clever-cloud.com
12721,btfozuh05q1rjngmwowc-mysql.services.clever-cloud.com
12722,btfpijg4zfzk8lqmyq7o-mysql.services.clever-cloud.com
12723,btgbkaailupqd9xx9ggq-mysql.services.clever-cloud.com
12724,btgjhcsba7tzbea-mongodb.services.clever-cloud.com
12725,btgwjbdbxcuqhce-mongodb.services.clever-cloud.com
12726,btgx09aag2wcq4itbof0-mysql.services.clever-cloud.com
12727,bthqwuev4figfjz1bgua-mysql.services.clever-cloud.com
12728,bthr27zxpu43yus-mongodb.services.clever-cloud.com
12729,bti1l5eplodl07qi2ckx-mysql.services.clever-cloud.com
12730,bti2hqol4rdolkcujr7w-mysql.services.clever-cloud.com
12731,bti7kg6yfx5xmkcm8lgx-mongodb.services.clever-cloud.com
12732,btid16ay9r8motqvqwgy-mysql.services.clever-cloud.com
12733,btidl5g05bnrjaqacfuc-mysql.services.clever-cloud.com
12734,btieos0c3mfe9keyq6hc-mysql.services.clever-cloud.com
12735,btiovfzmq6cjealetryv-mysql.services.clever-cloud.com
12736,btiykybxrtj7vbsz6bhe-postgresql.services.clever-cloud.com
12737,btmgnn5olsqoz5tyqsgv-mysql.services.clever-cloud.com
12738,btn0udj1jzc5notmn3ej-mysql.services.clever-cloud.com
12739,btndyufaxn80j3rpdfya-mysql.services.clever-cloud.com
12740,btnqhyzqrjxmq3zqrjpo-mysql.services.clever-cloud.com
12741,btnruek7py1jgek8m0jj-mysql.services.clever-cloud.com
12742,btnsdrtwj5nxrypwcudz-mysql.services.clever-cloud.com
12743,btoim18pjzhty8o-mongodb.services.clever-cloud.com
12744,btokg6fc9co93mx-mongodb.services.clever-cloud.com
12745,btp5etbi5vm4az0-mongodb.services.clever-cloud.com
12746,btqlbnqlniwpfo2uht8t-mysql.services.clever-cloud.com
12747,btqu38ylnjyr5sjb7biu-mysql.services.clever-cloud.com
12748,btrbcd6vvzjbmhuwunnx-mysql.services.clever-cloud.com
12749,btrds9f83voskqsuaxxq-mysql.services.clever-cloud.com
12750,btrodoaiolyukqs-mongodb.services.clever-cloud.com
12751,btruel4nvl6ifs3-mongodb.services.clever-cloud.com
12752,bts-fansite.mm
12753,btsfkyouixcvsgpgsqwg-mysql.services.clever-cloud.com
12754,btsjvu7n8ctzzb2-mongodb.services.clever-cloud.com
12755,btslbhegbmi9i2hx2rw5-mysql.services.clever-cloud.com
12756,btsn6.mm
12757,btsr4asoxlvlffgoxein-mysql.services.clever-cloud.com
12758,btszaihektkh5doa5bs9-mysql.services.clever-cloud.com
12759,btth0w4wh5cp9u63b5vl-mysql.services.clever-cloud.com
12760,bttotienkk1dqejaut6j-mysql.services.clever-cloud.com
12761,btudl4ng9x3bh7yvg5ej-mysql.services.clever-cloud.com
12762,btujewkkwjjagqi-mongodb.services.clever-cloud.com
12763,btv49smdoe9gck1oowyq-mysql.services.clever-cloud.com
12764,btvewx6qouvg4yjpdh9v-mysql.services.clever-cloud.com
12765,btw2bu9p01s29x8hplgj-mysql.services.clever-cloud.com
12766,btwbcddkvq0kyzh-mongodb.services.clever-cloud.com
12767,btxy00ff8wgsgl2-mongodb.services.clever-cloud.com
12768,btyfoc6ako9t0kh-mongodb.services.clever-cloud.com
12769,btz0u3o8uvslqgshrybd-mysql.services.clever-cloud.com
12770,btzlpfpmb4rvqji-mongodb.services.clever-cloud.com
12771,bu0alcmjsb7qe9wveb8f-mysql.services.clever-cloud.com
12772,bu1hv5cxwdr9hujaqnb7-mysql.services.clever-cloud.com
12773,bu1q6rrouubokpebb06p-mysql.services.clever-cloud.com
12774,bu2efndb2scyr2g-mongodb.services.clever-cloud.com
12775,bu4utdfql8cynlz0ivn3-mysql.services.clever-cloud.com
12776,bu96fosrglseaf3lvdir-mysql.services.clever-cloud.com
12777,bu98ailxliwt9poxy0f6-mysql.services.clever-cloud.com
12778,buahqehlw1q27tx-mongodb.services.clever-cloud.com
12779,buamjyo3muw3rjnoyhxm-mysql.services.clever-cloud.com
12780,buapkmaulcacoiw-mongodb.services.clever-cloud.com
12781,buax1aiwspzvpc2-mongodb.services.clever-cloud.com
12782,buayb0jvn6bwspetkcvp-mysql.services.clever-cloud.com
12783,bubey9o9v8cztcu-mongodb.services.clever-cloud.com
12784,bubg3n34nu77gg7-mongodb.services.clever-cloud.com
12785,bubjfkgohme0mdb-mongodb.services.clever-cloud.com
12786,bubustoreoficial.mm
12787,bucf3pfha6tgm3udffag-mysql.services.clever-cloud.com
12788,buchsbof17nu7ahfghxo-mysql.services.clever-cloud.com
12789,bucjittme5e2dsam5a0b-mysql.services.clever-cloud.com
12790,buck.sch.uk
12791,bucket-1c2c8711-67bc-4e1e-b903-3b142b937420-fsbucket.services.clever-cloud.com
12792,bucket-2481e937-f3df-4c4f-9f00-ae0493c5203f-fsbucket.services.clever-cloud.com
12793,bucket-2ca73070-f846-46b0-b9df-46377cdb4b2f-fsbucket.services.clever-cloud.com
12794,bucket-3e00ce73-ea9d-435c-a7df-e442e86608c7-fsbucket.services.clever-cloud.com
12795,bucket-4c78d19e-4fc9-4830-bcd5-bc01c59c7282-fsbucket.services.clever-cloud.com
12796,bucket-5d02256d-f47e-4fef-b92f-a29f3e7c0f1f-fsbucket.services.clever-cloud.com
12797,bucket-666d32ce-45af-4fa0-b3d4-b11ce6e0e80a-fsbucket.services.clever-cloud.com
12798,bucket-7417608f-f7ba-428b-8c0e-ce505db9ed02-fsbucket.services.clever-cloud.com
12799,bucket-8b7619f9-c69f-48eb-b33a-10913022d2de-fsbucket.services.clever-cloud.com
12800,bucket-90bd8cd8-f8de-458f-9cdc-c7844bb0cb9c-fsbucket.services.clever-cloud.com
12801,bucket-9e0e85ca-5ffe-435a-b99f-e08d9e03aa34-fsbucket.services.clever-cloud.com
12802,bucket-a99b8e51-bc2d-4c3e-b38a-6d8f5f04aee9-fsbucket.services.clever-cloud.com
12803,bucket-b7a22fc8-c83f-4ff0-bf83-a6464d9fe83d-fsbucket.services.clever-cloud.com
12804,bucket-bfab2c2c-798f-4fa9-bb48-f569f32ace50-fsbucket.services.clever-cloud.com
12805,bucket-d02ad4a1-19a9-433a-838a-1abd4918fa22-fsbucket.services.clever-cloud.com
12806,bucket-def523de-9c5f-4458-a130-c4cf3442d04f-fsbucket.services.clever-cloud.com
12807,bucket-e13adc56-da6a-464e-8dbf-eae7ad446c63-fsbucket.services.clever-cloud.com
12808,bucket-e60bc59e-7e1a-49ab-b3ea-0a9219706388-fsbucket.services.clever-cloud.com
12809,bucketstream.mm
12810,buddiesdogservice.mm
12811,budukg61nw2oo3vofiac-postgresql.services.clever-cloud.com
12812,bue7t3xueljqxlmfqadr-mysql.services.clever-cloud.com
12813,buffalofinishingsystems.mm
12814,bufidiiqtw3ngmc-mongodb.services.clever-cloud.com
12815,bugs.compute-1.amazonaws.com
12816,bugyiihbbxyt1xaqu3z1-postgresql.services.clever-cloud.com
12817,buidxea5dxtczvpvftir-mysql.services.clever-cloud.com
12818,buihongthuong.mm
12819,buildmyar.mm
12820,builotqfurta4hn3tpbs-mysql.services.clever-cloud.com
12821,built3r9iljvig8mby3d-mysql.services.clever-cloud.com
12822,buis4klnkyyg2lnmbtbc-mysql.services.clever-cloud.com
12823,bujkf4cy5swskymgp2di-mysql.services.clever-cloud.com
12824,buk.np
12825,bukdeterbaru.mm
12826,bukhara.su
12827,bukkvnqowdfn6yhq6rd8-mysql.services.clever-cloud.com
12828,buklrsssjt7fl1ow7sta-mysql.services.clever-cloud.com
12829,bulletproofconcierge.mm
12830,bulpuxqyps1lckymxxus-mysql.services.clever-cloud.com
12831,bulsan-sudtirol.it
12832,bulsan-suedtirol.it
12833,bulsan.it
12834,buluthomedesign.mm
12835,bumerrddaotnhqxqv8ee-mysql.services.clever-cloud.com
12836,bumgbpdxtettvq1jx9vj-mysql.services.clever-cloud.com
12837,bun1dtyrlw496xdbz7q7-mysql.services.clever-cloud.com
12838,buniizahnrqijmhvqmd2-mysql.services.clever-cloud.com
12839,bunny-21.lcl.dev
12840,buntbwqhq5g8p6f-mongodb.services.clever-cloud.com
12841,bunutin.mm
12842,buo2hytopshhqph-mongodb.services.clever-cloud.com
12843,bup3vwmtn89iruxvx68k-mysql.services.clever-cloud.com
12844,bupsbyivxzinhu4zhxib-mysql.services.clever-cloud.com
12845,buqaknxuk8tx3ozibvpc-mysql.services.clever-cloud.com
12846,buqmktmth8pgukiax4i2-mysql.services.clever-cloud.com
12847,bur3f5xigibivhw2f8gy-mysql.services.clever-cloud.com
12848,bureau-moniteurs-thaurac.mm
12849,buremipoub.beget.app
12850,burger-royal.mm
12851,buriz2f8fzkpdn7-mongodb.services.clever-cloud.com
12852,burmjzt283ws99ytn4hi-postgresql.services.clever-cloud.com
12853,burro-97.lclstage.dev
12854,busiic9ljqpzxdrnfluy-mysql.services.clever-cloud.com
12855,businessbrokersofflorida.mm
12856,businessesindelaware.mm
12857,busojccyccybhmt19glx-postgresql.services.clever-cloud.com
12858,busrentalchicopee.mm
12859,bustrading.mm
12860,busukyqcdp03tdxy8ifi-mysql.services.clever-cloud.com
12861,busupapis.beget.app
12862,buteds1sv9krmtensnqv-mysql.services.clever-cloud.com
12863,button.bd
12864,butvkfztpoolmlloelgz-mysql.services.clever-cloud.com
12865,buu5qmbmt1tkxlt-mongodb.services.clever-cloud.com
12866,buue9t9cjxtsmuzfar4q-mysql.services.clever-cloud.com
12867,buugwkltgiims3llolsw-mysql.services.clever-cloud.com
12868,buuj4ycd0gzt5wmd8bfw-mysql.services.clever-cloud.com
12869,buvtizifyis0vqj-mongodb.services.clever-cloud.com
12870,buwhml7adt1nud3hqnid-mysql.services.clever-cloud.com
12871,buwiclwtbf8wdgap1kjd-mysql.services.clever-cloud.com
12872,buxyzqog92nhwii-mongodb.services.clever-cloud.com
12873,buy1avyggzjqg4ppvhch-mysql.services.clever-cloud.com
12874,buy2topstax.mm
12875,buyeydarlbrqlgw-mongodb.services.clever-cloud.com
12876,buyfromcade.mm
12877,buyitk.mm
12878,buzzard-79.lcl.dev
12879,bv0k40adtqoifdhew1s1-mysql.services.clever-cloud.com
12880,bv26vzxlbhsdgcngogll-mysql.services.clever-cloud.com
12881,bv2e4kt1gzjnzogx28hl-mysql.services.clever-cloud.com
12882,bv351dkdmgvkni2vzdhc-mysql.services.clever-cloud.com
12883,bv3eafkfx6nmdwu-mongodb.services.clever-cloud.com
12884,bv407trukbx7ldpemwed-mysql.services.clever-cloud.com
12885,bv4vbv7isckksxz-mongodb.services.clever-cloud.com
12886,bv5cto00s8gvfvc-mongodb.services.clever-cloud.com
12887,bv5z6ztkewtxkayh4mjj-mysql.services.clever-cloud.com
12888,bv61hohk86vyhxe-mongodb.services.clever-cloud.com
12889,bv6y59jcakngpea-mongodb.services.clever-cloud.com
12890,bv7glnyutix1hxr-mongodb.services.clever-cloud.com
12891,bv7jwqgrusknbxgmm7fs-mongodb.services.clever-cloud.com
12892,bv7mafvnre93rgggnrh4eu0bms138osr.mm
12893,bv7wsgctlynoxgj-mongodb.services.clever-cloud.com
12894,bv8v6ymadfknfmx-mongodb.services.clever-cloud.com
12895,bv9wjyqjtkvgm59-mongodb.services.clever-cloud.com
12896,bvaitkvknrohxj8dssco-mysql.services.clever-cloud.com
12897,bvaofebytjcnzdsm6pou-mysql.services.clever-cloud.com
12898,bvb0zxoiakxpi2e-mongodb.services.clever-cloud.com
12899,bvbozmgauspspbj85fyp-mysql.services.clever-cloud.com
12900,bvbvjtoh0ybhko1zsv0h-mysql.services.clever-cloud.com
12901,bvcchehalunojpujijpo-mysql.services.clever-cloud.com
12902,bvdf7jbtuwfcie5-mongodb.services.clever-cloud.com
12903,bvdhyquzfvdps41odb8h-mysql.services.clever-cloud.com
12904,bvdntjna4gcs599-mongodb.services.clever-cloud.com
12905,bve0dgptayi2zaulpyvj-mysql.services.clever-cloud.com
12906,bvebijzkrqo1ij9-mongodb.services.clever-cloud.com
12907,bveqykxdmvdy8lcdb6bh-mysql.services.clever-cloud.com
12908,bvesnmpycpa7mgiquefu-mysql.services.clever-cloud.com
12909,bvetmnoibz3w0zpqtedt-mysql.services.clever-cloud.com
12910,bvfeib3wvcwbbltwdwix-mysql.services.clever-cloud.com
12911,bvfksokz3tms5a7rfrjp-mysql.services.clever-cloud.com
12912,bvfvntugdjge5yopaycm-postgresql.services.clever-cloud.com
12913,bvgugruwq5jd5ontzjg5-postgresql.services.clever-cloud.com
12914,bvhqbckhsnbrjlt43cyj-mysql.services.clever-cloud.com
12915,bvi25nf7zbmypuqynwqv-postgresql.services.clever-cloud.com
12916,bvi3e4oaandh6ksiu4xx-mysql.services.clever-cloud.com
12917,bvigkzxpzq8bqt5dkztu-mysql.services.clever-cloud.com
12918,bvj5ouvj9pdfx4ry6iwp-mysql.services.clever-cloud.com
12919,bvk5uommnvyinxdi638u-mysql.services.clever-cloud.com
12920,bvkeoco1csqgsqm-mongodb.services.clever-cloud.com
12921,bvkfi2twpgnd433-mongodb.services.clever-cloud.com
12922,bvkoz4m27aewczh-mongodb.services.clever-cloud.com
12923,bvksdc0l0sb1rz0bggvg-mysql.services.clever-cloud.com
12924,bvkt5ov4tl2qkysjbotf-mysql.services.clever-cloud.com
12925,bvlgmisrgwwoxa0-mongodb.services.clever-cloud.com
12926,bvlk61v3cwapzu12mpxd-mysql.services.clever-cloud.com
12927,bvlkbtixbgd2o9aavh9q-mysql.services.clever-cloud.com
12928,bvmxexahilqngea59nsi-mysql.services.clever-cloud.com
12929,bvpwxrqheqe2nrgm5zrc-mysql.services.clever-cloud.com
12930,bvql7grm8ez2eh1-mongodb.services.clever-cloud.com
12931,bvqucbxf6nzpmgixgyev-mysql.services.clever-cloud.com
12932,bvqvi0ibutfwj2l-mongodb.services.clever-cloud.com
12933,bvr8erlieqpnvuo-mongodb.services.clever-cloud.com
12934,bvrd2bi8yvmijjs-mongodb.services.clever-cloud.com
12935,bvrzv3tpkvdwyrtbxhn2-mysql.services.clever-cloud.com
12936,bvslqyjogmrnsofth8qi-mysql.services.clever-cloud.com
12937,bvsmee9deqdjemj13tui-mysql.services.clever-cloud.com
12938,bvsxcqlxhapolkvadc2d-mysql.services.clever-cloud.com
12939,bvte6dehn5pzqw9eudah-mysql.services.clever-cloud.com
12940,bvtvcdesttnau1ecqa9l-mysql.services.clever-cloud.com
12941,bvuishoneiec38v18ej4-mysql.services.clever-cloud.com
12942,bvuystvwmhfojypgr5fk-mysql.services.clever-cloud.com
12943,bvvfhxa1lpplnynkr3v0-mysql.services.clever-cloud.com
12944,bvwiqyvszwmmh5pc3t9r-mysql.services.clever-cloud.com
12945,bvwqvatmlrttkxh-mongodb.services.clever-cloud.com
12946,bvxydvx7hnh4cdbcn63f-mysql.services.clever-cloud.com
12947,bvxzycgbhudnift-mongodb.services.clever-cloud.com
12948,bvy1rpvrt5i1jqhr5r2n-mysql.services.clever-cloud.com
12949,bvyfgzxe76cnl3u-mongodb.services.clever-cloud.com
12950,bvyyxtxpybhsxza-mongodb.services.clever-cloud.com
12951,bvz2nopbc-redis.services.clever-cloud.com
12952,bvzh4nfrymldm35dhvru-mysql.services.clever-cloud.com
12953,bw0002.mm
12954,bw07v10cwqh2kdb-mongodb.services.clever-cloud.com
12955,bw0s6medken3djdj0ssy-mysql.services.clever-cloud.com
12956,bw1uad9kxs3fni1mdevv-mysql.services.clever-cloud.com
12957,bw2mbqdqwu3u045-mongodb.services.clever-cloud.com
12958,bw3vqrlod7touvl-mongodb.services.clever-cloud.com
12959,bw40xuksswrcaqhcn18x-mysql.services.clever-cloud.com
12960,bw5ypauo6xkkunpbw4bn-mysql.services.clever-cloud.com
12961,bw656sh5lyjxpnhvqwjz-mysql.services.clever-cloud.com
12962,bw6kvypewh7vmdv3ugmc-mysql.services.clever-cloud.com
12963,bw8dcqeunqydzp4xnbvj-mysql.services.clever-cloud.com
12964,bwa72mts7lplarf-mongodb.services.clever-cloud.com
12965,bwblrb4waw16qqibopyn-mysql.services.clever-cloud.com
12966,bwbtvjg0aywexh2wucxe-mysql.services.clever-cloud.com
12967,bwdqzcskl1rfxrx-mongodb.services.clever-cloud.com
12968,bwefds0fbhhsisqbjmai-mysql.services.clever-cloud.com
12969,bwf7kxi1yvspmy7trjae-mysql.services.clever-cloud.com
12970,bwfbxwpkm0z5jst-mongodb.services.clever-cloud.com
12971,bwffssepwk1qwailxljs-mysql.services.clever-cloud.com
12972,bwfjy6t9hqrpehy-mongodb.services.clever-cloud.com
12973,bwfpfzfmpplscvvczyx5-postgresql.services.clever-cloud.com
12974,bwgkzy9cnbmbgwftif9o-mysql.services.clever-cloud.com
12975,bwhssbgi7xrwhpn0lefj-mysql.services.clever-cloud.com
12976,bwhsywapoxn4nmxpq3al-mysql.services.clever-cloud.com
12977,bwifefl6dt7mspo-mongodb.services.clever-cloud.com
12978,bwirppxpf6hqhadoep60-mysql.services.clever-cloud.com
12979,bwka4oyzzzequ5chup70-mysql.services.clever-cloud.com
12980,bwki8y3c13gu3kvyhdbu-mysql.services.clever-cloud.com
12981,bwkojezvggfiypnwdo2z-mysql.services.clever-cloud.com
12982,bwkunnj2q8iwa8z-mongodb.services.clever-cloud.com
12983,bwl1u8sysm29mebvmlcq-mysql.services.clever-cloud.com
12984,bwlv3kt23kypqih-mongodb.services.clever-cloud.com
12985,bwlxyj6hvqtxdj5-mongodb.services.clever-cloud.com
12986,bwmc0ch6np8udxefdc4p-mysql.services.clever-cloud.com
12987,bwmcyiusp93snykcoxup-mysql.services.clever-cloud.com
12988,bwmsjisaqgyatfmotg29-mysql.services.clever-cloud.com
12989,bwmtvx3ildetrkazogfk-mysql.services.clever-cloud.com
12990,bwn6jtrpf96icki-mongodb.services.clever-cloud.com
12991,bwndklz8ey3veewdjptp-mysql.services.clever-cloud.com
12992,bwnrn9vpzyfepuq-mongodb.services.clever-cloud.com
12993,bwnwwjjc70zzgm9mvcue-mysql.services.clever-cloud.com
12994,bwnywd2gqgmoseezvrra-mysql.services.clever-cloud.com
12995,bwnz2gteplm06lwqyups-mysql.services.clever-cloud.com
12996,bwoeiod5snu88nyegqkl-mysql.services.clever-cloud.com
12997,bwohmsmqdv2pqc4-mongodb.services.clever-cloud.com
12998,bwpaywilo974jeoklsgi-mysql.services.clever-cloud.com
12999,bwpxp4nbgbmgdlpeaiff-mysql.services.clever-cloud.com
13000,bwq8q6lqc2jmfprbvppt-mysql.services.clever-cloud.com
13001,bwqt6jj3ukucxp2f8ye7-mysql.services.clever-cloud.com
13002,bwrfssshxfhbpeebogjr-mysql.services.clever-cloud.com
13003,bwrkxned39vxgpzj3vx3-mysql.services.clever-cloud.com
13004,bwsrwtafcszpfuz-mongodb.services.clever-cloud.com
13005,bwssszscgkacloa-mongodb.services.clever-cloud.com
13006,bwuk6hfdeaip73fnxjhm-mysql.services.clever-cloud.com
13007,bwur6hbc7fjmhdpcbqsm-mysql.services.clever-cloud.com
13008,bwvelxl3ltpwgualibfl-mysql.services.clever-cloud.com
13009,bwvordfmaca52siwwrk4-mysql.services.clever-cloud.com
13010,bwwd6cfk3wrwry3-mongodb.services.clever-cloud.com
13011,bwwgcmmexwwsnkrfxzjw-mysql.services.clever-cloud.com
13012,bwwrbnqs9ytokycaiuqq-postgresql.services.clever-cloud.com
13013,bwwsvfijek6q9btjprfe-mysql.services.clever-cloud.com
13014,bwwuigbix2dg4glio1gr-mysql.services.clever-cloud.com
13015,bwxdrp5omvm0ivq-mongodb.services.clever-cloud.com
13016,bwy92oker9dkn6akoqqe-mysql.services.clever-cloud.com
13017,bwybqxprz3pjph7-mongodb.services.clever-cloud.com
13018,bwyewjhwipuifnllp1sq-mysql.services.clever-cloud.com
13019,bwyrqr.mm
13020,bwza7z9ge4cmhqyywvju-mysql.services.clever-cloud.com
13021,bwzlhrbutqx83c0tmcm4-mysql.services.clever-cloud.com
13022,bwzm1a7okmj39ms-mongodb.services.clever-cloud.com
13023,bx0oenhmhzvx96zx5din-postgresql.services.clever-cloud.com
13024,bx2bki1bclkxeosqmv8i-mysql.services.clever-cloud.com
13025,bx4gjdmhhkwwgxx-mongodb.services.clever-cloud.com
13026,bx578ysz8zumwo6shrmd-mysql.services.clever-cloud.com
13027,bx5no2vu2tcyxwk-mongodb.services.clever-cloud.com
13028,bx5uptiy6idedt5cumwm-mysql.services.clever-cloud.com
13029,bx6esyfcgvrwjqx-mongodb.services.clever-cloud.com
13030,bx6grhucuckfvnqgyile-mysql.services.clever-cloud.com
13031,bx73usljfsjdxsj-mongodb.services.clever-cloud.com
13032,bxae42gmyq1620bvfxis-mysql.services.clever-cloud.com
13033,bxaqd1anwx8todvzncut-mysql.services.clever-cloud.com
13034,bxbqxtel2vbvc1ufpq2u-mysql.services.clever-cloud.com
13035,bxbuke117r4gmf7aqsgj-mysql.services.clever-cloud.com
13036,bxbyssoleuv0grtuwoct-mysql.services.clever-cloud.com
13037,bxc4crnjwk7towtxguet-mysql.services.clever-cloud.com
13038,bxcchxtnyhymklzckm6x-mysql.services.clever-cloud.com
13039,bxcf2usahtk3l8fgip88-mysql.services.clever-cloud.com
13040,bxcob331npqvipdx33lp-postgresql.services.clever-cloud.com
13041,bxcun0qtlmvgzmyj1opa-postgresql.services.clever-cloud.com
13042,bxdbzzogwsaelzqeh7j1-mysql.services.clever-cloud.com
13043,bxdfhqcyzc79adtl0wfn-elasticsearch.services.clever-cloud.com
13044,bxdigw5wskcedyu-mongodb.services.clever-cloud.com
13045,bxduhbtqejeh68e3kbo3-mysql.services.clever-cloud.com
13046,bxe7xsgc7spc4qyuzrm9-postgresql.services.clever-cloud.com
13047,bxenhehfhtkefjj7j8co-mysql.services.clever-cloud.com
13048,bxfc28xsodhhtckwgqn2-mysql.services.clever-cloud.com
13049,bxfeuycx6ftsdou58brm-mysql.services.clever-cloud.com
13050,bxgncw5x3qbdvqegmkni-mysql.services.clever-cloud.com
13051,bxgoufzrtw2qehxzmjxn-mysql.services.clever-cloud.com
13052,bxi2zjkfpiytek8xkdbg-mysql.services.clever-cloud.com
13053,bxi8ead1fyyu5bw-mongodb.services.clever-cloud.com
13054,bxjlvx7lpuwjvstduvue-mysql.services.clever-cloud.com
13055,bxjulndjbxecbiwf5hea-postgresql.services.clever-cloud.com
13056,bxkigyjxjr4zv60h85jz-mysql.services.clever-cloud.com
13057,bxks8tcbbrmiy9z-mongodb.services.clever-cloud.com
13058,bxktjwtbvunsdlwvmhvv-mysql.services.clever-cloud.com
13059,bxkzfzje9ys9kcqipwcl-mysql.services.clever-cloud.com
13060,bxkzqj3xnhwox4ccgodb-mysql.services.clever-cloud.com
13061,bxl9ugidekst4pf-mongodb.services.clever-cloud.com
13062,bxlmmdqhaalgpjl-mongodb.services.clever-cloud.com
13063,bxlp0sfqtneqdl8-mongodb.services.clever-cloud.com
13064,bxnicrtmsruzlw7-mongodb.services.clever-cloud.com
13065,bxnpruiadbauhqnzcl72-mysql.services.clever-cloud.com
13066,bxo94bjg10bu1qpqsyoy-mysql.services.clever-cloud.com
13067,bxobo2etawjc44hj12cy-mysql.services.clever-cloud.com
13068,bxocnwhcusk1ily-mongodb.services.clever-cloud.com
13069,bxojxa7kh1jlbzuc9mpx-mysql.services.clever-cloud.com
13070,bxootpz4agsgdvaonjxs-mysql.services.clever-cloud.com
13071,bxpnu5vilzrvethg6xhg-mysql.services.clever-cloud.com
13072,bxqi16rdxae9goqp1l22-mysql.services.clever-cloud.com
13073,bxr47xlfbfn2oo9-mongodb.services.clever-cloud.com
13074,bxrd0svxx36wckkru1es-postgresql.services.clever-cloud.com
13075,bxsghhwhcgrqr7qzhjzo-mysql.services.clever-cloud.com
13076,bxss.mm
13077,bxss.pg
13078,bxsy2n4vgfkjtt8uzldp-mysql.services.clever-cloud.com
13079,bxt4tuyu8ztztayxfszc-mysql.services.clever-cloud.com
13080,bxtgz3ttntgbrjoyqcev-mysql.services.clever-cloud.com
13081,bxuhp4yvjo2egoqnbrla-mysql.services.clever-cloud.com
13082,bxuxmm4azdwzzqr-mongodb.services.clever-cloud.com
13083,bxuyvaw4kwtm84iwpkku-mysql.services.clever-cloud.com
13084,bxuzlvymywf09la-mongodb.services.clever-cloud.com
13085,bxv6ojsfc8czfhbxpx6mdayht9in5v7nc5jnosjciggtnaubtujg5x9wmlv.np
13086,bxwi1irloo29lyrughic-mysql.services.clever-cloud.com
13087,bxxvl2lgeldkytl7vedh-mysql.services.clever-cloud.com
13088,bxxxv2t340wfhmu5yqse-mysql.services.clever-cloud.com
13089,bxz0bevkutkqc1evapqo-mysql.services.clever-cloud.com
13090,bxzbjdwsvt7yedd3wqy8-mysql.services.clever-cloud.com
13091,bxzjbpua5n9r56z-mongodb.services.clever-cloud.com
13092,bxzwca56xzukvl0ryqvw-mysql.services.clever-cloud.com
13093,by040imvbzn09eyeiau2-postgresql.services.clever-cloud.com
13094,by0n72msi0xlvlvdrrjd-mysql.services.clever-cloud.com
13095,by28084.mm
13096,by4ghvx8h4xzgnp-mongodb.services.clever-cloud.com
13097,by596p5pwq35krkqv8r0-mysql.services.clever-cloud.com
13098,by6qdnqn0taopdj8kjyb-elasticsearch.services.clever-cloud.com
13099,by6xu0qeualm5fkktrdm-mysql.services.clever-cloud.com
13100,by82vh8nnk0tdudfw5jw-mysql.services.clever-cloud.com
13101,by9fwtmvtzyip8vakm2g-mysql.services.clever-cloud.com
13102,by9pffpwcntnqlmfyl2r-mysql.services.clever-cloud.com
13103,by9ttahot5ooic61gx1m-mysql.services.clever-cloud.com
13104,bya0w35gap47ims-mongodb.services.clever-cloud.com
13105,byajgckjeescuzwcmbxr-postgresql.services.clever-cloud.com
13106,byat9ktrbhkgzln-mongodb.services.clever-cloud.com
13107,byderrizcvkm69nu0z5a-mysql.services.clever-cloud.com
13108,bydqayiyo4p9o3n-mongodb.services.clever-cloud.com
13109,bye0pb4fmf8j7cabpthn-mysql.services.clever-cloud.com
13110,bye4vy6zhwf0sddfsc1d-postgresql.services.clever-cloud.com
13111,byeml1csa7apu6v-mongodb.services.clever-cloud.com
13112,byg7fmu2qoomqbs3f4m9-postgresql.services.clever-cloud.com
13113,bygse241zqcbupjmrvad-mysql.services.clever-cloud.com
13114,byguebjdt4paprwhe6pq-mysql.services.clever-cloud.com
13115,bygxdbkvthdlm8ulj6ie-mysql.services.clever-cloud.com
13116,byhhaagij2gymsmhqizv-mysql.services.clever-cloud.com
13117,byijd6juofsdj7c1zyhr-mysql.services.clever-cloud.com
13118,byiyzstemjcww1ww8lup-postgresql.services.clever-cloud.com
13119,byjc6ddxzbr7foc1gcqc-postgresql.services.clever-cloud.com
13120,byjxxeks51ddxlrvfa5x-mysql.services.clever-cloud.com
13121,bykhzvoagfncobj-mongodb.services.clever-cloud.com
13122,bykoxpxsybzqzwzbmww8-mysql.services.clever-cloud.com
13123,bykxrdnzeusr4lh-mongodb.services.clever-cloud.com
13124,bylqy3kdhmq6jwp-mongodb.services.clever-cloud.com
13125,bylv4agrvrnvszcmd2ti-mysql.services.clever-cloud.com
13126,bymddbzbihw8j94kw1td-postgresql.services.clever-cloud.com
13127,bymnmcqxjefqme4meshj-mysql.services.clever-cloud.com
13128,bymz3yl8iocdttz-mongodb.services.clever-cloud.com
13129,bypesi2jkxmhssnvmy1p-mysql.services.clever-cloud.com
13130,bypjglqklh4sdxc-mongodb.services.clever-cloud.com
13131,byrhj2q6uwqvpta-mongodb.services.clever-cloud.com
13132,byrmlbyr0sbowrc-mongodb.services.clever-cloud.com
13133,byrzzrhqlekblpwmiope-postgresql.services.clever-cloud.com
13134,bysagestudio.mm
13135,bysvsmu5sbke9ergayxly7hjdptcg4wfhjpyte8bj7z7dlc.bd
13136,bytoa65iyfwpo5qzvk5n-mysql.services.clever-cloud.com
13137,byueckvwjhsmcw9dfzwp-mysql.services.clever-cloud.com
13138,byusazruhhz6ig54nmzv-mysql.services.clever-cloud.com
13139,byv3jzafk64xvtu91fyi-mysql.services.clever-cloud.com
13140,byvuabmpuhuumdpajmhh-postgresql.services.clever-cloud.com
13141,byx9jrg6yqwhlx9-mongodb.services.clever-cloud.com
13142,byxmoskup6u8tzuoczds-mysql.services.clever-cloud.com
13143,byxvqy64mfouovb-mongodb.services.clever-cloud.com
13144,byyswydxiysh4pc-mongodb.services.clever-cloud.com
13145,byz2qc9uio5nxy7gaa6m-mysql.services.clever-cloud.com
13146,bz051qplefvvqfk-mongodb.services.clever-cloud.com
13147,bz1aj02kkbvxiubkqvfn-mysql.services.clever-cloud.com
13148,bz1fm6zwqfueyf94xgxi-mysql.services.clever-cloud.com
13149,bz2wg4dfnmbj6iomqai7-mysql.services.clever-cloud.com
13150,bz3bdmpb9d2qdrrljrvd-elasticsearch.services.clever-cloud.com
13151,bz4sdjxxvtamgsnszpem-mysql.services.clever-cloud.com
13152,bz67sqvfk0buhbelnzpk-mysql.services.clever-cloud.com
13153,bz7nvemmg55e9ieraz8o-mysql.services.clever-cloud.com
13154,bz8wvanhnpgcqfl-mongodb.services.clever-cloud.com
13155,bz94mexi7de5ptqxa3pq-mysql.services.clever-cloud.com
13156,bzahdiqabm1dl5u4ldfn-mysql.services.clever-cloud.com
13157,bzbdyogwwf08dwwertcy-mysql.services.clever-cloud.com
13158,bzbmo1at22e0wxmqtkqf-postgresql.services.clever-cloud.com
13159,bzc88ijal7cu9du4w8me-mysql.services.clever-cloud.com
13160,bzcu9ph1vbfuzodcjbzv-mysql.services.clever-cloud.com
13161,bze04pfyorx8o5tgjjst-mysql.services.clever-cloud.com
13162,bzeekland.mm
13163,bzefvwtrefkgi0phnedu-mysql.services.clever-cloud.com
13164,bzen77fwnmpyujn-mongodb.services.clever-cloud.com
13165,bzf1jd9axzbqzwxjd80z-postgresql.services.clever-cloud.com
13166,bzfcpfipm1tf9jpihglm-mysql.services.clever-cloud.com
13167,bzffpcddfirezy8t5qns-mysql.services.clever-cloud.com
13168,bzfmszpjn5ksodii3sjq-postgresql.services.clever-cloud.com
13169,bzfoh65jxj8hok4wud7j-mysql.services.clever-cloud.com
13170,bzh9hnato9zm2en-mongodb.services.clever-cloud.com
13171,bzhbvlu6wsgbwwxivoig-mysql.services.clever-cloud.com
13172,bzhmlcnurb3kjcer7pb9-mysql.services.clever-cloud.com
13173,bzi8ycct5borbheebqsv-mysql.services.clever-cloud.com
13174,bzifuloemyvduupq93as-mysql.services.clever-cloud.com
13175,bziwn2w6drbsdptzz0ea-mysql.services.clever-cloud.com
13176,bzkcmalcsc0ks7e-mongodb.services.clever-cloud.com
13177,bzl6h359wyt0suwfn9iz-mysql.services.clever-cloud.com
13178,bzlyon3mqpgcnaay6jwo-mysql.services.clever-cloud.com
13179,bzn1q7kv98klwehbnyjh-mysql.services.clever-cloud.com
13180,bzogoaq4dgfdbzdw1opc-mysql.services.clever-cloud.com
13181,bzoibxaeou4q7ez-mongodb.services.clever-cloud.com
13182,bzqgvxn8b3svqlt-mongodb.services.clever-cloud.com
13183,bzrftfafhxlbjplweihs-postgresql.services.clever-cloud.com
13184,bzrltcs37twqok2qfaff-mysql.services.clever-cloud.com
13185,bzs7djnfjpmgo1b5h22p-mysql.services.clever-cloud.com
13186,bzswm9vdc8rdojexcooz-mysql.services.clever-cloud.com
13187,bzswrtzsjlllirm-mongodb.services.clever-cloud.com
13188,bzt6hd5dqq1fg4c-mongodb.services.clever-cloud.com
13189,bzv3ufk0d4jfyxkqpeqi-mysql.services.clever-cloud.com
13190,bzvwidymatccxtvm3fmm-postgresql.services.clever-cloud.com
13191,bzxcenqzbalb2e151d3s-mysql.services.clever-cloud.com
13192,bzxd3rcx6hqcqfmnw82i-mysql.services.clever-cloud.com
13193,bzxeuelddq3nql1bq66i-postgresql.services.clever-cloud.com
13194,bzy54iwxivv9shzsm3oi-mysql.services.clever-cloud.com
13195,bzyndjpx9dg3k28-mongodb.services.clever-cloud.com
13196,bzz7ysclecrf8htckstp-mysql.services.clever-cloud.com
13197,bzzjh8i4w5tx6zi4rk1k-mongodb.services.clever-cloud.com
13198,c-emba.mm
13199,c-pointsystems.mm
13200,c-sectionals.mm
13201,c.bg
13202,c.mm
13203,c04142350.mm
13204,c1-es-logs-customers.services.clever-cloud.com
13205,c1-warp10-es-clevercloud-customers.services.clever-cloud.com
13206,c1005.mm
13207,c14.airflow.us-west-2.on.aws
13208,c16.airflow.us-west-2.on.aws
13209,c2-warp10.services.clever-cloud.com
13210,c2.eu-west-1.airflow.amazonaws.com
13211,c21e9420392111eb81be078dda8e0280.kh
13212,c24.airflow.eu-west-1.on.aws
13213,c25.airflow.us-east-1.on.aws
13214,c26.us-west-2.airflow.amazonaws.com
13215,c27.airflow.us-west-2.on.aws
13216,c3-cassandra-axiell-group-customers.services.clever-cloud.com
13217,c3-es-logs-customers.services.clever-cloud.com
13218,c3-pulsar-clevercloud-customers.services.clever-cloud.com
13219,c3-warp10-nickel-customers.services.clever-cloud.com
13220,c3.us-east-1.airflow.amazonaws.com
13221,c3.us-east-2.airflow.amazonaws.com
13222,c3.us-west-1.airflow.amazonaws.com
13223,c3.us-west-2.airflow.amazonaws.com
13224,c30.us-east-1.airflow.amazonaws.com
13225,c30.us-west-2.airflow.amazonaws.com
13226,c4.eu-west-2.airflow.amazonaws.com
13227,c4.us-east-2.airflow.amazonaws.com
13228,c45.us-east-1.airflow.amazonaws.com
13229,c47.us-east-1.airflow.amazonaws.com
13230,c49.us-east-1.airflow.amazonaws.com
13231,c50.airflow.us-east-1.on.aws
13232,c55.airflow.us-east-1.on.aws
13233,c57.us-east-1.airflow.amazonaws.com
13234,c5c1jsgfbl3kiltq6htdv6gdm9k4j1ld.mm
13235,c63.airflow.us-east-1.on.aws
13236,c692377e4d66.hosting.myjino.ru
13237,c7.ap-southeast-1.airflow.amazonaws.com
13238,c7.eu-central-1.airflow.amazonaws.com
13239,c7.us-west-2.airflow.amazonaws.com
13240,c7t6qp.mm
13241,c8.ap-southeast-1.airflow.amazonaws.com
13242,c8.eu-west-1.airflow.amazonaws.com
13243,c8.sa-east-1.airflow.amazonaws.com
13244,c8.us-west-1.airflow.amazonaws.com
13245,c8gv8ib7kxf1itg7.bd
13246,c8snd1qh15a7e3aodj1gq893pbal0njo.mm
13247,c9.eu-north-1.airflow.amazonaws.com
13248,c90euldfcuyvhb9d5jyddvobzu.ck
13249,ca-west-1.experiments.sagemaker.aws
13250,ca.nom.br
13251,cacoregon.mm
13252,cactusbeach.mm
13253,cactusbeach.pg
13254,cactusnsunshine.mm
13255,caddy--docs--c4pbql5kyxbs.code.run
13256,caddy--docs--eur--star-hp6k.code.run
13257,cadenadesigngroup.mm
13258,cadofefeep.beget.app
13259,caduke.np
13260,caeflyers.mm
13261,caerphilly.sch.uk
13262,caf803306b4c11ebac6641867c1c0851.kh
13263,cafjs.com
13264,cahoomupa.beget.app
13265,cairsport.mm
13266,caishang888.mm
13267,cakvehk.mm
13268,californiabtr.mm
13269,calmnft.mm
13270,caloriediamondconcept.mm
13271,calrtoncrafted.mm
13272,camai.kh
13273,camargo.nom.br
13274,cambodiaigf.kh
13275,cambridgeshirecorp.mm
13276,camerancole.mm
13277,camillessidewalkcafe.mm
13278,campidano-medio.it
13279,campidanomedio.it
13280,campings-wifi.mm
13281,campsaspire.mm
13282,campuzan.mm
13283,canadianblueprints.mm
13284,canadiancountycasa.mm
13285,canberra-emzuz1.builder.code.com
13286,candelaria.nom.br
13287,cangayiboy.beget.app
13288,caniscibum.mm
13289,cannadips.paywhirl.com
13290,capitalismo-humanista.mm
13291,capitalismo-humanista.np
13292,capitalismo-umanistico.bd
13293,captainryans.mm
13294,car-cleaning-spray-us-1747829.mm
13295,carbogreensteel.mm
13296,carbonia-iglesias.it
13297,carbonlinecomposites.mm
13298,carecratevending.mm
13299,caredoregon.mm
13300,careers.compute-1.amazonaws.com
13301,careherts.mm
13302,carelesstravel.mm
13303,cargo.aero
13304,caribbeankeys.mm
13305,carlos.nom.br
13306,carneiro.nom.br
13307,caro-windlin.mm
13308,carolclary.mm
13309,carolpreisinger.mm
13310,carolsbox.mm
13311,carpgame.mm
13312,carrara-massa.it
13313,carraramassa.it
13314,carrental-unitedkingdom.mm
13315,carserllc.mm
13316,carstenlenz.mm
13317,carterasdbeniro.mm
13318,cartopel2.mm
13319,cartopel2.np
13320,cartopel3.mm
13321,cartopel3.pg
13322,carvimsa.bd
13323,cas.sch.uk
13324,casalatinoamericanasweden.mm
13325,casaluciamendoza.mm
13326,casecampisi.mm
13327,cashandcreativerealestate.mm
13328,cashbalanceadministration.mm
13329,cashforusedbike.mm
13330,cashmiretribe.mm
13331,cashways2.mm
13332,casibom1028.mm
13333,casinomonsterwin.mm
13334,castawaycove219.mm
13335,castironlampposts.mm
13336,castle.sch.uk
13337,castledaletowing.mm
13338,castleosteopathy.mm
13339,casualfoodlca.mm
13340,casuloai.mm
13341,catherineparkersolutions.mm
13342,catlatin.mm
13343,caveagedsoftware.mm
13344,cavegirlculture.mm
13345,caylawirianto.mm
13346,caymanpoolconstruction.mm
13347,cazunksilbrouk.beget.app
13348,cbddailyforme.mm
13349,cbikqkvl6g31ehjnunp465g9nibd7hrl.mm
13350,cbrpress.mm
13351,cbsclinicas.mm
13352,cc.co.us
13353,cc.ct.us
13354,cc.ne.us
13355,cc.nj.us
13356,cc.pa.us
13357,cc.ut.us
13358,cc51.ck
13359,ccc.paywhirl.com
13360,ccd4667c4eae.vps.myjino.ru
13361,ccspepi.mm
13362,cctvmagazine.mm
13363,ccuseor.mm
13364,cdacm.mm
13365,cdn.oaiusercontent.com
13366,cdnetrom.mm
13367,cdqgs3qg4akf93e6jejb85m8nhfbin7e.mm
13368,cdxiche.mm
13369,ce8d94399e0d.spectrum.myjino.ru
13370,cebulekolues.beget.app
13371,cedosells.mm
13372,ceebunobo.beget.app
13373,ceeguard.mm
13374,cefs-01.np
13375,cekudiba.beget.app
13376,celenv.mm
13377,celinawindowcoverings.mm
13378,cellar-fr-north-c1.services.clever-cloud.com
13379,centeant.mm
13380,centuria-group.mm
13381,cepqueludadpeey.beget.app
13382,cequinox.mm
13383,ceramicasanchez.mm
13384,cerebro-av-detected-site-test-domain-name.jm
13385,cerebro-av-detected-site-test-domain-name.mm
13386,cerebro-av-detected-site-test-domain-name.pg
13387,cesenaforli.it
13388,cetarnakupuk.beget.app
13389,cevucebe.beget.app
13390,cftires.mm
13391,cgi.compute-1.amazonaws.com
13392,cgiguru.mm
13393,cgs190319.mm
13394,chadwickhomesinc.mm
13395,chamber-wfhlqmu.builder.code.com
13396,champagnesonline.mm
13397,changfajs.mm
13398,chapelbreakinfantnorfolk.sch.uk
13399,charangero.mm
13400,charliezloan.mm
13401,che.ck
13402,check-demo4.mm
13403,check0two.ck
13404,check2two.ck
13405,checkupvision.mm
13406,cheese-fries.mm
13407,chelseartstudio.mm
13408,chenxuanchina.mm
13409,chgdqp6aboehn325fvjgec98jb2l8bda.mm
13410,chichibu.saitama.jp
13411,chigger-26.lcl.dev
13412,chiguaa48.mm
13413,chihuahuachacha.mm
13414,chijiwa.nagasaki.jp
13415,chikuhoku.nagano.jp
13416,chikuma.nagano.jp
13417,chikusei.ibaraki.jp
13418,chikushino.fukuoka.jp
13419,childcareawards.mm
13420,chilifitness.mm
13421,chinagrtech.mm
13422,chinesestylehub.mm
13423,chino.nagano.jp
13424,chip-pc.mm
13425,chipcoffeytour.mm
13426,chippubetsu.hokkaido.jp
13427,chiropratiquegamelin.mm
13428,chlkj.mm
13429,chococrave90.mm
13430,choose-mindfulness.mm
13431,chordseek.mm
13432,chosei.chiba.jp
13433,chou168.mm
13434,chowder.jp
13435,chris5460.mm
13436,chrisfinansellschs.mm
13437,christensentermite.mm
13438,christianfamilyplace.mm
13439,christinakayjimenez.mm
13440,christmasshiro.mm
13441,chs8mem63m39mvi7lauht9vefmeqiske.mm
13442,chtr.k12.ma.us
13443,chu.kh
13444,chugoku-kenkyu-shukan.mm
13445,chungbuk.kr
13446,chuo.osaka.jp
13447,churchbutler.mm
13448,ci92dl3dgn4oh8io3u7dlgb9f1gme6mj.mm
13449,ciaocars.mm
13450,cicekcix.mm
13451,ciciteplo.beget.app
13452,cietharoyer.beget.app
13453,cigicoliquie.beget.app
13454,cignaturex.mm
13455,ciiasesorialogistica.np
13456,ciiasesorialogistica.pg
13457,cikaliyuygask.beget.app
13458,cikaurangcuk.mm
13459,ciklum.er
13460,ciklum.jm
13461,ciklum.pg
13462,cinevision4.mm
13463,cinnamonbowlproductions.mm
13464,ciom.bd
13465,circulusllc.mm
13466,cisiliehasa.beget.app
13467,citadel-rm5kvvz.builder.code.com
13468,citadel-z3czsul.builder.code.com
13469,citibeur.mm
13470,citybank.bd
13471,citylawfirm-org.mm
13472,civilrightsrestoration.mm
13473,ckc.ck
13474,ckokrnz804mhrppinlhyukdagqpgu7ly7o89hbiwkeutzojpe7iqhdijjqtw.kh
13475,clam-tem5zujecn.builder.code.com
13476,claremont2.sch.uk
13477,clashart.mm
13478,classicheatingandacrepairscottsdale.mm
13479,classiclabelspkg.mm
13480,clayface.ck
13481,cleaning-services-de-3693693.mm
13482,clear-vc.mm
13483,clearsafe-asbestos.mm
13484,clerkstage.app
13485,cleverlyinspired.mm
13486,clickrising.net
13487,client.scrypted.io
13488,climbingmedia.mm
13489,clinical-integration-app-eyzmtbhw.devinapps.com
13490,clinonasty.mm
13491,clipitatasast.beget.app
13492,clisanro-elevir.mm
13493,clnov224ce.mm
13494,cloct24b7f.mm
13495,cloud-flying.mm
13496,cloud66.ws
13497,cloudcopapi4.mm
13498,cloudestatephotography.mm
13499,cloudlikeseating.mm
13500,cloudplayc.mm
13501,cloudyhillvanho.mm
13502,cloutzeventhire.mm
13503,clpmanagement.mm
13504,clunkiness.mm
13505,cluster025.hosting.ovh.net
13506,cluster120.hosting.ovh.net
13507,cmbqi.lcl.dev
13508,cmlietgrop.mm
13509,cmstahseel.mm
13510,cnchomerepairspecialist.mm
13511,cnoujd6hrpsfci0pmhvbi5sfsh1obcc3.mm
13512,co.financial
13513,co.io
13514,co.krd
13515,co.ss
13516,co0m.bd
13517,coachmarkstephens.mm
13518,coastalscapesoc.mm
13519,coca-cola.sch.uk
13520,coca-colascholarships.ck
13521,cocibou3.mm
13522,cockpit.fr-par.scw.cloud
13523,cocoave.mm
13524,cocochoa.mm
13525,codemano.mm
13526,codriyobreln.beget.app
13527,coeiujl.mm
13528,coelho.nom.br
13529,coffeeandthrottlebodies.mm
13530,coffeetwists.mm
13531,cohunienust.beget.app
13532,cohunienustish.beget.app
13533,coinbotap.mm
13534,coinstroveshp.mm
13535,cokezero.nom.br
13536,colinahospitality.mm
13537,colingriffithsfinearts.mm
13538,collar-corazon.mm
13539,collegelegend.mm
13540,collinlongoria.mm
13541,coloniesfutbol.mm
13542,coloradovahouseloan.mm
13543,colorfulcoloradophotography.mm
13544,coloringpagesjos.mm
13545,colorlikethis.mm
13546,com-br.pg
13547,com.compute-1.amazonaws.com
13548,com.fm
13549,come.pg
13550,comgb-lon-1.linodeobjects.com
13551,comk.bd
13552,comm.er
13553,communities.compute-1.amazonaws.com
13554,composersarah.mm
13555,compound-genetics.mm
13556,compustarcorp.mm
13557,computerconsultantgift.mm
13558,comse-sto-1.linodeobjects.com
13559,comtwitter.mm
13560,comunicacionvisualcanarias.mm
13561,comwp-content.mm
13562,concentratedsupplies.mm
13563,concreteknox.mm
13564,conduitcorp.mm
13565,conference.aero
13566,confluence-solocal-customers.services.clever-cloud.com
13567,connect.compute-1.amazonaws.com
13568,connect.mm
13569,connectingtospace.mm
13570,consiglio-tecnologia-umanesimo.kh
13571,consiglio-tecnologia-umanesimo.mm
13572,consiglio-tecnologia-umanesimo.np
13573,consiglio-umanesimo-tecnologia.bd
13574,consiglio-umanesimo-tecnologia.jm
13575,consiglio-umanesimo-tecnologia.kh
13576,consultingbible.mm
13577,consultwithagilis.mm
13578,consumidor-consulta2025.mm
13579,contacthighzine.mm
13580,contenidos.mm
13581,contratsocialaveclacreation.pg
13582,controlaltpete.mm
13583,convertimagefiles.mm
13584,conwyholidaypark.mm
13585,coodcazubulhet.beget.app
13586,coofneon.mm
13587,coom.bd
13588,coonotoklef.beget.app
13589,coop.km
13590,coponoyan.beget.app
13591,copotise.beget.app
13592,coral-76.lcl.dev
13593,coretw.mm
13594,corgi-97.lcl.dev
13595,corporatexworld.mm
13596,cosytueka1cqgfxlwgx.er
13597,cotimapogteef.beget.app
13598,coursesupermarket.mm
13599,cowstocarrots.mm
13600,coyote-6.lcl.dev
13601,coyote-77.stg.dev
13602,cpan.np
13603,cplworks.mm
13604,cqe03vfk1p5buhh40rsdgceopbg1fro5.mm
13605,cqyaming-lighting.mm
13606,cr.ua
13607,cr4dljtgfqo8sg61flkl0r228tho9u34.mm
13608,craftsandpaint.mm
13609,crag-oet1svfrmt.builder.code.com
13610,craigratner.mm
13611,cranialintelligence.mm
13612,crayfish-78.lcl.dev
13613,crcvehbs5g3i4f38ptmrsmjkta406s3i.mm
13614,creatingkeepsakes.mm
13615,creativedesignstationery.mm
13616,creativeinteriorgroup.mm
13617,creditcorp.pg
13618,cricket-yytozgv.builder.code.com
13619,cristiankrizman.mm
13620,croquuquuqueno.beget.app
13621,crowntainment.mm
13622,crqavbf4g12v9g3cn48hc39sqp85rn2o.mm
13623,cryptocurrencyassociate.mm
13624,cryptodrunk.mm
13625,crystalcoastmenus.mm
13626,cs.sch.uk
13627,csb22krlikev6s0l3hgohd23kn6ee2f4.mm
13628,csmp-kn.mm
13629,csprollc.mm
13630,csscaddie.mm
13631,ctera.mm
13632,ctfx-investment-pt.mm
13633,ctozt.er
13634,ctrlshiftes.mm
13635,cuados.mm
13636,cucinelli-ai.bd
13637,cucinelli-ai.mm
13638,cucinellimansion.bd
13639,cuejideskek.beget.app
13640,cuenitreno.beget.app
13641,culti-bio.mm
13642,cultuurdienst.mm
13643,cumbriagfl.sch.uk
13644,cumdria.sch.uk
13645,curaleaf-ar.mm
13646,cushysocks.mm
13647,custom.metacentrum.cz
13648,customer.er
13649,cuyasikoukouf.beget.app
13650,cv9lk.lcl.dev
13651,cvpirates.mm
13652,cvyj3.stg.dev
13653,cwa.run.app
13654,cwzpuix.mm
13655,cxdl4.lcl.dev
13656,cxom.bd
13657,cyberkombinat23.mm
13658,cybwatches.mm
13659,cyclesncream.mm
13660,czyfeng.mm
13661,d-dynamic.mm
13662,d-ffceb.mm
13663,d.bg
13664,d.gv.vc
13665,d0b15b00521f11ebba59233c6667b96f.kh
13666,d1-spint.run.app
13667,d2aici.kh
13668,d4see4nj1hwivsnk98.np
13669,d5k7lv3ruv698chgnp4j8m1gj7oh4ibm.mm
13670,d655ok1g0csbijug98un170nfe6r0sa2.mm
13671,d6qmpo6p.mm
13672,d7c593e0338c11eb81be078dda8e0280.kh
13673,daciriecez.beget.app
13674,daikon-uctsnctv.builder.code.com
13675,dailydossierblogs.mm
13676,dailygamez.mm
13677,daklak.vn
13678,daknong.vn
13679,damonde-labo.mm
13680,danielasani.mm
13681,danielclow.mm
13682,danielepanizza.mm
13683,danielrherron.mm
13684,danlenard.mm
13685,danskofactorystore.mm
13686,dantevelasquezjr.mm
13687,daonguyenart.mm
13688,daraz.bd
13689,darling.kh
13690,darrynstjohnphotography.mm
13691,daskalosb2b.mm
13692,databehandleren.er
13693,dataworks365.mm
13694,date.fukushima.jp
13695,datefoquir.beget.app
13696,dating-websites-gb.mm
13697,dattaone.mm
13698,dattorelay.com
13699,dau.kh
13700,davidcarrierartwriter.mm
13701,davidcristoballitago.mm
13702,davidengineeringcorp.mm
13703,daviditurralde.mm
13704,davidkillian.mm
13705,davidlosilla.mm
13706,dayaxi.mm
13707,daysandmoment.mm
13708,daytondiscountfurnit.mm
13709,dazhongdianzan.mm
13710,dazzling-store.mm
13711,db3543.mm
13712,dbwpress.mm
13713,dc550046.mm
13714,dd.mm
13715,ddfb50f02e9211eb912221eff3ed8b2e.kh
13716,ddjobosunamgong.bd
13717,ddscamdenton.mm
13718,ddwo56.mm
13719,de-1.platformsh.site
13720,de.ex.ortsinfo.at
13721,de2.localto.net
13722,deadexitmusic.mm
13723,dealbycoin.mm
13724,dealersupportcenter.mm
13725,deanedental.mm
13726,debelabu.beget.app
13727,deborahlambert.mm
13728,decadeology.mm
13729,dedicandle.mm
13730,dedicated.oraclecloudapps.com
13731,deeep-studio.mm
13732,deer-63.stg.dev
13733,def-trading.mm
13734,definima.io
13735,degreeinhumanismandtechnology.bd
13736,degreeinhumanismandtechnology.kh
13737,degreeinhumanismandtechnology.pg
13738,degrees-in-fashion-us-970528xx.mm
13739,delawarelionsfoundation.mm
13740,delevensschool.mm
13741,dell-ogliastra.it
13742,dellogliastra.it
13743,delnetitsolutions.mm
13744,deltacr.np
13745,deltour.ck
13746,demandnuclearabolition.mm
13747,demo.datadetect.com
13748,demomibetul.beget.app
13749,denchin.mm
13750,dengzhanying.mm
13751,denimwale.mm
13752,denisecestabasica.mm
13753,dennso-legal.mm
13754,deno-staging.dev
13755,densiqgroup.mm
13756,depujonu.beget.app
13757,dequojuha.beget.app
13758,dereksnead.mm
13759,desibook.mm
13760,design4five.mm
13761,designplastering.mm
13762,designsilverback.mm
13763,designworkleisure.mm
13764,desimartinimovies.mm
13765,desk-hunter.mm
13766,desknub.mm
13767,deskundigheidsbevordering-zorg.mm
13768,destufurolleb.beget.app
13769,detarding.mm
13770,detroitmotorcyclepartsservicesales.mm
13771,devbhoomihrservices.mm
13772,devcloud.linodeobjects.com
13773,developer.compute-1.amazonaws.com
13774,developersurvivalkit.mm
13775,devices.resinstaging.io
13776,dfsdonors.mm
13777,dgiigovdodoc.mm
13778,dgopush.mm
13779,dgxjbz.mm
13780,dhruvika.mm
13781,dialup100.run.app
13782,dialuxo.mm
13783,diarias.nom.br
13784,diditg.mm
13785,diehlexposure.mm
13786,dielddanuorri.no
13787,diemmeidea.mm
13788,diesapriku.beget.app
13789,differentia.kh
13790,differentia.np
13791,difruthagi.beget.app
13792,digital-marketing-courses-united-kingdom.mm
13793,digitalcolorsmedia.mm
13794,digitalestreckenkenntnis.mm
13795,digitalforestcloud.mm
13796,digitallyindiablog.mm
13797,digitalsettlementsgroup.mm
13798,digitalsophisticatedacademy.mm
13799,digitalworks-agency.mm
13800,diin.mm
13801,dijitalprofi.mm
13802,dilusubekes.beget.app
13803,dingo-82.lcl.dev
13804,dinosaur-clp6v3.builder.code.com
13805,dinosaurjays.mm
13806,dipizapiybrik.beget.app
13807,diplomsall.mm
13808,diriskolostug.beget.app
13809,discourse.team
13810,discoverumpquavalley.mm
13811,disneylandbedbuglawyer.mm
13812,distriwellness.mm
13813,divulgueme.mm
13814,diyashome.mm
13815,diylogodesigns.mm
13816,djfenzl.mm
13817,djk7-bfg9.cloudera.site
13818,djx308.mm
13819,dkccarsltd.mm
13820,dlabon.mm
13821,dlasambadanslesepinards.mm
13822,dlllmechanical.mm
13823,dlquickbooksaccounting.mm
13824,dlxajsjzlgs.mm
13825,dmitrywedkam.mm
13826,dmjofficial.mm
13827,dnacodeupgrade.mm
13828,dnh57.mm
13829,dniusfh89mlmm5u0lst103h69ep11go5.mm
13830,dns.sch.uk
13831,doblenpapeleras.mm
13832,docacobenos.beget.app
13833,docaposte-docasante-aix.services.clever-cloud.com
13834,dockside-strategies.mm
13835,docs.compute-1.amazonaws.com
13836,doctor-s-optimal-formula.paywhirl.com
13837,doctors-optimal-formula.paywhirl.com
13838,dodsoncodes.mm
13839,doe-63.lcl.dev
13840,doe-87.lcl.dev
13841,doesitcage.mm
13842,dogfish-44.lcl.dev
13843,doggieinwindow.mm
13844,dokosmarshall.mm
13845,dolleyminingcompany.mm
13846,domain-altima-customers.services.clever-cloud.com
13847,domain-ovh0.services.clever-cloud.com
13848,domain-par-altima-customers.services.clever-cloud.com
13849,domain-par-clevercloud-cellar-customers.services.clever-cloud.com
13850,domain-par-monkeyfactory-customers.services.clever-cloud.com
13851,domain-par-sevanova-customers.services.clever-cloud.com
13852,domain-par-shopopop-customers.services.clever-cloud.com
13853,domain-proveance-customers.services.clever-cloud.com
13854,domain-shippeo-customers.services.clever-cloud.com
13855,domainroadmap.mm
13856,dominicanoexpress.mm
13857,donde.er
13858,doodoofudge.mm
13859,doohun.mm
13860,dooleyrestored.mm
13861,dorbvxa.mm
13862,doseersysteem.mm
13863,doshi.yamanashi.jp
13864,dosolindustrial.mm
13865,dossier-antai-gouvs.mm
13866,dotasosfak.beget.app
13867,dottypets.mm
13868,download.compute-1.amazonaws.com
13869,downloadcenter.compute-1.amazonaws.com
13870,dp5i-5vkq.cloudera.site
13871,dpsunflower.mm
13872,dr.er
13873,drakarolinerizzatti.mm
13874,drangedal.no
13875,drarafaelalentes.mm
13876,drchadrossitter.mm
13877,dreamboatnola.mm
13878,dreamstarfl.mm
13879,drehsitze.mm
13880,drewschemeraforlife.mm
13881,driftskins.mm
13882,drikbestpagamento.mm
13883,drinksmokeswear.mm
13884,dripcasino-fes1.mm
13885,drippznotaryservices.mm
13886,dristorex.mm
13887,drjenniferlwaddell.mm
13888,drmallerou.mm
13889,drmendelsohn.mm
13890,drobak.no
13891,drodceplupquososh.beget.app
13892,drtoddjorgensen.mm
13893,drumprotect.mm
13894,dsef--trsdfes--fg644rfqblfk.code.run
13895,dsmztn.privatelink.snowflake.app
13896,dsqtm.mm
13897,dt5888.mm
13898,dtffu.mm
13899,dtl348mssklouve1sirdr4loh8iunog9.mm
13900,dtulvg4egv8lj1a1d1i60ekqb46m4qsl.mm
13901,dty5rtb46j57mda.mm
13902,duanxin1118hx.mm
13903,duarteminisplit.mm
13904,duenumedesad.beget.app
13905,dufoqueede.beget.app
13906,dukang.run.app
13907,dulcineesbakery.mm
13908,dulwich.sch.uk
13909,dunalife.mm
13910,dupipulu.beget.app
13911,duplaniepeblue.beget.app
13912,dupxv.lcl.dev
13913,durifimueyen.beget.app
13914,dusheci.mm
13915,dvg0an219tov4h35p4idv7id7f0nq8e0.mm
13916,dvirbtd3hurg3vhdhdjud5tvm3q5jani.mm
13917,dvspftlsy.mm
13918,dwellblue.mm
13919,dwx.cloudera.site
13920,dy0kzn1lcvtelnpg58ksqymrk.pg
13921,dye12.mm
13922,dyjnjt.mm
13923,dyn-berlin.de
13924,dyn.cosidns.de
13925,dynamicdefensemn.mm
13926,dyroy.no
13927,dysliterature.mm
13928,dyx5ejsx.bd
13929,dztvrvb75d.code.run
13930,e-commerce-warehouse-management.mm
13931,e-ifade-app-4iifyzha.devinapps.com
13932,e-ifade-app-5gheb8jc.devinapps.com
13933,e.bg
13934,e.mm
13935,e.se
13936,e0720f40548f11eb9062431ca2a5e77e.kh
13937,e0ecpm2f3d17e7gmp2lfa8kemgniapsf.mm
13938,e164.arpa
13939,e2huqenlkfvkj.bd
13940,e32v-vtdo.cloudera.site
13941,e360tv.paywhirl.com
13942,e4ndb0blkjselnhodkei21i7cc0ghic5.mm
13943,e4r--dort4er--cpk5msqqf96l.code.run
13944,e5d299802a1b11ebb7b5bfb9cc773b55.kh
13945,e816722040dc11ebbf6457247a4118f4.kh
13946,e8432f304ae711eb84afabad7ab31339.kh
13947,e84mmouv7hpsb19jan11t9ucb6sce0o6.mm
13948,e89me5s5264n5m9sa07cgdin10o3m8hh.mm
13949,e8npnh0p7haj11th8bm92g1qo09s7qgq.mm
13950,e98pz109yy.mm
13951,ea4ed0002a6111ebafe7e7a80443d3ce.kh
13952,eac70ce0401011eba6329f1b8a3f5095.kh
13953,eaonxeypl.localto.net
13954,earthcammobile.mm
13955,easiestchannel.mm
13956,east-1.elb.amazonaws.com
13957,easychoicerecruiting.mm
13958,easycompdenmark.mm
13959,easycq.mm
13960,easylensrent.mm
13961,eaton.mi.us
13962,eaupamp2de4t8181lhplmemo5ec3423h.mm
13963,ebacego.mm
13964,ebay.bd
13965,ebay.ck
13966,ebay.fk
13967,ebay.jm
13968,ebay.kh
13969,ebay.mm
13970,ebay.pg
13971,ebay8630.mm
13972,ebino.miyazaki.jp
13973,ebiskeyon.beget.app
13974,ebxi4-aiaaa-aaaai-qpenq-cai.raw.icp0.io
13975,echange-maisondhotes.mm
13976,echidna-l1v3atk.builder.code.com
13977,echva3.mm
13978,ecn6vh7tdfcu197jt0uqcjqtcp2u5v8h.mm
13979,ecnxtb.mm
13980,ecologia.bo
13981,ecomartindia.mm
13982,ecommerce-shop.pl
13983,economicforall.mm
13984,ecoshinedrinkware.mm
13985,ecrownmart.mm
13986,ecxamincs.mm
13987,ed4456e0440b11eb8e789da3e09767bc.kh
13988,edgestack.me
13989,edi.sch.uk
13990,ediltavole.mm
13991,editorialeleremita.mm
13992,edopachur.beget.app
13993,edoyilufmig.beget.app
13994,edu.ac
13995,edu.pn
13996,edurgmer.mm
13997,eduroam-26-193.run.app
13998,edusynthai.mm
13999,edventuresgrp.mm
14000,efohavenfund.mm
14001,egp.bd
14002,eh.mm
14003,ehlenberger.mm
14004,eight-cc.mm
14005,eightnineprojects.mm
14006,ekamgems.mm
14007,ekasaloockkup.beget.app
14008,ekenskis.mm
14009,eklc7b54s8adtibvvatjl33otpapilbi.mm
14010,eknuditancook.beget.app
14011,elalagger-p-lfo-download-1265997121.elb.amazonaws.com
14012,elbsystems.mm
14013,eldiablotranquilo.mm
14014,eldoradenses.mm
14015,eldoradorestaurantsi.mm
14016,electedleadershipforsrp.mm
14017,electric-cars-pros-1.mm
14018,electricbikestexas.mm
14019,electricvehicle1.mm
14020,electrohousekw.mm
14021,eleeleembrawnfagaly.mm
14022,elegantbricks.mm
14023,eleganzatessuta.mm
14024,element--e-p-w-aj-a5-jy-qg.quipelements.com
14025,element--lf-j-aj-a-y-r-wah.quipelements.com
14026,element--q-lf-aj-aul-ndq.quipelements.com
14027,element--s-q-t-aj-a3v7-tx.quipelements.com
14028,elementor.cool
14029,elespecialitomk.mm
14030,eleven28sports.mm
14031,elinalise.mm
14032,elitistmimarlik.mm
14033,elkhart.mm
14034,elnazmario.mm
14035,eloquentrevaluation.mm
14036,elotofoost.beget.app
14037,elvh3-kyaaa-aaaac-agtlq-cai.raw.icp0.io
14038,em-lyon-info.bd
14039,em-lyon.sch.uk
14040,em.r.appspot.com
14041,emackinc.mm
14042,emanonex.mm
14043,emberrabe.mm
14044,embreeinsurance.mm
14045,emelanagon.beget.app
14046,emergentappeals.mm
14047,emilyhallcreative.mm
14048,eml.sch.uk
14049,emms.pg
14050,empaquessanlucas.kh
14051,emperorpumpetine.mm
14052,emporiumofdolls.mm
14053,emprende.ve
14054,empresas-de-brindes-br.mm
14055,empresasjar.mm
14056,emq8vkfrgqa9e4mlg8smgsh6oioabg3q.mm
14057,emrappui-prod.eu-west-2.amazonaws.com
14058,emrappui-prod.us-west-1.amazonaws.com
14059,emrnotebooks-prod.ap-south-2.amazonaws.com
14060,emrnotebooks-prod.ca-central-1.amazonaws.com
14061,emrnotebooks-prod.us-gov-east-1.amazonaws.com
14062,emrstudio-prod.us-gov-east-1.amazonaws.com
14063,emrstudio-prod.us-west-1.amazonaws.com
14064,ena.gifu.jp
14065,enabudns.mm
14066,enaphouchelal.beget.app
14067,engadinscuol.mm
14068,englisholympiadglobal.mm
14069,enirquuesdochap.beget.app
14070,enjoyplayoffnations.mm
14071,enquiretrust.sch.uk
14072,enricocordone.mm
14073,entercountry.mm
14074,enu.alces.network
14075,envasescomeca.pg
14076,environmental-lawyers-us-5729080.mm
14077,environmentalsterilize.mm
14078,envodigital.mm
14079,ep8qn2tbam306n45qcfkaartthqcqenl.mm
14080,epej99d3tg04gduie8s61s4a1mifdbnu.mm
14081,epicessencecoaching.mm
14082,epiregsem.beget.app
14083,eridaniquiroz.mm
14084,eriiskincare.mm
14085,erimo.hokkaido.jp
14086,erpambassadors.mm
14087,error.er
14088,errordnk.mm
14089,ertepetiki77disinisob.mm
14090,erumugad.beget.app
14091,erzao.mm
14092,esa.bd
14093,esa.kh
14094,esan.hokkaido.jp
14095,esashi.hokkaido.jp
14096,esd.bd
14097,esd.jm
14098,esd.kh
14099,eskiltrucking.mm
14100,essenceofdelilah.mm
14101,essentialforpets.mm
14102,esstitholap.beget.app
14103,est-2.elb.amazonaws.com
14104,estructuraspetapa.mm
14105,estudioorion.mm
14106,et0gf26uanm38e3v8gibmfg9r3djd93p.mm
14107,et0pja.mm
14108,ethos13-prod-deu6.dev.adobeaemcloud.com
14109,ethos13-stage-va7.dev.adobeaemcloud.com
14110,ethos16-prod-va7.dev.adobeaemcloud.com
14111,ethos22-prod-nld2.dev.adobeaemcloud.com
14112,ethosdemo.mm
14113,eu-central-2.experiments.sagemaker.aws
14114,eu-milan-1.oraclecloudapps.com
14115,eu-north-1.compute.amazonaws.com
14116,eu-south-2.experiments.sagemaker.aws
14117,eu.futurecms.at
14118,eu.kunden.ortsinfo.at
14119,eureka-assortment.mm
14120,euro-tiles.mm
14121,europe-west3.mtls.run.app
14122,eurorot.mm
14123,evangelistrichardadhikary.mm
14124,evanloates.mm
14125,evenassi.no
14126,event.kh
14127,events.oaiusercontent.com
14128,evermind-therapy.mm
14129,everybodyloveslakyra.mm
14130,evolveketamine.mm
14131,evolvus-kharadi.mm
14132,ewater.paywhirl.com
14133,ewforum.r.appspot.com
14134,ewmx0.r.appspot.com
14135,ewpd6lhbzjt6f2naz0ekkenc1uxpxladybeun7aqtrighlyjn3gwmkuy6rtj.pg
14136,excavatorbucketsshop.mm
14137,excelcontractorseminars.mm
14138,excellentwebpagedesign.mm
14139,excesosdeinventario.mm
14140,exchange.aero
14141,exchangesouthkorea.mm
14142,exeddigital.jm
14143,exeterandeastdevon.mm
14144,exigentfirearms.mm
14145,exjavascriptobject.mm
14146,exoticcontent.mm
14147,exp.np
14148,experiencegreenrose.mm
14149,exploremyrewards.mm
14150,exsharedobjectutils.mm
14151,extlexllc.mm
14152,extratimeuero2024.mm
14153,extremacucina.mm
14154,extrememotorsportsinc.mm
14155,exvs96krg.localto.net
14156,eyanisutnig.beget.app
14157,eyemencost.beget.app
14158,eyeswithoutborders.mm
14159,eyrejn.mm
14160,eyuppartners.mm
14161,ezluckproducts.mm
14162,ezstoragemn.mm
14163,f-l-o-r-i-d-a.mm
14164,f.bg
14165,f03132.mm
14166,f07dc71c0fa3.hosting.myjino.ru
14167,f1gb0.lcl.dev
14168,f1klvo3f8k1q3l17evvo3hm4nqjnplq9.mm
14169,f4udva92k69k3c0131om0ivj3lgmb1pi.mm
14170,f5qvk.lcl.dev
14171,f7pe8vnq5ovss9d8b1ro9ece8mnc9mth.mm
14172,fa1e8ff029d211eba6694172ddb721e6.kh
14173,facepunchdevnetwork.mm
14174,fadhliarts.mm
14175,fafalohou.beget.app
14176,faitheileen.mm
14177,falcon-kzhqcnhq.builder.code.com
14178,falegnameriabosco.mm
14179,fam.pk
14180,familiescountetx.mm
14181,familyofficeetfs.mm
14182,famousboy.mm
14183,fanames.mm
14184,fanaticproject.mm
14185,fande.bd
14186,fande.jm
14187,fande.np
14188,fande.pg
14189,fantasty-foods.mm
14190,farleyhardware.mm
14191,farm.kh
14192,farouksaadeh.mm
14193,fastvps.host
14194,fasum.lcl.dev
14195,fatgeta.mm
14196,fbx-os.fr
14197,fc68888.mm
14198,fdrealtor.mm
14199,fdv0c6llq441ion80q52qk30a84orltl.mm
14200,feastproducts.mm
14201,fecentro.np
14202,fecentro.pg
14203,federation.aero
14204,feeciemohakap.beget.app
14205,feesogudebed.beget.app
14206,fefebiycab.beget.app
14207,feline-16.lcl.dev
14208,felixnarcizo.nom.br
14209,femboyin.mm
14210,femsdi.mm
14211,fengsaizhineng.mm
14212,fengzhouinstruments.mm
14213,fenixconstrutora.mm
14214,ferme-al-pais.mm
14215,fermemionet.mm
14216,ferreira.nom.br
14217,ferret-29.lcl.dev
14218,fespamiddleeast.mm
14219,festtogo.mm
14220,fetsund.no
14221,fettyartwork.mm
14222,fetutecidux.beget.app
14223,fewo-edina.mm
14224,fezag.mm
14225,ffa39d6be8161cbd.mm
14226,fh1dcbynj0-artifactory.services.clever-cloud.com
14227,fhzie.mm
14228,fi.mm
14229,fibigike.beget.app
14230,ficohsasegurosonline.er
14231,ficohsasegurosonline.kh
14232,fieldauto.run.app
14233,fiestasmilesdentalpractice.mm
14234,fifamous.mm
14235,fighttomakeamericagreatagain.mm
14236,fihanoclihheecetubna.mm
14237,filerecoveryhub.mm
14238,filipufamdiln.beget.app
14239,filthyamature.mm
14240,finalexpenseconnection.mm
14241,financialplannererrorsandomissions.mm
14242,finbixy.mm
14243,fincasfalex.mm
14244,findfaircasinos.mm
14245,finn.np
14246,fint.er
14247,fintechgurugyan.mm
14248,fintechincorporated.mm
14249,finwardblackwell.mm
14250,firecreep.mm
14251,firefly-34.lcl.dev
14252,firefly77.mm
14253,firm.dk
14254,firm.ht
14255,firm.ng
14256,firm.ve
14257,firmwaredownloads.mm
14258,first5dads.mm
14259,firstandgoalmedia.mm
14260,firstclasstimers.mm
14261,fish-59.lcl.dev
14262,fishalo.mm
14263,fishnhomosassa.mm
14264,fisons.mm
14265,fit-oversunglasses.mm
14266,fjbysj.mm
14267,flexyprofile.mm
14268,flight.aero
14269,flirtzooka.mm
14270,floatglobal.mm
14271,floatingneutrinos.mm
14272,floor-dub-au.mm
14273,flt.cloud.muni.cz
14274,fluffyfinery.mm
14275,fluidusenergy.mm
14276,flulegukibi.beget.app
14277,fly-17.lcl.dev
14278,flyandvisitrome.np
14279,fm.jo
14280,fmfutsal-org-br.pg
14281,fmfutsal.nom.br
14282,fmnwg.mm
14283,fmu335msjd2e3vi6f2n6asruo260r6ig.mm
14284,fnxx2.mm
14285,fnzzpb.mm
14286,fobidaypos.beget.app
14287,fobulibuk.beget.app
14288,focusactioncoaching.mm
14289,fofunosob.beget.app
14290,fogky.mm
14291,fojihigodo.beget.app
14292,folesugu.beget.app
14293,followorkitchen.mm
14294,fondazionepacta.kh
14295,fonnzarelli.mm
14296,foodforacure.mm
14297,foodsri.mm
14298,fooeraroniiosdalezone.mm
14299,foonirecok.beget.app
14300,footballeaglesofficialonline.mm
14301,foperoukeyok.beget.app
14302,for.mm
14303,foragehebert.mm
14304,forefopiefig.beget.app
14305,forensic-dentistry.mm
14306,forgeas.mm
14307,forli-cesena.it
14308,formations-comptabilite-en-ligne.mm
14309,formflexplus.mm
14310,forreallifemarriage.mm
14311,fortniteadvisory.mm
14312,fortress-euzjyv.builder.code.com
14313,forum.compute-1.amazonaws.com
14314,fosnes.no
14315,fotugenach.beget.app
14316,fowlercontentsolutions.mm
14317,foxhound-43.lcl.dev
14318,fpasoftware.mm
14319,fqf0rgtbmol72n4qtvaeb8su7sus38dl.mm
14320,fra1-de.cloudjiffy.net
14321,framer.wiki
14322,framinghamtherapy.mm
14323,frana.no
14324,francesouth.azurecontainer.io
14325,franconiarealty.mm
14326,freddypaztours.mm
14327,frederickspower.mm
14328,fredslyset.mm
14329,freebox-os.com
14330,freebox-os.fr
14331,freeboxos.com
14332,freemapshub.mm
14333,freitas.nom.br
14334,fremontplasticsurgery.mm
14335,frenchhillhorselogging.mm
14336,freshcottages.mm
14337,friuli-venezia-giulia.it
14338,friulivgiulia.it
14339,froland.no
14340,from-gondor.mm
14341,from-tn.com
14342,frostysmanor.mm
14343,frsmh.er
14344,frufulecelut.beget.app
14345,fs5pmkc8jx.code.run
14346,fs9698-sj.mm
14347,fsbmedianews.mm
14348,fsbsecurity.kh
14349,fsgewei8aq-artifactory.services.clever-cloud.com
14350,fsu0l.lcl.dev
14351,ftmpsd8guss2826vee3dfrckkdihcdfj.mm
14352,fubarfpv.mm
14353,fucaigd.mm
14354,fucesifsiek.beget.app
14355,fuchu.toyama.jp
14356,fuel.aero
14357,fufj996kef6utq1syte0duaets.pg
14358,fuhosnolue.beget.app
14359,fuhrmannbuilders.mm
14360,fuji-kanri.mm
14361,fujiidera.osaka.jp
14362,fujikawa.shizuoka.jp
14363,fujikawaguchiko.yamanashi.jp
14364,fujimi.nagano.jp
14365,fujioka.gunma.jp
14366,fujisawa.iwate.jp
14367,fujishiro.ibaraki.jp
14368,fujiyacosmetic.mm
14369,fujokeroodud.beget.app
14370,fukopackup.beget.app
14371,fukuchiyama.kyoto.jp
14372,fukudomi.saga.jp
14373,fukumitsu.toyama.jp
14374,fulcrumxr.mm
14375,fully-alive-nation-dc8b.paywhirl.com
14376,funagata.yamagata.jp
14377,funahashi.toyama.jp
14378,fundintl.mm
14379,fundrn.mm
14380,funkowarehouse.mm
14381,funnels.cx
14382,funveys.mm
14383,furubira.hokkaido.jp
14384,fuso.aichi.jp
14385,futsu.nagasaki.jp
14386,fuzeteaurl.ck
14387,fuzhouaiyi.mm
14388,fwsrbtxham5qwap2f0etb3t1sgc4m5tmpprgrplwg5wutbtpz71dso.fk
14389,fxsbwg.mm
14390,fyaf.run.app
14391,g.se
14392,g16z-zg1g.cloudera.site
14393,g1qzz2mgxhy5l4fyev5iu3uq6uzyml6lmdbjvo.jm
14394,g23zh146ti.mm
14395,g2op476nrj9nalovdhm0094fcou23s9p.mm
14396,g3qqsimuqsgunlv1kh7gunngif0c1oti.mm
14397,g49if9o2sjn84a733k88d5our7qaipot.mm
14398,g4cb3uk1k0lpm5r5er4p3aoan32u3i8e.mm
14399,g73865ctzehnuwr.mm
14400,g7icnv8j1qaicv2rdsvkfkja0iaeoqq3.mm
14401,g8w5sftdb0xh.jm
14402,g985rt81vip7emn69nmmn08e53c1s5p3.mm
14403,g9h89gk3iu4te7i94hb17mgfct0no719.mm
14404,gabesoasis.mm
14405,gabrovohome.mm
14406,gadeeduka.beget.app
14407,gagamnanduel.beget.app
14408,gailclinton.mm
14409,gailcooper.mm
14410,gailnall.mm
14411,galeria-phuyu.mm
14412,galleryafem.mm
14413,gamechangingpeople.mm
14414,gamuebiepisog.beget.app
14415,ganesuquano.beget.app
14416,gannet-14.lcl.dev
14417,gannet-2.lcl.dev
14418,gannet-28.lcl.dev
14419,gaquelamoo.beget.app
14420,garabattas.mm
14421,garciaisabella.mm
14422,gardena-booking.mm
14423,gareesueko.beget.app
14424,garmaafarin.mm
14425,gassolutionsco.fk
14426,gateshead.sch.uk
14427,gawan.jm
14428,gazeteayna.mm
14429,gbhzlrbvlk.mm
14430,gcgiardini.mm
14431,gcpeuropewest4.snowflake.app
14432,gct19l2r0r3icqemkntmmotbu07gqkak.mm
14433,gcyvutsrqponmlkj.mm
14434,gdbtair6.mm
14435,gdehk65wh.localto.net
14436,gdhkxc.mm
14437,gdstarblue.mm
14438,ge.er
14439,geeeasr.mm
14440,geg5tv470dq373j1stmstr2a11n8593s.mm
14441,genejane.mm
14442,generalknowlage.mm
14443,genesisagnutrition.mm
14444,genesispreschools.mm
14445,genoa.it
14446,georgefell.mm
14447,georgia.su
14448,geozzy.mm
14449,gerbil-smtgr1rz.builder.code.com
14450,gerbil-vmsrblc5.builder.code.com
14451,gereted.mm
14452,gerhartphoto.mm
14453,germanynk.mm
14454,ges0inane7tr3sh0cft4rnjh88668coe.mm
14455,geslipoukicu.beget.app
14456,get-wing.mm
14457,getaeropure.mm
14458,getmeaname.mm
14459,getmmmlabs.mm
14460,getonlinefitness.mm
14461,getquickfeedback.mm
14462,getremotoworkconsulting.mm
14463,geyki-taaaa-aaaac-agmcq-cai.raw.icp0.io
14464,gfr10f11r12vn.mm
14465,gh-tax-cz.mm
14466,gh.srv.us
14467,ghbte2mlbl3ru65se9e87psq6gimp0e3.mm
14468,ghidshop.mm
14469,ghostrecordzgroup.mm
14470,gibappifag.beget.app
14471,gifu.gifu.jp
14472,gigacomics.mm
14473,gigaset.run.app
14474,gigrajila.beget.app
14475,gigue-ishigaki-rent.mm
14476,gilnickel.mm
14477,ginapalmbeach.mm
14478,ginoshakufo.beget.app
14479,giovani-manifatturieri.mm
14480,giovani-manifatturieri.pg
14481,girlsinternationalracinglab.mm
14482,gitesnoulou.mm
14483,gitlab-exherbo-customers.services.clever-cloud.com
14484,gitlab-sogeticloud-customers.services.clever-cloud.com
14485,gitlab-staging.services.clever-cloud.com
14486,gitruhaco.beget.app
14487,givetheplanet.mm
14488,gjerstad.no
14489,gjxiang.mm
14490,gkjdp1rpoc6s4f9dtnha17e76s73nksi.mm
14491,gkvgrq4dvj321lo52ie7h6n5kiikob4j.mm
14492,glamourpawsshears.mm
14493,glatadrinkeg.beget.app
14494,gleefuldiscontent.mm
14495,glenri.mm
14496,gliding.aero
14497,globalslate.mm
14498,globalwindmills.mm
14499,glowgong.mm
14500,glowridgeway-peacejl.mm
14501,glui9b66ccf29effn0gcdlq5a2taqgnb.mm
14502,glv.mm
14503,gm-place.mm
14504,gm7wmxmote8rwkgiubjsllhanw.kh
14505,gmsil.ck
14506,gnj25noccoa5lte9q37hc5v79p5kbp6m.mm
14507,goabcds.mm
14508,goaves.run.app
14509,gocoinminer.mm
14510,godgazette.mm
14511,godo.gifu.jp
14512,godrej-newlaunch-shettigere.mm
14513,godyousuck.mm
14514,gogugbrodag.beget.app
14515,gogwo.np
14516,gol.no
14517,golasienu.beget.app
14518,goldbach-regional.ck
14519,goldenknightsflooring.mm
14520,goldenonholden.mm
14521,goldfinchautomotive.mm
14522,golding.stg-builder.code.com
14523,golrenc.localto.net
14524,golubiroob.beget.app
14525,goneejosubdus.beget.app
14526,gongkongtv.mm
14527,gonohe.aomori.jp
14528,gooddrinkwater.mm
14529,goodmine7.mm
14530,google.bd
14531,google.mm
14532,gopingieyof.beget.app
14533,goredieho.beget.app
14534,gorilla-93.lcl.dev
14535,goromoranik.beget.app
14536,gosefgifosek.beget.app
14537,goshawk-32.lcl.dev
14538,goshiki.hyogo.jp
14539,gotarzans.mm
14540,gotovacoil.bd
14541,gotovacoil.mm
14542,gotsu.shimane.jp
14543,gottalovemainetour.mm
14544,gougouxing.mm
14545,gousifedoy.beget.app
14546,gov-zabbix-clevercloud-customers.services.clever-cloud.com
14547,gov.gu
14548,gov.pw
14549,government.aero
14550,govt.bd
14551,goyomon.mm
14552,gozcugrup.mm
14553,gpobarca.mm
14554,gptchathack.mm
14555,gqimmo.mm
14556,gr.eu.org
14557,gra-zabbix-clevercloud-customers.services.clever-cloud.com
14558,grandcountybailbonds.mm
14559,graphic.design
14560,gratis-film.stg-builder.code.com
14561,grayandrice.mm
14562,grbrrr.mm
14563,greecegulets.mm
14564,greenaffiliateprograms.mm
14565,greenlightlearningtutoring.mm
14566,greenmountainbhoys.mm
14567,greenregatta.mm
14568,gregcaddy.mm
14569,gritforgellc.mm
14570,griw.gov.pl
14571,grocery-getter.mm
14572,groolujosle.beget.app
14573,groundhandling.aero
14574,groundzerok9.mm
14575,group-itk.bd
14576,group-itk.kh
14577,group-itk.mm
14578,group-itk.np
14579,group.aero
14580,grouper-69.lcl.dev
14581,grov.bd
14582,grp.lk
14583,grub-7.lcl.dev
14584,grucodurstem.beget.app
14585,grueplasili.beget.app
14586,grugogapouf.beget.app
14587,grupocomeca.bd
14588,grupocomeca.jm
14589,grupocomeca.mm
14590,grupocomeca.np
14591,grupoficohsa.ck
14592,grupopapelerocachi.mm
14593,grupotalentos.mm
14594,gs.nt.no
14595,gs.st.no
14596,gs.svalbard.no
14597,gs.tm.no
14598,gs.vf.no
14599,gsgq4lbcv9zusejdmomqojwztv2uvgmew1fzojs.er
14600,gsjtbe.mm
14601,gt2kw.lcl.dev
14602,gtdnv1opuv9vs4ts507rrq6a9v0au0ic.mm
14603,gtitlgg.mm
14604,gtkhorbpug6nmg065qflig08vc8lk7n8.mm
14605,guam.gu
14606,guanjiat.mm
14607,gudulopo.beget.app
14608,guerueyopoo.beget.app
14609,guia.nom.br
14610,guiacrochet.mm
14611,guideoneil.mm
14612,gumananmises.beget.app
14613,gumidafib.beget.app
14614,gunnygaty.mm
14615,gunuebusay.beget.app
14616,gupomoubusnuk.beget.app
14617,gupuchkabid.beget.app
14618,gurc.er
14619,guro.stg-builder.code.com
14620,gurugripe.mm
14621,guscokasgex.beget.app
14622,gushikami.okinawa.jp
14623,gusigeregom.beget.app
14624,gusion88-1u.mm
14625,guyeskugek.beget.app
14626,gv.bd
14627,gv.vc
14628,gvc69fzoir4kp3h9kghfpmkzoyvbjq4krzinfacscrm0ccxmenl2xs.pg
14629,gvenwgnquiyqayctxrqe-matomo.services.clever-cloud.com
14630,gvhiz06dl.localto.net
14631,gvpdf3hzanoemvfp.ck
14632,gwmchildcare.mm
14633,gwpirnmlw.localto.net
14634,gyeongbuk.kr
14635,gyeongnam.kr
14636,gytofficial.mm
14637,gzdeiyx7pv5jlqiqwfqsffakndupvr85fta0wqhdyubuixxtvxno7cwpeq.er
14638,gzdisso.mm
14639,h-kamijoclinic.mm
14640,h.bg
14641,h.ck
14642,h.se
14643,h2d7f2zqrb.code.run
14644,h2owatersportsasd.mm
14645,h3g.stg-builder.code.com
14646,h6rbflimf5gls9ghf33ak6k8moh0tbs1.mm
14647,h8vhvdftda13lalgj9hfo8c0vfrvbv7a.mm
14648,h93oicpdr24lpes1f5135ujh3nfoavu0.mm
14649,h9lv8ookbhbjsmo9fu1o8dbe7rul6duq.mm
14650,ha.ck
14651,habikino.osaka.jp
14652,haboro.hokkaido.jp
14653,habugakur.beget.app
14654,hackerbueno.mm
14655,haddydaveresourcces.mm
14656,hafuvife.beget.app
14657,hagecresee.beget.app
14658,hagi.yamaguchi.jp
14659,haha34769.mm
14660,hahrconsulting.mm
14661,haibara.shizuoka.jp
14662,haiduong.vn
14663,haierspecialday.mm
14664,haihuafeed.mm
14665,haimish-kunkel.mm
14666,hakone.kanagawa.jp
14667,hakui.ishikawa.jp
14668,halapaklan.beget.app
14669,halcyonbanquet.mm
14670,half.host
14671,halftimesportsgrill.mm
14672,halloweenledger.mm
14673,halstvedt.mm
14674,hamatama.saga.jp
14675,hamatonbetsu.hokkaido.jp
14676,hamipimeshoop.beget.app
14677,hamletofcashmereandharmony.bd
14678,hamotuepan.beget.app
14679,hanasudake-de-yaseru.mm
14680,handa.aichi.jp
14681,hanggliding.aero
14682,hanhaizt.mm
14683,hanlinghealth.mm
14684,hannan.osaka.jp
14685,hanocagirn.beget.app
14686,hanodefscom.beget.app
14687,hanotoka.mm
14688,hanzi.stg-builder.code.com
14689,haqnjdu.np
14690,hara.nagano.jp
14691,hardcoreprivacy.mm
14692,hardrockcasinochips.mm
14693,hare-bereoxe5n3.builder.code.com
14694,harifdugal.beget.app
14695,harima.hyogo.jp
14696,hariyueter.beget.app
14697,harmless-bird.beget.app
14698,harmonicsdita.mm
14699,harmonizerk.mm
14700,harmony-cashmere-hamlet.jm
14701,harmonybios.mm
14702,harmonywellnessessentials.mm
14703,harperfinn.mm
14704,harrysee.mm
14705,harvey.ck
14706,hasami.nagasaki.jp
14707,hashidirect.mm
14708,hashikami.aomori.jp
14709,hashima.gifu.jp
14710,hashratepunk.mm
14711,hasiokrecords.mm
14712,haskaldulut.beget.app
14713,hass.nom.br
14714,hatogaya.saitama.jp
14715,hawthornewhitehall.mm
14716,haxyreo3.mm
14717,hayakawa.yamanashi.jp
14718,hayashima.okayama.jp
14719,hayclan.mm
14720,hazu.aichi.jp
14721,hazukine1952.mm
14722,hb1rspnrkll0df5cq5u0qdi0nfcj3s8t.mm
14723,hbrdedu.mm
14724,hchygedu.mm
14725,hcl9cf8en7e99eapqs93o4375pjjle2i.mm
14726,hcr0g8ora1ln55kgs1fdq3tbiphg7l9b.mm
14727,hcyl888.mm
14728,hdlinehub.mm
14729,hdv577.mm
14730,health--sgpublic-discord-bot--48q48dxqsml7.code.run
14731,healthbybrenda.mm
14732,healthcoachnalita.mm
14733,healthviss.mm
14734,healthystrides.stg-builder.code.com
14735,healthzinetoday.mm
14736,heartlandfoods.mm
14737,hearttoheartevents.mm
14738,heatedsmoke.mm
14739,heathpaul.mm
14740,heavytruckslc.mm
14741,hechufuyir.beget.app
14742,heciquusem.beget.app
14743,hedgehog-62.lcl.dev
14744,heefuwucu.beget.app
14745,hefrotala.beget.app
14746,hegepscesket.beget.app
14747,heguknepop.beget.app
14748,hehanelof.beget.app
14749,heimbinder.mm
14750,hejbeauty.mm
14751,hello503.mm
14752,helloriga.mm
14753,helpdesk.run.app
14754,hemenaltzariak.mm
14755,hemne.no
14756,hen-74.lcl.dev
14757,hendomoto.mm
14758,henolochdid.beget.app
14759,hephzibah-ministries.mm
14760,heptapod-staging.services.clever-cloud.com
14761,heqgzlnwftkso7vvgdwywgvloeh9lxholy1by5dxwvp.ck
14762,herbemussen.mm
14763,here.er
14764,hermannsconsultancy.mm
14765,hero-light.mm
14766,heron-59.lcl.dev
14767,heroy.nordland.no
14768,heu.nom.br
14769,hexagonfertilisers.mm
14770,hgeqmm0niu52flji1vpajv8pit6hn4j3.mm
14771,hgqp9999.mm
14772,hgwmyj.mm
14773,hhitourismworks.mm
14774,hi.kh
14775,hi1f8f22ibhffjfggf2ua9so70rd1tee.mm
14776,hicejufieku.beget.app
14777,hichengmail.mm
14778,hichiso.gifu.jp
14779,hidaka.saitama.jp
14780,hideandsecret.mm
14781,hidilukie.beget.app
14782,hidostrecel.beget.app
14783,higashi.fukuoka.jp
14784,higashiagatsuma.gunma.jp
14785,higashichichibu.saitama.jp
14786,higashikagawa.kagawa.jp
14787,higashikurume.tokyo.jp
14788,higashimatsuyama.saitama.jp
14789,higashishirakawa.gifu.jp
14790,higashisumiyoshi.osaka.jp
14791,higashiura.aichi.jp
14792,higashiyama.kyoto.jp
14793,higashiyamato.tokyo.jp
14794,higashiyodogawa.osaka.jp
14795,higashiyoshino.nara.jp
14796,highlandfirerescue.mm
14797,higisicle.beget.app
14798,hiii8o9kqgonf1b2c02cr0g5tn848r69.mm
14799,hillsidemerrill.mm
14800,hilulnocken.beget.app
14801,himashumu.beget.app
14802,himeji.hyogo.jp
14803,himher.stg-builder.code.com
14804,hindupriestaum.mm
14805,hino.tokyo.jp
14806,hiperlinksites.mm
14807,hiranai.aomori.jp
14808,hiranking.mm
14809,hirara.okinawa.jp
14810,hiraya.nagano.jp
14811,hiroo.hokkaido.jp
14812,hisusroucraja.beget.app
14813,hitachiomiya.ibaraki.jp
14814,hitra.no
14815,hizen.saga.jp
14816,hj888888.mm
14817,hkomv94te.localto.net
14818,hkwuee3xpxtt0avo6xftktts9xq4gwyl.kh
14819,hls-t.mm
14820,hmi-industries.paywhirl.com
14821,hnezqzj.mm
14822,hnlo-8nyd.cloudera.site
14823,hnxhtm.mm
14824,hobbank.mm
14825,hobesoundhomehunter.mm
14826,hodopagib.beget.app
14827,hoeribiger.mm
14828,hofb6s2apaoo95j1tjo6lq38frv6benv.mm
14829,hofilsasib.beget.app
14830,hogajafoor.beget.app
14831,hojmj0e.localto.net
14832,holfordlaw.mm
14833,holi.er
14834,holisticcancersolution.mm
14835,hollywoodbookandposter.mm
14836,holmtonuses.mm
14837,holyfamilyrecords.mm
14838,homamassiha.mm
14839,home-cleaning-jobs03.mm
14840,homebuilt.aero
14841,homeextensioncontractor692713.mm
14842,homelokators.mm
14843,homerentals-kansascity.mm
14844,homesforsalelasvegasnv.mm
14845,homesteadfloridapaintor.mm
14846,honai.ehime.jp
14847,hondurasford.mm
14848,honestgrabs.mm
14849,honeybee-64.lcl.dev
14850,honeywoodhomestead.mm
14851,hongbinguolv.mm
14852,hongzengdl.mm
14853,honorthefor.er
14854,hoocvbk4421.mm
14855,hoofohubrak.beget.app
14856,hookedonharrison.mm
14857,horndean-jun-hants.sch.uk
14858,horndeantc.sch.uk
14859,hornet-44.lcl.dev
14860,horumersiel-schillig.mm
14861,hosadooquub.beget.app
14862,hosigedick.beget.app
14863,hospital-housekeeping-jobs.mm
14864,host-14-148.run.app
14865,host.sch.uk
14866,hot-asian-teens-only.stg-builder.code.com
14867,hotcheuk.mm
14868,hotel.tz
14869,hotelarches2024.mm
14870,hotelpetridis.mm
14871,hotelpinheiro.mm
14872,hotmail.ck
14873,hotspringsentertainer.mm
14874,hougumopuech.beget.app
14875,houmonkango-wa.mm
14876,houseplanbuilding.mm
14877,howtodoforextrades.mm
14878,hp7n5f0g2e0ptjecunv3epfreuud9v8o.mm
14879,hpe.mm
14880,hqjfy80ihajfbagix23oabvq86jfcs4aiyfnol9zzmjjc3yix3xoap9nea.kh
14881,hqjfy80p0qjfbm0d6kjfbc3dikjfcs4abubkol9zzmjjdwcix3xoabhfew.bd
14882,hqs71.lcl.dev
14883,hr.pg
14884,hr88hhp0hmfb5u1rmrgc5l8fojt1dmi6.mm
14885,hrzhyb.mm
14886,hsck.ck
14887,hssmartbuyer.mm
14888,htagsoft.mm
14889,htbuckwheat.mm
14890,htimg-httest8-live.run.app
14891,hu.mm
14892,huaancpa.mm
14893,huangmawm.mm
14894,hudofarutit.beget.app
14895,hudsonlorde.mm
14896,hugelle.mm
14897,huilecodex.mm
14898,huixyfarm.mm
14899,hukabitey.beget.app
14900,hum61.mm
14901,human-discretion.kh
14902,humanism-technology-academy.pg
14903,humanism-technology-course.mm
14904,humanism-technology-degree.mm
14905,humanismandtechnology-degree.np
14906,humanismtechnologycourse.mm
14907,humanismtechnologycourse.np
14908,humanismtechnologydegree.bd
14909,humanismtechnologyschool.bd
14910,humanismtechnologystudies.bd
14911,humanismtechnologystudies.jm
14912,humanist-contemporary-lightkeepers.kh
14913,humanist-contemporary-lightkeepers.mm
14914,humanist-contemporary-lightkeepers.np
14915,humanistcontemporarylightkeepers.mm
14916,humanistic-capitalism.jm
14917,humanistischerkapitalismus.mm
14918,humanpathwayconsultant.mm
14919,hungdaocontainershipping.stg-builder.code.com
14920,hunmanet.kh
14921,hunmany.kh
14922,huperegofap.beget.app
14923,hurdal.no
14924,hus6qlb6ijk6t4akabs3c0p2n7mrbfp4.mm
14925,hustleoptimisation.mm
14926,hv2vn9kphdabtte05h905jduhcht42nl.mm
14927,hvaler.no
14928,hwfdtuko.mm
14929,hwgasdetector.mm
14930,hxder.localto.net
14931,hybridcoinnovations.mm
14932,hybride-voiture.mm
14933,hydroponicsdehumidifier.mm
14934,hydrosurfboards.mm
14935,hyena-m1ntvwlxl.builder.code.com
14936,hyllestad.no
14937,hypertensionusa.mm
14938,hypothermiacs.mm
14939,hypothermiascore.bd
14940,hypothermiascore.jm
14941,hyuga.miyazaki.jp
14942,hyzaxy.mm
14943,i1o3ols4tumjt3liuhso3mkg2bkv5tl9.mm
14944,i2bqeh5ridt90ifffk66o3ild2kf0cqn.mm
14945,i2ki6g76jpk1pq8ipfo7ksf9l0ksbm2d.mm
14946,i5v7mjkb2n1tgrigm6tfnal5a9vdhdk9.mm
14947,i60meqqla4p3hdvj607c1dmv6mtqu8ts.mm
14948,i7p10.lcl.dev
14949,i9fls5a6496a2p30fkem9vmd4o56nh9n.mm
14950,i9kot5fu046i205n9ldp73fl94rnojp1.mm
14951,ia.nom.br
14952,iadaax.privatelink.snowflake.app
14953,iadada.privatelink.snowflake.app
14954,iadhxiyegjif9cfwagiupybyurodmb6dazszamqrjl6ishlnxjgwmvm.ck
14955,ianfakenbridge.mm
14956,ibaraki.ibaraki.jp
14957,ibewlu952.mm
14958,ibigawa.gifu.jp
14959,ibskk.mm
14960,ibupnqdd3iogsnk32d3qh078fn7so1m2.mm
14961,ibwc.jm
14962,ibwc.mm
14963,icecreamforfun.mm
14964,iceswimminghalloffame.mm
14965,ichiba.tokushima.jp
14966,ichikawa.hyogo.jp
14967,ichikawamisato.yamanashi.jp
14968,icm2.icp.net
14969,iconartistry.mm
14970,iconictrendsspot.mm
14971,iconphotosbykaren.mm
14972,icrdirtandconcreteremoval.mm
14973,icwplanninguide.mm
14974,id.ly
14975,idfte23t3dbahdsib7ng98esqcrhbea4.mm
14976,idoma360.mm
14977,idongougum.beget.app
14978,ieqg5ubkeup781gi57hf1kma22gcttua.mm
14979,ifr.fr-par.scw.cloud
14980,ifso4q7jfkj2g8dcpivls4jpb8cohq8a.mm
14981,iftembehe.mm
14982,igiegilanig.beget.app
14983,iglesiascarbonia.it
14984,igo4mac.mm
14985,igorkoltun.mm
14986,iherb.bd
14987,iherb.fk
14988,iherb.mm
14989,iherb.pg
14990,iherbpreprod.fk
14991,iherbpreprod.kh
14992,iherbpreprod.mm
14993,iherbpreprod.np
14994,iherbpreprod.pg
14995,iida.nagano.jp
14996,iijima.nagano.jp
14997,iirvzoobvatng3apaig6swzseuyxt.kh
14998,iitate.fukushima.jp
14999,iizuka.fukuoka.jp
15000,ikaruga.nara.jp
15001,ikbj62k1r.kh
15002,ikeda.gifu.jp
15003,ikeda.nagano.jp
15004,ikeda.osaka.jp
15005,ikengroup.mm
15006,ikkansefom.beget.app
15007,ikoma.nara.jp
15008,ikusaka.nagano.jp
15009,il-jerusalem-1.oci.customer-oci.com
15010,ileanazoi.mm
15011,ilearncoca-colafreestyle.ck
15012,ilearncoca-colafreestyle.er
15013,ilmacodelueb.mm
15014,ilmoituslinja.mm
15015,im.r.appspot.com
15016,im3vd0sofuqs4pm21u67qrpdenp4qvcc.mm
15017,imindpsychotherapy.mm
15018,immcura.mm
15019,imnjv.stg.dev
15020,impala-m3l1oxlp.stg-builder.code.com
15021,imperiaserestaurant.mm
15022,imperiumcapitalgroup.mm
15023,impressive-wheels.mm
15024,imstanton.mm
15025,in-butter.de
15026,in-vpn.org
15027,in3.localto.net
15028,inami.toyama.jp
15029,inatsuki.fukuoka.jp
15030,inayaashopp.mm
15031,inc.mm
15032,inciaadipo.mm
15033,ind.gt
15034,indauhost.mm
15035,independent-commission.uk
15036,indexssp.er
15037,indexssp.jm
15038,indexssp.kh
15039,indiatravelholiday.mm
15040,indieutils.mm
15041,industrialmsc.mm
15042,indysynchro.mm
15043,ine.kyoto.jp
15044,inesa-argentina.jm
15045,inf.mk
15046,info-6-6.run.app
15047,info.gu
15048,info.kh
15049,info.nf
15050,info.pr
15051,ingamefunds.mm
15052,ingavans.nom.br
15053,ingoodhandsbeauty.mm
15054,ingozolldahn.mm
15055,ingress-cinna.ewp.live
15056,ingress-helicon.ewp.live
15057,inilahkehidupan.mm
15058,initplayback.kh
15059,injurylawlawyer.mm
15060,inkandhive.mm
15061,inkrediblecommunity.mm
15062,innova-scape.mm
15063,insceninusub.beget.app
15064,insidead.mm
15065,insomnia-328125.mm
15066,inspiresolutiongroup.mm
15067,inspiringeveryspace.mm
15068,inst.ml
15069,instance.datadetect.com
15070,insurance.aero
15071,insurances-for-healthcare.mm
15072,int.az
15073,int.lk
15074,int.tj
15075,int.ve
15076,int.vn
15077,integrationstations.mm
15078,intellicare.bd
15079,intellicare.mm
15080,intellicare.np
15081,intellicool.mm
15082,intellikore.kh
15083,intellikore.mm
15084,intellikore.pg
15085,intellitronika.bd
15086,intellitronika.jm
15087,intellitronika.kh
15088,intellitronika.mm
15089,interac-first.mm
15090,interact-44100011.mm
15091,interactive-browser-atvsbfebdvpnaqvc.devinapps.com
15092,interactive-browser-nfpctqmpesqcvaam.devinapps.com
15093,interactive-browser-ombcbfqabcepmmcm.devinapps.com
15094,interactive-browser-qrbfnveedpsbqvda.devinapps.com
15095,interactive-browser-sqpueqvfsfaqbvvm.devinapps.com
15096,interativas.nom.br
15097,internationaldownandlinen.mm
15098,internet.sch.uk
15099,intimate-technology.mm
15100,intl.tn
15101,intosound.mm
15102,investor.compute-1.amazonaws.com
15103,investors.compute-1.amazonaws.com
15104,invisible-dental-aligners592919.mm
15105,invivomagazine.er
15106,invivomagazine.jm
15107,inwkifas.mm
15108,io43gm2114usua1rk8diu2rg4p4lavvb.mm
15109,ioar.mm
15110,iohannasanchespsi.mm
15111,ip-158-69-104.mm
15112,ip-164-216.run.app
15113,ip-169-11.run.app
15114,ip-185-24.run.app
15115,ip-23-168.run.app
15116,ip-23-41.run.app
15117,ipar.mm
15118,ipektech.mm
15119,ipswich-ifga.mm
15120,ipzsfhmzc.localto.net
15121,iran-sennheiser.fk
15122,iran-sennheiser.mm
15123,iran-sennheiser.nom.br
15124,iri-clothing.mm
15125,iris.arpa
15126,ironkicks.mm
15127,irpshsdi8c4thbcpotsde31mspodjo1i.mm
15128,irwincasino-togda1.mm
15129,irzs-oc98.cloudera.site
15130,is-a-bruinsfan.org
15131,is-an-actress.com
15132,is.gov.pl
15133,is.mm
15134,is8drop.mm
15135,isaacnason.mm
15136,isar-athen.mm
15137,ishikawa.okinawa.jp
15138,ishinomaki.miyagi.jp
15139,islamplan.mm
15140,isr4g7ccvl70rid2pocp816692ltaupm.mm
15141,israelconnection.mm
15142,isshiki.aichi.jp
15143,iswjcpc.mm
15144,it.bd
15145,it.mm
15146,it98k0ga62fdg8gdcs61sss9m2u20gq7.mm
15147,ita.mm
15148,itako.ibaraki.jp
15149,italiansamachar.mm
15150,itaservice.run.app
15151,itclosed.mm
15152,itfdimj.mm
15153,ithouse360.mm
15154,ito.shizuoka.jp
15155,ito6l1cjsdqv85k20t2v5kfbpld9mvcr.mm
15156,its.me
15157,itslcloudtest3.mm
15158,itsthebulletin.mm
15159,ivfwd.stg.dev
15160,iw2vs-eaaaa-aaaak-qip2a-cai.raw.icp0.io
15161,iwade.wakayama.jp
15162,iwafune.tochigi.jp
15163,iwakura.aichi.jp
15164,iwata.shizuoka.jp
15165,iwoxalo.mm
15166,iy3xkuvrd.mm
15167,iyo.ehime.jp
15168,iyongchang.mm
15169,izmirkapi.mm
15170,izqstyle.mm
15171,izumi.kagoshima.jp
15172,izumozaki.niigata.jp
15173,izunokuni.shizuoka.jp
15174,j.bg
15175,j138k897r1gaiadoal1uni1i3qt7e1mr.mm
15176,j21obdo64iokbgt7m8dckhiefjpa43vh.mm
15177,j24ukd5q2h5rgl14s9rc0rc1l1fcotoc.mm
15178,j4gn7dcux.localto.net
15179,j4n6foy.localto.net
15180,j4ttb0gxg.localto.net
15181,j50msua0rzdtemqepva7jzfz86ln7yjwk7bwfwdzvxaamadcqk3.fk
15182,j7ili.jm
15183,j7vweuef.mm
15184,j96ewnxw7puhgzosk.mm
15185,j993ejmbegj2u5msvheqjec9cp28odkd.mm
15186,j9k70.mm
15187,jabbouryrentalcar.mm
15188,jack-towner.mm
15189,jackramseycounseling.mm
15190,jacobdetrick.mm
15191,jadhavbandhufoods.mm
15192,jaeminsejin.mm
15193,jagijoliquo.beget.app
15194,jaimedrayton.mm
15195,jaivikalpa.mm
15196,jallara.mm
15197,jalouflarefop.beget.app
15198,jamesbond007brazoria.mm
15199,jamooflaquu.beget.app
15200,jandklegal.mm
15201,jandrgifts.mm
15202,janelefil.beget.app
15203,japomumeyab.beget.app
15204,japps1879.mm
15205,jaredpogas.mm
15206,jari50jb81ynvola8ydrrpakfxdkkiaqpncda.np
15207,jasmineflorist.mm
15208,jason.mm
15209,jasondkoontz.mm
15210,jasonmoreno.mm
15211,jasperebike.mm
15212,jaswuriswo.beget.app
15213,javelin-25.lcl.dev
15214,jaz-design-co-inc.paywhirl.com
15215,jazdesign.paywhirl.com
15216,jb-landscapedesign.mm
15217,jb88amp.mm
15218,jblkish.mm
15219,jbmcloud.mm
15220,jcharbel.er
15221,jcharbel.sch.uk
15222,jdbvnbvc.mm
15223,jddz70.mm
15224,jdmobilewelding.mm
15225,jecobebuegig.beget.app
15226,jedi-light.mm
15227,jeegukuquo.beget.app
15228,jeeseebepiensoln.beget.app
15229,jeffjacksonwriter.mm
15230,jehafadim.beget.app
15231,jehaquotima.beget.app
15232,jejasesores.bd
15233,jejasesores.jm
15234,jejasesores.kh
15235,jejasesores.np
15236,jele.club
15237,jellyfin.mm
15238,jennifereisenstadtdesign.mm
15239,jeremiahoswald.mm
15240,jerseyshorebarberbattle.mm
15241,jerufako.beget.app
15242,jerusalemgetaway.mm
15243,jescurpapaxtuf.beget.app
15244,jessjadon.mm
15245,jesus-lounge.mm
15246,jesus.nom.br
15247,jesusgirlzrock.mm
15248,jetfloatusa.mm
15249,jetonmerkezi.mm
15250,jetstreamenergysolutions.mm
15251,jeunefeile.mm
15252,jfkz117.mm
15253,jgict-maaaa-aaaam-qa5xq-cai.raw.icp0.io
15254,jhm5ll5nsh6he17ptm9i98q7cohv7be0.mm
15255,jianle-health.mm
15256,jicama-tw05umyr.builder.code.com
15257,jicama-wkptwvi1.builder.code.com
15258,jicleyejagu.beget.app
15259,jidoribrighis.beget.app
15260,jiecamisayeb.beget.app
15261,jiew.fk
15262,jigujemur.beget.app
15263,jihaluejuer.beget.app
15264,jiklmbv.mm
15265,jileelufad.beget.app
15266,jiloneeybod.beget.app
15267,jimmy-he.mm
15268,jinbei-kitakami.mm
15269,jinbosen.mm
15270,jindafutea.mm
15271,jinnian732.mm
15272,jipin351.mm
15273,jisasacue.beget.app
15274,jisokegas.beget.app
15275,jistoma.mm
15276,jitesugcos.beget.app
15277,jitterbug-cellularphones.mm
15278,jix6rxxdg8-artifactory.services.clever-cloud.com
15279,jj789p.mm
15280,jjesargenmerch.mm
15281,jkdefyqfe6r4qt6sfiybwka6apx0bro7pqoewpvmqzabpzg.pg
15282,jkjdt447j5s6f1006033f5k839lplus6.mm
15283,jls2-dvp7.cloudera.site
15284,jmxxxppgl.mm
15285,joboji.iwate.jp
15286,jobs.compute-1.amazonaws.com
15287,jobup.sch.uk
15288,jodelalaclo.beget.app
15289,joebeats.mm
15290,jogo75.mm
15291,johana.toyama.jp
15292,jojistutofut.beget.app
15293,jok4r5hlpputk37gd0ule1cba4lsh5u8.mm
15294,jokrabumi.beget.app
15295,jolster.no
15296,jorindeboekholt.mm
15297,josemariaescriva.run.app
15298,josephramsey.mm
15299,joshboatman.mm
15300,jossmounsey.mm
15301,jote.cloud
15302,jothutkogiz.beget.app
15303,jotz.nom.br
15304,jouomfqsoyeauqf.mm
15305,journal.aero
15306,journalist.aero
15307,joyleafprovision.mm
15308,jp1.localto.net
15309,jpbkag6gt0506t0k9qign5lonr8dfpei.mm
15310,jpjans.run.app
15311,jppventures.mm
15312,jprh-images.mm
15313,jrfunari.sch.uk
15314,jrkan-zhibo5.mm
15315,js92vlpj0etmhmq70gj8mijvmcm06qnn.mm
15316,jsdelc.mm
15317,jsuschrst.mm
15318,jswgraphics.mm
15319,jsximo.mm
15320,jtgtypr4p.localto.net
15321,jtw5hsbpx.localto.net
15322,ju6ree27l18isglgq41oeod8q525lmi5.mm
15323,jucaeventos.np
15324,juicepoppulp.mm
15325,juliataszycka.mm
15326,juliecorfe.mm
15327,julielou.mm
15328,julietteastor.mm
15329,junior.nom.br
15330,junkcollectorga.mm
15331,junomosscollective.mm
15332,juporojo.beget.app
15333,jur.pro
15334,just1guygaming.mm
15335,just90sthings.mm
15336,justagirlbouquet.mm
15337,justclickcheckin.mm
15338,justforfunpartyandartstudio.mm
15339,justissokolracing.mm
15340,justskynbeauty.mm
15341,justynaphoto.mm
15342,jvfrenzy.mm
15343,jvurrwti4.localto.net
15344,jy9236.mm
15345,k.bg
15346,k.ck
15347,k.fk
15348,k.se
15349,k12.as.us
15350,k12.pr.us
15351,k1xgdji2aphi7dl5ffu4mddqudpdzswy1if4zhr.kh
15352,k3vpocombici60s28l8a6v830svf3ntk.mm
15353,k749e6atlointfa8a8qdh55m0c7pij7e.mm
15354,k8s.scw.cloud
15355,k9sz-n8au.cloudera.site
15356,k9ty96.mm
15357,kaanakkashan.mm
15358,kabellieferant.mm
15359,kaceyoconnor.mm
15360,kadiruyanik.stg-builder.code.com
15361,kadogawa.miyazaki.jp
15362,kadragugun.beget.app
15363,kafk.fr-par.scw.cloud
15364,kafojado.beget.app
15365,kagamiishi.fukushima.jp
15366,kagamino.okayama.jp
15367,kahedorelub.beget.app
15368,kaho.fukuoka.jp
15369,kahoku.ishikawa.jp
15370,kai1sf04ls64ilv2pr9dbu4nrgmekboa.mm
15371,kaigo-fire-ryutanblog.mm
15372,kainan.tokushima.jp
15373,kaisergamez.mm
15374,kaixzendigital.mm
15375,kaizuka.osaka.jp
15376,kajerbari.mm
15377,kajitekre.beget.app
15378,kajornsak.mm
15379,kakiforest.mm
15380,kakogawa.hyogo.jp
15381,kakuda.miyagi.jp
15382,kamagaya.chiba.jp
15383,kambojproperty.mm
15384,kami.kochi.jp
15385,kamimine.saga.jp
15386,kaminokawa.tochigi.jp
15387,kaminoyama.yamagata.jp
15388,kamisato.saitama.jp
15389,kandtmarketing.mm
15390,kanemuji.mm
15391,kanghuizt.mm
15392,kanoya.kagoshima.jp
15393,kanra.gunma.jp
15394,kapenasport.mm
15395,karasjohka.no
15396,karasuyama.tochigi.jp
15397,karenhagersten.mm
15398,kariandmanuel.mm
15399,kariya.aichi.jp
15400,karlalandaverde.mm
15401,karpalz.mm
15402,karricsvc.mm
15403,karumai.iwate.jp
15404,kasagite.beget.app
15405,kasahara.gifu.jp
15406,kashiba.nara.jp
15407,kaspersky.bd
15408,kaspersky.jm
15409,kaspersky.mm
15410,kaspersky.np
15411,kastanjepalen.mm
15412,katagami.akita.jp
15413,katefarrow.mm
15414,kateperkett.mm
15415,katesauction.mm
15416,katetotska.mm
15417,katjawrobel.mm
15418,katsushika.tokyo.jp
15419,kawaguchi.saitama.jp
15420,kawajima.saitama.jp
15421,kawakami.nara.jp
15422,kawakita.ishikawa.jp
15423,kawanabe.kagoshima.jp
15424,kawatana.nagasaki.jp
15425,kawaue.gifu.jp
15426,kawazu.shizuoka.jp
15427,kaykouturenails.mm
15428,kazuno.akita.jp
15429,kbizprukbmkjlvylnrnzuwizxgqucx.mm
15430,kdpvuiost4njrr9egsbk0osembg3h8u8.mm
15431,keamzw.mm
15432,keaton-myron-luxury.mm
15433,kedsshoesegypt.mm
15434,keensoxfng.mm
15435,kegaduri.beget.app
15436,keisen.fukuoka.jp
15437,kellycampbellphoto.mm
15438,kelmacgroupsite.mm
15439,kemikorngilis.beget.app
15440,kendallclairelamont.mm
15441,kenn-land-saga.mm
15442,kensington-chelsea.sch.uk
15443,kersiasecurity.mm
15444,kesnadumuy.beget.app
15445,kevingoldmanre.mm
15446,keygoodscenter.mm
15447,keytocoaching.mm
15448,kfoklju79q9jphagkidq2p121cmvh3td.mm
15449,kgef162.mm
15450,kgf-fantasy.mm
15451,kgtape2.mm
15452,khaoskiaan.mm
15453,kharfot.mm
15454,kiaer01.mm
15455,kiaersj.mm
15456,kibana-b4j9hndgi7gsptqshq2u-elasticsearch.services.clever-cloud.com
15457,kibana-b7fitqors-elasticsearch.services.clever-cloud.com
15458,kibana-b841spcdp-elasticsearch.services.clever-cloud.com
15459,kibana-baholwbfe-elasticsearch.services.clever-cloud.com
15460,kibana-bflfayk29-elasticsearch.services.clever-cloud.com
15461,kibana-bgzwarmrn-elasticsearch.services.clever-cloud.com
15462,kibana-bmj5g0wkmso1881mburv-elasticsearch.services.clever-cloud.com
15463,kibana-bnrbts4nj-elasticsearch.services.clever-cloud.com
15464,kibana-bodjthornby26xpi1u2a-elasticsearch.services.clever-cloud.com
15465,kibana-brl547fcq-elasticsearch.services.clever-cloud.com
15466,kibana-bzus2xgxjyrbb5scxloj-elasticsearch.services.clever-cloud.com
15467,kibumezhunab.beget.app
15468,kicksyyz.mm
15469,kidsbrainfood.mm
15470,kiengiang.vn
15471,kiezun-coaching.mm
15472,kiho.mie.jp
15473,kii272.mm
15474,kijebufro.beget.app
15475,kijo.miyazaki.jp
15476,kilmorackcc.mm
15477,kim5dh37hogkq4lekcrmlekav5ethll3.mm
15478,kimbleforcongress.mm
15479,kimino.wakayama.jp
15480,kimiyabarco.mm
15481,kimobetsu.hokkaido.jp
15482,king-royule-automotive-tire-repair.mm
15483,kinghamgate.mm
15484,kingsmobilemedia.mm
15485,kinilemufoum.beget.app
15486,kinko.kagoshima.jp
15487,kinziesikz.mm
15488,kira.aichi.jp
15489,kirkwesslermusic.mm
15490,kiryu.gunma.jp
15491,kisarazu.chiba.jp
15492,kiso.nagano.jp
15493,kisofukushima.nagano.jp
15494,kisosaki.mie.jp
15495,kita.kyoto.jp
15496,kita.sapporo.jp
15497,kitadaito.okinawa.jp
15498,kitagata.gifu.jp
15499,kitagata.saga.jp
15500,kitagawa.miyazaki.jp
15501,kitahata.saga.jp
15502,kitakata.miyazaki.jp
15503,kitami.hokkaido.jp
15504,kitanakagusuku.okinawa.jp
15505,kitapalizm.mm
15506,kitaura.miyazaki.jp
15507,kitchenaidmeatgrinder.mm
15508,kitschykatcouture.mm
15509,kiwa.mie.jp
15510,kiwi-92.lcl.dev
15511,kiwi-dx-lodge.mm
15512,kiyama.saga.jp
15513,kiyokawa.kanagawa.jp
15514,kiyosu.aichi.jp
15515,kizu.kyoto.jp
15516,kjtc52hnfs96367ujfcbjmdr19pr2e63.mm
15517,kjwerkqwe5kjwa.mm
15518,kk.mm
15519,klabgiyornupmen.beget.app
15520,kladabiyol.beget.app
15521,klakopublir.beget.app
15522,klefifhanat.beget.app
15523,klepp.no
15524,kligibingibnus.beget.app
15525,km.mm
15526,km4vs9v7geq1rpscs5l6c5vnfpm9j9oa.mm
15527,kmgamedt.mm
15528,kmovvr64hhdqcpgchwnj-sfcogsops-snowhouse-aws-us-west-2.snowflake.app
15529,kmpsp.gov.pl
15530,kmsbyaxo.mm
15531,kmws.r.appspot.com
15532,kneeblogger.mm
15533,knk.jm
15534,ko.pg
15535,koajicares.mm
15536,kobayashi.miyazaki.jp
15537,kodiak-77.lcl.dev
15538,koge.tottori.jp
15539,kogudequeenaf.beget.app
15540,koha-insight.mm
15541,kohuepangey.beget.app
15542,koi88pasticuan.mm
15543,komae-souzoku.mm
15544,komatsushima.tokushima.jp
15545,kommunalforbund.se
15546,kompaslitbang.mm
15547,komvux.se
15548,konan.aichi.jp
15549,kong32.mm
15550,kongsvinger.no
15551,koobin.events
15552,kootekosoyham.beget.app
15553,kopfangel.mm
15554,koriyama.fukushima.jp
15555,korsloekke.run.app
15556,koslechiquee.beget.app
15557,kosuge.yamanashi.jp
15558,kotohira.kagawa.jp
15559,kouhoku.saga.jp
15560,kouquanuli.beget.app
15561,kouyama.kagoshima.jp
15562,kouzinovia.mm
15563,kouzushima.tokyo.jp
15564,koya.wakayama.jp
15565,kozaki.chiba.jp
15566,kpnoq8eil.localto.net
15567,kqedh78hka2dfeubq28i508tuij8rt6m.mm
15568,kr.eu.org
15569,kr842zyvg5.code.run
15570,kriedaderup.beget.app
15571,kriskallay.mm
15572,kristosai.mm
15573,krittanandc.mm
15574,krjla.mm
15575,krombeexy.mm
15576,krym.ua
15577,ktndbijjugo.mm
15578,kuchinotsu.nagasaki.jp
15579,kudakhagir.beget.app
15580,kudamatsu.yamaguchi.jp
15581,kugasudust.beget.app
15582,kukua.bd
15583,kukua.kh
15584,kukua.mm
15585,kukua.pg
15586,kulnigugob.beget.app
15587,kumakogen.ehime.jp
15588,kumenan.okayama.jp
15589,kumiyama.kyoto.jp
15590,kumquat-t3orcc9.builder.code.com
15591,kunigami.okinawa.jp
15592,kunisaki.oita.jp
15593,kuquimiehu.beget.app
15594,kuquujokelir.beget.app
15595,kuranpain.mm
15596,kurate.fukuoka.jp
15597,kurogi.fukuoka.jp
15598,kuroiso.tochigi.jp
15599,kushima.miyazaki.jp
15600,kushiro.hokkaido.jp
15601,kustanai.ru
15602,kutchan.hokkaido.jp
15603,kutecrotheemu.beget.app
15604,kuwana.mie.jp
15605,kuwujapiso.beget.app
15606,kvanangen.no
15607,kvitsoy.no
15608,kvmqsybrv.fk
15609,kvotsyciedqyrvbgql.fk
15610,kvtf.fk
15611,kvvycgxdjxr.fk
15612,kvx.fk
15613,kvy.fk
15614,kwaxvk.fk
15615,kwbkw.fk
15616,kwd.fk
15617,kwintonmikal.mm
15618,kwp.gov.pl
15619,kxasgt.fk
15620,kxe.fk
15621,kxeabzu.fk
15622,kxet.fk
15623,ky12071.mm
15624,ky596070.mm
15625,kyahadley.mm
15626,kyhots.mm
15627,kylemalonedata.mm
15628,kyowa.akita.jp
15629,kysurgery.mm
15630,kyuragi.saga.jp
15631,kz5knnnyjv.fk
15632,kzekolttgaajfxjc.fk
15633,l.se
15634,l000ug9qeaht164t7hc9kvmuqt12v9gi.mm
15635,l1eflueqqpr2itp9k5q9d3t46avde5t7.mm
15636,l2ni5b138il4e7f1f21cs5ge1artivjs.mm
15637,l2rhgnom41rjqddmfj14cgfvfrlt86fe.mm
15638,l3i9352s5dr33ss1ncpavp5uu8qqcl4r.mm
15639,l3jll2es.bd
15640,l44771ejg51mhor9jmid6d57q6n9cv3u.mm
15641,l4rdki.mm
15642,l5shrnoej.localto.net
15643,l5ugb6qxh.localto.net
15644,l62qj0fgi6ipc7d07iet3cca2k9au4s3.mm
15645,l7hgkm5ri9d1rfd0ak9rsmct3d451fa0.mm
15646,l8t9wf.mm
15647,la-spezia.it
15648,la101podcast.mm
15649,lab.nom.br
15650,labeledone.mm
15651,labeling.ap-northeast-2.sagemaker.aws
15652,labeling.ap-south-1.sagemaker.aws
15653,labeling.ap-southeast-2.sagemaker.aws
15654,labrador-7.lcl.dev
15655,labsystemsolutionsllc.mm
15656,lacecoin.mm
15657,lacewing-22.lcl.dev
15658,lachswear.mm
15659,lackawannacountycasa.mm
15660,ladybird-90.lcl.dev
15661,ladybug-82.lcl.dev
15662,lae91n741o7lm7hlpaommsuhd9ltmha2.mm
15663,lalipop-shop.mm
15664,lamayogawithso.mm
15665,lamb-32.lcl.dev
15666,lamotuyar.beget.app
15667,lanbib.se
15668,lancasterlandscaper.mm
15669,lance.sch.uk
15670,landliterature.mm
15671,landsfin.mm
15672,lang.mm
15673,langlangco.mm
15674,langpaitsunami.mm
15675,laocai.vn
15676,laplandgroupfinland.mm
15677,lapojubeklub.beget.app
15678,lappeenrannannaislaulajat.mm
15679,laptopk1.mm
15680,lasastegab.beget.app
15681,lascruces-construction.mm
15682,lash-bargain.mm
15683,lasvergasmasgrandes.mm
15684,latestmovies4free.mm
15685,laughyourbestlife.mm
15686,lauraforde.mm
15687,lauramaestropsicoterapia.mm
15688,laursens-realskole.digitaloceanspaces.com
15689,lav07.mm
15690,lavagis.no
15691,law88888.mm
15692,lawyercitations.mm
15693,lccy5.mm
15694,lcfpqnserqechgu14k0kjii3qj13p8vn.mm
15695,lcifg3lsqpjq1ses2ljc294tskbe96p7.mm
15696,lcky.fk
15697,lcnryoc.fk
15698,lcqxbmhtqps.fk
15699,ldpbfeodcvt.fk
15700,ldq.fk
15701,ldslhulnb.fk
15702,ldsm.fk
15703,ldsmynyfjuzbzc.fk
15704,ldsyicrayews.fk
15705,ldtg.fk
15706,ldux.fk
15707,ldvlkjxnztxexdl.fk
15708,ldymain1214c.mm
15709,leadsifystrategi.mm
15710,leadwithconnie.mm
15711,leaky-heart-valve-treatment.mm
15712,learn-act-grow.mm
15713,leasing.aero
15714,leavuune.ck
15715,lebbafobik.beget.app
15716,lebesby.no
15717,lebsseldjzyum.fk
15718,lebtcgzdtn.fk
15719,lecis.sch.uk
15720,ledi.fk
15721,ledjezj.fk
15722,ledoshatak.beget.app
15723,leeajnfiwn.fk
15724,leehapoganat.beget.app
15725,leemehuge.beget.app
15726,leetlegacy.fk
15727,leflrjovaw.fk
15728,lefttack.mm
15729,legacyegg.mm
15730,legacytesora.fk
15731,legadomortgage.mm
15732,legkil.fk
15733,legpainsolutions.mm
15734,legs.fk
15735,legvp.fk
15736,lehmevbdw.fk
15737,lehugonief.beget.app
15738,leices.sch.uk
15739,leishi.fk
15740,leisten.fk
15741,lejani.mm
15742,lejfm.fk
15743,lek.fk
15744,leka.no
15745,lekugbeyoyus.beget.app
15746,leloodroufarmoog.beget.app
15747,lemanoirduprince.mm
15748,lemintaoshumiao.mm
15749,lemming-qnnzy3j.builder.code.com
15750,lemming-svl0nhm.builder.code.com
15751,lemon-qjhkzvlyt.builder.code.com
15752,lemonipgroup.mm
15753,lemur-aek5qkhvu.builder.code.com
15754,leonardoenergia.bd
15755,leonardoenergia.mm
15756,les-subsistances.mm
15757,lespagnedunordausud.mm
15758,lesuitesas.mm
15759,letsarguebar.mm
15760,letsdoxxx.mm
15761,lewisbaldwinpt.mm
15762,lewisville.run.app
15763,lexeventhire.mm
15764,lf1qu.mm
15765,lfdz5mbnv.localto.net
15766,lfridwox.fk
15767,lfrvrzokpgo.fk
15768,lfskd.fk
15769,lfssowyqmp.fk
15770,lfsvwhjy.fk
15771,lfvdba.fk
15772,lfvjx.fk
15773,lfvtumgnlz.fk
15774,lfxmgrbzgnhlv.fk
15775,lgamyprtlaaoemivleuqs.fk
15776,lgbmeywybz.fk
15777,lgbs.fk
15778,lgebr.fk
15779,lgmreu.fk
15780,lhjyyfcs.mm
15781,lhr48s23-in-f13.run.app
15782,liangpaid.mm
15783,lib.dc.us
15784,lib.mt.us
15785,lib.pr.us
15786,lib.ri.us
15787,lib.sd.us
15788,lib.vi.us
15789,libobicida.beget.app
15790,libremoto.mm
15791,liedegahe.beget.app
15792,liegener.mm
15793,lifedocumentedvideo.mm
15794,liftscout24.mm
15795,lig.it
15796,lightcoach888.mm
15797,lighthousebaptistofslc.mm
15798,ligiaotorrino.mm
15799,lijeliebdrilhur.beget.app
15800,lilagitol.beget.app
15801,lilakaloum.beget.app
15802,lilclaire.mm
15803,lilomostro.beget.app
15804,lindathomashealth.mm
15805,linevoomtw-wenjuanbw.mm
15806,liniangka4d.mm
15807,linuxservertech.mm
15808,lion-15.lcl.dev
15809,liposuction-hop.mm
15810,lirathdrarooyuer.beget.app
15811,lisacashionconsulting.mm
15812,list.compute-1.amazonaws.com
15813,lists.compute-1.amazonaws.com
15814,livdommo.mm
15815,livechat-fullcomparison.mm
15816,livinginsanelijo.mm
15817,livnarstie.mm
15818,lixirolivefruitjuice.mm
15819,lizard-uu0rau5p.builder.code.com
15820,lizzydreams.mm
15821,ljplumbingheating.mm
15822,llama-dfpycfplq.builder.code.com
15823,llstans.mm
15824,lm4cploauiqvi4jvdjdbbh1gr1su6vvj.mm
15825,lmjservicesltd.mm
15826,lmjzkk.mm
15827,lmnv--mellow-match--airy-morning--hqlr-nhs7.code.run
15828,lms-yogaandhealth.mm
15829,lntvisdpjjwloee.fk
15830,loakcianjur.mm
15831,locksmiths-us-51.mm
15832,lodingen.no
15833,lodituebukug.beget.app
15834,loel.pg
15835,logansgames.mm
15836,logindemo.run.app
15837,logistics.aero
15838,logoip.com
15839,logoph.mm
15840,lohmus.me
15841,loir-filzi.mm
15842,lom.it
15843,lon-2.paas.massivegrid.net
15844,london.sch.uk
15845,longwayeducare.mm
15846,look4fashion.mm
15847,loon-49.lcl.dev
15848,lopasuy8.mm
15849,loqj5ro1f7f5s6hn8oge6gd6dcrelj5o.mm
15850,loquikipo.beget.app
15851,losanglesraidershalloffame.mm
15852,losaspirantes-theapplicants.mm
15853,lostmyhair.mm
15854,lot-9v5k3y6qwtjiyctm.np
15855,lottejamesdesign.mm
15856,lou81.lcl.dev
15857,lovely9months.mm
15858,loverslaneranch.mm
15859,lowcarbonmanagement.mm
15860,lowhangingfruitstudio.mm
15861,lpinkham.mm
15862,lpiras.mm
15863,lpool.sch.uk
15864,lqdr1ahj2pjpoaen8ef38eoc6qfvj5br.mm
15865,lqeo7.lcl.dev
15866,ltd.lk
15867,ltdcetar.mm
15868,lu9bfaao9pt0atv0h7t8a111toj8f62t.mm
15869,lucalikesto.mm
15870,lucasreiramos.mm
15871,lucklybestseller.mm
15872,lucypresslyrealtor.mm
15873,lulalivre777.mm
15874,lulu139.mm
15875,lumenacondo.mm
15876,luminidea.mm
15877,lunaqalby.mm
15878,lunchdeliverylasvegas.mm
15879,lund.no
15880,lunita.jm
15881,lupokuepe.beget.app
15882,lusciouslists.mm
15883,lutongnanayco.mm
15884,luuraq1huu50pvrmlq1crjdqr35uutpr.mm
15885,luvbuw.mm
15886,luxembourgvacations.mm
15887,luxury-watches-sport-694.mm
15888,luxurybeachandcabin.mm
15889,luxurymurderhotel.mm
15890,luzrica.mm
15891,lv.eu.org
15892,lvl0hua88ggwhtvq5ejxrqexg3dshgdfohfl.np
15893,lvovskijsm.mm
15894,lvyouyici.mm
15895,lwtgiajga.localto.net
15896,lycys.mm
15897,lzxtybbszzt.mm
15898,m.bd
15899,m.jm
15900,m39w8wupkwb.jm
15901,m71jpu2vrehee5i9ohkp9o41f92rhp41.mm
15902,m88o-pc3r.cloudera.site
15903,ma-resolution.mm
15904,ma.np
15905,mabashi-matsudo.mm
15906,macifvie.fk
15907,mackerel-wtzqev.builder.code.com
15908,madbutphat.mm
15909,madeinet.mm
15910,madhuexports.mm
15911,madlyyoursnaturals.mm
15912,madogara.beget.app
15913,madvenus.mm
15914,madwan.mm
15915,magazine.aero
15916,magdageorgiadou.mm
15917,magic-com.mm
15918,magicdreamerscr.mm
15919,magnusteel.mm
15920,mahajana9news.mm
15921,mahal.mm
15922,mahal.pg
15923,mai-digi.mm
15924,mail.compute-1.amazonaws.com
15925,mail02.sch.uk
15926,mail4.compute.amazonaws.com
15927,mail496.run.app
15928,mailbi-partners.bd
15929,mailbi-partners.jm
15930,mailbi-partners.mm
15931,mailbi.mm
15932,mailbi.np
15933,mailbipartners.pg
15934,mailbox.sch.uk
15935,mainstprop.mm
15936,maintenance.aero
15937,maisonjarmdin.mm
15938,majamm.mm
15939,makemoretosharemore.mm
15940,makergalvanizing.mm
15941,makingsoluciones.mm
15942,mako-58.lcl.dev
15943,malamogeko.beget.app
15944,malcolmtente.mm
15945,malselv.no
15946,mammal-38.lcl.dev
15947,managedobjectwrapper.mm
15948,manakamanaauto.mm
15949,mandohangout.mm
15950,manengkel.mm
15951,mango-du1ur003v.dev-builder.code.com
15952,manh.kh
15953,maniwa.okayama.jp
15954,mankelcreations.mm
15955,manno.kagawa.jp
15956,manosso.nom.br
15957,mansikki.mm
15958,maquuhecoku.beget.app
15959,marathonaustria.mm
15960,marcovargastuxedo.mm
15961,marekinc.mm
15962,margiescabin.mm
15963,maria38863.mm
15964,maridoxtools.mm
15965,mariguaneros.mm
15966,marine.ru
15967,mariom.er
15968,marketingclear.mm
15969,marketplace.aero
15970,marktroup.mm
15971,marmot-66.lcl.dev
15972,marmot-89.lcl.dev
15973,marnact.mm
15974,marriotts.sch.uk
15975,martin-88.lcl.dev
15976,marugame.kagawa.jp
15977,mascolodavid.mm
15978,mascom.jm
15979,masfjorden.no
15980,mashellparent.mm
15981,mashiko.tochigi.jp
15982,massacarrara.it
15983,massellhouses.mm
15984,massysimplysweets.mm
15985,mastodon-74.lclstage.dev
15986,matchneural.mm
15987,mathieuit.mm
15988,matsushige.tokushima.jp
15989,matsushima.miyagi.jp
15990,matsuura.nagasaki.jp
15991,mattosadv.pg
15992,mattresskingmontana.mm
15993,maxwellbuillding.mm
15994,may2n9.mm
15995,mayasbeachhouse.mm
15996,maycolor.mm
15997,maydouka.mm
15998,mayem-details.mm
15999,mcbbank.er
16000,mcbbank.mm
16001,mcbbank.np
16002,mcblive.jm
16003,mcblive.mm
16004,mcblive.sch.uk
16005,mcccxci.kh
16006,mcdwvor.mm
16007,mcgrathart.mm
16008,mcjiagong.mm
16009,mcmxxxi.bd
16010,mcontek.mm
16011,mcs4jseoo1q54re6mndfm809hh0lgjie.mm
16012,mdfnz20fmmc945lz2mzb0j0gevxnlncl.np
16013,mdmglass.mm
16014,mdqbb9ojk.localto.net
16015,me-abudhabi-1.oraclecloudapps.com
16016,me-central-1.compute.amazonaws.com
16017,med.sd
16018,medeiros.nom.br
16019,media.aero
16020,media.compute-1.amazonaws.com
16021,medzod.mm
16022,meekerjunction.mm
16023,meer.er
16024,mega-eventpark-aach.mm
16025,meili99ok.mm
16026,meilishanghai.mm
16027,meiwa.gunma.jp
16028,mejalipatkantor.mm
16029,melaomelancia.bd
16030,melatti-advice-consultancy.mm
16031,melbet-stavky.mm
16032,melbourneflowersonline.mm
16033,meliologia.mm
16034,melroselips.mm
16035,membraflowcontrol.mm
16036,memos1984.mm
16037,menfashionworld.mm
16038,mentholy.mm
16039,meradeshveravatan.mm
16040,meravmazeh.mm
16041,merchanttaylorsoxfordshireacademytrust.fk
16042,merck
16043,meridian-group.jm
16044,meridian-group.mm
16045,meroniingmario.mm
16046,mesasdetenisdemesa.mm
16047,message.ck
16048,message.kh
16049,mestredolucro.mm
16050,meswikagud.beget.app
16051,metal-roofs-syndicate.mm
16052,metalenvases.bd
16053,metalenvases.pg
16054,metalesflix.bd
16055,metalsteel.sch.uk
16056,metalworkingmachinesforsale.mm
16057,metaverzlawyer.mm
16058,meterg.mm
16059,metriecorp.fk
16060,metriecorp.pg
16061,metriedesign.bd
16062,metriedesign.jm
16063,metroplexconsultants.mm
16064,mfmmarket.mm
16065,mfp12073313.pg
16066,mfw9fvdqb7.code.run
16067,mgvvvpvqxp.code.run
16068,mhq6.mm
16069,mia.kh
16070,micasaoletx.mm
16071,michaeljlibow.mm
16072,michaelklucas.mm
16073,michaelsebastianhaas.mm
16074,micheldlebeau.mm
16075,michelleavd.mm
16076,michellecasalez.mm
16077,michelles-corner.mm
16078,michiganbluestone.mm
16079,michinoku-japan.mm
16080,mickfra.mm
16081,microlight.aero
16082,microtouchsmp.mm
16083,mid-holding.mm
16084,middleburylaw.mm
16085,midiaoffice.mm
16086,midori.gunma.jp
16087,miequufikal.beget.app
16088,mifamilia.run.app
16089,mig-conciergerie.mm
16090,migtigarc.mm
16091,mihama.aichi.jp
16092,mihama.chiba.jp
16093,mihama.wakayama.jp
16094,mihara.kochi.jp
16095,miho.ibaraki.jp
16096,mikedavisweb.mm
16097,miki.hyogo.jp
16098,mikierecue.beget.app
16099,mikonkatu7.fk
16100,mikonkatu7.pg
16101,mil.km
16102,mil.sh
16103,mil.to
16104,mil.tz
16105,mil.ug
16106,mil.vc
16107,milasemu.beget.app
16108,milkwoodcountryhouse.mm
16109,millionairetechtalk.mm
16110,milliondollarsmile-coin.mm
16111,millionsmilesorg.mm
16112,milohobbs.mm
16113,mima.tokushima.jp
16114,mimata.miyazaki.jp
16115,minamakilab.mm
16116,minamata.kumamoto.jp
16117,minami.fukuoka.jp
16118,minami.tokushima.jp
16119,minamiashigara.kanagawa.jp
16120,minamifurano.hokkaido.jp
16121,minamiizu.shizuoka.jp
16122,minamioguni.kumamoto.jp
16123,minamitane.kagoshima.jp
16124,minamiyamashiro.kyoto.jp
16125,minconexploration.mm
16126,mindbodynutritionrd.mm
16127,mindpixelsur.mm
16128,minervacompany.jm
16129,minervacompany.kh
16130,minfusion.mm
16131,minibless.mm
16132,minnesota-dwi.mm
16133,minobu.yamanashi.jp
16134,minutemancoffeeco.mm
16135,mirafan.jm
16136,mirafan.mm
16137,miranda.nom.br
16138,mirandasom.nom.br
16139,miromaquoo.beget.app
16140,misato.wakayama.jp
16141,mischiefrally.mm
16142,mispremioscoca-cola.np
16143,mispremioscoca-cola.pg
16144,mispremioscocacola.bd
16145,mispremioscocacola.kh
16146,mistifyparfums.mm
16147,misugi.mie.jp
16148,mitchstraining.mm
16149,mite-92.lcl.dev
16150,mitou.yamaguchi.jp
16151,mitoyo.kagawa.jp
16152,mittwald.info
16153,miutiku.mm
16154,mix-mastering-online.mm
16155,miyada.nagano.jp
16156,miyako.fukuoka.jp
16157,miyama.fukuoka.jp
16158,miyashiro.saitama.jp
16159,miyawaka.fukuoka.jp
16160,mizooco.ck
16161,mizooco.np
16162,mizumaki.fukuoka.jp
16163,mjm4ff1lrpk68dtpeg2s2skbht6a5hit.mm
16164,mk-plugs.mm
16165,mkbxw.mm
16166,mkspamp.jm
16167,mkspamp.mm
16168,mlbpqrk3nhk652v1gsapfd29j4o8tapd.mm
16169,mm1pa16zr.mm
16170,mmcpayroll.mm
16171,mmmi.mm
16172,mmoe0medqe7gfag0862433g4m722o0h1.mm
16173,mmskdd.mm
16174,mnkali.mm
16175,mnmlstores.mm
16176,moannacreative.mm
16177,mobi.np
16178,mobileartmuseum.mm
16179,mobiloilsucks.mm
16180,mochizuki.nagano.jp
16181,modelling.aero
16182,moderasyon.mm
16183,modhotelsoftware.mm
16184,moheli-tourisme.mm
16185,mohitgajera.mm
16186,moisesbrander.bd
16187,moka.tochigi.jp
16188,mol.it
16189,molafudas.beget.app
16190,mole-53.lcl.dev
16191,mollusk-99.lcl.dev
16192,momentosfriko.np
16193,momentumbizvault.mm
16194,momwayllc.mm
16195,mondayvisions.mm
16196,money4yourdeal.mm
16197,mongolian.jp
16198,mongoose-55.lcl.dev
16199,mongrel-5.lcl.dev
16200,monkvisualsweb.mm
16201,monmouthshire.sch.uk
16202,monopolyygo.mm
16203,monstercleaningbarking.mm
16204,monstersvsmortals.mm
16205,monstertrailerparts.mm
16206,montebellosportculture.mm
16207,monza-e-della-brianza.it
16208,mookandmern.mm
16209,moomarkmilk.mm
16210,moonbabylullabies.mm
16211,moorheadtechnologies.mm
16212,mooseymoosearts.mm
16213,moreseminars.mm
16214,morganyuan.mm
16215,motegi.tochigi.jp
16216,motivatedtoromance.mm
16217,motorbikewears.mm
16218,motosu.gifu.jp
16219,motta.nom.br
16220,moumous.mm
16221,mousepath.mm
16222,movethisway.mm
16223,moviesfromcomics.mm
16224,mp8forpresident.mm
16225,mpcaminhoesecarretas.sch.uk
16226,mqe-9.magentosite.cloud
16227,mqn-cloud.mm
16228,mr.er
16229,mrbossdeal.mm
16230,mrc7rgkvee2bd3dapr35io0cesbisu9c.mm
16231,mrsbrownbear.mm
16232,mrtkml8do6b56m20cia59jfrmip2b400.mm
16233,msdkenpo.mm
16234,msk81.mm
16235,msnexolutions.mm
16236,msqvdx.compute-1.amazonaws.com
16237,msrd.run.app
16238,msurologiarobotica.mm
16239,mt20tt.mm
16240,mta.compute-1.amazonaws.com
16241,mta1.sch.uk
16242,mtbmetals.ck
16243,mtbmetals.mm
16244,mtdadvice.mm
16245,mtl-mysql-c7.services.clever-cloud.com
16246,mtzshipping.ck
16247,mtzshipping.fk
16248,muamaenencetranslator.mm
16249,mucohasceeb.beget.app
16250,mueblescubicos.mm
16251,muebleweb.mm
16252,mugisamochaf.beget.app
16253,multiservices-cornil-correze.mm
16254,mumbai-bgfuukzr.dev-builder.code.com
16255,mumedecine.mm
16256,munakata.fukuoka.jp
16257,mundodoaconchego.nom.br
16258,municourt.fk
16259,murata.miyagi.jp
16260,muronde.nom.br
16261,murrayspomade.mm
16262,mus.mi.us
16263,muscle-sup.mm
16264,musica.bo
16265,musicanddanceproject.mm
16266,musiccityvodka.mm
16267,musicproductiontutorials.mm
16268,musugajul.beget.app
16269,musulilep.beget.app
16270,muzammilwoodpolish.mm
16271,mvanlaw.mm
16272,mvcargo.nom.br
16273,mvh76jlq6nr0s6tr8mvlhn7g0ppee29q.mm
16274,mvrolbhw7wbjmqxzrnx.bd
16275,mw.gov.pl
16276,mwtzh.mm
16277,mx-monterrey-1.oraclecloudapps.com
16278,mx.cryptonomic.net
16279,my.at
16280,my.canvasite.cn
16281,my.compute-1.amazonaws.com
16282,my3pmmedia.mm
16283,myamaze.net
16284,myconsulting-sa.mm
16285,mycurvesrule.mm
16286,mydatto.com
16287,mydatto.net
16288,mydoctorjeff.mm
16289,myfast.host
16290,myhopebuilder.mm
16291,myhouse-go.mm
16292,mykpg.mm
16293,myluxurypress.mm
16294,mymerchantbroker.mm
16295,mynansen.mm
16296,mypeachfactory.mm
16297,myproposalspecialist.mm
16298,mysecuritycamera.org
16299,mysilentstruggle.mm
16300,myspreadshop.es
16301,mysql-addon-clevercloud-customers.services.clever-cloud.com
16302,mysql-atylia-customers.services.clever-cloud.com
16303,mysterywin751.mm
16304,mystik-minds.mm
16305,mytabit.co.il
16306,mytuleap.com
16307,mywealthcycles.mm
16308,mywebsitewidgets.mm
16309,n.dev-builder.code.com
16310,n.digitaloceanspaces.com
16311,n03kn.vps.myjino.ru
16312,n0trf5v2p7k7pf5eq92h0n618dhb8p96.mm
16313,n1-c1-mongodb-yaakadev-customers.services.clever-cloud.com
16314,n1-c4-cassandra-axiell-group.services.clever-cloud.com
16315,n1-es-digischool-customers.services.clever-cloud.com
16316,n1-frs-nickel1-nickel-customers.services.clever-cloud.com
16317,n1-frs-rbx-clevercloud-customers.services.clever-cloud.com
16318,n1-frs-wsw-clevercloud-customers.services.clever-cloud.com
16319,n1-osd-par-ceph.services.clever-cloud.com
16320,n2-c2-cassandra-nickel-customers.services.clever-cloud.com
16321,n2-c2-logs-elasticsearch-clevercloud-customers.services.clever-cloud.com
16322,n21-osd-par-ceph.services.clever-cloud.com
16323,n262r7sm14ms7dt21n0ro97abmi1vf3s.mm
16324,n3-ars-clevercloud-customers.services.clever-cloud.com
16325,n3-c2-kafka-nickel-customers.services.clever-cloud.com
16326,n3-c2-mongodb-illicohodes-customers.services.clever-cloud.com
16327,n3-frs-par-clevercloud-customers.services.clever-cloud.com
16328,n3-osd-par-ceph.services.clever-cloud.com
16329,n5-c1-cassandra-nickel-customers.services.clever-cloud.com
16330,n5-frs-mtl-clevercloud-customers.services.clever-cloud.com
16331,n52cutntvebova9e4tpf9f0tg4nplqgp.mm
16332,n56gu.mm
16333,n5mqk-fqaaa-aaaag-qdcja-cai.raw.icp0.io
16334,n5sl0hu8clng0hev563fj2809ngufu7m.mm
16335,n6-c1-couchbase-tikeasy-customers.services.clever-cloud.com
16336,n6-c2-kafka-nickel-customers.services.clever-cloud.com
16337,n6aun0.on-rio.io
16338,n79q1va6r6fh8kj1sia2doq45k2mak2d.mm
16339,n7g8rj62zq.code.run
16340,n9g13q0hp7jufk5m6jgmhvrc7ffhsjjm.mm
16341,na.mm
16342,na14e676a1sldunca2896kq42r8lc7vc.mm
16343,naa6cdbtiaghcgl342og7q1rva2fa4pi.mm
16344,naber.np
16345,naber.pg
16346,nabscreative.mm
16347,nacaquiflu.beget.app
16348,nafisgol.mm
16349,naganohara.gunma.jp
16350,nagaokakyo.kyoto.jp
16351,nagasu.kumamoto.jp
16352,nagata.kobe.jp
16353,nagi.okayama.jp
16354,nahari.kochi.jp
16355,nahuatlecan.mm
16356,nailperfection4u.mm
16357,nakadomari.aomori.jp
16358,nakagawa.fukuoka.jp
16359,nakagawa.tokushima.jp
16360,nakagusuku.okinawa.jp
16361,nakagyo.kyoto.jp
16362,nakama.fukuoka.jp
16363,nakamichi.yamanashi.jp
16364,nakano.nagano.jp
16365,nakano.tokyo.jp
16366,nakanojo.gunma.jp
16367,nakijin.okinawa.jp
16368,nakikluebafip.beget.app
16369,name-server8.mm
16370,name.mk
16371,nanaeleven.mm
16372,nanao.ishikawa.jp
16373,nanbu.yamanashi.jp
16374,nangwa.mm
16375,nanmoku.gunma.jp
16376,naoshima.kagawa.jp
16377,napeezsodib.beget.app
16378,naposelog.beget.app
16379,narashino.chiba.jp
16380,narohedid.beget.app
16381,narrowband-m2m.mm
16382,narwhal-q2orbuk.builder.code.com
16383,nasu.tochigi.jp
16384,natebargatzecruise.mm
16385,nathalycalixto.mm
16386,nathanielbrous.mm
16387,nathankonen.mm
16388,nativeartcanada.mm
16389,naturbruksgymn.se
16390,navigatingadmissions.mm
16391,nay.kh
16392,nayisiemos.beget.app
16393,nayntoycd.mm
16394,nbh90k7yw.localto.net
16395,nbmbaatxalliance.mm
16396,ncaaathletesdirect.mm
16397,ncfangxie.mm
16398,ncgastrogroup.mm
16399,ncomh96ot48p950nopmvhm1tbko34jvg.mm
16400,ndzjp.spectrum.myjino.ru
16401,near-me-electrician01.mm
16402,nebodnumem.beget.app
16403,necolugite.beget.app
16404,nedikikut.beget.app
16405,nedoeurope.mm
16406,neetasuquosousk.beget.app
16407,nefralenetas.beget.app
16408,nefrudegik.beget.app
16409,neilloacura.mm
16410,neirosamurai.mm
16411,nellytanner.mm
16412,nepeechiti.beget.app
16413,neresstores.mm
16414,nestkope.mm
16415,net-nz.bd
16416,net.bb
16417,net.cw
16418,net.fm
16419,net.gu
16420,net.kunden.ortsinfo.at
16421,net.me
16422,net.pn
16423,net.to
16424,net.vi
16425,netking.mm
16426,netsetfs.mm
16427,neues.er
16428,neumann-brandzone.fk
16429,neumann-brandzone.kh
16430,neurologopediatragdl.mm
16431,nevada-health-ins.mm
16432,newbustle.mm
16433,newcstle.sch.uk
16434,newdashfi.mm
16435,newjerseypeople.mm
16436,news.compute-1.amazonaws.com
16437,news.hu
16438,newslatestnews.mm
16439,newstrendsnow.mm
16440,newworkscomputers.mm
16441,nextgenerationdemocracy.mm
16442,nextwomengym.mm
16443,nezaquihuge.beget.app
16444,nf0662be79-d865-4021-af3b-e01cc5fb003c-r.code.run
16445,nf07e7d18f-18a5-4b5f-a164-3f4d2c297d0c-r.code.run
16446,nf0b71eb25-54ee-415b-9a5b-a3275b1ab3f7-r.code.run
16447,nf0ca9d516-a263-4ea8-b15a-9e8420f9d3f8-r.code.run
16448,nf13db6d65-8d77-400e-bc30-45f60ba0d64b-r.code.run
16449,nf148bf6b2-1444-4fc4-b63a-0020ca183417-r.code.run
16450,nf14a37591-854b-4aaf-a980-2f96e7b49bff-r.code.run
16451,nf1e428fe2-8df7-47e6-8be0-7ec01a1f826e-r.code.run
16452,nf1e5a922c-d1ac-49a1-931c-6ff36e8be4a9-r.code.run
16453,nf282f09c1-4d53-45eb-8f0b-e5796382e936-r.code.run
16454,nf2c0d5364-59fe-4405-acb8-0ecee74be9ea-r.code.run
16455,nf3804ed7c-bd90-46c5-9fa6-701084406d91-r.code.run
16456,nf3e8a4384-a5ad-4963-b948-b5adb48e4350-r.code.run
16457,nf45fdd9da-0f36-4141-94b6-a3497ac58cc6-r.code.run
16458,nf47f657d9-11ba-44cb-9456-54b292ba088b-r.code.run
16459,nf4a512484-9303-4eba-b294-d36c90d53831-r.code.run
16460,nf4e8ab893-e6d4-4f34-9477-cf842c02ec28-r.code.run
16461,nf512a7fcc-91c9-4119-8543-c1be6a1cc77c-r.code.run
16462,nf5664276c-c044-4751-8966-3fe7923ba4ae-r.code.run
16463,nf5966759c-4c29-4d73-8764-e721d4f2c760-r.code.run
16464,nf5c01054c-e6c9-4715-b1c6-c03b83859fee-r.code.run
16465,nf6afbd932-8e89-42e9-bf5d-543824145231-r.code.run
16466,nf6bcf1476-b795-4764-84c6-db06669f9870-r.code.run
16467,nf6c2b8858-0658-4f89-b5dc-1c2be3632a13-r.code.run
16468,nf6f32eff8-afb5-4611-a05c-56854dc31d90-r.code.run
16469,nf6f34ba1b-dfc7-40f0-89e7-44dfd639c0be-r.code.run
16470,nf7b1cd0cc-b071-440c-9bc5-8dca207ebf45-r.code.run
16471,nf7d30086d-fb5e-40d3-b13e-db0d218a0a4f-r.code.run
16472,nf802dfc9d-108d-4295-9cf4-7d141fc7a259-r.code.run
16473,nf8935851e-d3ec-4bab-ab02-3c96cd35211e-r.code.run
16474,nf8b3db27d-6cac-4bf4-8dbf-b47b5c2710d7-r.code.run
16475,nf8b7aca24-8022-4f48-b96a-947cdd5005e1-r.code.run
16476,nf8daaf1f7-139e-4382-b2a3-cb218f5d5864-r.code.run
16477,nf9d1c7bb8-ad4f-4717-94b8-4cdabf688054-r.code.run
16478,nf9e2617cc-51ec-4ceb-8f63-7896565524ea-r.code.run
16479,nfa8319ccf-eed7-438e-b3ca-9132d35f5cbc-r.code.run
16480,nfa979d791-9ce5-467a-a517-3e6074da5c66-r.code.run
16481,nfaaa8475e-9a60-4c08-b7bc-0736838e00c5-r.code.run
16482,nfb635862c-11c5-4ad1-af6d-dac03a39a7b0-r.code.run
16483,nfb9f282af-026b-4b67-b529-fae859c335ff-r.code.run
16484,nfbb28873b-2894-48f4-9176-c14b34f302eb-r.code.run
16485,nfbb66a960-6a26-4558-b44a-3d1ed0f834df-r.code.run
16486,nfbce0ee05-e6bb-47cc-8c30-4332f0b61158-r.code.run
16487,nfc74aa3b6-765c-4365-95e8-33b54a4af46a-r.code.run
16488,nfcredskins.mm
16489,nfd9b996f5-12f4-4bab-9b55-b5441f12e707-r.code.run
16490,nfde8a3f3e-aaaa-452e-8c77-0efa7ff78a3d-r.code.run
16491,nfdfed9aa3-f23a-4fd0-a45a-dc0af2d55f49-r.code.run
16492,nfe36debbe-8ded-408a-bdfa-fcb0e8d1ce1b-r.code.run
16493,nfe6064bb3-84df-4e3e-9f32-57f67414d508-r.code.run
16494,nff1f199c0-a366-483d-bd91-886c6e65628b-r.code.run
16495,nff96c7919-7572-47ca-989e-b1782d525722-r.code.run
16496,nffa20845b-e1f9-44be-a888-d6fe141ff750-r.code.run
16497,nfff2bd70f-e435-4e14-be3b-fac591bc08c9-r.code.run
16498,nfs7mqdul379n1ag90pqk2wipm.ck
16499,ng.bd
16500,ngabhda.mm
16501,ngjarjengajeta.mm
16502,ngo.lk
16503,ngo.us
16504,ngombochansaisaacs.mm
16505,ngotimhd0mcqbrdrh3j9tu415c7bb84e.mm
16506,nha2wjgep.localto.net
16507,nhacai8899.mm
16508,nhgraphicdesign.mm
16509,nhyiliao.mm
16510,ni.kh
16511,ni.mm
16512,ni7mrv7lr5nh746u76116m1e1ramm86p.mm
16513,niba.er
16514,nicaraquu.beget.app
16515,nicedayforabrownwedding.mm
16516,nicehandcraftedthings.mm
16517,niceropa.mm
16518,nichinan.miyazaki.jp
16519,nichinan.tottori.jp
16520,nicholas-street.mm
16521,nicoletanurbooks.mm
16522,nicushanugod.beget.app
16523,niela-atelier.mm
16524,nigopoheyog.beget.app
16525,nih-bcig.mm
16526,nihaojewlry.mm
16527,nihiepocejo.beget.app
16528,nijageeso.beget.app
16529,nikko.tochigi.jp
16530,nineavenue.mm
16531,ninjaphotopdx.mm
16532,ninohe.iwate.jp
16533,ninugique.beget.app
16534,ninycleaning.mm
16535,nirasaki.yamanashi.jp
16536,nirimadatos.beget.app
16537,nishi.fukuoka.jp
16538,nishihara.kumamoto.jp
16539,nishihara.okinawa.jp
16540,nishiizu.shizuoka.jp
16541,nishikata.tochigi.jp
16542,nishimera.miyazaki.jp
16543,nishinomiya.hyogo.jp
16544,nishinoshima.shimane.jp
16545,nishiokoppe.hokkaido.jp
16546,nishiwaki.hyogo.jp
16547,nistraputur.beget.app
16548,nittacanada.mm
16549,niveshsalah.mm
16550,nizado.mm
16551,njgjilicwmn.mm
16552,njstsc.mm
16553,nkanaeastchapel.mm
16554,nlr3q0u5s5tndi65kab9cr4eh8rbfepo.mm
16555,nmhq-x718.cloudera.site
16556,nnsmzs.mm
16557,no.er
16558,node-test-ovh0.services.clever-cloud.com
16559,nofligulegla.beget.app
16560,nogata.fukuoka.jp
16561,nogi.tochigi.jp
16562,nohandsdoorpull.mm
16563,nolsreps.mm
16564,nom.km
16565,nom.ro
16566,nom.ve
16567,nomodosig.beget.app
16568,nonotoneabroad.mm
16569,noodafanbufan.beget.app
16570,nopriylagklamek.beget.app
16571,norbekovsystem.mm
16572,nord-aurdal.no
16573,nord-fron.no
16574,normdidit.mm
16575,northcotswoldwalling.mm
16576,northeastbible.mm
16577,northerndragonmartialarts.mm
16578,northflank.northflank.app
16579,northgeorgiacodeofficialsassociation.mm
16580,northstarbanquets.mm
16581,northstarmattress.mm
16582,norwayauroraborealis.mm
16583,norwayeast.azurecontainer.io
16584,noshiro.akita.jp
16585,notaires.km
16586,notebook.af-south-1.sagemaker.aws
16587,notebook.eu-south-2.sagemaker.aws
16588,nothbimibusoof.beget.app
16589,notiegenap.beget.app
16590,notteroy.no
16591,notyzz.mm
16592,novadyp.mm
16593,novationtech.bd
16594,novationtech.kh
16595,now.mm
16596,nox-t3.mm
16597,noxleathers.mm
16598,npwt2go.mm
16599,nqukddp.mm
16600,nrhmr4fx.mm
16601,nsf1aapptatal1dcoquqaibki960kjj1.mm
16602,nsnnisbvncp.mm
16603,nti.run.app
16604,ntkfr26b6hbijfuwxifzw6wubqy0xoufkrhxpowr7cqxsuz3c4slmaxd.bd
16605,nu.er
16606,nucuesaci.beget.app
16607,nugen-electric.mm
16608,nuhodewere.mm
16609,null.np
16610,numspot-zabbix-clevercloud.services.clever-cloud.com
16611,nuranico.mm
16612,nusreropek.beget.app
16613,nutbg--nut-bg--jt5fr4frj8wm.code.run
16614,nutraceuticaltherapy.mm
16615,nutrishtion.mm
16616,nutritionistshikha.mm
16617,nutritionmentalhealth.mm
16618,nv5fpcqmakqr9padgar0i4f18nimrtqd.mm
16619,nvmojq0omjhge3vj9mg4jihn9mkceirv.mm
16620,nvwcq.mm
16621,nvxu4.lcl.dev
16622,nweport.sch.uk
16623,nx.gw
16624,nxwjezrupqfce5-hke.mm
16625,nyc3-static.digitaloceanspaces.com
16626,nylifeinsurancequotes.mm
16627,nywcr1htk.localto.net
16628,nz.eu.org
16629,o-w-kitchenk.mm
16630,o.mm
16631,o14x1ye1e2aajcby7kxkjyhee3aa0tpoxykmkhto9c1lpwyrkg.ck
16632,o17r9fupph13s7l707roji2jm2atf9fc.mm
16633,o24kjcv.localto.net
16634,o55l4fbiv21tnrrqvkru3c1mur4nbie0.mm
16635,o5ed7wh0wnfxfjgwallrmsr4e4xysmevmuotidylckfw667rlvzofy4oqctw.mm
16636,o6h1ikdwgqbsauigmff7jjvku1yog.kh
16637,o722p.lcl.dev
16638,o9vbri9rkqo6tvhui9tagqmjge2852fo.mm
16639,oajjnmuxj.mm
16640,oamishirasato.chiba.jp
16641,obama.nagasaki.jp
16642,obanazawa.yamagata.jp
16643,obaniskat.beget.app
16644,obbreskisstiefpam.beget.app
16645,obctrinity.mm
16646,obrucheva30.mm
16647,obstips.mm
16648,obu.aichi.jp
16649,obuse.nagano.jp
16650,oc-sync.mm
16651,ocegueradev.mm
16652,ocfmep.mm
16653,ochhomeresource.mm
16654,ochothrift.mm
16655,oci.bd
16656,od1rss5bet180grd8eg4atctlnmtkjhc.mm
16657,odessarentals.mm
16658,odiparounil.beget.app
16659,odipilugiy.beget.app
16660,ods-analyzer-systems.mm
16661,oelgsumx.mm
16662,oeu.np
16663,oexp-ht2k.cloudera.site
16664,of.je
16665,of.mm
16666,oferta--php-forms--57mwdzw8qn8f.code.run
16667,office365forless.mm
16668,officecyclist.mm
16669,officialstreetgains.mm
16670,offthebackspinnery.mm
16671,ogdenmvp.mm
16672,ogeeonline.mm
16673,ogehguvsgm-jenkins.services.clever-cloud.com
16674,ogeltinnulop.beget.app
16675,ogg.mm
16676,ogi.saga.jp
16677,ogimi.okinawa.jp
16678,ogtkfi8jacg52hpfoih8ge6o8q4u7ds9.mm
16679,oguni.kumamoto.jp
16680,oh69au2fp4gdqpmnm1cjmcd3iljdsum0.mm
16681,oharu.aichi.jp
16682,ohiobudokan.mm
16683,ohira.tochigi.jp
16684,ohknowzone.mm
16685,ohkura.yamagata.jp
16686,ohlhomes.mm
16687,oi.kh
16688,oi5zpaagprvslnzixxx9tq5ybk.kh
16689,oilandgasgamechanger.mm
16690,ok.kh
16691,ok.pg
16692,okawa.fukuoka.jp
16693,okcareerpoint.mm
16694,oke.gov.pl
16695,oketo.hokkaido.jp
16696,oki.fukuoka.jp
16697,okreilaw.mm
16698,okusama-zanmai.mm
16699,oldbridgechildfoundation.mm
16700,oldgoatforge.mm
16701,oldtownmonograms.mm
16702,olivecabinet.mm
16703,oliveira.nom.br
16704,oliverlarsthompson.mm
16705,omachi.saga.jp
16706,omaezaki.shizuoka.jp
16707,omegacoder.mm
16708,omigawa.chiba.jp
16709,omiynodotklieg.beget.app
16710,omnijuice.mm
16711,omnineuro.mm
16712,omninude.mm
16713,omnivisiontech.mm
16714,omotego.fukushima.jp
16715,ondemandtele.mm
16716,onehundrednft.mm
16717,onga.fukuoka.jp
16718,online-courses-chile-109378126.mm
16719,onlineretaileducation.mm
16720,onlyjazzblues.mm
16721,onna.okinawa.jp
16722,ono.fukushima.jp
16723,ono.hyogo.jp
16724,ontariocarpetcleaning.mm
16725,ontarioflightattend.mm
16726,onuryabaci.mm
16727,onxnegh.mm
16728,openbusineessalliance.mm
16729,opencolumbus.mm
16730,operation.pg
16731,opscenter-c1-cassandra-group-axiell.services.clever-cloud.com
16732,optokonkable.mm
16733,opusanything.mm
16734,opwalls.mm
16735,or.ci
16736,ora.gunma.jp
16737,orahgc.mm
16738,orangebluec.mm
16739,orangecountycapropertyfinder.mm
16740,orbilet.mm
16741,orbitbuzzinfo.mm
16742,orchardmanor.sch.uk
16743,ord-491197.mm
16744,orders-xyz.run.app
16745,ore-son.mm
16746,org-sedgi.mm
16747,org.cw
16748,org.fm
16749,org.io
16750,org.pf
16751,org.sh
16752,orindahomeforrent.mm
16753,orindarecords.mm
16754,orl5i6060qlre5clsm6nbra61oesnmuh.mm
16755,orlandocans.mm
16756,ormb6lqssvkh90i6pr2fb4vvq3fvm243.mm
16757,ormzephyr.mm
16758,orphanswithmakeup.mm
16759,orsites.com
16760,orskog.no
16761,orsta.no
16762,orthopaedicadvertising.mm
16763,orx.biz
16764,oryx-15.lcl.dev
16765,oryxgroupservice.mm
16766,oseto.nagasaki.jp
16767,oshanadigitalproductions.mm
16768,oshima.yamaguchi.jp
16769,osilamapuen.beget.app
16770,oslmn.mm
16771,ospk1v1l616ve5hkjm4elu4lngdio0cm.mm
16772,ossbomer.mm
16773,osteochateaurenard.mm
16774,osteopathe-auray.mm
16775,ostermayers.mm
16776,ostynia.mm
16777,otaki.saitama.jp
16778,otc-bulletin.mm
16779,otf9dfe5tg25s594l7j53olq0k1tond8.mm
16780,other.nf
16781,otm2mrg3v5e8qmn3ufnh7sp896uob18o.mm
16782,otoineppu.hokkaido.jp
16783,otsuki.kochi.jp
16784,ouchi.saga.jp
16785,ourcoopfoundation.mm
16786,ourstoriesareyours.mm
16787,ourworldd.mm
16788,outerstack.mm
16789,ov8mu9ccrmpg2lcrr36cebnp9skgu1qs.mm
16790,overdirve.mm
16791,overlandingozarks.mm
16792,ow1956.mm
16793,ow3jovphn919ocg3db0xdz4caagloksuc.ck
16794,ow6el-gyaaa-aaaar-av5na-cai.raw.icp0.io
16795,owa.compute.amazonaws.com
16796,owani.aomori.jp
16797,ownneedbd.mm
16798,oy9yo3.mm
16799,oyabe.toyama.jp
16800,ozknparaizato.mm
16801,oztx.run.app
16802,ozu.kumamoto.jp
16803,p.mm
16804,p.se
16805,p01--deployment-service--rmwwk8pcvbrw.code.run
16806,p01--fightclub-connector-backend--qr6jp67w72ph.code.run
16807,p01--kswebssh--2gzbt5jdr6dl.code.run
16808,p01--nightscout--hztd6sjt4ppw.code.run
16809,p01--nightscout--n9sk5cq8s2tz.code.run
16810,p01--nightscout--wmdwgqmj7ysy.code.run
16811,p01--production--svrg48lpdvkl.code.run
16812,p01--scentanyl-backend--5gfgbyxtk2zq.code.run
16813,p01--tcf-ss-tool--yn4hg828qxy9.code.run
16814,p01--us3-2go--tgxpmwlpfpfh.code.run
16815,p01--us4-2go--tgxpmwlpfpfh.code.run
16816,p01--wad--5nhkcby8mmty.code.run
16817,p01--warrior--zcsg57v9n5sr.code.run
16818,p01--writer-preview-pr-170--vxzzs9k276gg.code.run
16819,p02--nezha--5zj9q7fhfwk2.code.run
16820,p09--panoramic-argo--wb4z7bk2ymdm.code.run
16821,p3e78etjcp0a8cshcnj3imidq8tsgp8e.mm
16822,p6fmm5sqvq.code.run
16823,p6nnjzgxl.localto.net
16824,p6pdkdevrotvk1foa9uuqftli9eais0t.mm
16825,p724vkanchq1kokpkflsh0l1b7o45sit.mm
16826,p8kgz5lx6chd.er
16827,pa.gov.pl
16828,pa.mm
16829,paapostitalo.er
16830,paapostitalo.np
16831,paapostitalo.pg
16832,paciautoquattro.mm
16833,padel-opportunity.mm
16834,padrefuchim.beget.app
16835,paganbook.mm
16836,pagututebrut.beget.app
16837,pahtef.mm
16838,paintedburro.mm
16839,palazzoliva.mm
16840,paleo-on-the-go.paywhirl.com
16841,palisadespredators.mm
16842,pamlloyd.mm
16843,panel39d3sxas58d419784210.localto.net
16844,panelderecuperaciondecuentasenlinea.localto.net
16845,pangolin-31.lcl.dev
16846,pao-hituji.mm
16847,paperandpixelco.mm
16848,par-postgresql-c6-n1.services.clever-cloud.com
16849,par-postgresql-c6.services.clever-cloud.com
16850,parachuting.aero
16851,paragliding.aero
16852,paragonguard.mm
16853,paramalab.mm
16854,parcelsmartsolution.mm
16855,parcozoopoppi.mm
16856,pares.np
16857,parityshop.mm
16858,parket-bg.mm
16859,parkholm-cemetery.mm
16860,parkingtimeuk.mm
16861,parleus99.mm
16862,paroch.k12.ma.us
16863,parthkoshti.mm
16864,parti.se
16865,paspaley.sch.uk
16866,passenger-association.aero
16867,passwordstealers.mm
16868,patentbidnetwork.mm
16869,patricklandry.mm
16870,paula.nom.br
16871,pay-lnfo113.mm
16872,pay-se.mm
16873,paycationline.mm
16874,payfordeal.mm
16875,payiboofim.beget.app
16876,pcstco.mm
16877,pd357.mm
16878,pdbyavcg.mm
16879,pdns.page
16880,pds.nom.br
16881,pdx0awr.privatelink.snowflake.app
16882,pdx2axp.privatelink.snowflake.app
16883,pdx9abc.privatelink.snowflake.app
16884,pdx9ahw.privatelink.snowflake.app
16885,pdx9anm.privatelink.snowflake.app
16886,pdx9apb.privatelink.snowflake.app
16887,pdx9axj.privatelink.snowflake.app
16888,pe.er
16889,peach-b0dhk2gyr.builder.code.com
16890,peachpittv.mm
16891,pearlandsprinklers.mm
16892,peekviral.mm
16893,pegubin.mm
16894,pennywest.mm
16895,peoplecypher.kh
16896,peoplecypher.mm
16897,pepeherrera.mm
16898,perfektes-foto.mm
16899,pergolawithroofdeal33.mm
16900,peripalai.mm
16901,perodebeco.er
16902,persona.mm
16903,personalinjurylawyersottawa.mm
16904,personalloan2.mm
16905,personalsuitcase.mm
16906,petfriendlyholiday.mm
16907,petitlang.mm
16908,petnovitta.mm
16909,petrobaskar.mm
16910,petservicesleadgenerator.mm
16911,pettitrealestategroup.mm
16912,petxprs.mm
16913,pfa0e0u82bnj2t3n6sds1qktua0o2nod.mm
16914,pft5yterwfwzsoei.mm
16915,pg04pg.mm
16916,pg4363.mm
16917,pgdjv.mm
16918,pgfog.com
16919,pgpkabflorestimur.mm
16920,pharmaciens.km
16921,pharmalinkconsulting.mm
16922,phelogepopies.beget.app
16923,pheupomnnslm3s793q1iga0kf50vim16.mm
16924,phillyfantickets.mm
16925,phoblekodi.beget.app
16926,phoenix-66.lcl.dev
16927,phoenix.firenet.ch
16928,phoenixhalfmarathon.mm
16929,phone-com.mm
16930,phoneskopeprecision.mm
16931,photographflowers.mm
16932,phpmyadmin-gra2.hosting.ovh.net
16933,phukiencnc.mm
16934,pi9og9hclng17s9vc0bqdof7vktq02ab.mm
16935,pianoexcelapp.mm
16936,piaturizm.mm
16937,picegrobestro.beget.app
16938,pickaporn.mm
16939,picklaptop.mm
16940,picnickmadrid.mm
16941,piconnections.mm
16942,piedmont.it
16943,pier34solutions.mm
16944,pierreetbertrand.mm
16945,piezo3.mm
16946,pifujiankangyuan.mm
16947,pilot.aero
16948,pinco-casino304.mm
16949,pincoru1.mm
16950,pintasticbens.mm
16951,pipalmer.mm
16952,pipecopilots.mm
16953,pipefish-46.lcl.dev
16954,pippu.hokkaido.jp
16955,piramidagrup.mm
16956,pistamedpistachos.mm
16957,pixeldummy.mm
16958,pk88va.mm
16959,pkbpv.mm
16960,pkp67.mm
16961,pkq1ddbk6ovjm4mvre9idli194pom4bq.mm
16962,pkzyp.spectrum.myjino.ru
16963,pl.np
16964,plaaspantry.mm
16965,plains-m0dysgds.builder.code.com
16966,planetskotare.mm
16967,planforsun.mm
16968,plateau-dloyzkt.builder.code.com
16969,platformvertex.mm
16970,platinumjobfair.mm
16971,platter-app.dev
16972,platypus-89.lcl.dev
16973,play-king-storm.mm
16974,playaposteai.mm
16975,pleasterestline.mm
16976,pleskns.com
16977,plical.mm
16978,plugins4biz.mm
16979,pm-bet-download.mm
16980,pmbr5-7qaaa-aaaaf-aetqa-cai.raw.icp0.io
16981,pmgormley.mm
16982,pnwtrailrunners.mm
16983,po.mm
16984,pochilog.mm
16985,poetaitalian.mm
16986,pojidabfof.beget.app
16987,poker-face-tokyo.mm
16988,pokerdom-cfh3.mm
16989,polariscareersolutions.mm
16990,politica.bo
16991,polla.ck
16992,pollackrents.mm
16993,polliwog-48.lcl.dev
16994,ponakugoy.beget.app
16995,poodle-13.lcl.dev
16996,poodle-83.lcl.dev
16997,poorariklenan.beget.app
16998,pop.compute-1.amazonaws.com
16999,pop3.compute-1.amazonaws.com
17000,popputter.mm
17001,poqvp224.mm
17002,porntube2000.mm
17003,porpoise-65.lcl.dev
17004,porque.mm
17005,porse.er
17006,portableconsultant.mm
17007,portablecreations.mm
17008,portal.r.appspot.com
17009,portugaldecanta.mm
17010,pos5royuzvxanposda62ynzapp.er
17011,positivem.mm
17012,poststellenservice.mm
17013,potoposo.beget.app
17014,pottytimestickers.mm
17015,powerticketing.mm
17016,pp.0emm.com
17017,pp.mm
17018,ppgsukoharjokota.mm
17019,ppl0i9cjll5gyac.ck
17020,pq4yn.vps.myjino.ru
17021,pqtejl5dd.localto.net
17022,pr.ml
17023,pracropoosha.beget.app
17024,practice01.mm
17025,prairiecardinalsbaseball.mm
17026,praktickedarceky.mm
17027,prd.km
17028,presleepmonologue.mm
17029,press.aero
17030,press.compute-1.amazonaws.com
17031,press.se
17032,prestamoswow.mm
17033,previative.mm
17034,pricamo.mm
17035,pridireswa.beget.app
17036,priefegogimey.beget.app
17037,primarilyhome.mm
17038,primate-tuxprjv.builder.code.com
17039,priorties.mm
17040,prislicudopun.beget.app
17041,priv.hu
17042,priv.instances.scw.cloud
17043,private-ztejrkrs6ol6rhyk.run.app
17044,prlnyssceu8x1bmgh5itxc5.wb.crm.dev
17045,proceedfast.mm
17046,prodenvases.jm
17047,prodenvases.kh
17048,production.aero
17049,professional-botanicals.paywhirl.com
17050,profitweekly.mm
17051,programe-modificat-poze-online-gratis.mm
17052,projetobumbumup.mm
17053,projetofazendodiferenca.mm
17054,propercourses.mm
17055,prosam-combera.mm
17056,proseria.mm
17057,protectiondogsworldwide.mm
17058,prt7ipuq1sjllpqv7098bbr8kstlec0s.mm
17059,psd2.run.app
17060,psic.ec
17061,psm3c2feofhqur4p2pju227nsf6jhvhe.mm
17062,psoqbu8nmj5djae2aln3f5g8n3nha9d0.mm
17063,psp.gov.pl
17064,pt87otirkcp04tln5mms29828l96vqmq.mm
17065,ptarq.mm
17066,ptr9442.lcl.dev
17067,pubadogonu.beget.app
17068,public.compute-1.amazonaws.com
17069,pubtls.org
17070,pueponanimik.beget.app
17071,pugoluyitool.beget.app
17072,puma-69.lcl.dev
17073,puma-tg5frmxzrj.builder.code.com
17074,pumpblock.mm
17075,pumpkinjacks.mm
17076,punchjackson.mm
17077,pupsugar.mm
17078,pur-dent.mm
17079,purpletilda.mm
17080,pusgemudapuf.beget.app
17081,pushhank.mm
17082,pussycat.jp
17083,putardulusini.mm
17084,pyatigorsk.ru
17085,pymnt.uk
17086,pypunai4.mm
17087,python-2.lclstage.dev
17088,python-66.lcl.dev
17089,python-sdyvnmkw.builder.code.com
17090,pzg9ewzz.mm
17091,pzm19ff.mm
17092,pzpz8m.mm
17093,pztk2.stg.dev
17094,q246488kvd6ai1rp1p5upd7qc42pjmum.mm
17095,q515qqtn148ius3v739i286f42ph71v7.mm
17096,q5ltag2rywdczxv2a2iudebmpfw04rzcwyamx0n2s0ekor7ad60ckiu.fk
17097,qam8pdpctfhtkyks7zi6unqacgn46pohqveaoznwdmgaund.jm
17098,qbbd6.lcl.dev
17099,qcsolutionsc.mm
17100,qcx.io
17101,qdmgsb0og.localto.net
17102,qdoin45195.mm
17103,qedda.mm
17104,qfdukzc.mm
17105,qgnq3ia3hnohfl4ul0tsjvcr19h4j6sa.mm
17106,qi7m8h5q651rp70m9mtpra17ehv2nng3.mm
17107,qicaisiyin.mm
17108,qifanpadel.mm
17109,qiicdwb7lzwdcnksmllkiwxfimziynkw6ibjudxyhpy4s7dzusnikmbow.np
17110,qivr2fs4cc5rgm78qanjuug3gm83enuf.mm
17111,qkpgmgrmtrjahgf.mm
17112,qln8y5mebydibxdkkwo0uao.mm
17113,qm5q8wzskk.code.run
17114,qnb.pg
17115,qo2hk-nyaaa-aaaal-acafq-cai.raw.icp0.io
17116,qov.bd
17117,qq9r-sny2.cloudera.site
17118,qqqqjogo2.mm
17119,qr14ce7cs4jhs22jlidbok82snhcj7s6.mm
17120,qsdhcd89k2g3a09dk7ml66j89tfb6ov4.mm
17121,qteb97m5ocgp57di47fia3f9f6daqkda.mm
17122,quackitytoo.mm
17123,quail-45.lcl.dev
17124,qualityinnsdcoastal.mm
17125,quanlyhocsinh.mm
17126,quasubulanor.beget.app
17127,quatocumibes.beget.app
17128,qudnsvf.mm
17129,quebisoque.beget.app
17130,quecepicrifa.beget.app
17131,queejecepa.beget.app
17132,queerwomenhobart.mm
17133,quehudace.beget.app
17134,quejippedet.beget.app
17135,quemonkalngad.beget.app
17136,quenasoucu.beget.app
17137,quepipuesoycof.beget.app
17138,questionprotips.mm
17139,quicaposo.beget.app
17140,quickcy.mm
17141,quickfunmini.mm
17142,quimpay.mm
17143,quipitarisub.beget.app
17144,quisisutom.beget.app
17145,quisobobanpeg.beget.app
17146,quiswogekuto.beget.app
17147,quiz4dmask.mm
17148,quizzes.cx
17149,quofapenafa.beget.app
17150,quonumisopi.beget.app
17151,qupeiwen.mm
17152,quubilliebnoy.beget.app
17153,quumubicag.beget.app
17154,quuneeghumumug.beget.app
17155,quuquoubusbeeb.beget.app
17156,quuswejiju.beget.app
17157,qv0lur7ls4kt61r8jhbfibeef57ba1bj.mm
17158,qvoddts94.mm
17159,qwer.er
17160,qxvroker.mm
17161,r.ck
17162,r.se
17163,r0605.mm
17164,r0ozetka.lcl.dev
17165,r1lswy.mm
17166,r26zww9py2.code.run
17167,r3gm72jbk2caau1l8a629f4qvev806ge.mm
17168,r55q94hmjvebrqm8e9g0dc2v62dek0rv.mm
17169,r5j8caak2t5ldroq2ngsq3hc7tqemkkq.mm
17170,r5mpsqpv6bu9hi2ck85k31sdh4km7bg7.mm
17171,r6t4s9a2.mm
17172,r8pruojtse5bkes783qu9i6ffbq7vgim.mm
17173,r9s3i4e33crrenqcqejq9j4q2gb6erg9.mm
17174,rabidracoongames.mm
17175,raceonpaper.mm
17176,rachstidagun.beget.app
17177,racobripid.beget.app
17178,radish-u3c0dup1.builder.code.com
17179,raesphotos.mm
17180,rafal-qa.mm
17181,raffaelecannizzaro.mm
17182,rafijulali.mm
17183,rainbowbulletin.mm
17184,raindrop-b-0-139.cloud.metacentrum.cz
17185,raindrop-p-7-100.cloud.metacentrum.cz
17186,raleighcartitleloans.mm
17187,ralingen.no
17188,rambutan-s0mrnn.builder.code.com
17189,ramirez-herrera.mm
17190,randomactsofmediation.mm
17191,randulin.mm
17192,rankdetect.mm
17193,rankoshi.hokkaido.jp
17194,rapicreditni.mm
17195,rapidnft.mm
17196,rastreio-exato.mm
17197,rat-2.lcl.dev
17198,rat-63.lcl.dev
17199,rationalc.mm
17200,ratudukig.beget.app
17201,rawinternationalinc.mm
17202,rayraysjukejoint.mm
17203,razorsave.mm
17204,rbesi.mm
17205,rbx-zabbix-clevercloud-customers.services.clever-cloud.com
17206,rc028tnkrg4c04p4n597qhm3goieu8j3.mm
17207,rcsglegal.mm
17208,rctbasetextinputshadowview.mm
17209,rctbasetextshadowview.mm
17210,rctcolorspaceutils.mm
17211,rctcxxinspectorpackagerconnectiondelegate.mm
17212,rctdevsettings.mm
17213,rctfabricsurface.mm
17214,rctgifimagedecoder.mm
17215,rctimagecomponentview.mm
17216,rctinspector.mm
17217,rctnetworking.mm
17218,rctnetworkplugins.mm
17219,rctparagraphcomponentaccessibilityprovider.mm
17220,rctplatform.mm
17221,rcttextlayoutmanager.mm
17222,rcttrackinganimatednode.mm
17223,rctwebsocketexecutor.mm
17224,rd313.lcl.dev
17225,rdjqqendo3s24tklpgvh22vndcfj8uro.mm
17226,rdt.jm
17227,rdxhr0ftn6syizqjplotsd.np
17228,ready4contact.mm
17229,readyfixservices.mm
17230,reainitializerrctfabricsurface.mm
17231,realdealjeeps.mm
17232,realestateedengroup.mm
17233,realm.cz
17234,realtreescents.mm
17235,rebeccamoranphotography.mm
17236,rebeccarun.mm
17237,recambiosima.mm
17238,reckersoutreachllc.mm
17239,recoveryandwellnessohio.mm
17240,recoveryuncovered.mm
17241,recreation.aero
17242,red--work--yp2ttqvmysrb.code.run
17243,redacdesign.mm
17244,redbird-1.lclstage.dev
17245,redbird-47.lcl.dev
17246,redbudridgebakery.mm
17247,redneckedibles.mm
17248,redonefiscalagency.mm
17249,reef-ajkyemrwwt.builder.code.com
17250,reev-tech.mm
17251,reg.dk
17252,regeyapjool.beget.app
17253,reggio-emilia.it
17254,region.digitaloceanspaces.com
17255,reina-motion.mm
17256,reinodocogumelo.bd
17257,reinodocogumelo.er
17258,rekapadvisors.mm
17259,reklam.hu
17260,relativitylaw.mm
17261,reliefpainjointnow.mm
17262,remacesohog.beget.app
17263,remembered-things.mm
17264,remote-access.compute-1.amazonaws.com
17265,remote.compute-1.amazonaws.com
17266,remote.sch.uk
17267,remoteacces.bd
17268,remove.bd
17269,renanalvarenga.mm
17270,renanrivero.mm
17271,renatastrashnaya.mm
17272,rendalen.no
17273,renesassynergy.er
17274,renesassynergy.jm
17275,reomd4d5k64mn3030at4inlnlu081n2s.mm
17276,repbody.aero
17277,replenogy.mm
17278,reptile-v21jreh.builder.code.com
17279,reqapi.pg
17280,rescuda.mm
17281,rescuedstyleshop.mm
17282,research.aero
17283,research.compute-1.amazonaws.com
17284,researchrnew.mm
17285,reseau-terraconfort.mm
17286,resende.nom.br
17287,reservd.dev.thingdust.io
17288,reserve-online.com
17289,resobiege.beget.app
17290,reson8-sgd.mm
17291,resources.compute-1.amazonaws.com
17292,resourseswincontinue.mm
17293,retailholland.mm
17294,retention-harbor.mm
17295,retreat-nfjjeud.builder.code.com
17296,revichika.mm
17297,revivaldefenses.mm
17298,rexcite.mm
17299,reytaxes.mm
17300,rgm0q4irtoibpiuos3m8d9ufqp0c4p4j.mm
17301,rhillman3.mm
17302,rhlusi6q7m0jj0dcuub0p7ik5ecfb212.mm
17303,rhssbharat.mm
17304,rhudysincorporated.mm
17305,rhyro.mm
17306,riddickart.mm
17307,ridgleaveterinary.mm
17308,rightdj.mm
17309,rikdevoogd.mm
17310,rilienadnopuk.beget.app
17311,ringtail-29.lcl.dev
17312,rio.ec
17313,ripeniva.beget.app
17314,rirndriyidikooy.beget.app
17315,risarcimentodanni.stg-builder.code.com
17316,rishworthaviationinternational.mm
17317,risor.no
17318,rissa.no
17319,riversidetheguide.mm
17320,rjma5nv6m8ahq1nmpabbbgc9glv5cutt.mm
17321,rk0bma8dmspgdp7skk8k6ki0hqb7vep0.mm
17322,rkawpu.mm
17323,rmctirur.mm
17324,rnasyncstorage-generated.mm
17325,rnb-mc.mm
17326,rnbakxyposdjszolizhm-matomo.services.clever-cloud.com
17327,rncwebviewmodule.mm
17328,rngesturehandlerbuttoncomponentview.mm
17329,rnpgujyfx6shlsvn6vhaxtce8ud33cpt8z3jdoen3b483zvtxvc.kh
17330,rnsconvert.mm
17331,rnsvgfecolormatrix.mm
17332,rnsvgfeflood.mm
17333,rnsvgfefloodmanager.mm
17334,rnsvgfilterprimitive.mm
17335,rnsvgfilterprimitivemanager.mm
17336,rnsvgpathmeasure.mm
17337,rnsvgsvgviewmanager.mm
17338,rnsvgsymbol.mm
17339,rntnksu.mm
17340,rnvectoriconsspec-generated.mm
17341,roamtransform.mm
17342,roan.no
17343,robbfitzsimmons.mm
17344,robertnatoliachievementsystems.mm
17345,robinhutt.mm
17346,robrogersarchitecture.mm
17347,rockacoca.mm
17348,rocktownracing.mm
17349,rodilarquitectos.mm
17350,rodoy.no
17351,rohrur.mm
17352,rollocity.mm
17353,romeairports.pg
17354,romeairportshoppingallery.np
17355,romuegedoosho.beget.app
17356,rongermela.mm
17357,ronhopper.mm
17358,rontronixrations.mm
17359,ropesoul.mm
17360,ropex-res-402.mm
17361,roragofleckis.beget.app
17362,rosconiconsultoria.nom.br
17363,rosconiconsultoria.sch.uk
17364,rosebery.sch.uk
17365,rossportersports.mm
17366,rotorcraft.aero
17367,rounipasha.mm
17368,routinemylife.mm
17369,roxisplace.mm
17370,royalrussia132.mm
17371,royex.bd
17372,royken.no
17373,rp-mis.run.app
17374,rp4ha2.cloudera.site
17375,rpcvphoenix.mm
17376,rpdkgbf7c5prde3jtup3gp6ib8gmp189.mm
17377,rqnfag269be6l6pmec5cm6j5e50aahnn.mm
17378,rqvl9ymsf6.code.run
17379,rrltp.mm
17380,rsbeautyandbalance.mm
17381,rscfd1.alces.network
17382,rsgconstructionmgmt.mm
17383,rsgood.mm
17384,rtfdl.mm
17385,rtpudg1b.mm
17386,rucorayanjot.beget.app
17387,rudd-stevens-wyl5l0vll4ru1.wa.crm.dev
17388,rudoru.mm
17389,rufouss.mm
17390,ruhopiswuqui.beget.app
17391,runawayelectrons.mm
17392,runawaykids.mm
17393,runcontainers.dev
17394,ruquimefaju.beget.app
17395,rusopimal.beget.app
17396,ruthfromomaha.mm
17397,rvtpride.mm
17398,rxbestez365.mm
17399,ryennamato.mm
17400,rygjjxqa.mm
17401,ryugasaki.ibaraki.jp
17402,ryuoh.shiga.jp
17403,rzbjqc.mm
17404,s-tyneside.sch.uk
17405,s.bd
17406,s.dweb.link
17407,s.kh
17408,s.se
17409,s3-accesspoint-fips.dualstack.us-gov-east-1.amazonaws.com
17410,s3-accesspoint-fips.us-west-1.amazonaws.com
17411,s3-website.ap-southeast-5.amazonaws.com
17412,s3-website.ca-west-1.amazonaws.com
17413,s3-website.il-central-1.amazonaws.com
17414,s32dd.mm
17415,s32ljeav.mm
17416,s5f24.stgstage.dev
17417,s88bv2g94s.code.run
17418,s9cbh.localto.net
17419,sa-builder.mm
17420,sa1718.mm
17421,saale-it.mm
17422,saaskickers.mm
17423,sabkabusiness.mm
17424,saboariasantoantonio.mm
17425,saboia.nom.br
17426,sacamasouln.beget.app
17427,sacefopedi.beget.app
17428,sacramentocmsa.mm
17429,saegenboerse.mm
17430,safeandbetterproducts.mm
17431,safeareacontext-generated.mm
17432,safesecureelectrical.mm
17433,safety.aero
17434,safetytwin.mm
17435,sagacitypropertysolutions.mm
17436,sahoheyolab.beget.app
17437,sahyadriwatersystems.mm
17438,saigawa.fukuoka.jp
17439,saijo.ehime.jp
17440,saikai.nagasaki.jp
17441,saitama.saitama.jp
17442,saito.miyazaki.jp
17443,sajidnadiadwala.mm
17444,sakahogi.gifu.jp
17445,sakata.yamagata.jp
17446,sakura.tochigi.jp
17447,sakurai.nara.jp
17448,sakyo.kyoto.jp
17449,salangen.no
17450,salat.no
17451,salmon-bnyrzgnh.builder.code.com
17452,saltlakecityutgenralcontractor.mm
17453,saludybienestarfamiliar.mm
17454,sam-coffey.mm
17455,samaritansprse.mm
17456,same-day-loans-03.mm
17457,same-preview.com
17458,samegawa.fukushima.jp
17459,saminkp.mm
17460,samraatchhibber.mm
17461,sams-best1.mm
17462,samtechpro.mm
17463,samueldeblas.mm
17464,samukawa.kanagawa.jp
17465,sanagochi.tokushima.jp
17466,sandalwoodconstructions.mm
17467,sande.more-og-romsdal.no
17468,sande.vestfold.no
17469,sango.nara.jp
17470,sannan.hyogo.jp
17471,santai420extra.mm
17472,santanleather.mm
17473,sao.kh
17474,sarahchavezart.mm
17475,sarasotamobilecarcleaning.mm
17476,saremox.mm
17477,sarkismehrabian.mm
17478,sartoriaeugubina.jm
17479,sasayama.hyogo.jp
17480,satosho.okayama.jp
17481,satsumasendai.kagoshima.jp
17482,satte.saitama.jp
17483,sau.pg
17484,saulipuukangas.mm
17485,savecootuek.beget.app
17486,sawfish-mhnkwkn.builder.code.com
17487,sawfly-90.lcl.dev
17488,saxf.quipelements.com
17489,sayo.hyogo.jp
17490,saywithstyle.mm
17491,sbanextstep.mm
17492,scalby.sch.uk
17493,scallop-duphv3m.builder.code.com
17494,scammmmm.mm
17495,scamokiebibem.beget.app
17496,sch.ss
17497,scholadesigns.mm
17498,schools.sch.uk
17499,schuerbach.kh
17500,scientist.aero
17501,scoremaster22.mm
17502,scorpion-30.lclstage.dev
17503,scorpion-mkqytg.builder.code.com
17504,scotslitigation.mm
17505,scottshepardson.mm
17506,scrabbleshop.mm
17507,scrippsnetworksadsales.mm
17508,scti-net-nz.bd
17509,scti-net-nz.fk
17510,scumonbnb.mm
17511,sd.er
17512,sdc-elasticsearch-par.services.clever-cloud.com
17513,sdc-mysql-mtl.services.clever-cloud.com
17514,sdc-mysql-par0.services.clever-cloud.com
17515,sdc-postgresql-ovh0.services.clever-cloud.com
17516,sdc2-elasticsearch-par0.services.clever-cloud.com
17517,sdctastuksouthdr.oaiusercontent.com
17518,sdf.er
17519,sdkflowmys.mm
17520,sdl4m.lcl.dev
17521,sdlefan.mm
17522,sdrssb.mm
17523,sdtianbang.mm
17524,sdxisheng.mm
17525,se33v85z.mm
17526,sea-s1vszw5czvh.builder.code.com
17527,sea-tacnoise.mm
17528,sea-unqxawfqzdd.builder.code.com
17529,seabank.fk
17530,seankaidempsey.mm
17531,search-now-personal-loans-jp.mm
17532,search.compute-1.amazonaws.com
17533,search4realtors.mm
17534,sebucoporhit.beget.app
17535,sec03-chfcuauth.mm
17536,secondlineremedy.mm
17537,secopayukou.beget.app
17538,securebankofamericainfo.mm
17539,secureebanpqbbkwdavwzfmmdhycpijxkknxiyyv.localto.net
17540,securusrech.mm
17541,see.mm
17542,seeranalyticsinsights.mm
17543,seguros.nom.br
17544,segurosindiana.mm
17545,sehnheiser.jm
17546,sehnheiser.kh
17547,seidmandds.mm
17548,seihi.nagasaki.jp
17549,sel777kingg.mm
17550,selectumcyprus.mm
17551,selfmaderp.mm
17552,sellourmerch.mm
17553,semboku.akita.jp
17554,semine.miyagi.jp
17555,senablamu.beget.app
17556,send.sch.uk
17557,senioradvisorymoneyreports.mm
17558,sennheiser-iran.bd
17559,sennheiser-iran.sch.uk
17560,sennheiser-store.kh
17561,sennheiser.nom.br
17562,sennheiserisrael.er
17563,sennheisermexico.bd
17564,sennheisermexico.pg
17565,sennheisernz.er
17566,sennheisernz.pg
17567,sennheiserprofile.fk
17568,sennheiserprofile.pg
17569,sennheisersuisse.jm
17570,sentrally.mm
17571,sentrytime.mm
17572,seonwonsa.mm
17573,sepcosolarpower.mm
17574,septictankcleaningserviceskathmandu.mm
17575,serenadeshows.mm
17576,sereniteedesigns.mm
17577,serfism.mm
17578,serrurerienouvelle.mm
17579,seruanrakyat.mm
17580,server2.sch.uk
17581,serverconfigurationmanagement.mm
17582,services.aero
17583,sesnasieyarek.beget.app
17584,sespm3mgirv548ggpub187pfv9nchb0r.mm
17585,setouchi.okayama.jp
17586,seven247.mm
17587,sevenstepworkforce.mm
17588,seventhhousestudios.mm
17589,sf03.digitaloceanspaces.com
17590,sfbay2026.mm
17591,sfjdml.mm
17592,sfto3.digitaloceanspaces.com
17593,sg5.localto.net
17594,sg58z1q20.mm
17595,sgodesigns.mm
17596,sh-enze.mm
17597,sh.mm
17598,shagaev.mm
17599,shahinternationalrecycling.mm
17600,shai-rouz.mm
17601,shalishiadeann.mm
17602,shallow-screw.mm
17603,shangdianchina.mm
17604,shanghaialetrail.mm
17605,shannonilyons.mm
17606,shareanicecoldcoke.fk
17607,sharemymarket.mm
17608,shayeroseman.mm
17609,sheep-61.lcl.dev
17610,sheep-n2yyr1jpt.builder.code.com
17611,sheepdog-97.lcl.dev
17612,sheisdash.mm
17613,shemumpodklatkat.beget.app
17614,shenfield.sch.uk
17615,shepherd-78.lcl.dev
17616,shibangsy.mm
17617,shibetsu.hokkaido.jp
17618,shibukawa.gunma.jp
17619,shiguhoque.beget.app
17620,shika.ishikawa.jp
17621,shikabe.hokkaido.jp
17622,shilpa-goyal-nls7a2694w4v0.wa.crm.dev
17623,shilpveda.mm
17624,shimabara.nagasaki.jp
17625,shimamoto.osaka.jp
17626,shimizu.shizuoka.jp
17627,shimmeradiance.mm
17628,shimo.jm
17629,shimoda.shizuoka.jp
17630,shimofusa.chiba.jp
17631,shimotsuke.tochigi.jp
17632,shimotsuma.ibaraki.jp
17633,shinkamigoto.nagasaki.jp
17634,shintomi.miyazaki.jp
17635,shinyoshitomi.fukuoka.jp
17636,shiplytrans.mm
17637,shipreptx.mm
17638,shirako.chiba.jp
17639,shiriuchi.hokkaido.jp
17640,shiroishi.saga.jp
17641,shishikui.tokushima.jp
17642,shiso.hyogo.jp
17643,shmailer.mm
17644,shmizlam.mm
17645,shohayota.mm
17646,shonai.fukuoka.jp
17647,shonai.yamagata.jp
17648,shoo.okayama.jp
17649,shooting-essentials.mm
17650,shop3mf.mm
17651,shopandfly.pg
17652,shopglangels.mm
17653,shopping.compute-1.amazonaws.com
17654,show.aero
17655,showgrays.mm
17656,showmeacademy.mm
17657,shrm27.mm
17658,shubunkins.mm
17659,shunan.yamaguchi.jp
17660,shunxizs.mm
17661,shutekagloju.beget.app
17662,shutterpet.mm
17663,si.mm
17664,siellak.no
17665,sierraflight.mm
17666,sifuchuck.mm
17667,sige.mm
17668,sigelogtagas.beget.app
17669,signalphase.mm
17670,sigortyeni.mm
17671,sigurapo.beget.app
17672,sii.ck
17673,sikonkuragup.beget.app
17674,sil-mid.mm
17675,sila.mm
17676,silkscapesindiana.nom.br
17677,siluecai168.mm
17678,silvana-center.kh
17679,silvanaegennaromaria.er
17680,silvanatower.np
17681,silveira.nom.br
17682,silynx.np
17683,simchat-torah-beit-midrash.paywhirl.com
17684,simlahomesteaders.np
17685,simmarihiihto.mm
17686,simmondscharmaineigfpkminh.mm
17687,simmondspp.mm
17688,simmoneharding.ck
17689,simmonsbrian.ck
17690,simmonsca.bd
17691,simmonscapitallive.kh
17692,simmonscasatera.ck
17693,simmonscolorado.nom.br
17694,simmonsconstnc.nom.br
17695,simmonscredit.mm
17696,simmonsdesignsolutions.kh
17697,simmonsfencesupply.np
17698,simmonsfirts.np
17699,simmonsgreaterhealth.kh
17700,simmonsinstitute.kh
17701,simmonsjobs.np
17702,simmonslacrossefoundation.bd
17703,simmonsmediamanager.mm
17704,simmonsraffo.np
17705,simmonssportscampus.kh
17706,simmonsweldingandfabricationfl.np
17707,simonandgarfunkelnft.mm
17708,simonthecelebrant.mm
17709,simplesite.gr
17710,simpleyhire.mm
17711,simplezenhome.mm
17712,simplify-me.mm
17713,simplycraftsbymeagan.er
17714,simplycrazydesigns.np
17715,simplyhired-ats.nom.br
17716,simplypolishedwithpamela.mm
17717,simplyspikedlemonade.er
17718,simusm.np
17719,singingchakras.mm
17720,singlespersonals.mm
17721,sinnheiser.bd
17722,sinnheiser.kh
17723,sinnheiser.mm
17724,sinnheiser.pg
17725,sionealdric.mm
17726,sipandshineevents.mm
17727,siquoopossut.beget.app
17728,siquuplako.beget.app
17729,sis.mm
17730,sistermariefatima.mm
17731,site--nightscout--y74hzgdyyb22.code.run
17732,sitrilgroups.mm
17733,siy114.mm
17734,sjoblomscholar.mm
17735,skanit.no
17736,skanland.no
17737,skaterchicken.mm
17738,skbzfvi0u.localto.net
17739,ski.no
17740,skindeepnaturalsbyom.mm
17741,skydac-auto-airport-road-kia.mm
17742,skydiving.aero
17743,skygle.mm
17744,skywayrpg.mm
17745,skyyoungacting.mm
17746,sl2m9.lcl.dev
17747,sleeplessromantics.mm
17748,slo3j-4aaaa-aaaac-a34qq-cai.raw.icp0.io
17749,slowglo.mm
17750,slug-66.lcl.dev
17751,sm83.mm
17752,small.bd
17753,smaltimento-rifiuti-italia.mm
17754,smartbrain-hh.mm
17755,smm14itqg6ajtoca70lae05tlkpvnvhi.mm
17756,smokncigarlounge.mm
17757,smokymountainconventioncenter.mm
17758,smroom-riku.mm
17759,smtp.compute-1.amazonaws.com
17760,snaketraildispatch.mm
17761,snapper-58.lcl.dev
17762,snapvideoapp.mm
17763,sniesopusnu.beget.app
17764,snijderbloemen.mm
17765,snopodotayank.beget.app
17766,snoquidodeyig.beget.app
17767,snurosofa.beget.app
17768,snvanita.mm
17769,snzenterprisesllc.mm
17770,socialcontractforcreation.kh
17771,socialcontractwithcreation.pg
17772,socuka.mm
17773,software.aero
17774,software.compute-1.amazonaws.com
17775,soho-health.mm
17776,soka.saitama.jp
17777,sokebopimol.beget.app
17778,sokkhim-lor.kh
17779,sola.no
17780,solar-panel-jobs-client.mm
17781,solar-power-system-intl-3561503.mm
17782,solar-roof-2-au-11881.mm
17783,soldemexicorestaurant.mm
17784,soleil-ksa.mm
17785,solomeo-borgo-della-anima.bd
17786,solomeo-borgo-della-anima.mm
17787,solomeo-borgo-della-anima.pg
17788,solomeo-library-zenodoto.bd
17789,solomeo-library-zenodoto.kh
17790,solomeo-library-zenodotos.bd
17791,solomeo-library-zenodotos.kh
17792,solomeo-library-zenodotos.pg
17793,solomeoborgo-cashmere-armonia.kh
17794,solomeoborgo-cashmere-armonia.mm
17795,solomeozenodotos.mm
17796,solomoomiha.beget.app
17797,solveheadaches.mm
17798,somalicoachescircle.mm
17799,sommelierstoriespress.mm
17800,songpond.mm
17801,sonla.vn
17802,sonoranterraces.mm
17803,soogayelag.beget.app
17804,soomuepatim.beget.app
17805,sor-odal.no
17806,soroptimistpiombino.mm
17807,sorreisa.no
17808,sorrel-tgyzk1ky.builder.code.com
17809,sorrelhiggins.mm
17810,sorrow-burdened.mm
17811,sosa.chiba.jp
17812,sosbees.mm
17813,sourcelair.stolos.io
17814,southerncountrydiner.np
17815,southerncrosspetinsurance.np
17816,southsidebarb-q.kh
17817,southwarkandlambethfc.bd
17818,southwestcoronarealestatesearch.nom.br
17819,southwestindianpottery.er
17820,southwestvacationsreservations.mm
17821,sovelproducts.mm
17822,sovera-logistics.np
17823,sovereign-realestate.ck
17824,sovereign-sounds.er
17825,sovereign.otap.co
17826,sovereign406.np
17827,sovereignaccelerator.mm
17828,sovereignark.mm
17829,sovereigncitizenmedia.er
17830,sovereigndivinity.ck
17831,sovereignfools.np
17832,sovereignhotelbangkok.bd
17833,sovereignhotelgroup.mm
17834,sovereignlightcafe.nom.br
17835,sovereignmaninnercircle.mm
17836,sovereignphysicians.ck
17837,sovereignresortandspa.mm
17838,sovereignscircle.er
17839,sovereignself101.bd
17840,sovereignsystem.er
17841,sovereigntouchdesigns.bd
17842,sovereigntowingandrecovery.er
17843,sovereigntrans.nom.br
17844,sovereignwealthclub.np
17845,sovereignwealthinvestor.mm
17846,sovereignwineco.er
17847,sovertus.np
17848,soyvegasana.kh
17849,spaceprospecting.ck
17850,spaceroomideas.bd
17851,spacersandstandoffsmfg.kh
17852,spacexmap.mm
17853,spcfoodservice.mm
17854,spci-helm.mm
17855,specialtfxsportswear.mm
17856,spicyswinebbq.mm
17857,spigenpanama.mm
17858,splashofstyle.mm
17859,sporbus.mm
17860,sprinteroflouisville.mm
17861,sqdgj110.mm
17862,squawvalleyridingclub.mm
17863,squenda.mm
17864,squigglybpublishing.mm
17865,sr0lrcsva4tmr10o488bm6018qnnvq7p.mm
17866,sr6aaqh30ijm15s1cjsacmdbdn7ghlf1.mm
17867,srgdt46dr78ru6055qb2t0obc95g78cf.mm
17868,sroy066.mm
17869,srugupigee.beget.app
17870,ss-sensationshop.mm
17871,ss.mm
17872,ssbxylhf9ldiokzgstaekjmh6siz5.fk
17873,st-2.elb.amazonaws.com
17874,st-ninans.sch.uk
17875,st-pauls-manchester.sch.uk
17876,staging-web-sandbox.oaiusercontent.com
17877,stagingmybet.mm
17878,stalbans-herts.sch.uk
17879,stallion-13.lclstage.dev
17880,stallion-31.lcl.dev
17881,staplesplumbing.mm
17882,starbeautybusiness.mm
17883,starboy-music.mm
17884,starfish-64.lcl.dev
17885,starkravingplaid.mm
17886,starmiahewett.mm
17887,starry5267.mm
17888,startmymeter.mm
17889,starttoinfinity.mm
17890,stat24.run.app
17891,status.oaiusercontent.com
17892,stayingproductive.mm
17893,stclementdanes.sch.uk
17894,stdkkwonrhnikalcoisti4pjwjhesbx8sp9c7cpaonvymessxsc.er
17895,steelcitylabsllc.mm
17896,steelecanyonrealty.mm
17897,stenoworks.paywhirl.com
17898,stephanieatieno.mm
17899,stevebyer.mm
17900,stewartandfoxmarketing.mm
17901,stfubitz.mm
17902,stiffchapelcemetery.mm
17903,stjnyx.mm
17904,stjordalshalsen.no
17905,stneotsoffice.mm
17906,stockton.sch.uk
17907,stompboxer.mm
17908,stonebridgeii.mm
17909,stonesfieldstrikers.mm
17910,store.compute-1.amazonaws.com
17911,store.dk
17912,storipress.app
17913,stowmarkethigh.sch.uk
17914,strainbros.mm
17915,stream-wffocfbs.builder.code.com
17916,streamteamwv.mm
17917,strujapene.beget.app
17918,student.aero
17919,studiesinhumanismandtechnology.jm
17920,studiesinhumanismandtechnology.kh
17921,studiesinhumanismandtechnology.pg
17922,studio-fips.us-gov-east-1.sagemaker.aws
17923,studio.me-south-1.sagemaker.aws
17924,studiodentisticomoscati.jm
17925,studiodentisticomoscati.kh
17926,studiodentisticomoscati.mm
17927,studiohuk.mm
17928,studiomonte.mm
17929,study-in-bolivia.mm
17930,stugribupad.beget.app
17931,stuker.nom.br
17932,stumirutsibem.beget.app
17933,sturgeon-0.lcl.dev
17934,sturgeon-14.lcl.dev
17935,sturgeon-90.lcl.dev
17936,stuyanayum.beget.app
17937,stylezbysistazcouture.mm
17938,stylingbyshahnaz.mm
17939,su.pg
17940,sublimatedwholesale.mm
17941,subsp.bd
17942,subukiddopig.beget.app
17943,suceleerel.beget.app
17944,suemerstore.mm
17945,suemoleta.beget.app
17946,sufucladu.beget.app
17947,sugarydayhorses.mm
17948,sukumo.kochi.jp
17949,sumoto.hyogo.jp
17950,sumoto.kumamoto.jp
17951,sumrallmainstreet.mm
17952,sunandrecord.mm
17953,sunbirditsolutions.mm
17954,sunglassesmex.mm
17955,sunmichcollege.mm
17956,sunnysidecityjail.mm
17957,sunnysidedipensary.mm
17958,sunplatforms.mm
17959,sunyatasports.mm
17960,supabase.net
17961,supabilities.mm
17962,super61.mm
17963,superbbtw.mm
17964,superiorgroup-tegsv.mm
17965,superiorqualityconsultants.mm
17966,supersavingtips.mm
17967,support-hub-staging.run.app
17968,support.compute-1.amazonaws.com
17969,support.paywhirl.com
17970,supportcentral.compute-1.amazonaws.com
17971,supremepropertiesnyc.mm
17972,susannahansoncounsellingservices.mm
17973,sustainsales.mm
17974,suvsan.mm
17975,suytokabun.beget.app
17976,suzu.ishikawa.jp
17977,sv012.run.app
17978,svcgjmpts7c.mm
17979,sveq27tof7gga1jr9jpa17kvvs9119r1.mm
17980,svn2.run.app
17981,svrfs2l1kee88v4o0sn6ppp74r6ammoj.mm
17982,svryn.mm
17983,swefokeheed.beget.app
17984,swicaquubriboot.beget.app
17985,swift-64.lcl.dev
17986,swimspamax.mm
17987,swingersdominicanrepublic.mm
17988,swiss365tech.mm
17989,swohobootanur.beget.app
17990,swotobeta.beget.app
17991,swujuquobe.beget.app
17992,sxczzx.mm
17993,sxyland.mm
17994,sy8gjc2lrl.code.run
17995,syd-zabbix-clevercloud-customers.services.clever-cloud.com
17996,syqkar3wt.localto.net
17997,sys314.mm
17998,systemseassettlement.mm
17999,syzygytradingcompany.mm
18000,sz5x9dtkoreu9uvnedo.jm
18001,szsyxy.mm
18002,t-2.elb.amazonaws.com
18003,t.bg
18004,t21-s1729-10.er
18005,t4pv.mm
18006,t6hta.lcl.dev
18007,t854u.mm
18008,t91w2j.mm
18009,tabitorder.co.il
18010,tableausos.mm
18011,tablerockinvestment.mm
18012,tabnaktravel.mm
18013,tabuse.yamaguchi.jp
18014,tadcastern-yorks.sch.uk
18015,tadeny.mm
18016,tado.mie.jp
18017,tadotsu.kagawa.jp
18018,taebeat.paywhirl.com
18019,tagajo.miyagi.jp
18020,tagamooptif.beget.app
18021,tagdoroyen.beget.app
18022,taghi-paaaj.mm
18023,tagz5starmeats.mm
18024,tahoeweddingguide.mm
18025,taichipractitioners.mm
18026,taiga-bgw0cmp6u.builder.code.com
18027,taiji.wakayama.jp
18028,tailoredfins.mm
18029,taira.toyama.jp
18030,taishin.fukushima.jp
18031,taiwanlvyouqianzheng.run.app
18032,tajimi.gifu.jp
18033,takahagi.ibaraki.jp
18034,takahama.fukui.jp
18035,takaharu.miyazaki.jp
18036,takahashi.okayama.jp
18037,takahata.yamagata.jp
18038,takamori.kumamoto.jp
18039,takanabe.miyazaki.jp
18040,takanezawa.tochigi.jp
18041,takasago.hyogo.jp
18042,takatori.nara.jp
18043,takayama.gunma.jp
18044,takazaki.miyazaki.jp
18045,takehara.hiroshima.jp
18046,takingbacktheusa.mm
18047,takinha.mm
18048,takino.hyogo.jp
18049,takinoue.hokkaido.jp
18050,takko.aomori.jp
18051,taku.saga.jp
18052,talktoyourclients.mm
18053,talususbil.beget.app
18054,tamakawa.fukushima.jp
18055,tamarind-l1pnng.builder.code.com
18056,tamizhamobiles.mm
18057,tampa-a3mrvmhll.builder.code.com
18058,tampa-nlfrs1rpu.builder.code.com
18059,tanabe.kyoto.jp
18060,tanagura.fukushima.jp
18061,tangdiemseo.mm
18062,tangospiral.mm
18063,tanit-gendre-design.mm
18064,tankersmail.mm
18065,tanospizzeria.mm
18066,taoumi-solutions.mm
18067,tapanusof.beget.app
18068,tapiceroartesano.mm
18069,tarama.okinawa.jp
18070,taramusel.beget.app
18071,taro-cw1pmjrybj.builder.code.com
18072,tarpon-57.lcl.dev
18073,tarpon-73.lcl.dev
18074,tarui.gifu.jp
18075,tarumizu.kagoshima.jp
18076,tax-consulting-de-de-1452613.mm
18077,taxhjbj.mm
18078,taya.mm
18079,taylordaggett.mm
18080,tayloredtoolkits.mm
18081,taylorstoyemporium.mm
18082,tazmo-vn.mm
18083,tb09uma57a7ub08gv95o3t8p5337s5gs.mm
18084,tbsmdllc.mm
18085,tcomenv.jm
18086,tcompap.kh
18087,tcompap.mm
18088,tcompap.np
18089,te.pg
18090,team-sog.mm
18091,teamdesirecorp.mm
18092,teamnewbraunfels.mm
18093,teamrettro.mm
18094,teamtick.paywhirl.com
18095,teapuljic.mm
18096,tec.mi.us
18097,tecdemo3.in.futurecms.at
18098,techiegod.mm
18099,techmexsales.mm
18100,technoends.pg
18101,techyitsupport.mm
18102,teknisafe.mm
18103,teledigram.mm
18104,telephones-online.mm
18105,telitalk.bd
18106,temabathroom.mm
18107,temple-dth5ctzq.builder.code.com
18108,temple-tk1qqxls.builder.code.com
18109,temptest002043.privatelink.snowflake.app
18110,temptest003031.privatelink.snowflake.app
18111,temptest003040.privatelink.snowflake.app
18112,temptest004016.privatelink.snowflake.app
18113,tenaripobam.beget.app
18114,tennesseelaundrydelivery.mm
18115,tepafeyal.beget.app
18116,teqiahtequila.mm
18117,teragamusou.beget.app
18118,terapiaonlineday.mm
18119,teraqsystem.mm
18120,tern-zjh1cmrnvu.builder.code.com
18121,terranalysisinc.mm
18122,terukaku-yamashita.mm
18123,test-knative3.run.app
18124,test-mail.vultrobjects.com
18125,test.tj
18126,testing-telugu.mm
18127,tests.cx
18128,tetramaxx.mm
18129,teuve-post10.mm
18130,textype4u.mm
18131,tezw73.mm
18132,tfcuinsurance.mm
18133,tfkservices.mm
18134,tfmlgs634d.mm
18135,tfniti.pg
18136,tfnn.paywhirl.com
18137,tga92pim.mm
18138,th8q3wj9w.localto.net
18139,thaadvisory.mm
18140,thaibinh.vn
18141,thaisupplychain.mm
18142,thalasaai.mm
18143,thamelaninsistazapparel.mm
18144,thaswhatsup.mm
18145,thatbank.mm
18146,thatsalesacademy.mm
18147,thcbrandsco.mm
18148,the-mindfulnow.mm
18149,theadventuregroms.mm
18150,theasiannewschannel.mm
18151,theauntmaryscc.mm
18152,thebasketlady.mm
18153,thebelletower.mm
18154,theblacknationconvention.mm
18155,thebluelacagency.mm
18156,thebookworx.mm
18157,thebullaccessory.mm
18158,thebutterflyrealty.mm
18159,thecancerjourneyshow.mm
18160,thecastanedalawfirm.mm
18161,thecenterscv.mm
18162,thechainsawblokes.mm
18163,theeconeutral.mm
18164,theenergyauditingco.mm
18165,theentrepreneurllc.mm
18166,theeveof.mm
18167,theflyoverfilm.mm
18168,thegirlfriendmovie.mm
18169,theglobalmi.mm
18170,thegoodadviser.mm
18171,thegrowthcollectivevirtual.mm
18172,thegrowthfood.mm
18173,thehaildamagehomeinsuranceclaimcourse.mm
18174,thehellingers.mm
18175,theheroscode.mm
18176,theichc.mm
18177,theinteriorlens.mm
18178,theirreverentlawyer.mm
18179,thejustlawyerblog.mm
18180,thekenhudnallshow.mm
18181,thelab-instrument.mm
18182,thelabellifestore.mm
18183,thelastgreatadventure.mm
18184,thelettermans.mm
18185,themagicalchef.mm
18186,theminifigshop.mm
18187,themonapassage.mm
18188,thenappyfoundation.mm
18189,thenobles-sa.mm
18190,thenorthdog.mm
18191,theoriginalshoeswithpockets.mm
18192,thepartyprops.mm
18193,theprimeimpressions.mm
18194,theprivatefunder.mm
18195,theranchmultiplex.mm
18196,theredshank.mm
18197,therefinedwrist.mm
18198,theroyalsgroup.mm
18199,therviashd.mm
18200,thespiritofprogress.mm
18201,thestablesatcopperridge.mm
18202,thesystemsbrief.mm
18203,theuxtress.mm
18204,thevolher.mm
18205,thewestendgarage.mm
18206,thewhiskeycafe.mm
18207,thewildagave.mm
18208,thewolfcommunity.mm
18209,thnkd.mm
18210,thomas.ck
18211,thomasmorrisoncarnegie.mm
18212,thor.sch.uk
18213,threebearsburritos.mm
18214,thuongmaivietmam.mm
18215,tianjinpf.mm
18216,tiantianshikongyule.run.app
18217,tianxiazuqiubaidazuiniujinqiu.run.app
18218,tibuemopop.beget.app
18219,tick-53.lcl.dev
18220,tiendajes.mm
18221,tiendamobi.mm
18222,tienfisio.mm
18223,tiengiang.vn
18224,tietoevrycreate.jm
18225,tig.fk
18226,tiger-81.lcl.dev
18227,tiger-tey0envxz.builder.code.com
18228,tikadepusha.beget.app
18229,tikiarchitects.mm
18230,timberhillbuilders.mm
18231,tinybearlodge.mm
18232,tipssimplebet8rtp.mm
18233,tirol.ex.futurecms.at
18234,tirolferien.mm
18235,tiswetede.beget.app
18236,tjkib.lcl.dev
18237,tjwpn04kn.localto.net
18238,tkdlbja462i9n6fd101f6udo6sq28r72.mm
18239,tm.km
18240,tmairconditioningandheating.mm
18241,tmco-iran.mm
18242,tmxzp.lcl.dev
18243,tnsautocenter.mm
18244,tnthtukrluf.mm
18245,tocohomeekie.beget.app
18246,toei.aichi.jp
18247,toga.toyama.jp
18248,togura.nagano.jp
18249,tokashiki.okinawa.jp
18250,toki.gifu.jp
18251,tokoname.aichi.jp
18252,tokuyama.yamaguchi.jp
18253,tokyoconsultancy.mm
18254,tol.pg
18255,toldosaliancabirigui.mm
18256,tombareformas.mm
18257,tomioka.gunma.jp
18258,tomisato.chiba.jp
18259,tomiya.miyagi.jp
18260,tomobe.ibaraki.jp
18261,tonerwire.mm
18262,toneup-video.mm
18263,toniessler.mm
18264,tonosho.kagawa.jp
18265,toon.ehime.jp
18266,toqconstruction.mm
18267,tor-znviv1vdbnv.builder.code.com
18268,tortoise-89.lcl.dev
18269,tortoise-alcrm2.builder.code.com
18270,tosotunam.beget.app
18271,tosu.saga.jp
18272,totalaiproducts.mm
18273,toucan-uzy1m3li.builder.code.com
18274,toucan-zw83wedr.builder.code.com
18275,toucantradinggroup.mm
18276,tourmpolux88.mm
18277,touroperatorseychelles.stg-builder.code.com
18278,toya.hokkaido.jp
18279,toyoake.aichi.jp
18280,toyota.yamaguchi.jp
18281,toyotomi.hokkaido.jp
18282,toysonthesquare.mm
18283,tpdef.mm
18284,tpf-ingenieria.mm
18285,tqf8ronisqmqceuuu02ccikdopbsu2b1.mm
18286,tr2.localto.net
18287,traceypistorio.mm
18288,trackaforus.mm
18289,trade-gpt-arab.mm
18290,traitcommun.mm
18291,tramonquegpoumarn.beget.app
18292,transfer-webapp.us-east-2.on.aws
18293,travelcagiftandshop.mm
18294,travelversepr.mm
18295,tre.kh
18296,treadory.mm
18297,trecasosrestaurant.mm
18298,trekkconsulting.mm
18299,trelonivaxenx.mm
18300,tremblantscandinave.mm
18301,trencial.mm
18302,trendmanage.mm
18303,trentin-sud-tirol.it
18304,trentino-sud-tirol.it
18305,trentino-sued-tirol.it
18306,trentinosud-tirol.it
18307,trentinosudtirol.it
18308,tri-at-home.mm
18309,trimacapital.mm
18310,trimbletechalumni.mm
18311,trisarigey.beget.app
18312,tristanharrismusic.mm
18313,tristiansaunders.mm
18314,trulipbalm.mm
18315,trulyuniquemodels.mm
18316,trustedadvisorlifeinsurance.mm
18317,truviewinvestigations.mm
18318,try.mm
18319,tryearlybirdai.mm
18320,tryhackmesupport.mm
18321,tsapsdat--kindhearted-flame--9sybc8gxygb6.code.run
18322,tsdns.run.app
18323,tsubata.ishikawa.jp
18324,tsuga.tochigi.jp
18325,tsukuba.ibaraki.jp
18326,tsukui.kanagawa.jp
18327,tsukumi.oita.jp
18328,tsumagoi.gunma.jp
18329,tsuno.miyazaki.jp
18330,tsuruga.fukui.jp
18331,tsurugi.ishikawa.jp
18332,tsuruta.aomori.jp
18333,tsushima.aichi.jp
18334,tsuyama.okayama.jp
18335,ttggroupco.mm
18336,tth7jzdjh.localto.net
18337,ttp.jm
18338,ttstage-ext.mm
18339,tubenow8.mm
18340,tucanotoquu.beget.app
18341,tuckerfurn.mm
18342,tucsonenergyhealing.mm
18343,tugiboupiy.beget.app
18344,tulip-umfyr2nkm.builder.code.com
18345,tulip-wevjanuzz.builder.code.com
18346,tullochbear.mm
18347,tumetoreped.beget.app
18348,tundra-vdu5wur5.builder.code.com
18349,tupiteaboost.mm
18350,tur.er
18351,turbobotax.mm
18352,turkishangels.localto.net
18353,turkuvazbayrak.mm
18354,turlabteknik.mm
18355,turmeric-em5hmm.builder.code.com
18356,turnbacktherock.mm
18357,turtle-qxltt25s.builder.code.com
18358,turtle-rctis1dz.builder.code.com
18359,turtle-tc9cvtjy.builder.code.com
18360,tuspiesalcien.mm
18361,tuyabotin.beget.app
18362,tv.jo
18363,tv82slz.localto.net
18364,twinlightscapital.mm
18365,twowheeltow.mm
18366,tx7yxac.mm
18367,txx8luo.localto.net
18368,ty2elmvl2zke3.mm
18369,tyc3434.mm
18370,tyj88455.mm
18371,tyng.er
18372,typ.er
18373,typeasatool.mm
18374,tzb.0e.vc
18375,tzfmkj.mm
18376,tzgvy3bclifpiyubgrk.ck
18377,u0p57cg5mquqn8p9i2pr8gotp0a3jboj.mm
18378,u1k8mvjnhr4sma4n9utbt12mobhh5a40.mm
18379,u1p7x4d7ykb8rf.mm
18380,u2.run.app
18381,u6s3mbg6m6e101hmkusn5evisvne01vg.mm
18382,uane--payment-webhooks--wsw6mcxwqj6q.code.run
18383,uat.mm
18384,ubpigod.kh
18385,uchiko.ehime.jp
18386,uchinada.ishikawa.jp
18387,uchinomi.kagawa.jp
18388,uchois.mm
18389,uclj995naelqjel8atievsdormnkp802.mm
18390,ucsc.ck
18391,ucw4palestine.mm
18392,udono.mie.jp
18393,uduksutin.beget.app
18394,ue8s8.stg.dev
18395,uea3321.mm
18396,ufkofhg.mm
18397,ufousheriyin.beget.app
18398,ugim.gov.pl
18399,uglygaragefloor.mm
18400,uguyalurid.beget.app
18401,ugwhkkn.localto.net
18402,uh.mm
18403,ui.r.appspot.com
18404,uj-roseli.mm
18405,ujiie.tochigi.jp
18406,uk-in-f63.run.app
18407,uk.bd
18408,ulagokoxit.beget.app
18409,ulcatsoofach.beget.app
18410,ulebofoub.beget.app
18411,ulimcorog.beget.app
18412,uljedbd.mm
18413,ulti100vip.mm
18414,ultrafend.mm
18415,ulukur.mm
18416,um.mm
18417,umanesimotecnologia-master.jm
18418,umanesimotecnologia-master.kh
18419,umeututu.mm
18420,umez6s0.localto.net
18421,umig.gov.pl
18422,un-dcf.mm
18423,un9vnqje8toem4o977gdgp6estau6fgo.mm
18424,unapuypir.beget.app
18425,unazuki.toyama.jp
18426,uncivilizedasfuck.mm
18427,undersinkmat.mm
18428,uniappsa.mm
18429,unicef-cfc.mm
18430,univ.sn
18431,unlockingvf.mm
18432,unravelthemesswithjess.mm
18433,upgrade-co.mm
18434,uplandcaraccidentlawyers.mm
18435,uppo.gov.pl
18436,upscaleconcierge.mm
18437,upttkthf128bsb16r0mqqo2fc2ecb21d.mm
18438,ur7n7o.mm
18439,ur93zn.mm
18440,urasoe.okinawa.jp
18441,urausu.hokkaido.jp
18442,urayasu.chiba.jp
18443,urban-v.jm
18444,urbanv.jm
18445,urbanv.np
18446,urebnoyupif.beget.app
18447,ureshino.mie.jp
18448,uri.arpa
18449,uria20abogados.mm
18450,urial-a0uwrvrzu.builder.code.com
18451,urkupinaturnos.mm
18452,urn.arpa
18453,urorrimsas.beget.app
18454,uryu.hokkaido.jp
18455,us-2.tst.site
18456,us-gov-east-1.compute.amazonaws.com
18457,us-sea-6.linodeobjects.com
18458,us-sentral1.run.app
18459,us.gov.pl
18460,usashowerandtub.mm
18461,usbl.np
18462,uscarbinecal30m1.mm
18463,usedfurnitureksa.mm
18464,usedplaneforsale.mm
18465,usefulassortments.mm
18466,useklenndareai71.mm
18467,usemada.mm
18468,usemmhmm.mm
18469,usemuetas.beget.app
18470,useparar.mm
18471,usercontent.jp
18472,userloginnhic.mm
18473,usr.cloud.muni.cz
18474,ussupremecollisioncenter.mm
18475,uswest-2.elb.amazonaws.com
18476,utazu.kagawa.jp
18477,utcufokbamrom.beget.app
18478,uto.kumamoto.jp
18479,uttampatra.mm
18480,uupojke2qmc92ae9vroe42edu485gn4q.mm
18481,uxm9c.stg.dev
18482,uxtoolset.mm
18483,uyikerperjesk.beget.app
18484,uykumetre.mm
18485,uzavrm.mm
18486,uzhhorod.ua
18487,v2jd.mm
18488,v4tr.run.app
18489,v5z5jonz59ikthrpyutir6huvmfnai48d4q.bd
18490,v80977.mm
18491,v846b969.mm
18492,v8dso15bqngaae69r442td1jk2mttpm6.mm
18493,v8n5flrr7m2lqsmmtbdv4vqbhfunfikn.mm
18494,vafefg35lpvskbelpsfrn6j10h1fck8v.mm
18495,valdaosta.it
18496,valer.hedmark.no
18497,valleeaoste.it
18498,valleedaoste.it
18499,valuebasedpartnerships.mm
18500,valujistudio.mm
18501,vampireoffice.mm
18502,vanbcu.mm
18503,vanijyaintercollege.mm
18504,vantagepbcstudy.mm
18505,vao.it
18506,vbfir3p2jtp0ldpu1rsph950k5rlj64b.mm
18507,vbnj3qo3ct5pivqo85m3d8q42v41jiqv.mm
18508,vbrhnr9hqm.code.run
18509,vbsq3bt1fngfq5rtv7c8te5caoo4gpch.mm
18510,vdp-research.mm
18511,vdqpq.lcl.dev
18512,ve.ck
18513,vegashomesandfineestates.mm
18514,vegasinjuryfirm.mm
18515,veggiex.mm
18516,velvetmychoice.mm
18517,vendinggrowth.mm
18518,venturesciencecapital.mm
18519,vera-marketing.mm
18520,versaly.mm
18521,verseinglesbiblico.mm
18522,versemedicalaesthetics.mm
18523,versionoperator.mm
18524,vertigohousecalls.mm
18525,vertumkt.mm
18526,verummeam.mm
18527,vfobnzrcsjlwmeiy8ssli.np
18528,vfs.cloud9.ap-east-1.amazonaws.com
18529,vfs.cloud9.me-south-1.amazonaws.com
18530,vgamopfyl.localto.net
18531,vgd010rcak2uoal4cpdrqsmbf514knh9.mm
18532,vhcy5.lcl.dev
18533,vheeriv.mm
18534,vi-network.jm
18535,viacosmos.mm
18536,vibo-valentia.it
18537,vibrantkerala.mm
18538,vickydemeo.mm
18539,victory-en.mm
18540,vidal.nom.br
18541,vidangebotton.mm
18542,video.compute-1.amazonaws.com
18543,videos.compute-1.amazonaws.com
18544,vidineillustrations.mm
18545,viedejardin.mm
18546,viewsfromtiffany.mm
18547,viggyshop.mm
18548,vikinglauget.mm
18549,vikingspa-id43435.mm
18550,vikna.no
18551,villacapdail.mm
18552,villasboas.nom.br
18553,villazinovia.mm
18554,vinheski.mm
18555,vinhphuc.vn
18556,violenciaanimailpe.mm
18557,vip.ck
18558,viper-mevnver2q.builder.code.com
18559,viper-mws0c3ntr.builder.code.com
18560,viper-ofhjrehjn.builder.code.com
18561,viper-rk5wekzkd.builder.code.com
18562,vipph444.mm
18563,virtuallypeculiar.mm
18564,virtualtitlesolutions.mm
18565,vision.futurecms.at
18566,vision.kunden.ortsinfo.at
18567,visionsource-fvcfrier.mm
18568,visitandprofit.mm
18569,visitluray.mm
18570,visitsunsetvistas.mm
18571,visitwithalfie.mm
18572,vistathreesixty.mm
18573,vitalityhomerealty.mm
18574,vitatexa.mm
18575,vittorinodesigns.mm
18576,viveiros.nom.br
18577,vivid-inv.mm
18578,vki.kr
18579,vkphoto.mm
18580,vl83m.mm
18581,vlog42.mm
18582,vmwworld.mm
18583,vn8779.mm
18584,vnh77gkmj6sp6eh1anfj3e7rfq79eahd.mm
18585,vog01lb8tkvd550m4k9t1ccegi61b319.mm
18586,vogaflex.fk
18587,vogaflex.pg
18588,vogikcq8p1nf59gvcckos85ore9kiqd9.mm
18589,voiceofyourchildhood.mm
18590,vole-c0rovxrdem.builder.code.com
18591,vole-cvpyqjdol2.builder.code.com
18592,vole-dednefzvc2.builder.code.com
18593,vole-ky9oauprsl.builder.code.com
18594,vole-rwhjslfmtk.builder.code.com
18595,vole-u0c1wxblnl.builder.code.com
18596,vole-vm9ok2vju1.builder.code.com
18597,volt.mm
18598,voltcor.mm
18599,volume3clothing.mm
18600,voorloper.cloud
18601,vortex.alces.network
18602,votkafiyatlari.mm
18603,vp4htu6kjqqb8lksngj35te188fjqpkl.mm
18604,vpn-compteco2-customers.services.clever-cloud.com
18605,vpn.compute-1.amazonaws.com
18606,vpnaccess.compute-1.amazonaws.com
18607,vps.sch.uk
18608,vpwjleft.mm
18609,vqfo-al74.cloudera.site
18610,vr-strike.mm
18611,vrstim.mm
18612,vscode-585ybk4pbm1u.devinapps.com
18613,vscode-79m2wekemn9k.devinapps.com
18614,vscode-ashhxonpx8f7.devinapps.com
18615,vscode-batrdvstpvmaotcm.devinapps.com
18616,vscode-bboqustffnbqfont.devinapps.com
18617,vscode-bvondtfqavmdnmfb.devinapps.com
18618,vscode-cqrfedbtmurctrtb.devinapps.com
18619,vscode-cvrapsauebcpnoqu.devinapps.com
18620,vscode-ebpfeepqrtfbtvnq.devinapps.com
18621,vscode-ecufdedsnpottnef.devinapps.com
18622,vscode-fcoqocmocnqubunv.devinapps.com
18623,vscode-fnqaaofbrmsesroa.devinapps.com
18624,vscode-fpfanenuntqsdoar.devinapps.com
18625,vscode-fpfrbecenabvnene.devinapps.com
18626,vscode-fuopcpefsodotsvd.devinapps.com
18627,vscode-idy9hissp2o5.devinapps.com
18628,vscode-mbmmeetdcqescpmq.devinapps.com
18629,vscode-npauadmvfdotasrt.devinapps.com
18630,vscode-npmpcamfcmbdvtpu.devinapps.com
18631,vscode-ntfupdnestcspsqf.devinapps.com
18632,vscode-obcsbparabqafban.devinapps.com
18633,vscode-oenopstpqdeftaut.devinapps.com
18634,vscode-pmvrmdpvbfnpabpc.devinapps.com
18635,vscode-qpcvdpdbeqfqtqdd.devinapps.com
18636,vscode-rbvtcubrsftfstse.devinapps.com
18637,vscode-rfmtfrerebfmapcp.devinapps.com
18638,vscode-rrvescopmvevmunt.devinapps.com
18639,vscode-ssdeddqrmsourmoq.devinapps.com
18640,vscode-tbmmoqctenbmdmou.devinapps.com
18641,vscode-tnmuecnserddocrc.devinapps.com
18642,vscode-tqeucfdacqordnst.devinapps.com
18643,vscode-ubreaftbmuddvron.devinapps.com
18644,vscode-udnfabqsuedervmd.devinapps.com
18645,vscode-unspapbtfsonaqbo.devinapps.com
18646,vscode-upcevavmvpqbcros.devinapps.com
18647,vscode-utnsdqbcrbnduepe.devinapps.com
18648,vscode-uudmuvuoobmuqqcn.devinapps.com
18649,vscode-vbfdtrrvornvunob.devinapps.com
18650,vscode-vqqfraescbdsqbte.devinapps.com
18651,vscode-vrudvapameedacrf.devinapps.com
18652,vscode-vsufqbpspqmuqrut.devinapps.com
18653,vscode-vufsfbdquudcuqna.devinapps.com
18654,vscode-vumtndrapmonftpd.devinapps.com
18655,vscode-vusaesnsaasvtndr.devinapps.com
18656,vscode-xwebbbbyxqhy.devinapps.com
18657,vtalty.mm
18658,vtoats.mm
18659,vttransalpes.mm
18660,vukyzqxpsgf.mm
18661,vulture-58.lcl.dev
18662,vultureofficial.mm
18663,vxbyzzyf.mm
18664,w.bg
18665,w13726785.mm
18666,w5kkuhddm9iaxezon0y7otonr.np
18667,wacarbon.mm
18668,wacomasia.fk
18669,wacomasia.mm
18670,wacomasia.np
18671,wada.nagano.jp
18672,wafwd.mm
18673,wajiki.tokushima.jp
18674,wake.okayama.jp
18675,wallaby-9.lcl.dev
18676,wallaby-rhfjbmg.builder.code.com
18677,wallingfordschool.fk
18678,wallingfordschool.kh
18679,walrus-efowtwfu.builder.code.com
18680,walrus-mmx3cjm4.builder.code.com
18681,walrus-mw9umlf2.builder.code.com
18682,walrus-n0i3u1nx.builder.code.com
18683,walrus-nnc4rgvt.builder.code.com
18684,walrus-ulrivkde.builder.code.com
18685,walrus-y3btrnbu.builder.code.com
18686,walrus-zmd4dwg5.builder.code.com
18687,wandaleestevens.mm
18688,wandbeebuzz.mm
18689,wanderingamerican.mm
18690,wanmeitysportso.mm
18691,wanyisen.mm
18692,warrantexigence.mm
18693,warriortowisemen.mm
18694,warthog-11.lcl.dev
18695,wasp-76.lcl.dev
18696,wasp-mm1wsjnjug.builder.code.com
18697,wasp-ylarv2xbav.builder.code.com
18698,watarai.mie.jp
18699,watari.miyagi.jp
18700,watchneural.mm
18701,waters-ak85q3dk.builder.code.com
18702,wathryngaines.mm
18703,waxingandlash.mm
18704,wayneandemmersonco.mm
18705,wc64x.mm
18706,weareintrada.mm
18707,wearemedicare.mm
18708,web.gu
18709,web.in
18710,web.ni
18711,web2.kh
18712,webbark.mm
18713,webcdnstore.kh
18714,webcdnstore.np
18715,webhosting127.transurl.nl
18716,webhosting61.transurl.nl
18717,webmail.compute-1.amazonaws.com
18718,webmail3.digitaloceanspaces.com
18719,webserver.pg
18720,website-phl1.linodeobjects.com
18721,website-us-lax-1.linodeobjects.com
18722,website-us-mia-1.linodeobjects.com
18723,webstersoar.compute-1.amazonaws.com
18724,wecareyouenjoy.stg-builder.code.com
18725,weeklylottery.org.uk
18726,wehesceenik.beget.app
18727,weidenholz.mm
18728,weikunyang.mm
18729,weirdsome.0e.vc
18730,weixinvideo.mm
18731,wekhdatul.kh
18732,wellnesseatsfz.mm
18733,wellshiftf.mm
18734,welovechargebacks.mm
18735,wenninginnovations.mm
18736,wentorum.mm
18737,weo4u.mm
18738,wepons.mm
18739,wepromoteusa.mm
18740,west-berks.sch.uk
18741,westcoastacutecare.mm
18742,westsacramentobuilders.mm
18743,wexaas.mm
18744,wexdisoftskills.mm
18745,wgoukvj.mm
18746,whackemandstackemtree.mm
18747,whatgbxg.mm
18748,whatishedgedequity.mm
18749,whatsupguam.mm
18750,whippet-2.lcl.dev
18751,whippet-uwjiee9.builder.code.com
18752,whippet-y240ttl.builder.code.com
18753,whitescreene.mm
18754,whitestechnologies.mm
18755,whitetulipsco.mm
18756,whizbridge.mm
18757,whkaichuang.mm
18758,wholesomeintricate.mm
18759,whoopring.mm
18760,whtqdpcbsdctjrjsa.mm
18761,whyjzjz.mm
18762,wif.gov.pl
18763,wijnschool.mm
18764,wildcat-cvj1wwd.builder.code.com
18765,wildexperiences.mm
18766,wildorganicwellness.mm
18767,willowmanage.mm
18768,willyjpeso.mm
18769,wimokdamlunarn.beget.app
18770,win339-win339.mm
18771,windies-online.mm
18772,wineannex.mm
18773,wipc.run.app
18774,wirolotto.mm
18775,wisiotsys.mm
18776,wisteria-tzb6th.builder.code.com
18777,wjaqbqwzkv.airflow.us-east-1.on.aws
18778,wkhkdgjsrclvuuojqhrnmtipondj0l6bfxkgm8sesgwsmtfpxv24swbql.bd
18779,wlftss.mm
18780,wn.gateway.dev
18781,wnlo0rq.localto.net
18782,wohhdxsk56cw5doxmqjnwxry.fk
18783,woking.sch.uk
18784,woldini.nom.br
18785,wombat-u2oxnwhp.builder.code.com
18786,wonebelay.mm
18787,wood-accent-wall.mm
18788,wopular.mm
18789,worshipdomains.mm
18790,wound.mm
18791,wouter-bos.mm
18792,wow.mm
18793,wowjf23soothingtherapyoil.mm
18794,wozrohpe.ck
18795,writemyessayss.mm
18796,ws23px.mm
18797,wsimarkeing.mm
18798,wskr.gov.pl
18799,wsmevents.mm
18800,wsumer.mm
18801,wsus.pg
18802,wsys4964.kh
18803,wsys8102.kh
18804,wsys9248.kh
18805,wsysxxxx.kh
18806,wtty666.mm
18807,wuo.nom.br
18808,wurzelpurzel.mm
18809,ww9676.mm
18810,www-qqbr.mm
18811,www.icp.net
18812,www.linodeobjects.com
18813,www.localto.net
18814,www.run.app
18815,www.snowflake.app
18816,www1.compute-1.amazonaws.com
18817,www2.compute-1.amazonaws.com
18818,www3860.mm
18819,www556676a.mm
18820,www6954.mm
18821,wwwhui7775.mm
18822,wxoct0znb.localto.net
18823,wxrtj-paaaa-aaaal-qcb4a-cai.raw.icp0.io
18824,wyc67w.mm
18825,wyhongqi.mm
18826,wykwa.mm
18827,wynru.mm
18828,wypq5ewzw0gmxcdhyk0csigyhzuamuijnfysiqd4ree4tnot.kh
18829,wyssfoundationoregon.mm
18830,wzmiuw.gov.pl
18831,wzy618.mm
18832,x-space777.mm
18833,x254198g9.run.app
18834,x2py0.lcl.dev
18835,x7ydeo6zikqwsjnqchzx1oslisttff6iugottr9zmj6xodtysf.np
18836,x8ape.lcl.dev
18837,x8c2pc.cloudera.site
18838,x9ki9ehn.mm
18839,xa.ck
18840,xb5uabqcyxyy7eutb.jm
18841,xbkdwk.mm
18842,xbwkrdgeavq9hugxa9ujw3yjgu5lyge4v8izl79e6fwjkubgf7sdtfxyvqkg.ck
18843,xc5slzxzs9.code.run
18844,xcxw5.mm
18845,xdjc.run.app
18846,xebecjewelry.mm
18847,xenfle.mm
18848,xenithdesigns.mm
18849,xfltd-gtm.mm
18850,xgbranded.mm
18851,xgemail-validator.run.app
18852,xgiesld.mm
18853,xhwcdasha.mm
18854,xhypws.mm
18855,xi-in-f34.run.app
18856,xiang-jiang.mm
18857,xiangshan.run.app
18858,xianzhai.0e.vc
18859,xiaonan.0e.vc
18860,xiaoqinykj.mm
18861,xikerspresale.mm
18862,xin-jiaming.mm
18863,xinrou.run.app
18864,xiuchai.run.app
18865,xiv1.0e.vc
18866,xiwangviolinist.mm
18867,xix-brand.mm
18868,xkcv.run.app
18869,xki2.0e.vc
18870,xkn2b3.on-rio.io
18871,xkri.run.app
18872,xkz4.0e.vc
18873,xkzr188.mm
18874,xlx7.run.app
18875,xm4672.mm
18876,xmg-.run.app
18877,xmzbxz.mm
18878,xn-------83dcfcbjkefbia4ayf4cwabhaqdjbbc3dtobsv8urcm.np
18879,xn----7sbbalnrdabcbimdtepe3c7aculh5i.jm
18880,xn----7sbbalnrdabcbimdtepe3c7aculh5i.np
18881,xn----8sbbegjabaxhdjmlydpee0e6bxef6b.bd
18882,xn----8sbbegjabaxhdjmlydpee0e6bxef6b.jm
18883,xn----fbu3klc8ayeq0b1p7081c3i4d.kh
18884,xn----fbu3klc8ayeq0b1p7081c3i4d.mm
18885,xn--1ca.ck
18886,xn--1ctwo.jp
18887,xn--2h2a43sj0b6yi.mm
18888,xn--2o2b21q9pevza656b.mm
18889,xn--32vp30h.jp
18890,xn--439a1p883aspccytl0r.mm
18891,xn--4it168d.jp
18892,xn--4it797k.jp
18893,xn--4pvxs.jp
18894,xn--6oqw2wolkevtcke.jm
18895,xn--7t0a264c.jp
18896,xn--80aaa0cvac.xn--p1acf
18897,xn--80aaajlodabbbilcseoe0c6actkh1i.bd
18898,xn--80aaajlodabbbilcseoe0c6actkh1i.jm
18899,xn--80aal0bejki3j.stg-builder.code.com
18900,xn--80abcbafgcebfawue3bsbgancibba7cqmars3smcl.kh
18901,xn--80abdaefcadbgvv6aevamibbc7bmolt7opc8gi.jm
18902,xn--80abdaefcadbgvv6aevamibbc7bmolt7opc8gi.pg
18903,xn--8ltr62k.jp
18904,xn--8pvr4u.jp
18905,xn--9t4b11go4bwzmdif.mm
18906,xn--aurskog-hland-jnb.no
18907,xn--b1aea2bban.mm
18908,xn--balsan-sdtirol-nsb.it
18909,xn--betlztrk-q4a2de.mm
18910,xn--blt-elab.no
18911,xn--bod-2na.no
18912,xn--bozen-sdtirol-2ob.it
18913,xn--brnnysund-m8ac.no
18914,xn--bulsan-sdtirol-nsb.it
18915,xn--c-sfa.mm
18916,xn--c3s14m.jp
18917,xn--cesena-forl-mcb.it
18918,xn--cesenaforl-i8a.it
18919,xn--clash-ws1ht57h6p6cov7a.mm
18920,xn--d1at.xn--90a3ac
18921,xn--d5qv7z876c.jp
18922,xn--djrs72d6uy.jp
18923,xn--djty4k.jp
18924,xn--drbak-wua.no
18925,xn--ehqz56n.jp
18926,xn--ekry3q2qc372cugc.mm
18927,xn--elqq16h.jp
18928,xn--eveni-0qa01ga.no
18929,xn--f9j3ab9e047rk2mwn5b5olqiibm4a8er.np
18930,xn--finny-yua.no
18931,xn--fjord-lra.no
18932,xn--fl-zia.no
18933,xn--forl-cesena-fcb.it
18934,xn--forlcesena-c8a.it
18935,xn--frde-gra.no
18936,xn--frya-hra.no
18937,xn--ggaviika-8ya47h.no
18938,xn--gildeskl-g0a.no
18939,xn--gjvik-wua.no
18940,xn--gls-elac.no
18941,xn--gnstigbestellen-zvb.de
18942,xn--hbmer-xqa.no
18943,xn--hcesuolo-7ya35b.no
18944,xn--hery-ira.xn--mre-og-romsdal-qqb.no
18945,xn--hmmrfeasta-s4ac.no
18946,xn--hnefoss-q1a.no
18947,xn--hpmir-xqa.no
18948,xn--ht-eja.kh
18949,xn--hu5bia331b85g7rd.mm
18950,xn--j1ael8b.xn--p1acf
18951,xn--kbrq7o.jp
18952,xn--kfjord-iua.no
18953,xn--klt787d.jp
18954,xn--kltp7d.jp
18955,xn--klty5x.jp
18956,xn--koluokta-7ya57h.no
18957,xn--kprw3gy5dcvcpt4as11bonya.mm
18958,xn--kvfjord-nxa.no
18959,xn--l-sfa.kh
18960,xn--l3cld0aae2a0a4gi9k8c.mm
18961,xn--laheadju-7ya.no
18962,xn--lesund-hua.no
18963,xn--lgrd-poac.no
18964,xn--lm-x5s.kh
18965,xn--lt-liac.no
18966,xn--m-sfa.mm
18967,xn--mely-ira.no
18968,xn--merker-kua.no
18969,xn--mgba3a4f16a.ir
18970,xn--mgba3a4fra.ir
18971,xn--mjndalen-64a.no
18972,xn--mkry43akwq.mm
18973,xn--mlatvuopmi-s4a.no
18974,xn--mli-tla.no
18975,xn--mlselv-iua.no
18976,xn--mosjen-eya.no
18977,xn--mot-tla.no
18978,xn--msy-ula0h.no
18979,xn--mtta-vrjjat-k7af.no
18980,xn--muost-0qa.no
18981,xn--mxtq1m.hk
18982,xn--mxtq1m.xn--j6w193g
18983,xn--ng-gct.ck
18984,xn--ng-ila9c.kh
18985,xn--nh-kia.ck
18986,xn--nmesjevuemie-tcba.no
18987,xn--nry-yla5g.no
18988,xn--nyqq5espn55a.mm
18989,xn--o3cyx2a.xn--o3cw4h
18990,xn--oppegrd-ixa.no
18991,xn--ostery-fya.no
18992,xn--pbty08apqz.mm
18993,xn--pspiso-o0tzhwepb8ch9yya1n.digitaloceanspaces.com
18994,xn--qrqt0fn1h.mm
18995,xn--qu-nia.ck
18996,xn--rdal-poa.no
18997,xn--rennesy-v1a.no
18998,xn--rholt-mra.no
18999,xn--rht3d.jp
19000,xn--ri-p9s.mm
19001,xn--s-yja.ck
19002,xn--s1r08g60t.mm
19003,xn--sandnessjen-ogb.no
19004,xn--seral-lra.no
19005,xn--sgne-gra.no
19006,xn--skjk-soa.no
19007,xn--smna-gra.no
19008,xn--sndre-land-0cb.no
19009,xn--snes-poa.no
19010,xn--sr-aurdal-l8a.no
19011,xn--sr-fron-q1a.no
19012,xn--sr-odal-q1a.no
19013,xn--sr-varanger-ggb.no
19014,xn--srfold-bya.no
19015,xn--srum-gra.no
19016,xn--stjrdalshalsen-sqb.no
19017,xn--stre-toten-zcb.no
19018,xn--ti-8ja.kh
19019,xn--tjme-hra.no
19020,xn--tnsberg-q1a.no
19021,xn--tor131o.jp
19022,xn--tqq00cj7qccu21w.mm
19023,xn--trany-yua.no
19024,xn--trentin-sd-tirol-rzb.it
19025,xn--trgstad-r1a.no
19026,xn--trna-woa.no
19027,xn--troms-zua.no
19028,xn--tysvr-vra.no
19029,xn--uc0atv.hk
19030,xn--uisz3g.jp
19031,xn--v-vwm.ck
19032,xn--vads-jra.no
19033,xn--valledaoste-ebb.it
19034,xn--vard-jra.no
19035,xn--vg-yiab.no
19036,xn--vgan-qoa.no
19037,xn--vgsy-qoa0j.no
19038,xn--vii-mla.mm
19039,xn--vler-qoa.xn--stfold-9xa.no
19040,xn--vre-eiker-k8a.no
19041,xn--vrggt-xqad.no
19042,xn--vry-yla5g.no
19043,xn--ybsa.mm
19044,xn--ystre-slidre-ujb.no
19045,xn17.0e.vc
19046,xnatconsortium.stg-builder.code.com
19047,xnxx.ck
19048,xoilaczi8.mm
19049,xpgmg3.mm
19050,xptmue1si.localto.net
19051,xscxa.mm
19052,xv6xz.mm
19053,xw02hxbgp.localto.net
19054,xwmsw.mm
19055,xxg1tnx9ham1b0vqxbe8lndp.np
19056,xxljyk.mm
19057,xxw2wsw0zc-artifactory.services.clever-cloud.com
19058,xyshhzs.mm
19059,y-bina.mm
19060,y.mm
19061,y25866298.mm
19062,y46ys.mm
19063,y66p22mm2b.code.run
19064,y6zmum.ck
19065,y8tsmr.mm
19066,yachtmozz.mm
19067,yadavtejaanvesh.mm
19068,yaelixbakes.mm
19069,yaese.okinawa.jp
19070,yaizu.shizuoka.jp
19071,yamada.toyama.jp
19072,yamaga.kumamoto.jp
19073,yamanakako.yamanashi.jp
19074,yamanouchi.nagano.jp
19075,yamato.fukushima.jp
19076,yamato.kumamoto.jp
19077,yamatotakada.nara.jp
19078,yaohaiyou.mm
19079,yaotsu.gifu.jp
19080,yaozhizhu.mm
19081,yaplostimoy.beget.app
19082,yaresllc.mm
19083,yashiro.hyogo.jp
19084,yasu.shiga.jp
19085,yatchlogistics.mm
19086,yb23k.lcl.dev
19087,ybhupe.mm
19088,ydlnffvxvv.airflow.us-east-1.on.aws
19089,yearning4justice.mm
19090,yelkovankitap.mm
19091,yellowhouserealtymyrtlebeach.mm
19092,yemadorada.jm
19093,yesplayerapp.mm
19094,yeti-14.lcl.dev
19095,ygqxffy.mm
19096,yiwutube.mm
19097,ykdekorasyon.mm
19098,ykes.spectrum.myjino.ru
19099,yklianyang.mm
19100,ym8.jm
19101,ynjingpan.mm
19102,yo.np
19103,yobesulgitab.beget.app
19104,yogatrekkinginternational.mm
19105,yoka.hyogo.jp
19106,yokaichiba.chiba.jp
19107,yokawa.hyogo.jp
19108,yokoze.saitama.jp
19109,yokozuna-p.mm
19110,yonabaru.okinawa.jp
19111,yonago.tottori.jp
19112,yonaguni.okinawa.jp
19113,yono.saitama.jp
19114,yoshino.nara.jp
19115,yoshinogari.saga.jp
19116,yoshioka.gunma.jp
19117,your-void.mm
19118,yourhoustonlandscaper.mm
19119,youthfulvitalitymd.mm
19120,yoxh6.mm
19121,ypayroll.mm
19122,yqoymmo.mm
19123,yruist.mm
19124,ysbsqa-ycctest-ystore.mm
19125,ytws366.mm
19126,yugawa.fukushima.jp
19127,yugubiquuma.beget.app
19128,yumijiankang.mm
19129,yungred.mm
19130,yunwangyin.mm
19131,yurihonjo.akita.jp
19132,yuu.yamaguchi.jp
19133,yuweiboligang.mm
19134,yuyouweilai.mm
19135,yvnutqxmsegdtnwe7ryqck7.np
19136,yy.mm
19137,yyfdfhnhfntnh.mm
19138,yygfs.mm
19139,yypgqmhyznvbhzc8dcosomqarmjv4mbwxh.er
19140,yyuuu.mm
19141,yzvgg8pk5olm8ytirwypiucniwytyvjpximhet84j7epqa6wb45siawtn.np
19142,z9496.spectrum.myjino.ru
19143,zachfeinstein.mm
19144,zadaeve.mm
19145,zahnknirpse.mm
19146,zakarpattia.ua
19147,zameendekho.mm
19148,zansestore.mm
19149,zanxpro.mm
19150,zawfwkii.mm
19151,zazaninyerii.mm
19152,zcgjly.mm
19153,zclighting.mm
19154,ze1exlpvm.localto.net
19155,zebra-92.lcl.dev
19156,zebra-tkrgnkpzt.builder.code.com
19157,zehrmail.mm
19158,zeit.er
19159,zeitguestinthezeitgeist.mm
19160,zenodotobibliotecasolomeo.bd
19161,zenodotobibliotecasolomeo.pg
19162,zenodotouniversallibrary.bd
19163,zenodotouniversallibrary.jm
19164,zenodotouniversallibrary.np
19165,zenodotouniversallibrary.pg
19166,zenurripalms.mm
19167,zeptozoom.mm
19168,zero-urssaf.mm
19169,zf8288.mm
19170,zffldttbnsoyihwehydo-keycloak.services.clever-cloud.com
19171,zggamingsolutions.np
19172,zggzhdc.mm
19173,zgsnipax5jgrszwzqpja5plsaxnjckzvapo.jm
19174,zhangcongdong.mm
19175,zhgkgd.mm
19176,zhgreatway.mm
19177,zhichime.mm
19178,zhmkw.mm
19179,zholdingsllc.mm
19180,zhongdeauto.mm
19181,zhyg241.mm
19182,zicinquuzhig.beget.app
19183,zig-tunnel.mm
19184,zimbra.sch.uk
19185,zjchabansheng.mm
19186,zjhongniang.mm
19187,zjokp.mm
19188,zkuxo.mm
19189,znk2ojy.localto.net
19190,znyyx4.mm
19191,zommbee.mm
19192,zoomnewsletter.mm
19193,zootshajtsevso.mm
19194,zpisdn.gov.pl
19195,zpqwiw.mm
19196,zscc99.mm
19197,ztk80.mm
19198,ztyd999.mm
19199,zubrito.mm
19200,zukeenemepib.beget.app
19201,zy9qql.mm
19202,zytldq.mm
19203,zz-9i4fk.mm
